Workbook
Name Baumart_: [1]!Baumart[Baumart]
Name Baumart_: [2]!Baumart[Baumart]
Name Cluster_: [1]!Cluster[Cluster]
Name Cluster_: [2]!Cluster[Cluster]
Name einheit: [1]!Tabelle14[Einheit]
Name einheit: [2]!Tabelle14[Einheit]
Name Erhebungsart_: [1]!Erhebungsart[Erhebungsart]
Name Erhebungsart_: [2]!Erhebungsart[Erhebungsart]
Name Herkunft_: [1]!Herkunft[Herkunft]
Name Herkunft_: [2]!Herkunft[Herkunft]
Name Holzstrom_: [1]!Holzstrom[Holzstrom]
Name Holzstrom_: [2]!Holzstrom[Holzstrom]
Name In_Out_: [1]!Tabelleinput[In/Out]
Name In_Out_: [2]!Tabelleinput[In/Out]
Name Inhaltsverzeichnis: "MTRANS(ERSETZEN(Inhalt;1;FINDEN(""]"";Inhalt);""))"
Name Klassifizierung: [1]!Tabelle9[Klassifizierung]
Name Klassifizierung: [2]!Tabelle9[Klassifizierung]
Name Ort_: [1]!Ort[Ort]
Name Ort_: [2]!Ort[Ort]
Name Ziel_: [1]!Ziel[Ziel]
Name Ziel_: [2]!Ziel[Ziel]

Sheet Intro
B3: Der angehängte Datensatz beinhalten Informationen über Materialflüsse, Prozesse sowie Lager in der Region Brandenburg. Der Datensatz bezieht sich dabei auf verschiedene Quellen und Dokumente.
B5: Definition der Systemgrenzen:
C6: Beobachtungszeitraum: | F6: 2010 - 2020
C7: Beobachtungsgebiet: | F7: Berlin
F8: Brandenburg
F9: Berlin + Brandenburg
B11: Für die Anfertigung der Materialflussanalyse werden die folgenden Daten benötigt. Die Daten werden in seperaten Tabellenblättern dargestellt. Für jeden Datensatz werden spezifische Anforderungen definiert. Diese lassen sich einem Systemübergreifenden Fließbild zuordnen. Dieses Fließbild beinhaltet die relevanten Flüsse, Prozesse und Lager.
B14: Prozesse bilden die Grundlage für das System. Prozesse können Transferkoefizienten und Lager beinhalten. Prozesse haben einen oder mehrere Flüsse als Input sowie einen oder mehrere Flüsse als Output.
B21: Flüsse:
C23: Flüsse müssen in Mg umgerechnet werden
B32: Prozesse:
B33: Lager
B34: Transferkoeffizienten
B35: Umrechnungsfaktoren:
B36: Codelisten:

Sheet dynamic stock model
B1: 2022 | C1: 2023 | D1: 2024 | E1: 2025 | F1: 2026 | G1: 2027 | H1: 2028 | I1: 2029 | J1: 2030 | K1: 2031 | L1: 2032 | M1: 2033 | N1: 2034 | O1: 2035 | P1: 2036
A2: MBC_long_in | B2: =Solution_material!B9*0.2 -> 10.843543 | C2: =Solution_material!C9*0.2 -> 11.060414 | D2: =Solution_material!D9*0.2 -> 11.281622 | E2: =Solution_material!E9*0.2 -> 11.507255 | F2: =Solution_material!F9*0.2 -> 11.7374 | G2: =Solution_material!G9*0.2 -> 11.972148 | H2: =Solution_material!H9*0.2 -> 12.211591 | I2: =Solution_material!I9*0.2 -> 12.455823 | ... P2: =Solution_material!P9*0.2 -> 14.307825
A3: MBC_medium_in | B3: =Solution_material!B9*0.2 -> 10.843543 | C3: =Solution_material!C9*0.2 -> 11.060414 | D3: =Solution_material!D9*0.2 -> 11.281622 | E3: =Solution_material!E9*0.2 -> 11.507255 | F3: =Solution_material!F9*0.2 -> 11.7374 | G3: =Solution_material!G9*0.2 -> 11.972148 | H3: =Solution_material!H9*0.2 -> 12.211591 | I3: =Solution_material!I9*0.2 -> 12.455823 | ... P3: =Solution_material!P9*0.2 -> 14.307825
A4: MBC_short_in | B4: =Solution_material!B9*0.6 -> 32.53063 | C4: =Solution_material!C9*0.6 -> 33.181242 | D4: =Solution_material!D9*0.6 -> 33.844867 | E4: =Solution_material!E9*0.6 -> 34.521764 | F4: =Solution_material!F9*0.6 -> 35.2122 | G4: =Solution_material!G9*0.6 -> 35.916444 | H4: =Solution_material!H9*0.6 -> 36.634773 | I4: =Solution_material!I9*0.6 -> 37.367468 | ... P4: =Solution_material!P9*0.6 -> 42.923475
A5: MBC_long_dS | B5: 10.84354 | C5: 11.060377 | D5: 11.281278 | E5: 11.504725 | F5: 11.722704 | G5: 11.904461 | H5: 11.963193 | I5: 11.724722 | J5: 10.963258 | K5: 9.5572682 | L5: 7.6722821 | M5: 5.7495963 | N5: 4.2393332 | O5: 3.3281615 | P5: 2.91699
A6: MBC_medium_dS | B6: 10.84354 | C6: 11.060071 | D6: 11.266978 | E6: 11.260263 | F6: 10.011775 | G6: 6.5106241 | H6: 2.9394501 | I6: 1.5245461 | J6: 1.3229826 | K6: 1.335148 | L6: 1.3615107 | M6: 1.3887378 | N6: 1.4165125 | O6: 1.4448428 | P6: 1.4737396
A7: MBC_short_dS | B7: 32.53062 | C7: 16.915927 | D7: 0.98894027 | E7: 1.0087098 | F7: 1.028884 | G7: 1.0494616 | H7: 1.0704509 | I7: 1.0918599 | J7: 1.1136971 | K7: 1.135971 | L7: 1.1586904 | M7: 1.1818642 | N7: 1.2055015 | O7: 1.2296116 | P7: 1.2542038
A8: MBC_long_out | B8: =B2-B5 -> 3.1083187e-06 | C8: =C2-C5 -> 3.6904982e-05 | D8: =D2-D5 -> 0.00034422875 | E8: =E2-E5 -> 0.0025302083 | F8: =F2-F5 -> 0.014695967 | G8: =G2-G5 -> 0.067686983 | H8: =H2-H5 -> 0.24839799 | I8: =I2-I5 -> 0.73110068 | ... P8: =P2-P5 -> 11.390835
A9: MBC_medium_out | B9: =B3-B6 -> 3.1083187e-06 | C9: =C3-C6 -> 0.00034349065 | D9: =D3-D6 -> 0.01464461 | E9: =E3-E6 -> 0.24699186 | F9: =F3-F6 -> 1.7256248 | G9: =G3-G6 -> 5.4615238 | H9: =H3-H6 -> 9.2721407 | I9: =I3-I6 -> 10.931277 | ... P9: =P3-P6 -> 12.834085
A10: MBC_short_out | B10: =B4-B7 -> 9.3249561e-06 | C10: =C4-C7 -> 16.265315 | D10: =D4-D7 -> 32.855927 | E10: =E4-E7 -> 33.513055 | F10: =F4-F7 -> 34.183316 | G10: =G4-G7 -> 34.866982 | H10: =H4-H7 -> 35.564322 | I10: =I4-I7 -> 36.275608 | ... P10: =P4-P7 -> 41.669271
A14: Stock MBC long | B14: 2022 | C14: 2023 | D14: 2024 | E14: 2025 | F14: 2026 | G14: 2027 | H14: 2028 | I14: 2029 | J14: 2030 | K14: 2031 | L14: 2032 | M14: 2033 | N14: 2034 | O14: 2035 | P14: 2036 | R14: Stock MBC long | S14: dS
A15: 2022 | B15: =B$2*'survival functions'!B2 -> 10.84354 | C15: =C$2*'survival functions'!C2 -> 0 | D15: =D$2*'survival functions'!D2 -> 0 | E15: =E$2*'survival functions'!E2 -> 0 | F15: =F$2*'survival functions'!F2 -> 0 | G15: =G$2*'survival functions'!G2 -> 0 | H15: =H$2*'survival functions'!H2 -> 0 | I15: =I$2*'survival functions'!I2 -> 0 | ... P15: =P$2*'survival functions'!P2 -> 0 | R15: =SUM(B15:P15) -> 10.84354 | S15: =R15 -> 10.84354
A16: 2023 | B16: =B$2*'survival functions'!B3 -> 10.843506 | C16: =C$2*'survival functions'!C3 -> 11.060411 | D16: =D$2*'survival functions'!D3 -> 0 | E16: =E$2*'survival functions'!E3 -> 0 | F16: =F$2*'survival functions'!F3 -> 0 | G16: =G$2*'survival functions'!G3 -> 0 | H16: =H$2*'survival functions'!H3 -> 0 | I16: =I$2*'survival functions'!I3 -> 0 | ... P16: =P$2*'survival functions'!P3 -> 0 | R16: =SUM(B16:P16) -> 21.903917 | S16: =R16-R15 -> 11.060377
A17: 2024 | B17: =B$2*'survival functions'!B4 -> 10.8432 | C17: =C$2*'survival functions'!C4 -> 11.060376 | D17: =D$2*'survival functions'!D4 -> 11.281619 | E17: =E$2*'survival functions'!E4 -> 0 | F17: =F$2*'survival functions'!F4 -> 0 | G17: =G$2*'survival functions'!G4 -> 0 | H17: =H$2*'survival functions'!H4 -> 0 | I17: =I$2*'survival functions'!I4 -> 0 | ... P17: =P$2*'survival functions'!P4 -> 0 | R17: =SUM(B17:P17) -> 33.185195 | S17: =R17-R16 -> 11.281278
A18: 2025 | B18: =B$2*'survival functions'!B5 -> 10.841021 | C18: =C$2*'survival functions'!C5 -> 11.060064 | D18: =D$2*'survival functions'!D5 -> 11.281584 | E18: =E$2*'survival functions'!E5 -> 11.507251 | F18: =F$2*'survival functions'!F5 -> 0 | G18: =G$2*'survival functions'!G5 -> 0 | H18: =H$2*'survival functions'!H5 -> 0 | I18: =I$2*'survival functions'!I5 -> 0 | ... P18: =P$2*'survival functions'!P5 -> 0 | R18: =SUM(B18:P18) -> 44.68992 | S18: =R18-R17 -> 11.504725
A19: 2026 | B19: =B$2*'survival functions'!B6 -> 10.828906 | C19: =C$2*'survival functions'!C6 -> 11.057841 | D19: =D$2*'survival functions'!D6 -> 11.281265 | E19: =E$2*'survival functions'!E6 -> 11.507216 | F19: =F$2*'survival functions'!F6 -> 11.737397 | G19: =G$2*'survival functions'!G6 -> 0 | H19: =H$2*'survival functions'!H6 -> 0 | I19: =I$2*'survival functions'!I6 -> 0 | ... P19: =P$2*'survival functions'!P6 -> 0 | R19: =SUM(B19:P19) -> 56.412624 | S19: =R19-R18 -> 11.722704
A20: 2027 | B20: =B$2*'survival functions'!B7 -> 10.776208 | C20: =C$2*'survival functions'!C7 -> 11.045484 | D20: =D$2*'survival functions'!D7 -> 11.278998 | E20: =E$2*'survival functions'!E7 -> 11.50689 | F20: =F$2*'survival functions'!F7 -> 11.73736 | G20: =G$2*'survival functions'!G7 -> 11.972144 | H20: =H$2*'survival functions'!H7 -> 0 | I20: =I$2*'survival functions'!I7 -> 0 | ... P20: =P$2*'survival functions'!P7 -> 0 | R20: =SUM(B20:P20) -> 68.317085 | S20: =R20-R19 -> 11.904461
A21: 2028 | B21: =B$2*'survival functions'!B8 -> 10.596851 | C21: =C$2*'survival functions'!C8 -> 10.991733 | D21: =D$2*'survival functions'!D8 -> 11.266393 | E21: =E$2*'survival functions'!E8 -> 11.504578 | F21: =F$2*'survival functions'!F8 -> 11.737028 | G21: =G$2*'survival functions'!G8 -> 11.972107 | H21: =H$2*'survival functions'!H8 -> 12.211587 | I21: =I$2*'survival functions'!I8 -> 0 | ... P21: =P$2*'survival functions'!P8 -> 0 | R21: =SUM(B21:P21) -> 80.280278 | S21: =R21-R20 -> 11.963193
A22: 2029 | B22: =B$2*'survival functions'!B9 -> 10.119116 | C22: =C$2*'survival functions'!C9 -> 10.808788 | D22: =D$2*'survival functions'!D9 -> 11.211567 | E22: =E$2*'survival functions'!E9 -> 11.491721 | F22: =F$2*'survival functions'!F9 -> 11.734669 | G22: =G$2*'survival functions'!G9 -> 11.971769 | H22: =H$2*'survival functions'!H9 -> 12.211549 | I22: =I$2*'survival functions'!I9 -> 12.455819 | ... P22: =P$2*'survival functions'!P9 -> 0 | R22: =SUM(B22:P22) -> 92.005 | S22: =R22-R21 -> 11.724722
A23: 2030 | B23: =B$2*'survival functions'!B10 -> 9.1231581 | C23: =C$2*'survival functions'!C10 -> 10.321499 | D23: =D$2*'survival functions'!D10 -> 11.024964 | E23: =E$2*'survival functions'!E10 -> 11.435799 | F23: =F$2*'survival functions'!F10 -> 11.721556 | G23: =G$2*'survival functions'!G10 -> 11.969363 | H23: =H$2*'survival functions'!H10 -> 12.211204 | I23: =I$2*'survival functions'!I10 -> 12.45578 | ... P23: =P$2*'survival functions'!P10 -> 0 | R23: =SUM(B23:P23) -> 102.96826 | S23: =R23-R22 -> 10.963258
A24: 2031 | B24: =B$2*'survival functions'!B11 -> 7.4979031 | C24: =C$2*'survival functions'!C11 -> 9.3056213 | D24: =D$2*'survival functions'!D11 -> 10.527929 | E24: =E$2*'survival functions'!E11 -> 11.245463 | F24: =F$2*'survival functions'!F11 -> 11.664515 | G24: =G$2*'survival functions'!G11 -> 11.955987 | H24: =H$2*'survival functions'!H11 -> 12.20875 | I24: =I$2*'survival functions'!I11 -> 12.455428 | ... P24: =P$2*'survival functions'!P11 -> 0 | R24: =SUM(B24:P24) -> 112.52553 | S24: =R24-R23 -> 9.5572682
A25: 2032 | B25: =B$2*'survival functions'!B12 -> 5.4217716 | C25: =C$2*'survival functions'!C12 -> 7.6478611 | D25: =D$2*'survival functions'!D12 -> 9.4917337 | E25: =E$2*'survival functions'!E12 -> 10.738487 | F25: =F$2*'survival functions'!F12 -> 11.470372 | G25: =G$2*'survival functions'!G12 -> 11.897805 | H25: =H$2*'survival functions'!H12 -> 12.195106 | I25: =I$2*'survival functions'!I12 -> 12.452925 | ... P25: =P$2*'survival functions'!P12 -> 0 | R25: =SUM(B25:P25) -> 120.19781 | S25: =R25-R24 -> 7.6722821
A26: 2033 | B26: =B$2*'survival functions'!B13 -> 3.3456401 | C26: =C$2*'survival functions'!C13 -> 5.530207 | D26: =D$2*'survival functions'!D13 -> 7.8008184 | E26: =E$2*'survival functions'!E13 -> 9.6815684 | F26: =F$2*'survival functions'!F13 -> 10.953257 | G26: =G$2*'survival functions'!G13 -> 11.69978 | H26: =H$2*'survival functions'!H13 -> 12.135761 | I26: =I$2*'survival functions'!I13 -> 12.439009 | ... P26: =P$2*'survival functions'!P13 -> 0 | R26: =SUM(B26:P26) -> 125.9474 | S26: =R26-R25 -> 5.7495963
A27: 2034 | B27: =B$2*'survival functions'!B14 -> 1.7203851 | C27: =C$2*'survival functions'!C14 -> 3.4125529 | D27: =D$2*'survival functions'!D14 -> 5.6408112 | E27: =E$2*'survival functions'!E14 -> 7.9568347 | F27: =F$2*'survival functions'!F14 -> 9.8751997 | G27: =G$2*'survival functions'!G14 -> 11.172322 | H27: =H$2*'survival functions'!H14 -> 11.933776 | I27: =I$2*'survival functions'!I14 -> 12.378476 | ... P27: =P$2*'survival functions'!P14 -> 0 | R27: =SUM(B27:P27) -> 130.18674 | S27: =R27-R26 -> 4.2393332
... A29: 2036 | B29: =B$2*'survival functions'!B16 -> 0.24669204 | C29: =C$2*'survival functions'!C16 -> 0.73891531 | D29: =D$2*'survival functions'!D16 -> 1.7898887 | E29: =E$2*'survival functions'!E16 -> 3.5504201 | F29: =F$2*'survival functions'!F16 -> 5.8686999 | G29: =G$2*'survival functions'!G16 -> 8.2782908 | H29: =H$2*'survival functions'!H16 -> 10.274158 | I29: =I$2*'survival functions'!I16 -> 11.623684 | ... P29: =P$2*'survival functions'!P16 -> 14.307821 | R29: =SUM(B29:P29) -> 136.43189 | S29: =R29-R28 -> 2.91699
A33: Stock MBC medium | B33: 2022 | C33: 2023 | D33: 2024 | E33: 2025 | F33: 2026 | G33: 2027 | H33: 2028 | I33: 2029 | J33: 2030 | K33: 2031 | L33: 2032 | M33: 2033 | N33: 2034 | O33: 2035 | P33: 2036 | R33: Stock MBC medium | S33: dS
A34: 2022 | B34: =B$3*'survival functions'!B22 -> 10.84354 | C34: =C$3*'survival functions'!C22 -> 0 | D34: =D$3*'survival functions'!D22 -> 0 | E34: =E$3*'survival functions'!E22 -> 0 | F34: =F$3*'survival functions'!F22 -> 0 | G34: =G$3*'survival functions'!G22 -> 0 | H34: =H$3*'survival functions'!H22 -> 0 | I34: =I$3*'survival functions'!I22 -> 0 | ... P34: =P$3*'survival functions'!P22 -> 0 | R34: =SUM(B34:P34) -> 10.84354 | S34: =R34 -> 10.84354
A35: 2023 | B35: =B$3*'survival functions'!B23 -> 10.8432 | C35: =C$3*'survival functions'!C23 -> 11.060411 | D35: =D$3*'survival functions'!D23 -> 0 | E35: =E$3*'survival functions'!E23 -> 0 | F35: =F$3*'survival functions'!F23 -> 0 | G35: =G$3*'survival functions'!G23 -> 0 | H35: =H$3*'survival functions'!H23 -> 0 | I35: =I$3*'survival functions'!I23 -> 0 | ... P35: =P$3*'survival functions'!P23 -> 0 | R35: =SUM(B35:P35) -> 21.903611 | S35: =R35-R34 -> 11.060071
A36: 2024 | B36: =B$3*'survival functions'!B24 -> 10.828906 | C36: =C$3*'survival functions'!C24 -> 11.060064 | D36: =D$3*'survival functions'!D24 -> 11.281619 | E36: =E$3*'survival functions'!E24 -> 0 | F36: =F$3*'survival functions'!F24 -> 0 | G36: =G$3*'survival functions'!G24 -> 0 | H36: =H$3*'survival functions'!H24 -> 0 | I36: =I$3*'survival functions'!I24 -> 0 | ... P36: =P$3*'survival functions'!P24 -> 0 | R36: =SUM(B36:P36) -> 33.170588 | S36: =R36-R35 -> 11.266978
A37: 2025 | B37: =B$3*'survival functions'!B25 -> 10.596851 | C37: =C$3*'survival functions'!C25 -> 11.045484 | D37: =D$3*'survival functions'!D25 -> 11.281265 | E37: =E$3*'survival functions'!E25 -> 11.507251 | F37: =F$3*'survival functions'!F25 -> 0 | G37: =G$3*'survival functions'!G25 -> 0 | H37: =H$3*'survival functions'!H25 -> 0 | I37: =I$3*'survival functions'!I25 -> 0 | ... P37: =P$3*'survival functions'!P25 -> 0 | R37: =SUM(B37:P37) -> 44.430851 | S37: =R37-R36 -> 11.260263
A38: 2026 | B38: =B$3*'survival functions'!B26 -> 9.1231581 | C38: =C$3*'survival functions'!C26 -> 10.808788 | D38: =D$3*'survival functions'!D26 -> 11.266393 | E38: =E$3*'survival functions'!E26 -> 11.50689 | F38: =F$3*'survival functions'!F26 -> 11.737397 | G38: =G$3*'survival functions'!G26 -> 0 | H38: =H$3*'survival functions'!H26 -> 0 | I38: =I$3*'survival functions'!I26 -> 0 | ... P38: =P$3*'survival functions'!P26 -> 0 | R38: =SUM(B38:P38) -> 54.442626 | S38: =R38-R37 -> 10.011775
A39: 2027 | B39: =B$3*'survival functions'!B27 -> 5.4217716 | C39: =C$3*'survival functions'!C27 -> 9.3056213 | D39: =D$3*'survival functions'!D27 -> 11.024964 | E39: =E$3*'survival functions'!E27 -> 11.491721 | F39: =F$3*'survival functions'!F27 -> 11.737028 | G39: =G$3*'survival functions'!G27 -> 11.972144 | H39: =H$3*'survival functions'!H27 -> 0 | I39: =I$3*'survival functions'!I27 -> 0 | ... P39: =P$3*'survival functions'!P27 -> 0 | R39: =SUM(B39:P39) -> 60.953251 | S39: =R39-R38 -> 6.5106241
A40: 2028 | B40: =B$3*'survival functions'!B28 -> 1.7203851 | C40: =C$3*'survival functions'!C28 -> 5.530207 | D40: =D$3*'survival functions'!D28 -> 9.4917337 | E40: =E$3*'survival functions'!E28 -> 11.245463 | F40: =F$3*'survival functions'!F28 -> 11.721556 | G40: =G$3*'survival functions'!G28 -> 11.971769 | H40: =H$3*'survival functions'!H28 -> 12.211587 | I40: =I$3*'survival functions'!I28 -> 0 | ... P40: =P$3*'survival functions'!P28 -> 0 | R40: =SUM(B40:P40) -> 63.892701 | S40: =R40-R39 -> 2.9394501
A41: 2029 | B41: =B$3*'survival functions'!B29 -> 0.24669204 | C41: =C$3*'survival functions'!C29 -> 1.7547928 | D41: =D$3*'survival functions'!D29 -> 5.6408112 | E41: =E$3*'survival functions'!E29 -> 9.6815684 | F41: =F$3*'survival functions'!F29 -> 11.470372 | G41: =G$3*'survival functions'!G29 -> 11.955987 | H41: =H$3*'survival functions'!H29 -> 12.211204 | I41: =I$3*'survival functions'!I29 -> 12.455819 | ... P41: =P$3*'survival functions'!P29 -> 0 | R41: =SUM(B41:P41) -> 65.417247 | S41: =R41-R40 -> 1.5245461
A42: 2030 | B42: =B$3*'survival functions'!B30 -> 0.014637678 | C42: =C$3*'survival functions'!C30 -> 0.25162588 | D42: =D$3*'survival functions'!D30 -> 1.7898887 | E42: =E$3*'survival functions'!E30 -> 5.7536274 | F42: =F$3*'survival functions'!F30 -> 9.8751997 | G42: =G$3*'survival functions'!G30 -> 11.69978 | H42: =H$3*'survival functions'!H30 -> 12.195106 | I42: =I$3*'survival functions'!I30 -> 12.455428 | ... P42: =P$3*'survival functions'!P30 -> 0 | R42: =SUM(B42:P42) -> 66.740229 | S42: =R42-R41 -> 1.3229826
A43: 2031 | B43: =B$3*'survival functions'!B31 -> 0.00034342848 | C43: =C$3*'survival functions'!C31 -> 0.014930431 | D43: =D$3*'survival functions'!D31 -> 0.2566584 | E43: =E$3*'survival functions'!E31 -> 1.8256864 | F43: =F$3*'survival functions'!F31 -> 5.8686999 | G43: =G$3*'survival functions'!G31 -> 10.072704 | H43: =H$3*'survival functions'!H31 -> 11.933776 | I43: =I$3*'survival functions'!I31 -> 12.439009 | ... P43: =P$3*'survival functions'!P31 -> 0 | R43: =SUM(B43:P43) -> 68.075377 | S43: =R43-R42 -> 1.335148
A44: 2032 | B44: =B$3*'survival functions'!B32 -> 3.1083187e-06 | C44: =C$3*'survival functions'!C32 -> 0.00035029705 | D44: =D$3*'survival functions'!D32 -> 0.01522904 | E44: =E$3*'survival functions'!E32 -> 0.26179156 | F44: =F$3*'survival functions'!F32 -> 1.8622002 | G44: =G$3*'survival functions'!G32 -> 5.9860739 | H44: =H$3*'survival functions'!H32 -> 10.274158 | I44: =I$3*'survival functions'!I32 -> 12.172451 | ... P44: =P$3*'survival functions'!P32 -> 0 | R44: =SUM(B44:P44) -> 69.436888 | S44: =R44-R43 -> 1.3615107
A45: 2033 | B45: =B$3*'survival functions'!B33 -> 1.0698106e-08 | C45: =C$3*'survival functions'!C33 -> 3.1704851e-06 | D45: =D$3*'survival functions'!D33 -> 0.00035730299 | E45: =E$3*'survival functions'!E33 -> 0.015533621 | F45: =F$3*'survival functions'!F33 -> 0.2670274 | G45: =G$3*'survival functions'!G33 -> 1.8994442 | H45: =H$3*'survival functions'!H33 -> 6.1057954 | I45: =I$3*'survival functions'!I33 -> 10.479641 | ... P45: =P$3*'survival functions'!P33 -> 0 | R45: =SUM(B45:P45) -> 70.825626 | S45: =R45-R44 -> 1.3887378
A46: 2034 | B46: =B$3*'survival functions'!B34 -> 1.3877703e-11 | C46: =C$3*'survival functions'!C34 -> 1.0912068e-08 | D46: =D$3*'survival functions'!D34 -> 3.2338948e-06 | E46: =E$3*'survival functions'!E34 -> 0.00036444905 | F46: =F$3*'survival functions'!F34 -> 0.015844293 | G46: =G$3*'survival functions'!G34 -> 0.27236794 | H46: =H$3*'survival functions'!H34 -> 1.937433 | I46: =I$3*'survival functions'!I34 -> 6.2279113 | ... P46: =P$3*'survival functions'!P34 -> 0 | R46: =SUM(B46:P46) -> 72.242138 | S46: =R46-R45 -> 1.4165125
... A48: 2036 | B48: =B$3*'survival functions'!B36 -> 1.2237897e-18 | C48: =C$3*'survival functions'!C36 -> 6.88064e-15 | D48: =D$3*'survival functions'!D36 -> 1.4438362e-11 | E48: =E$3*'survival functions'!E36 -> 1.1352915e-08 | F48: =F$3*'survival functions'!F36 -> 3.3645441e-06 | G48: =G$3*'survival functions'!G36 -> 0.00037917279 | H48: =H$3*'survival functions'!H36 -> 0.016484402 | I48: =I$3*'survival functions'!I36 -> 0.28337161 | ... P48: =P$3*'survival functions'!P36 -> 14.307821 | R48: =SUM(B48:P48) -> 75.160721 | S48: =R48-R47 -> 1.4737396
A52: Stock MBC short | B52: 2022 | C52: 2023 | D52: 2024 | E52: 2025 | F52: 2026 | G52: 2027 | H52: 2028 | I52: 2029 | J52: 2030 | K52: 2031 | L52: 2032 | M52: 2033 | N52: 2034 | O52: 2035 | P52: 2036 | R52: Stock MBC short | S52: dS
A53: 2022 | B53: =B$4*'survival functions'!B42 -> 32.53062 | C53: =C$4*'survival functions'!C42 -> 0 | D53: =D$4*'survival functions'!D42 -> 0 | E53: =E$4*'survival functions'!E42 -> 0 | F53: =F$4*'survival functions'!F42 -> 0 | G53: =G$4*'survival functions'!G42 -> 0 | H53: =H$4*'survival functions'!H42 -> 0 | I53: =I$4*'survival functions'!I42 -> 0 | ... P53: =P$4*'survival functions'!P42 -> 0 | R53: =SUM(B53:P53) -> 32.53062 | S53: =R53 -> 32.53062
A54: 2023 | B54: =B$4*'survival functions'!B43 -> 16.265315 | C54: =C$4*'survival functions'!C43 -> 33.181233 | D54: =D$4*'survival functions'!D43 -> 0 | E54: =E$4*'survival functions'!E43 -> 0 | F54: =F$4*'survival functions'!F43 -> 0 | G54: =G$4*'survival functions'!G43 -> 0 | H54: =H$4*'survival functions'!H43 -> 0 | I54: =I$4*'survival functions'!I43 -> 0 | ... P54: =P$4*'survival functions'!P43 -> 0 | R54: =SUM(B54:P54) -> 49.446547 | S54: =R54-R53 -> 16.915927
A55: 2024 | B55: =B$4*'survival functions'!B44 -> 9.3249561e-06 | C55: =C$4*'survival functions'!C44 -> 16.590621 | D55: =D$4*'survival functions'!D44 -> 33.844857 | E55: =E$4*'survival functions'!E44 -> 0 | F55: =F$4*'survival functions'!F44 -> 0 | G55: =G$4*'survival functions'!G44 -> 0 | H55: =H$4*'survival functions'!H44 -> 0 | I55: =I$4*'survival functions'!I44 -> 0 | ... P55: =P$4*'survival functions'!P44 -> 0 | R55: =SUM(B55:P55) -> 50.435488 | S55: =R55-R54 -> 0.98894027
A56: 2025 | B56: =B$4*'survival functions'!B45 -> 2.4787862e-22 | C56: =C$4*'survival functions'!C45 -> 9.5114552e-06 | D56: =D$4*'survival functions'!D45 -> 16.922434 | E56: =E$4*'survival functions'!E45 -> 34.521754 | F56: =F$4*'survival functions'!F45 -> 0 | G56: =G$4*'survival functions'!G45 -> 0 | H56: =H$4*'survival functions'!H45 -> 0 | I56: =I$4*'survival functions'!I45 -> 0 | ... P56: =P$4*'survival functions'!P45 -> 0 | R56: =SUM(B56:P56) -> 51.444198 | S56: =R56-R55 -> 1.0087098
A57: 2026 | B57: =B$4*'survival functions'!B46 -> 1.1941884e-49 | C57: =C$4*'survival functions'!C46 -> 2.5283619e-22 | D57: =D$4*'survival functions'!D46 -> 9.7016843e-06 | E57: =E$4*'survival functions'!E46 -> 17.260882 | F57: =F$4*'survival functions'!F46 -> 35.21219 | G57: =G$4*'survival functions'!G46 -> 0 | H57: =H$4*'survival functions'!H46 -> 0 | I57: =I$4*'survival functions'!I46 -> 0 | ... P57: =P$4*'survival functions'!P46 -> 0 | R57: =SUM(B57:P57) -> 52.473081 | S57: =R57-R56 -> 1.028884
A58: 2027 | B58: =B$4*'survival functions'!B47 -> 8.9577126e-88 | C58: =C$4*'survival functions'!C47 -> 1.2180722e-49 | D58: =D$4*'survival functions'!D47 -> 2.5789291e-22 | E58: =E$4*'survival functions'!E47 -> 9.895718e-06 | F58: =F$4*'survival functions'!F47 -> 17.6061 | G58: =G$4*'survival functions'!G47 -> 35.916433 | H58: =H$4*'survival functions'!H47 -> 0 | I58: =I$4*'survival functions'!I47 -> 0 | ... P58: =P$4*'survival functions'!P47 -> 0 | R58: =SUM(B58:P58) -> 53.522543 | S58: =R58-R57 -> 1.0494616
A59: 2028 | B59: =B$4*'survival functions'!B48 -> 9.9436268e-137 | C59: =C$4*'survival functions'!C48 -> 9.1368669e-88 | D59: =D$4*'survival functions'!D48 -> 1.2424336e-49 | E59: =E$4*'survival functions'!E48 -> 2.6305077e-22 | F59: =F$4*'survival functions'!F48 -> 1.0093632e-05 | G59: =G$4*'survival functions'!G48 -> 17.958222 | H59: =H$4*'survival functions'!H48 -> 36.634762 | I59: =I$4*'survival functions'!I48 -> 0 | ... P59: =P$4*'survival functions'!P48 -> 0 | R59: =SUM(B59:P59) -> 54.592994 | S59: =R59-R58 -> 1.0704509
A60: 2029 | B60: =B$4*'survival functions'!B49 -> 1.5961849e-196 | C60: =C$4*'survival functions'!C49 -> 1.0142499e-136 | D60: =D$4*'survival functions'!D49 -> 9.3196042e-88 | E60: =E$4*'survival functions'!E49 -> 1.2672823e-49 | F60: =F$4*'survival functions'!F49 -> 2.6831179e-22 | G60: =G$4*'survival functions'!G49 -> 1.0295505e-05 | H60: =H$4*'survival functions'!H49 -> 18.317386 | I60: =I$4*'survival functions'!I49 -> 37.367457 | ... P60: =P$4*'survival functions'!P49 -> 0 | R60: =SUM(B60:P60) -> 55.684854 | S60: =R60-R59 -> 1.0918599
A61: 2030 | B61: =B$4*'survival functions'!B50 -> 3.6594054e-267 | C61: =C$4*'survival functions'!C50 -> 1.6281086e-196 | D61: =D$4*'survival functions'!D50 -> 1.0345349e-136 | E61: =E$4*'survival functions'!E50 -> 9.5059963e-88 | F61: =F$4*'survival functions'!F50 -> 1.2926279e-49 | G61: =G$4*'survival functions'!G50 -> 2.7367802e-22 | H61: =H$4*'survival functions'!H50 -> 1.0501415e-05 | I61: =I$4*'survival functions'!I50 -> 18.683734 | ... P61: =P$4*'survival functions'!P50 -> 0 | R61: =SUM(B61:P61) -> 56.798551 | S61: =R61-R60 -> 1.1136971
A62: 2031 | B62: =B$4*'survival functions'!B51 -> 0 | C62: =C$4*'survival functions'!C51 -> 3.7325935e-267 | D62: =D$4*'survival functions'!D51 -> 1.6606708e-196 | E62: =E$4*'survival functions'!E51 -> 1.0552256e-136 | F62: =F$4*'survival functions'!F51 -> 9.6961162e-88 | G62: =G$4*'survival functions'!G51 -> 1.3184805e-49 | H62: =H$4*'survival functions'!H51 -> 2.7915158e-22 | I62: =I$4*'survival functions'!I51 -> 1.0711443e-05 | ... P62: =P$4*'survival functions'!P51 -> 0 | R62: =SUM(B62:P62) -> 57.934522 | S62: =R62-R61 -> 1.135971
A63: 2032 | B63: =B$4*'survival functions'!B52 -> 0 | C63: =C$4*'survival functions'!C52 -> 0 | D63: =D$4*'survival functions'!D52 -> 3.8072453e-267 | E63: =E$4*'survival functions'!E52 -> 1.6938842e-196 | F63: =F$4*'survival functions'!F52 -> 1.0763301e-136 | G63: =G$4*'survival functions'!G52 -> 9.8900386e-88 | H63: =H$4*'survival functions'!H52 -> 1.3448501e-49 | I63: =I$4*'survival functions'!I52 -> 2.8473461e-22 | ... P63: =P$4*'survival functions'!P52 -> 0 | R63: =SUM(B63:P63) -> 59.093212 | S63: =R63-R62 -> 1.1586904
A64: 2033 | B64: =B$4*'survival functions'!B53 -> 0 | C64: =C$4*'survival functions'!C53 -> 0 | D64: =D$4*'survival functions'!D53 -> 0 | E64: =E$4*'survival functions'!E53 -> 3.8833902e-267 | F64: =F$4*'survival functions'!F53 -> 1.7277619e-196 | G64: =G$4*'survival functions'!G53 -> 1.0978568e-136 | H64: =H$4*'survival functions'!H53 -> 1.0087839e-87 | I64: =I$4*'survival functions'!I53 -> 1.3717471e-49 | ... P64: =P$4*'survival functions'!P53 -> 0 | R64: =SUM(B64:P64) -> 60.275077 | S64: =R64-R63 -> 1.1818642
A65: 2034 | B65: =B$4*'survival functions'!B54 -> 0 | C65: =C$4*'survival functions'!C54 -> 0 | D65: =D$4*'survival functions'!D54 -> 0 | E65: =E$4*'survival functions'!E54 -> 0 | F65: =F$4*'survival functions'!F54 -> 3.961058e-267 | G65: =G$4*'survival functions'!G54 -> 1.7623171e-196 | H65: =H$4*'survival functions'!H54 -> 1.1198139e-136 | I65: =I$4*'survival functions'!I54 -> 1.0289596e-87 | ... P65: =P$4*'survival functions'!P54 -> 0 | R65: =SUM(B65:P65) -> 61.480578 | S65: =R65-R64 -> 1.2055015
... A67: 2036 | B67: =B$4*'survival functions'!B56 -> 0 | C67: =C$4*'survival functions'!C56 -> 0 | D67: =D$4*'survival functions'!D56 -> 0 | E67: =E$4*'survival functions'!E56 -> 0 | F67: =F$4*'survival functions'!F56 -> 0 | G67: =G$4*'survival functions'!G56 -> 0 | H67: =H$4*'survival functions'!H56 -> 4.1210848e-267 | I67: =I$4*'survival functions'!I56 -> 1.8335148e-196 | ... P67: =P$4*'survival functions'!P56 -> 42.923463 | R67: =SUM(B67:P67) -> 63.964394 | S67: =R67-R66 -> 1.2542038

Sheet survival functions
A1: mean = 10 years, stdev = 0.2 * 10 | B1: 2022 | C1: 2023 | D1: 2024 | E1: 2025 | F1: 2026 | G1: 2027 | H1: 2028 | I1: 2029 | J1: 2030 | K1: 2031 | L1: 2032 | M1: 2033 | N1: 2034 | O1: 2035 | P1: 2036
A2: 2022 | B2: 0.99999971 | C2: 0 | D2: 0 | E2: 0 | F2: 0 | G2: 0 | H2: 0 | I2: 0 | J2: 0 | K2: 0 | L2: 0 | M2: 0 | N2: 0 | O2: 0 | P2: 0
A3: 2023 | B3: 0.9999966 | C3: 0.99999971 | D3: 0 | E3: 0 | F3: 0 | G3: 0 | H3: 0 | I3: 0 | J3: 0 | K3: 0 | L3: 0 | M3: 0 | N3: 0 | O3: 0 | P3: 0
A4: 2024 | B4: 0.99996833 | C4: 0.9999966 | D4: 0.99999971 | E4: 0 | F4: 0 | G4: 0 | H4: 0 | I4: 0 | J4: 0 | K4: 0 | L4: 0 | M4: 0 | N4: 0 | O4: 0 | P4: 0
A5: 2025 | B5: 0.99976737 | C5: 0.99996833 | D5: 0.9999966 | E5: 0.99999971 | F5: 0 | G5: 0 | H5: 0 | I5: 0 | J5: 0 | K5: 0 | L5: 0 | M5: 0 | N5: 0 | O5: 0 | P5: 0
A6: 2026 | B6: 0.9986501 | C6: 0.99976737 | D6: 0.99996833 | E6: 0.9999966 | F6: 0.99999971 | G6: 0 | H6: 0 | I6: 0 | J6: 0 | K6: 0 | L6: 0 | M6: 0 | N6: 0 | O6: 0 | P6: 0
A7: 2027 | B7: 0.99379033 | C7: 0.9986501 | D7: 0.99976737 | E7: 0.99996833 | F7: 0.9999966 | G7: 0.99999971 | H7: 0 | I7: 0 | J7: 0 | K7: 0 | L7: 0 | M7: 0 | N7: 0 | O7: 0 | P7: 0
A8: 2028 | B8: 0.97724987 | C8: 0.99379033 | D8: 0.9986501 | E8: 0.99976737 | F8: 0.99996833 | G8: 0.9999966 | H8: 0.99999971 | I8: 0 | J8: 0 | K8: 0 | L8: 0 | M8: 0 | N8: 0 | O8: 0 | P8: 0
A9: 2029 | B9: 0.9331928 | C9: 0.97724987 | D9: 0.99379033 | E9: 0.9986501 | F9: 0.99976737 | G9: 0.99996833 | H9: 0.9999966 | I9: 0.99999971 | J9: 0 | K9: 0 | L9: 0 | M9: 0 | N9: 0 | O9: 0 | P9: 0
A10: 2030 | B10: 0.84134475 | C10: 0.9331928 | D10: 0.97724987 | E10: 0.99379033 | F10: 0.9986501 | G10: 0.99976737 | H10: 0.99996833 | I10: 0.9999966 | J10: 0.99999971 | K10: 0 | L10: 0 | M10: 0 | N10: 0 | O10: 0 | P10: 0
A11: 2031 | B11: 0.69146246 | C11: 0.84134475 | D11: 0.9331928 | E11: 0.97724987 | F11: 0.99379033 | G11: 0.9986501 | H11: 0.99976737 | I11: 0.99996833 | J11: 0.9999966 | K11: 0.99999971 | L11: 0 | M11: 0 | N11: 0 | O11: 0 | P11: 0
A12: 2032 | B12: 0.5 | C12: 0.69146246 | D12: 0.84134475 | E12: 0.9331928 | F12: 0.97724987 | G12: 0.99379033 | H12: 0.9986501 | I12: 0.99976737 | J12: 0.99996833 | K12: 0.9999966 | L12: 0.99999971 | M12: 0 | N12: 0 | O12: 0 | P12: 0
A13: 2033 | B13: 0.30853754 | C13: 0.5 | D13: 0.69146246 | E13: 0.84134475 | F13: 0.9331928 | G13: 0.97724987 | H13: 0.99379033 | I13: 0.9986501 | J13: 0.99976737 | K13: 0.99996833 | L13: 0.9999966 | M13: 0.99999971 | N13: 0 | O13: 0 | P13: 0
... A16: 2036 | B16: 0.022750132 | C16: 0.066807201 | D16: 0.15865525 | E16: 0.30853754 | F16: 0.5 | G16: 0.69146246 | H16: 0.84134475 | I16: 0.9331928 | J16: 0.97724987 | K16: 0.99379033 | L16: 0.9986501 | M16: 0.99976737 | N16: 0.99996833 | O16: 0.9999966 | P16: 0.99999971
A21: mean = 5 years, stdev = 0.2 * 5 | B21: 2022 | C21: 2023 | D21: 2024 | E21: 2025 | F21: 2026 | G21: 2027 | H21: 2028 | I21: 2029 | J21: 2030 | K21: 2031 | L21: 2032 | M21: 2033 | N21: 2034 | O21: 2035 | P21: 2036
A22: 2022 | B22: 0.99999971 | C22: 0 | D22: 0 | E22: 0 | F22: 0 | G22: 0 | H22: 0 | I22: 0 | J22: 0 | K22: 0 | L22: 0 | M22: 0 | N22: 0 | O22: 0 | P22: 0
A23: 2023 | B23: 0.99996833 | C23: 0.99999971 | D23: 0 | E23: 0 | F23: 0 | G23: 0 | H23: 0 | I23: 0 | J23: 0 | K23: 0 | L23: 0 | M23: 0 | N23: 0 | O23: 0 | P23: 0
A24: 2024 | B24: 0.9986501 | C24: 0.99996833 | D24: 0.99999971 | E24: 0 | F24: 0 | G24: 0 | H24: 0 | I24: 0 | J24: 0 | K24: 0 | L24: 0 | M24: 0 | N24: 0 | O24: 0 | P24: 0
A25: 2025 | B25: 0.97724987 | C25: 0.9986501 | D25: 0.99996833 | E25: 0.99999971 | F25: 0 | G25: 0 | H25: 0 | I25: 0 | J25: 0 | K25: 0 | L25: 0 | M25: 0 | N25: 0 | O25: 0 | P25: 0
A26: 2026 | B26: 0.84134475 | C26: 0.97724987 | D26: 0.9986501 | E26: 0.99996833 | F26: 0.99999971 | G26: 0 | H26: 0 | I26: 0 | J26: 0 | K26: 0 | L26: 0 | M26: 0 | N26: 0 | O26: 0 | P26: 0
A27: 2027 | B27: 0.5 | C27: 0.84134475 | D27: 0.97724987 | E27: 0.9986501 | F27: 0.99996833 | G27: 0.99999971 | H27: 0 | I27: 0 | J27: 0 | K27: 0 | L27: 0 | M27: 0 | N27: 0 | O27: 0 | P27: 0
A28: 2028 | B28: 0.15865525 | C28: 0.5 | D28: 0.84134475 | E28: 0.97724987 | F28: 0.9986501 | G28: 0.99996833 | H28: 0.99999971 | I28: 0 | J28: 0 | K28: 0 | L28: 0 | M28: 0 | N28: 0 | O28: 0 | P28: 0
A29: 2029 | B29: 0.022750132 | C29: 0.15865525 | D29: 0.5 | E29: 0.84134475 | F29: 0.97724987 | G29: 0.9986501 | H29: 0.99996833 | I29: 0.99999971 | J29: 0 | K29: 0 | L29: 0 | M29: 0 | N29: 0 | O29: 0 | P29: 0
A30: 2030 | B30: 0.001349898 | C30: 0.022750132 | D30: 0.15865525 | E30: 0.5 | F30: 0.84134475 | G30: 0.97724987 | H30: 0.9986501 | I30: 0.99996833 | J30: 0.99999971 | K30: 0 | L30: 0 | M30: 0 | N30: 0 | O30: 0 | P30: 0
A31: 2031 | B31: 3.1671242e-05 | C31: 0.001349898 | D31: 0.022750132 | E31: 0.15865525 | F31: 0.5 | G31: 0.84134475 | H31: 0.97724987 | I31: 0.9986501 | J31: 0.99996833 | K31: 0.99999971 | L31: 0 | M31: 0 | N31: 0 | O31: 0 | P31: 0
A32: 2032 | B32: 2.8665157e-07 | C32: 3.1671242e-05 | D32: 0.001349898 | E32: 0.022750132 | F32: 0.15865525 | G32: 0.5 | H32: 0.84134475 | I32: 0.97724987 | J32: 0.9986501 | K32: 0.99996833 | L32: 0.99999971 | M32: 0 | N32: 0 | O32: 0 | P32: 0
A33: 2033 | B33: 9.8658765e-10 | C33: 2.8665157e-07 | D33: 3.1671242e-05 | E33: 0.001349898 | F33: 0.022750132 | G33: 0.15865525 | H33: 0.5 | I33: 0.84134475 | J33: 0.97724987 | K33: 0.9986501 | L33: 0.99996833 | M33: 0.99999971 | N33: 0 | O33: 0 | P33: 0
... A36: 2036 | B36: 1.1285884e-19 | C36: 6.2209606e-16 | D36: 1.2798125e-12 | E36: 9.8658765e-10 | F36: 2.8665157e-07 | G36: 3.1671242e-05 | H36: 0.001349898 | I36: 0.022750132 | J36: 0.15865525 | K36: 0.5 | L36: 0.84134475 | M36: 0.97724987 | N36: 0.9986501 | O36: 0.99996833 | P36: 0.99999971
A41: mean = 1 year, stdev = 0.2 * 1 | B41: 2022 | C41: 2023 | D41: 2024 | E41: 2025 | F41: 2026 | G41: 2027 | H41: 2028 | I41: 2029 | J41: 2030 | K41: 2031 | L41: 2032 | M41: 2033 | N41: 2034 | O41: 2035 | P41: 2036
A42: 2022 | B42: 0.99999971 | C42: 0 | D42: 0 | E42: 0 | F42: 0 | G42: 0 | H42: 0 | I42: 0 | J42: 0 | K42: 0 | L42: 0 | M42: 0 | N42: 0 | O42: 0 | P42: 0
A43: 2023 | B43: 0.5 | C43: 0.99999971 | D43: 0 | E43: 0 | F43: 0 | G43: 0 | H43: 0 | I43: 0 | J43: 0 | K43: 0 | L43: 0 | M43: 0 | N43: 0 | O43: 0 | P43: 0
A44: 2024 | B44: 2.8665157e-07 | C44: 0.5 | D44: 0.99999971 | E44: 0 | F44: 0 | G44: 0 | H44: 0 | I44: 0 | J44: 0 | K44: 0 | L44: 0 | M44: 0 | N44: 0 | O44: 0 | P44: 0
A45: 2025 | B45: 7.619853e-24 | C45: 2.8665157e-07 | D45: 0.5 | E45: 0.99999971 | F45: 0 | G45: 0 | H45: 0 | I45: 0 | J45: 0 | K45: 0 | L45: 0 | M45: 0 | N45: 0 | O45: 0 | P45: 0
A46: 2026 | B46: 3.6709662e-51 | C46: 7.619853e-24 | D46: 2.8665157e-07 | E46: 0.5 | F46: 0.99999971 | G46: 0 | H46: 0 | I46: 0 | J46: 0 | K46: 0 | L46: 0 | M46: 0 | N46: 0 | O46: 0 | P46: 0
A47: 2027 | B47: 2.7536241e-89 | C47: 3.6709662e-51 | D47: 7.619853e-24 | E47: 2.8665157e-07 | F47: 0.5 | G47: 0.99999971 | H47: 0 | I47: 0 | J47: 0 | K47: 0 | L47: 0 | M47: 0 | N47: 0 | O47: 0 | P47: 0
A48: 2028 | B48: 3.0566967e-138 | C48: 2.7536241e-89 | D48: 3.6709662e-51 | E48: 7.619853e-24 | F48: 2.8665157e-07 | G48: 0.5 | H48: 0.99999971 | I48: 0 | J48: 0 | K48: 0 | L48: 0 | M48: 0 | N48: 0 | O48: 0 | P48: 0
A49: 2029 | B49: 4.9067139e-198 | C49: 3.0566967e-138 | D49: 2.7536241e-89 | E49: 3.6709662e-51 | F49: 7.619853e-24 | G49: 2.8665157e-07 | H49: 0.5 | I49: 0.99999971 | J49: 0 | K49: 0 | L49: 0 | M49: 0 | N49: 0 | O49: 0 | P49: 0
A50: 2030 | B50: 1.1249107e-268 | C50: 4.9067139e-198 | D50: 3.0566967e-138 | E50: 2.7536241e-89 | F50: 3.6709662e-51 | G50: 7.619853e-24 | H50: 2.8665157e-07 | I50: 0.5 | J50: 0.99999971 | K50: 0 | L50: 0 | M50: 0 | N50: 0 | O50: 0 | P50: 0
A51: 2031 | B51: 0 | C51: 1.1249107e-268 | D51: 4.9067139e-198 | E51: 3.0566967e-138 | F51: 2.7536241e-89 | G51: 3.6709662e-51 | H51: 7.619853e-24 | I51: 2.8665157e-07 | J51: 0.5 | K51: 0.99999971 | L51: 0 | M51: 0 | N51: 0 | O51: 0 | P51: 0
A52: 2032 | B52: 0 | C52: 0 | D52: 1.1249107e-268 | E52: 4.9067139e-198 | F52: 3.0566967e-138 | G52: 2.7536241e-89 | H52: 3.6709662e-51 | I52: 7.619853e-24 | J52: 2.8665157e-07 | K52: 0.5 | L52: 0.99999971 | M52: 0 | N52: 0 | O52: 0 | P52: 0
A53: 2033 | B53: 0 | C53: 0 | D53: 0 | E53: 1.1249107e-268 | F53: 4.9067139e-198 | G53: 3.0566967e-138 | H53: 2.7536241e-89 | I53: 3.6709662e-51 | J53: 7.619853e-24 | K53: 2.8665157e-07 | L53: 0.5 | M53: 0.99999971 | N53: 0 | O53: 0 | P53: 0
... A56: 2036 | B56: 0 | C56: 0 | D56: 0 | E56: 0 | F56: 0 | G56: 0 | H56: 1.1249107e-268 | I56: 4.9067139e-198 | J56: 3.0566967e-138 | K56: 2.7536241e-89 | L56: 3.6709662e-51 | M56: 7.619853e-24 | N56: 2.8665157e-07 | O56: 0.5 | P56: 0.99999971

Sheet Solution_material
B1: 2022 | C1: 2023 | D1: 2024 | E1: 2025 | F1: 2026 | G1: 2027 | H1: 2028 | I1: 2029 | J1: 2030 | K1: 2031 | L1: 2032 | M1: 2033 | N1: 2034 | O1: 2035 | P1: 2036
A2: ='1_1_Definition_Flows'!C2 -> F_13_20 | B2: =Tab_Data_Flows[[#This Row],[Flow_Source]] -> 129 | C2: =B2*1.02 -> 131.58 | D2: =C2*1.02 -> 134.2116 | E2: =D2*1.02 -> 136.89583 | F2: =E2*1.02 -> 139.63375 | G2: =F2*1.02 -> 142.42642 | H2: =G2*1.02 -> 145.27495 | I2: =H2*1.02 -> 148.18045 | J2: =I2*1.02 -> 151.14406 | ... P2: =O2*1.02 -> 170.21276 | R2: =SUM(B2:P2) -> 2230.8508
A3: ='1_1_Definition_Flows'!C3 -> F_20_15 | B3: =B2*'2_3_Process_TCs'!$AE$2 -> 51.6 | C3: =C2*'2_3_Process_TCs'!$AE$2 -> 52.632 | D3: =D2*'2_3_Process_TCs'!$AE$2 -> 53.68464 | E3: =E2*'2_3_Process_TCs'!$AE$2 -> 54.758333 | F3: =F2*'2_3_Process_TCs'!$AE$2 -> 55.853499 | G3: =G2*'2_3_Process_TCs'!$AE$2 -> 56.970569 | H3: =H2*'2_3_Process_TCs'!$AE$2 -> 58.109981 | I3: =I2*'2_3_Process_TCs'!$AE$2 -> 59.27218 | ... P3: =P2*'2_3_Process_TCs'!$AE$2 -> 68.085104 | R3: =SUM(B3:P3) -> 892.34031
A4: ='1_1_Definition_Flows'!C4 -> F_20_01 | B4: =B2*'2_3_Process_TCs'!$AH$2 -> 51.6 | C4: =C2*'2_3_Process_TCs'!$AH$2 -> 52.632 | D4: =D2*'2_3_Process_TCs'!$AH$2 -> 53.68464 | E4: =E2*'2_3_Process_TCs'!$AH$2 -> 54.758333 | F4: =F2*'2_3_Process_TCs'!$AH$2 -> 55.853499 | G4: =G2*'2_3_Process_TCs'!$AH$2 -> 56.970569 | H4: =H2*'2_3_Process_TCs'!$AH$2 -> 58.109981 | I4: =I2*'2_3_Process_TCs'!$AH$2 -> 59.27218 | ... P4: =P2*'2_3_Process_TCs'!$AH$2 -> 68.085104 | R4: =SUM(B4:P4) -> 892.34031
A5: ='1_1_Definition_Flows'!C5 -> F_20_16 | B5: =B2-B3-B4 -> 25.8 | C5: =C2-C3-C4 -> 26.316 | D5: =D2-D3-D4 -> 26.84232 | E5: =E2-E3-E4 -> 27.379166 | F5: =F2-F3-F4 -> 27.92675 | G5: =G2-G3-G4 -> 28.485285 | H5: =H2-H3-H4 -> 29.05499 | I5: =I2-I3-I4 -> 29.63609 | ... P5: =P2-P3-P4 -> 34.042552 | R5: =SUM(B5:P5) -> 446.17016
A6: ='1_1_Definition_Flows'!C6 -> F_04_01 | B6: ='1_2_Data_Flows'!O3 -> 39 | C6: =B6*1.02 -> 39.78 | D6: =C6*1.02 -> 40.5756 | E6: =D6*1.02 -> 41.387112 | F6: =E6*1.02 -> 42.214854 | G6: =F6*1.02 -> 43.059151 | H6: =G6*1.02 -> 43.920334 | I6: =H6*1.02 -> 44.798741 | J6: =I6*1.02 -> 45.694716 | ... P6: =O6*1.02 -> 51.459672 | R6: =SUM(B6:P6) -> 674.44326
A7: ='1_1_Definition_Flows'!C7 -> F_01_05 | B7: =(B4+B6)*'2_3_Process_TCs'!$AE$3 -> 22.9218 | C7: =(C4+C6)*'2_3_Process_TCs'!$AE$3 -> 23.380236 | D7: =(D4+D6)*'2_3_Process_TCs'!$AE$3 -> 23.847841 | E7: =(E4+E6)*'2_3_Process_TCs'!$AE$3 -> 24.324798 | F7: =(F4+F6)*'2_3_Process_TCs'!$AE$3 -> 24.811293 | G7: =(G4+G6)*'2_3_Process_TCs'!$AE$3 -> 25.307519 | H7: =(H4+H6)*'2_3_Process_TCs'!$AE$3 -> 25.81367 | I7: =(I4+I6)*'2_3_Process_TCs'!$AE$3 -> 26.329943 | ... P7: =(P4+P6)*'2_3_Process_TCs'!$AE$3 -> 30.244828 | R7: =SUM(B7:P7) -> 396.39624
A8: ='1_1_Definition_Flows'!C8 -> F_01_02 | B8: =(B4+B6)*'2_3_Process_TCs'!$AH$3 -> 67.6782 | C8: =(C4+C6)*'2_3_Process_TCs'!$AH$3 -> 69.031764 | D8: =(D4+D6)*'2_3_Process_TCs'!$AH$3 -> 70.412399 | E8: =(E4+E6)*'2_3_Process_TCs'!$AH$3 -> 71.820647 | F8: =(F4+F6)*'2_3_Process_TCs'!$AH$3 -> 73.25706 | G8: =(G4+G6)*'2_3_Process_TCs'!$AH$3 -> 74.722201 | H8: =(H4+H6)*'2_3_Process_TCs'!$AH$3 -> 76.216645 | I8: =(I4+I6)*'2_3_Process_TCs'!$AH$3 -> 77.740978 | ... P8: =(P4+P6)*'2_3_Process_TCs'!$AH$3 -> 89.299948 | R8: =SUM(B8:P8) -> 1170.3873
A9: ='1_1_Definition_Flows'!C9 -> F_02_03 | B9: =(B8+B12+B13)*'2_3_Process_TCs'!$AE$4 -> 54.217716 | C9: =(C8+C12+C13)*'2_3_Process_TCs'!$AE$4 -> 55.30207 | D9: =(D8+D12+D13)*'2_3_Process_TCs'!$AE$4 -> 56.408112 | E9: =(E8+E12+E13)*'2_3_Process_TCs'!$AE$4 -> 57.536274 | F9: =(F8+F12+F13)*'2_3_Process_TCs'!$AE$4 -> 58.686999 | G9: =(G8+G12+G13)*'2_3_Process_TCs'!$AE$4 -> 59.860739 | H9: =(H8+H12+H13)*'2_3_Process_TCs'!$AE$4 -> 61.057954 | I9: =(I8+I12+I13)*'2_3_Process_TCs'!$AE$4 -> 62.279113 | ... P9: =(P8+P12+P13)*'2_3_Process_TCs'!$AE$4 -> 71.539125 | R9: =SUM(B9:P9) -> 937.60957
A10: ='1_1_Definition_Flows'!C10 -> F_03_07 | B10: ='dynamic stock model'!B8+'dynamic stock model'!B9+'dynamic stock model'!B10 -> 1.5541594e-05 | C10: ='dynamic stock model'!C8+'dynamic stock model'!C9+'dynamic stock model'!C10 -> 16.265695 | D10: ='dynamic stock model'!D8+'dynamic stock model'!D9+'dynamic stock model'!D10 -> 32.870916 | E10: ='dynamic stock model'!E8+'dynamic stock model'!E9+'dynamic stock model'!E10 -> 33.762577 | F10: ='dynamic stock model'!F8+'dynamic stock model'!F9+'dynamic stock model'!F10 -> 35.923636 | G10: ='dynamic stock model'!G8+'dynamic stock model'!G9+'dynamic stock model'!G10 -> 40.396193 | H10: ='dynamic stock model'!H8+'dynamic stock model'!H9+'dynamic stock model'!H10 -> 45.08486 | I10: ='dynamic stock model'!I8+'dynamic stock model'!I9+'dynamic stock model'!I10 -> 47.937985 | ... P10: ='dynamic stock model'!P8+'dynamic stock model'!P9+'dynamic stock model'!P10 -> 65.894191 | R10: =SUM(B10:P10) -> 662.05256
A11: ='1_1_Definition_Flows'!C11 -> F_02_06 | B11: =(B8+B12+B13)*'2_3_Process_TCs'!$AH$4 -> 12.841038 | C11: =(C8+C12+C13)*'2_3_Process_TCs'!$AH$4 -> 13.097859 | D11: =(D8+D12+D13)*'2_3_Process_TCs'!$AH$4 -> 13.359816 | E11: =(E8+E12+E13)*'2_3_Process_TCs'!$AH$4 -> 13.627012 | F11: =(F8+F12+F13)*'2_3_Process_TCs'!$AH$4 -> 13.899552 | G11: =(G8+G12+G13)*'2_3_Process_TCs'!$AH$4 -> 14.177544 | H11: =(H8+H12+H13)*'2_3_Process_TCs'!$AH$4 -> 14.461094 | I11: =(I8+I12+I13)*'2_3_Process_TCs'!$AH$4 -> 14.750316 | ... P11: =(P8+P12+P13)*'2_3_Process_TCs'!$AH$4 -> 16.943477 | R11: =SUM(B11:P11) -> 222.06542
A12: ='1_1_Definition_Flows'!C12 -> F_11_02 | B12: ='1_2_Data_Flows'!O4 -> 1 | C12: =B12*1.02 -> 1.02 | D12: =C12*1.02 -> 1.0404 | E12: =D12*1.02 -> 1.061208 | F12: =E12*1.02 -> 1.0824322 | G12: =F12*1.02 -> 1.1040808 | H12: =G12*1.02 -> 1.1261624 | I12: =H12*1.02 -> 1.1486857 | J12: =I12*1.02 -> 1.1716594 | ... P12: =O12*1.02 -> 1.3194788 | R12: =SUM(B12:P12) -> 17.293417
A13: ='1_1_Definition_Flows'!C13 -> F_08_02 | B13: ='1_2_Data_Flows'!O5 -> 74 | C13: =B13*1.02 -> 75.48 | D13: =C13*1.02 -> 76.9896 | E13: =D13*1.02 -> 78.529392 | F13: =E13*1.02 -> 80.09998 | G13: =F13*1.02 -> 81.701979 | H13: =G13*1.02 -> 83.336019 | I13: =H13*1.02 -> 85.002739 | J13: =I13*1.02 -> 86.702794 | ... P13: =O13*1.02 -> 97.641428 | R13: =SUM(B13:P13) -> 1279.7129
A14: ='1_1_Definition_Flows'!C14 -> F_02_14 | B14: =(B8+B12+B13)*'2_3_Process_TCs'!$AK$4 -> 67.058754 | C14: =(C8+C12+C13)*'2_3_Process_TCs'!$AK$4 -> 68.399929 | D14: =(D8+D12+D13)*'2_3_Process_TCs'!$AK$4 -> 69.767928 | E14: =(E8+E12+E13)*'2_3_Process_TCs'!$AK$4 -> 71.163286 | F14: =(F8+F12+F13)*'2_3_Process_TCs'!$AK$4 -> 72.586552 | G14: =(G8+G12+G13)*'2_3_Process_TCs'!$AK$4 -> 74.038283 | H14: =(H8+H12+H13)*'2_3_Process_TCs'!$AK$4 -> 75.519049 | I14: =(I8+I12+I13)*'2_3_Process_TCs'!$AK$4 -> 77.02943 | ... P14: =(P8+P12+P13)*'2_3_Process_TCs'!$AK$4 -> 88.482602 | R14: =SUM(B14:P14) -> 1159.675
A15: ='1_1_Definition_Flows'!C15 -> F_02_12 | B15: =(B8+B12+B13)*'2_3_Process_TCs'!$AN$4 -> 8.560692 | C15: =(C8+C12+C13)*'2_3_Process_TCs'!$AN$4 -> 8.7319058 | D15: =(D8+D12+D13)*'2_3_Process_TCs'!$AN$4 -> 8.906544 | E15: =(E8+E12+E13)*'2_3_Process_TCs'!$AN$4 -> 9.0846748 | F15: =(F8+F12+F13)*'2_3_Process_TCs'!$AN$4 -> 9.2663683 | G15: =(G8+G12+G13)*'2_3_Process_TCs'!$AN$4 -> 9.4516957 | H15: =(H8+H12+H13)*'2_3_Process_TCs'!$AN$4 -> 9.6407296 | I15: =(I8+I12+I13)*'2_3_Process_TCs'!$AN$4 -> 9.8335442 | ... P15: =(P8+P12+P13)*'2_3_Process_TCs'!$AN$4 -> 11.295651 | R15: =SUM(B15:P15) -> 148.04362
A16: ='1_1_Definition_Flows'!C16 -> F_07_09 | B16: =B10*'2_3_Process_TCs'!$AE$5 -> 3.1083187e-06 | C16: =C10*'2_3_Process_TCs'!$AE$5 -> 3.2531391 | D16: =D10*'2_3_Process_TCs'!$AE$5 -> 6.5741831 | E16: =E10*'2_3_Process_TCs'!$AE$5 -> 6.7525153 | F16: =F10*'2_3_Process_TCs'!$AE$5 -> 7.1847273 | G16: =G10*'2_3_Process_TCs'!$AE$5 -> 8.0792386 | H16: =H10*'2_3_Process_TCs'!$AE$5 -> 9.0169721 | I16: =I10*'2_3_Process_TCs'!$AE$5 -> 9.5875971 | ... P16: =P10*'2_3_Process_TCs'!$AE$5 -> 13.178838 | R16: =SUM(B16:P16) -> 132.41051
A17: ='1_1_Definition_Flows'!C17 -> F_07_10 | B17: =B10*'2_3_Process_TCs'!$AH$5 -> 1.2433275e-05 | C17: =C10*'2_3_Process_TCs'!$AH$5 -> 13.012556 | D17: =D10*'2_3_Process_TCs'!$AH$5 -> 26.296732 | E17: =E10*'2_3_Process_TCs'!$AH$5 -> 27.010061 | F17: =F10*'2_3_Process_TCs'!$AH$5 -> 28.738909 | G17: =G10*'2_3_Process_TCs'!$AH$5 -> 32.316954 | H17: =H10*'2_3_Process_TCs'!$AH$5 -> 36.067888 | I17: =I10*'2_3_Process_TCs'!$AH$5 -> 38.350388 | ... P17: =P10*'2_3_Process_TCs'!$AH$5 -> 52.715353 | R17: =SUM(B17:P17) -> 529.64205
A18: ='1_1_Definition_Flows'!C18 -> F_09_17 | B18: =B16*'2_3_Process_TCs'!$AE$7 -> 9.3249561e-07 | C18: =C16*'2_3_Process_TCs'!$AE$7 -> 0.97594172 | D18: =D16*'2_3_Process_TCs'!$AE$7 -> 1.9722549 | E18: =E16*'2_3_Process_TCs'!$AE$7 -> 2.0257546 | F18: =F16*'2_3_Process_TCs'!$AE$7 -> 2.1554182 | G18: =G16*'2_3_Process_TCs'!$AE$7 -> 2.4237716 | H18: =H16*'2_3_Process_TCs'!$AE$7 -> 2.7050916 | I18: =I16*'2_3_Process_TCs'!$AE$7 -> 2.8762791 | ... P18: =P16*'2_3_Process_TCs'!$AE$7 -> 3.9536515 | R18: =SUM(B18:P18) -> 39.723154
A19: ='1_1_Definition_Flows'!C19 -> F_10_18 | B19: =B17*'2_3_Process_TCs'!$AE$8 -> 1.2433275e-06 | C19: =C17*'2_3_Process_TCs'!$AE$8 -> 1.3012556 | D19: =D17*'2_3_Process_TCs'!$AE$8 -> 2.6296732 | E19: =E17*'2_3_Process_TCs'!$AE$8 -> 2.7010061 | F19: =F17*'2_3_Process_TCs'!$AE$8 -> 2.8738909 | G19: =G17*'2_3_Process_TCs'!$AE$8 -> 3.2316954 | H19: =H17*'2_3_Process_TCs'!$AE$8 -> 3.6067888 | I19: =I17*'2_3_Process_TCs'!$AE$8 -> 3.8350388 | ... P19: =P17*'2_3_Process_TCs'!$AE$8 -> 5.2715353 | R19: =SUM(B19:P19) -> 52.964205
A20: ='1_1_Definition_Flows'!C20 -> F_10_19 | B20: =B17*'2_3_Process_TCs'!$AH$8 -> 1.1189947e-05 | C20: =C17*'2_3_Process_TCs'!$AH$8 -> 11.711301 | D20: =D17*'2_3_Process_TCs'!$AH$8 -> 23.667059 | E20: =E17*'2_3_Process_TCs'!$AH$8 -> 24.309055 | F20: =F17*'2_3_Process_TCs'!$AH$8 -> 25.865018 | G20: =G17*'2_3_Process_TCs'!$AH$8 -> 29.085259 | H20: =H17*'2_3_Process_TCs'!$AH$8 -> 32.461099 | I20: =I17*'2_3_Process_TCs'!$AH$8 -> 34.515349 | ... P20: =P17*'2_3_Process_TCs'!$AH$8 -> 47.443818 | R20: =SUM(B20:P20) -> 476.67785
A21: ='1_1_Definition_Flows'!C21 -> F_00_13 | B21: ='1_2_Data_Flows'!O6 -> 129 | C21: =B21*1.02 -> 131.58 | D21: =C21*1.02 -> 134.2116 | E21: =D21*1.02 -> 136.89583 | F21: =E21*1.02 -> 139.63375 | G21: =F21*1.02 -> 142.42642 | H21: =G21*1.02 -> 145.27495 | I21: =H21*1.02 -> 148.18045 | J21: =I21*1.02 -> 151.14406 | ... P21: =O21*1.02 -> 170.21276 | R21: =SUM(B21:P21) -> 2230.8508
A22: ='1_1_Definition_Flows'!C22 -> F_00_04 | B22: ='1_2_Data_Flows'!O7 -> 39 | C22: =B22*1.02 -> 39.78 | D22: =C22*1.02 -> 40.5756 | E22: =D22*1.02 -> 41.387112 | F22: =E22*1.02 -> 42.214854 | G22: =F22*1.02 -> 43.059151 | H22: =G22*1.02 -> 43.920334 | I22: =H22*1.02 -> 44.798741 | J22: =I22*1.02 -> 45.694716 | ... P22: =O22*1.02 -> 51.459672 | R22: =SUM(B22:P22) -> 674.44326
A23: ='1_1_Definition_Flows'!C23 -> F_00_11 | B23: ='1_2_Data_Flows'!O8 -> 1 | C23: =B23*1.02 -> 1.02 | D23: =C23*1.02 -> 1.0404 | E23: =D23*1.02 -> 1.061208 | F23: =E23*1.02 -> 1.0824322 | G23: =F23*1.02 -> 1.1040808 | H23: =G23*1.02 -> 1.1261624 | I23: =H23*1.02 -> 1.1486857 | J23: =I23*1.02 -> 1.1716594 | ... P23: =O23*1.02 -> 1.3194788 | R23: =SUM(B23:P23) -> 17.293417
A24: ='1_1_Definition_Flows'!C24 -> F_00_08 | B24: ='1_2_Data_Flows'!O9 -> 74 | C24: =B24*1.02 -> 75.48 | D24: =C24*1.02 -> 76.9896 | E24: =D24*1.02 -> 78.529392 | F24: =E24*1.02 -> 80.09998 | G24: =F24*1.02 -> 81.701979 | H24: =G24*1.02 -> 83.336019 | I24: =H24*1.02 -> 85.002739 | J24: =I24*1.02 -> 86.702794 | ... P24: =O24*1.02 -> 97.641428 | R24: =SUM(B24:P24) -> 1279.7129
A25: ='1_1_Definition_Flows'!C25 -> F_09_19 | B25: =B16*'2_3_Process_TCs'!$AH$7 -> 2.1758231e-06 | C25: =C16*'2_3_Process_TCs'!$AH$7 -> 2.2771974 | D25: =D16*'2_3_Process_TCs'!$AH$7 -> 4.6019282 | E25: =E16*'2_3_Process_TCs'!$AH$7 -> 4.7267607 | F25: =F16*'2_3_Process_TCs'!$AH$7 -> 5.0293091 | G25: =G16*'2_3_Process_TCs'!$AH$7 -> 5.655467 | H25: =H16*'2_3_Process_TCs'!$AH$7 -> 6.3118805 | I25: =I16*'2_3_Process_TCs'!$AH$7 -> 6.711318 | ... P25: =P16*'2_3_Process_TCs'!$AH$7 -> 9.2251868 | R25: =SUM(B25:P25) -> 92.687359
A26: ='1_1_Definition_Flows'!C26 -> F_17_19 | B26: =Solution_CC!B26 -> 0 | C26: =Solution_CC!C26 -> 2.8002051e-08 | D26: =Solution_CC!D26 -> 0.029306728 | E26: =Solution_CC!E26 -> 0.087605492 | F26: =Solution_CC!F26 -> 0.145668 | G26: =Solution_CC!G26 -> 0.20578887 | H26: =Solution_CC!H26 -> 0.27206776 | I26: =Solution_CC!I26 -> 0.3446994 | ... P26: =Solution_CC!P26 -> 0.92191146 | R26: =SUM(B26:P26) -> 5.737415
A31: dS_3 | B31: =B9-B10 -> 54.2177 | C31: =C9-C10 -> 39.036375 | D31: =D9-D10 -> 23.537196 | E31: =E9-E10 -> 23.773697 | F31: =F9-F10 -> 22.763363 | G31: =G9-G10 -> 19.464547 | H31: =H9-H10 -> 15.973094 | I31: =I9-I10 -> 14.341128 | ... P31: =P9-P10 -> 5.6449334 | R31: =SUM(B31:P31) -> 275.557
A32: S_3 | B32: =B31 -> 54.2177 | C32: =B32+C31 -> 93.254075 | D32: =C32+D31 -> 116.79127 | E32: =D32+E31 -> 140.56497 | F32: =E32+F31 -> 163.32833 | G32: =F32+G31 -> 182.79288 | H32: =G32+H31 -> 198.76597 | I32: =H32+I31 -> 213.1071 | J32: =I32+J31 -> 226.50704 | ... P32: =O32+P31 -> 275.557 | R32: =SUM(B32:P32) -> 2943.0193
A33: dS_5 | B33: =B7 -> 22.9218 | C33: =C7 -> 23.380236 | D33: =D7 -> 23.847841 | E33: =E7 -> 24.324798 | F33: =F7 -> 24.811293 | G33: =G7 -> 25.307519 | H33: =H7 -> 25.81367 | I33: =I7 -> 26.329943 | ... P33: =P7 -> 30.244828 | R33: =SUM(B33:P33) -> 396.39624
A34: S_5 | B34: =B33 -> 22.9218 | C34: =B34+C33 -> 46.302036 | D34: =C34+D33 -> 70.149877 | E34: =D34+E33 -> 94.474674 | F34: =E34+F33 -> 119.28597 | G34: =F34+G33 -> 144.59349 | H34: =G34+H33 -> 170.40716 | I34: =H34+I33 -> 196.7371 | J34: =I34+J33 -> 223.59364 | ... P34: =O34+P33 -> 396.39624 | R34: =SUM(B34:P34) -> 3024.8584
A35: dS_6 | B35: =B11 -> 12.841038 | C35: =C11 -> 13.097859 | D35: =D11 -> 13.359816 | E35: =E11 -> 13.627012 | F35: =F11 -> 13.899552 | G35: =G11 -> 14.177544 | H35: =H11 -> 14.461094 | I35: =I11 -> 14.750316 | ... P35: =P11 -> 16.943477 | R35: =SUM(B35:P35) -> 222.06542
A36: S_6 | B36: =B35 -> 12.841038 | C36: =B36+C35 -> 25.938897 | D36: =C36+D35 -> 39.298713 | E36: =D36+E35 -> 52.925725 | F36: =E36+F35 -> 66.825277 | G36: =F36+G35 -> 81.002821 | H36: =G36+H35 -> 95.463915 | I36: =H36+I35 -> 110.21423 | J36: =I36+J35 -> 125.25955 | ... P36: =O36+P35 -> 222.06542 | R36: =SUM(B36:P36) -> 1694.5581
A37: dS_12 | B37: =B15 -> 8.560692 | C37: =C15 -> 8.7319058 | D37: =D15 -> 8.906544 | E37: =E15 -> 9.0846748 | F37: =F15 -> 9.2663683 | G37: =G15 -> 9.4516957 | H37: =H15 -> 9.6407296 | I37: =I15 -> 9.8335442 | ... P37: =P15 -> 11.295651 | R37: =SUM(B37:P37) -> 148.04362
A38: S_12 | B38: =B37 -> 8.560692 | C38: =B38+C37 -> 17.292598 | D38: =C38+D37 -> 26.199142 | E38: =D38+E37 -> 35.283817 | F38: =E38+F37 -> 44.550185 | G38: =F38+G37 -> 54.001881 | H38: =G38+H37 -> 63.64261 | I38: =H38+I37 -> 73.476154 | J38: =I38+J37 -> 83.50637 | ... P38: =O38+P37 -> 148.04362 | R38: =SUM(B38:P38) -> 1129.7054
A39: dS_14 | B39: =B14 -> 67.058754 | C39: =C14 -> 68.399929 | D39: =D14 -> 69.767928 | E39: =E14 -> 71.163286 | F39: =F14 -> 72.586552 | G39: =G14 -> 74.038283 | H39: =H14 -> 75.519049 | I39: =I14 -> 77.02943 | ... P39: =P14 -> 88.482602 | R39: =SUM(B39:P39) -> 1159.675
A40: S_14 | B40: =B39 -> 67.058754 | C40: =C39+B40 -> 135.45868 | D40: =D39+C40 -> 205.22661 | E40: =E39+D40 -> 276.3899 | F40: =F39+E40 -> 348.97645 | G40: =G39+F40 -> 423.01473 | H40: =H39+G40 -> 498.53378 | I40: =I39+H40 -> 575.56321 | J40: =J39+I40 -> 654.13323 | ... P40: =P39+O40 -> 1159.675 | R40: =SUM(B40:P40) -> 8849.359
A41: dS_15 | B41: =B3 -> 51.6 | C41: =C3 -> 52.632 | D41: =D3 -> 53.68464 | E41: =E3 -> 54.758333 | F41: =F3 -> 55.853499 | G41: =G3 -> 56.970569 | H41: =H3 -> 58.109981 | I41: =I3 -> 59.27218 | ... P41: =P3 -> 68.085104 | R41: =SUM(B41:P41) -> 892.34031
A42: S_15 | B42: =B41 -> 51.6 | C42: =B42+C41 -> 104.232 | D42: =C42+D41 -> 157.91664 | E42: =D42+E41 -> 212.67497 | F42: =E42+F41 -> 268.52847 | G42: =F42+G41 -> 325.49904 | H42: =G42+H41 -> 383.60902 | I42: =H42+I41 -> 442.8812 | J42: =I42+J41 -> 503.33883 | ... P42: =O42+P41 -> 892.34031 | R42: =SUM(B42:P42) -> 6809.356
A43: dS_16 | B43: =B5 -> 25.8 | C43: =C5 -> 26.316 | D43: =D5 -> 26.84232 | E43: =E5 -> 27.379166 | F43: =F5 -> 27.92675 | G43: =G5 -> 28.485285 | H43: =H5 -> 29.05499 | I43: =I5 -> 29.63609 | ... P43: =P5 -> 34.042552 | R43: =SUM(B43:P43) -> 446.17016
A44: S_16 | B44: =B43 -> 25.8 | C44: =B44+C43 -> 52.116 | D44: =C44+D43 -> 78.95832 | E44: =D44+E43 -> 106.33749 | F44: =E44+F43 -> 134.26424 | G44: =F44+G43 -> 162.74952 | H44: =G44+H43 -> 191.80451 | I44: =H44+I43 -> 221.4406 | J44: =I44+J43 -> 251.66941 | ... P44: =O44+P43 -> 446.17016 | R44: =SUM(B44:P44) -> 3404.678
A45: dS_17 | B45: =B18-B26 -> 9.3249561e-07 | C45: =C18-C26 -> 0.97594169 | D45: =D18-D26 -> 1.9429482 | E45: =E18-E26 -> 1.9381491 | F45: =F18-F26 -> 2.0097502 | G45: =G18-G26 -> 2.2179827 | H45: =H18-H26 -> 2.4330239 | I45: =I18-I26 -> 2.5315797 | ... P45: =P18-P26 -> 3.03174 | R45: =SUM(B45:P45) -> 33.985739
A46: S_17 | B46: =B45 -> 9.3249561e-07 | C46: =B46+C45 -> 0.97594263 | D46: =C46+D45 -> 2.9188908 | E46: =D46+E45 -> 4.8570399 | F46: =E46+F45 -> 6.8667901 | G46: =F46+G45 -> 9.0847728 | H46: =G46+H45 -> 11.517797 | I46: =H46+I45 -> 14.049376 | J46: =I46+J45 -> 16.636686 | ... P46: =O46+P45 -> 33.985739 | R46: =SUM(B46:P46) -> 226.14337
A47: dS_18 | B47: =B19 -> 1.2433275e-06 | C47: =C19 -> 1.3012556 | D47: =D19 -> 2.6296732 | E47: =E19 -> 2.7010061 | F47: =F19 -> 2.8738909 | G47: =G19 -> 3.2316954 | H47: =H19 -> 3.6067888 | I47: =I19 -> 3.8350388 | ... P47: =P19 -> 5.2715353 | R47: =SUM(B47:P47) -> 52.964205
A48: S_18 | B48: =B47 -> 1.2433275e-06 | C48: =B48+C47 -> 1.3012569 | D48: =C48+D47 -> 3.9309301 | E48: =D48+E47 -> 6.6319363 | F48: =E48+F47 -> 9.5058272 | G48: =F48+G47 -> 12.737523 | H48: =G48+H47 -> 16.344311 | I48: =H48+I47 -> 20.17935 | J48: =I48+J47 -> 24.189331 | ... P48: =O48+P47 -> 52.964205 | R48: =SUM(B48:P48) -> 336.94253
A49: dS_19 | B49: =B25+B26+B20 -> 1.336577e-05 | C49: =C25+C26+C20 -> 13.988498 | D49: =D25+D26+D20 -> 28.298294 | E49: =E25+E26+E20 -> 29.123421 | F49: =F25+F26+F20 -> 31.039995 | G49: =G25+G26+G20 -> 34.946515 | H49: =H25+H26+H20 -> 39.045048 | I49: =I25+I26+I20 -> 41.571367 | ... P49: =P25+P26+P20 -> 57.590916 | R49: =SUM(B49:P49) -> 575.10262
A50: S_19 | B50: =B49 -> 1.336577e-05 | C50: =B50+C49 -> 13.988511 | D50: =C50+D49 -> 42.286806 | E50: =D50+E49 -> 71.410227 | F50: =E50+F49 -> 102.45022 | G50: =F50+G49 -> 137.39674 | H50: =G50+H49 -> 176.44178 | I50: =H50+I49 -> 218.01315 | J50: =I50+J49 -> 261.54062 | ... P50: =O50+P49 -> 575.10262 | R50: =SUM(B50:P50) -> 3648.6957

Sheet Solution_WC
B1: 2022 | C1: 2023 | D1: 2024 | E1: 2025 | F1: 2026 | G1: 2027 | H1: 2028 | I1: 2029 | J1: 2030 | K1: 2031 | L1: 2032 | M1: 2033 | N1: 2034 | O1: 2035 | P1: 2036
A2: ='1_1_Definition_Flows'!C2 -> F_13_20 | B2: {=Solution_material!B2*INDIRECT("Tab_Def_Flows[@WC]")} -> 7.74 | C2: {=Solution_material!C2*INDIRECT("Tab_Def_Flows[@WC]")} -> 7.8948 | D2: {=Solution_material!D2*INDIRECT("Tab_Def_Flows[@WC]")} -> 8.052696 | E2: {=Solution_material!E2*INDIRECT("Tab_Def_Flows[@WC]")} -> 8.2137499 | F2: {=Solution_material!F2*INDIRECT("Tab_Def_Flows[@WC]")} -> 8.3780249 | G2: {=Solution_material!G2*INDIRECT("Tab_Def_Flows[@WC]")} -> 8.5455854 | H2: {=Solution_material!H2*INDIRECT("Tab_Def_Flows[@WC]")} -> 8.7164971 | I2: {=Solution_material!I2*INDIRECT("Tab_Def_Flows[@WC]")} -> 8.8908271 | ... P2: {=Solution_material!P2*INDIRECT("Tab_Def_Flows[@WC]")} -> 10.212766 | R2: =SUM(B2:P2) -> 133.85105
A3: ='1_1_Definition_Flows'!C3 -> F_20_15 | B3: {=Solution_material!B3*INDIRECT("Tab_Def_Flows[@WC]")} -> 3.096 | C3: {=Solution_material!C3*INDIRECT("Tab_Def_Flows[@WC]")} -> 3.15792 | D3: {=Solution_material!D3*INDIRECT("Tab_Def_Flows[@WC]")} -> 3.2210784 | E3: {=Solution_material!E3*INDIRECT("Tab_Def_Flows[@WC]")} -> 3.2855 | F3: {=Solution_material!F3*INDIRECT("Tab_Def_Flows[@WC]")} -> 3.35121 | G3: {=Solution_material!G3*INDIRECT("Tab_Def_Flows[@WC]")} -> 3.4182342 | H3: {=Solution_material!H3*INDIRECT("Tab_Def_Flows[@WC]")} -> 3.4865989 | I3: {=Solution_material!I3*INDIRECT("Tab_Def_Flows[@WC]")} -> 3.5563308 | ... P3: {=Solution_material!P3*INDIRECT("Tab_Def_Flows[@WC]")} -> 4.0851063 | R3: =SUM(B3:P3) -> 53.540419
A4: ='1_1_Definition_Flows'!C4 -> F_20_01 | B4: {=Solution_material!B4*INDIRECT("Tab_Def_Flows[@WC]")} -> 3.096 | C4: {=Solution_material!C4*INDIRECT("Tab_Def_Flows[@WC]")} -> 3.15792 | D4: {=Solution_material!D4*INDIRECT("Tab_Def_Flows[@WC]")} -> 3.2210784 | E4: {=Solution_material!E4*INDIRECT("Tab_Def_Flows[@WC]")} -> 3.2855 | F4: {=Solution_material!F4*INDIRECT("Tab_Def_Flows[@WC]")} -> 3.35121 | G4: {=Solution_material!G4*INDIRECT("Tab_Def_Flows[@WC]")} -> 3.4182342 | H4: {=Solution_material!H4*INDIRECT("Tab_Def_Flows[@WC]")} -> 3.4865989 | I4: {=Solution_material!I4*INDIRECT("Tab_Def_Flows[@WC]")} -> 3.5563308 | ... P4: {=Solution_material!P4*INDIRECT("Tab_Def_Flows[@WC]")} -> 4.0851063 | R4: =SUM(B4:P4) -> 53.540419
A5: ='1_1_Definition_Flows'!C5 -> F_20_16 | B5: {=Solution_material!B5*INDIRECT("Tab_Def_Flows[@WC]")} -> 1.548 | C5: {=Solution_material!C5*INDIRECT("Tab_Def_Flows[@WC]")} -> 1.57896 | D5: {=Solution_material!D5*INDIRECT("Tab_Def_Flows[@WC]")} -> 1.6105392 | E5: {=Solution_material!E5*INDIRECT("Tab_Def_Flows[@WC]")} -> 1.64275 | F5: {=Solution_material!F5*INDIRECT("Tab_Def_Flows[@WC]")} -> 1.675605 | G5: {=Solution_material!G5*INDIRECT("Tab_Def_Flows[@WC]")} -> 1.7091171 | H5: {=Solution_material!H5*INDIRECT("Tab_Def_Flows[@WC]")} -> 1.7432994 | I5: {=Solution_material!I5*INDIRECT("Tab_Def_Flows[@WC]")} -> 1.7781654 | ... P5: {=Solution_material!P5*INDIRECT("Tab_Def_Flows[@WC]")} -> 2.0425531 | R5: =SUM(B5:P5) -> 26.770209
A6: ='1_1_Definition_Flows'!C6 -> F_04_01 | B6: {=Solution_material!B6*INDIRECT("Tab_Def_Flows[@WC]")} -> 36.66 | C6: {=Solution_material!C6*INDIRECT("Tab_Def_Flows[@WC]")} -> 37.3932 | D6: {=Solution_material!D6*INDIRECT("Tab_Def_Flows[@WC]")} -> 38.141064 | E6: {=Solution_material!E6*INDIRECT("Tab_Def_Flows[@WC]")} -> 38.903885 | F6: {=Solution_material!F6*INDIRECT("Tab_Def_Flows[@WC]")} -> 39.681963 | G6: {=Solution_material!G6*INDIRECT("Tab_Def_Flows[@WC]")} -> 40.475602 | H6: {=Solution_material!H6*INDIRECT("Tab_Def_Flows[@WC]")} -> 41.285114 | I6: {=Solution_material!I6*INDIRECT("Tab_Def_Flows[@WC]")} -> 42.110817 | ... P6: {=Solution_material!P6*INDIRECT("Tab_Def_Flows[@WC]")} -> 48.372091 | R6: =SUM(B6:P6) -> 633.97666
A7: ='1_1_Definition_Flows'!C7 -> F_01_05 | B7: {=Solution_material!B7*INDIRECT("Tab_Def_Flows[@WC]")} -> 0 | C7: {=Solution_material!C7*INDIRECT("Tab_Def_Flows[@WC]")} -> 0 | D7: {=Solution_material!D7*INDIRECT("Tab_Def_Flows[@WC]")} -> 0 | E7: {=Solution_material!E7*INDIRECT("Tab_Def_Flows[@WC]")} -> 0 | F7: {=Solution_material!F7*INDIRECT("Tab_Def_Flows[@WC]")} -> 0 | G7: {=Solution_material!G7*INDIRECT("Tab_Def_Flows[@WC]")} -> 0 | H7: {=Solution_material!H7*INDIRECT("Tab_Def_Flows[@WC]")} -> 0 | I7: {=Solution_material!I7*INDIRECT("Tab_Def_Flows[@WC]")} -> 0 | ... P7: {=Solution_material!P7*INDIRECT("Tab_Def_Flows[@WC]")} -> 0 | R7: =SUM(B7:P7) -> 0
A8: ='1_1_Definition_Flows'!C8 -> F_01_02 | B8: {=Solution_material!B8*INDIRECT("Tab_Def_Flows[@WC]")} -> 43.314048 | C8: {=Solution_material!C8*INDIRECT("Tab_Def_Flows[@WC]")} -> 44.180329 | D8: {=Solution_material!D8*INDIRECT("Tab_Def_Flows[@WC]")} -> 45.063936 | E8: {=Solution_material!E8*INDIRECT("Tab_Def_Flows[@WC]")} -> 45.965214 | F8: {=Solution_material!F8*INDIRECT("Tab_Def_Flows[@WC]")} -> 46.884519 | G8: {=Solution_material!G8*INDIRECT("Tab_Def_Flows[@WC]")} -> 47.822209 | H8: {=Solution_material!H8*INDIRECT("Tab_Def_Flows[@WC]")} -> 48.778653 | I8: {=Solution_material!I8*INDIRECT("Tab_Def_Flows[@WC]")} -> 49.754226 | ... P8: {=Solution_material!P8*INDIRECT("Tab_Def_Flows[@WC]")} -> 57.151966 | R8: =SUM(B8:P8) -> 749.04789
A9: ='1_1_Definition_Flows'!C9 -> F_02_03 | B9: {=Solution_material!B9*INDIRECT("Tab_Def_Flows[@WC]")} -> 33.072807 | C9: {=Solution_material!C9*INDIRECT("Tab_Def_Flows[@WC]")} -> 33.734263 | D9: {=Solution_material!D9*INDIRECT("Tab_Def_Flows[@WC]")} -> 34.408948 | E9: {=Solution_material!E9*INDIRECT("Tab_Def_Flows[@WC]")} -> 35.097127 | F9: {=Solution_material!F9*INDIRECT("Tab_Def_Flows[@WC]")} -> 35.79907 | G9: {=Solution_material!G9*INDIRECT("Tab_Def_Flows[@WC]")} -> 36.515051 | H9: {=Solution_material!H9*INDIRECT("Tab_Def_Flows[@WC]")} -> 37.245352 | I9: {=Solution_material!I9*INDIRECT("Tab_Def_Flows[@WC]")} -> 37.990259 | ... P9: {=Solution_material!P9*INDIRECT("Tab_Def_Flows[@WC]")} -> 43.638866 | R9: =SUM(B9:P9) -> 571.94184
A10: ='1_1_Definition_Flows'!C10 -> F_03_07 | B10: {=Solution_material!B10*INDIRECT("Tab_Def_Flows[@WC]")} -> 9.480372e-06 | C10: {=Solution_material!C10*INDIRECT("Tab_Def_Flows[@WC]")} -> 9.9220742 | D10: {=Solution_material!D10*INDIRECT("Tab_Def_Flows[@WC]")} -> 20.051259 | E10: {=Solution_material!E10*INDIRECT("Tab_Def_Flows[@WC]")} -> 20.595172 | F10: {=Solution_material!F10*INDIRECT("Tab_Def_Flows[@WC]")} -> 21.913418 | G10: {=Solution_material!G10*INDIRECT("Tab_Def_Flows[@WC]")} -> 24.641678 | H10: {=Solution_material!H10*INDIRECT("Tab_Def_Flows[@WC]")} -> 27.501765 | I10: {=Solution_material!I10*INDIRECT("Tab_Def_Flows[@WC]")} -> 29.242171 | ... P10: {=Solution_material!P10*INDIRECT("Tab_Def_Flows[@WC]")} -> 40.195457 | R10: =SUM(B10:P10) -> 403.85206
A11: ='1_1_Definition_Flows'!C11 -> F_02_06 | B11: {=Solution_material!B11*INDIRECT("Tab_Def_Flows[@WC]")} -> 8.2182643 | C11: {=Solution_material!C11*INDIRECT("Tab_Def_Flows[@WC]")} -> 8.3826296 | D11: {=Solution_material!D11*INDIRECT("Tab_Def_Flows[@WC]")} -> 8.5502822 | E11: {=Solution_material!E11*INDIRECT("Tab_Def_Flows[@WC]")} -> 8.7212878 | F11: {=Solution_material!F11*INDIRECT("Tab_Def_Flows[@WC]")} -> 8.8957136 | G11: {=Solution_material!G11*INDIRECT("Tab_Def_Flows[@WC]")} -> 9.0736279 | H11: {=Solution_material!H11*INDIRECT("Tab_Def_Flows[@WC]")} -> 9.2551004 | I11: {=Solution_material!I11*INDIRECT("Tab_Def_Flows[@WC]")} -> 9.4402024 | ... P11: {=Solution_material!P11*INDIRECT("Tab_Def_Flows[@WC]")} -> 10.843825 | R11: =SUM(B11:P11) -> 142.12187
A12: ='1_1_Definition_Flows'!C12 -> F_11_02 | B12: {=Solution_material!B12*INDIRECT("Tab_Def_Flows[@WC]")} -> 0.66 | C12: {=Solution_material!C12*INDIRECT("Tab_Def_Flows[@WC]")} -> 0.6732 | D12: {=Solution_material!D12*INDIRECT("Tab_Def_Flows[@WC]")} -> 0.686664 | E12: {=Solution_material!E12*INDIRECT("Tab_Def_Flows[@WC]")} -> 0.70039728 | F12: {=Solution_material!F12*INDIRECT("Tab_Def_Flows[@WC]")} -> 0.71440523 | G12: {=Solution_material!G12*INDIRECT("Tab_Def_Flows[@WC]")} -> 0.72869333 | H12: {=Solution_material!H12*INDIRECT("Tab_Def_Flows[@WC]")} -> 0.7432672 | I12: {=Solution_material!I12*INDIRECT("Tab_Def_Flows[@WC]")} -> 0.75813254 | ... P12: {=Solution_material!P12*INDIRECT("Tab_Def_Flows[@WC]")} -> 0.87085598 | R12: =SUM(B12:P12) -> 11.413655
A13: ='1_1_Definition_Flows'!C13 -> F_08_02 | B13: {=Solution_material!B13*INDIRECT("Tab_Def_Flows[@WC]")} -> 74 | C13: {=Solution_material!C13*INDIRECT("Tab_Def_Flows[@WC]")} -> 75.48 | D13: {=Solution_material!D13*INDIRECT("Tab_Def_Flows[@WC]")} -> 76.9896 | E13: {=Solution_material!E13*INDIRECT("Tab_Def_Flows[@WC]")} -> 78.529392 | F13: {=Solution_material!F13*INDIRECT("Tab_Def_Flows[@WC]")} -> 80.09998 | G13: {=Solution_material!G13*INDIRECT("Tab_Def_Flows[@WC]")} -> 81.701979 | H13: {=Solution_material!H13*INDIRECT("Tab_Def_Flows[@WC]")} -> 83.336019 | I13: {=Solution_material!I13*INDIRECT("Tab_Def_Flows[@WC]")} -> 85.002739 | ... P13: {=Solution_material!P13*INDIRECT("Tab_Def_Flows[@WC]")} -> 97.641428 | R13: =SUM(B13:P13) -> 1279.7129
... A26: ='1_1_Definition_Flows'!C26 -> F_17_19 | B26: {=Solution_material!B26*INDIRECT("Tab_Def_Flows[@WC]")} -> 0 | C26: {=Solution_material!C26*INDIRECT("Tab_Def_Flows[@WC]")} -> 0 | D26: {=Solution_material!D26*INDIRECT("Tab_Def_Flows[@WC]")} -> 0 | E26: {=Solution_material!E26*INDIRECT("Tab_Def_Flows[@WC]")} -> 0 | F26: {=Solution_material!F26*INDIRECT("Tab_Def_Flows[@WC]")} -> 0 | G26: {=Solution_material!G26*INDIRECT("Tab_Def_Flows[@WC]")} -> 0 | H26: {=Solution_material!H26*INDIRECT("Tab_Def_Flows[@WC]")} -> 0 | I26: {=Solution_material!I26*INDIRECT("Tab_Def_Flows[@WC]")} -> 0 | ... P26: {=Solution_material!P26*INDIRECT("Tab_Def_Flows[@WC]")} -> 0 | R26: =SUM(B26:P26) -> 0
A31: dS_3 | B31: =B9-B10 -> 33.072797 | C31: =C9-C10 -> 23.812189 | D31: =D9-D10 -> 14.35769 | E31: =E9-E10 -> 14.501955 | F31: =F9-F10 -> 13.885651 | G31: =G9-G10 -> 11.873373 | H31: =H9-H10 -> 9.7435872 | I31: =I9-I10 -> 8.748088 | ... P31: =P9-P10 -> 3.4434094 | R31: =SUM(B31:P31) -> 168.08977
A32: S_3 | B32: =B31 -> 33.072797 | C32: =B32+C31 -> 56.884986 | D32: =C32+D31 -> 71.242676 | E32: =D32+E31 -> 85.744631 | F32: =E32+F31 -> 99.630282 | G32: =F32+G31 -> 111.50366 | H32: =G32+H31 -> 121.24724 | I32: =H32+I31 -> 129.99533 | J32: =I32+J31 -> 138.16929 | ... P32: =O32+P31 -> 168.08977 | R32: =SUM(B32:P32) -> 1795.2418
A33: dS_5 | B33: =B7 -> 0 | C33: =C7 -> 0 | D33: =D7 -> 0 | E33: =E7 -> 0 | F33: =F7 -> 0 | G33: =G7 -> 0 | H33: =H7 -> 0 | I33: =I7 -> 0 | ... P33: =P7 -> 0 | R33: =SUM(B33:P33) -> 0
A34: S_5 | B34: =B33 -> 0 | C34: =B34+C33 -> 0 | D34: =C34+D33 -> 0 | E34: =D34+E33 -> 0 | F34: =E34+F33 -> 0 | G34: =F34+G33 -> 0 | H34: =G34+H33 -> 0 | I34: =H34+I33 -> 0 | J34: =I34+J33 -> 0 | ... P34: =O34+P33 -> 0 | R34: =SUM(B34:P34) -> 0
A35: dS_6 | B35: =B11 -> 8.2182643 | C35: =C11 -> 8.3826296 | D35: =D11 -> 8.5502822 | E35: =E11 -> 8.7212878 | F35: =F11 -> 8.8957136 | G35: =G11 -> 9.0736279 | H35: =H11 -> 9.2551004 | I35: =I11 -> 9.4402024 | ... P35: =P11 -> 10.843825 | R35: =SUM(B35:P35) -> 142.12187
A36: S_6 | B36: =B35 -> 8.2182643 | C36: =B36+C35 -> 16.600894 | D36: =C36+D35 -> 25.151176 | E36: =D36+E35 -> 33.872464 | F36: =E36+F35 -> 42.768178 | G36: =F36+G35 -> 51.841805 | H36: =G36+H35 -> 61.096906 | I36: =H36+I35 -> 70.537108 | J36: =I36+J35 -> 80.166115 | ... P36: =O36+P35 -> 142.12187 | R36: =SUM(B36:P36) -> 1084.5172
A37: dS_12 | B37: =B15 -> 8.560692 | C37: =C15 -> 8.7319058 | D37: =D15 -> 8.906544 | E37: =E15 -> 9.0846748 | F37: =F15 -> 9.2663683 | G37: =G15 -> 9.4516957 | H37: =H15 -> 9.6407296 | I37: =I15 -> 9.8335442 | ... P37: =P15 -> 11.295651 | R37: =SUM(B37:P37) -> 148.04362
A38: S_12 | B38: =B37 -> 8.560692 | C38: =B38+C37 -> 17.292598 | D38: =C38+D37 -> 26.199142 | E38: =D38+E37 -> 35.283817 | F38: =E38+F37 -> 44.550185 | G38: =F38+G37 -> 54.001881 | H38: =G38+H37 -> 63.64261 | I38: =H38+I37 -> 73.476154 | J38: =I38+J37 -> 83.50637 | ... P38: =O38+P37 -> 148.04362 | R38: =SUM(B38:P38) -> 1129.7054
A39: dS_14 | B39: =B14 -> 67.058754 | C39: =C14 -> 68.399929 | D39: =D14 -> 69.767928 | E39: =E14 -> 71.163286 | F39: =F14 -> 72.586552 | G39: =G14 -> 74.038283 | H39: =H14 -> 75.519049 | I39: =I14 -> 77.02943 | ... P39: =P14 -> 88.482602 | R39: =SUM(B39:P39) -> 1159.675
A40: S_14 | B40: =B39 -> 67.058754 | C40: =C39+B40 -> 135.45868 | D40: =D39+C40 -> 205.22661 | E40: =E39+D40 -> 276.3899 | F40: =F39+E40 -> 348.97645 | G40: =G39+F40 -> 423.01473 | H40: =H39+G40 -> 498.53378 | I40: =I39+H40 -> 575.56321 | J40: =J39+I40 -> 654.13323 | ... P40: =P39+O40 -> 1159.675 | R40: =SUM(B40:P40) -> 8849.359
A41: dS_15 | B41: =B3 -> 3.096 | C41: =C3 -> 3.15792 | D41: =D3 -> 3.2210784 | E41: =E3 -> 3.2855 | F41: =F3 -> 3.35121 | G41: =G3 -> 3.4182342 | H41: =H3 -> 3.4865989 | I41: =I3 -> 3.5563308 | ... P41: =P3 -> 4.0851063 | R41: =SUM(B41:P41) -> 53.540419
A42: S_15 | B42: =B41 -> 3.096 | C42: =B42+C41 -> 6.25392 | D42: =C42+D41 -> 9.4749984 | E42: =D42+E41 -> 12.760498 | F42: =E42+F41 -> 16.111708 | G42: =F42+G41 -> 19.529943 | H42: =G42+H41 -> 23.016541 | I42: =H42+I41 -> 26.572872 | J42: =I42+J41 -> 30.20033 | ... P42: =O42+P41 -> 53.540419 | R42: =SUM(B42:P42) -> 408.56136
A43: dS_16 | B43: =B5 -> 1.548 | C43: =C5 -> 1.57896 | D43: =D5 -> 1.6105392 | E43: =E5 -> 1.64275 | F43: =F5 -> 1.675605 | G43: =G5 -> 1.7091171 | H43: =H5 -> 1.7432994 | I43: =I5 -> 1.7781654 | ... P43: =P5 -> 2.0425531 | R43: =SUM(B43:P43) -> 26.770209
A44: S_16 | B44: =B43 -> 1.548 | C44: =B44+C43 -> 3.12696 | D44: =C44+D43 -> 4.7374992 | E44: =D44+E43 -> 6.3802492 | F44: =E44+F43 -> 8.0558542 | G44: =F44+G43 -> 9.7649713 | H44: =G44+H43 -> 11.508271 | I44: =H44+I43 -> 13.286436 | J44: =I44+J43 -> 15.100165 | ... P44: =O44+P43 -> 26.770209 | R44: =SUM(B44:P44) -> 204.28068
A45: dS_17 | B45: 0 | C45: =C46-B46 -> 0 | D45: =D46-C46 -> 0 | E45: =E46-D46 -> 0 | F45: =F46-E46 -> 0 | G45: =G46-F46 -> 0 | H45: =H46-G46 -> 0 | I45: =I46-H46 -> 0 | J45: =J46-I46 -> 0 | ... P45: =P46-O46 -> 0 | R45: =SUM(B45:P45) -> 0
A46: S_17 | B46: 0 | C46: 0 | D46: 0 | E46: 0 | F46: 0 | G46: 0 | H46: 0 | I46: 0 | J46: 0 | K46: 0 | L46: 0 | M46: 0 | N46: 0 | O46: 0 | P46: 0 | R46: =SUM(B46:P46) -> 0
A47: dS_18 | B47: =B19 -> 0 | C47: =C19 -> 0 | D47: =D19 -> 0 | E47: =E19 -> 0 | F47: =F19 -> 0 | G47: =G19 -> 0 | H47: =H19 -> 0 | I47: =I19 -> 0 | ... P47: =P19 -> 0 | R47: =SUM(B47:P47) -> 0
A48: S_18 | B48: =B47 -> 0 | C48: =B48+C47 -> 0 | D48: =C48+D47 -> 0 | E48: =D48+E47 -> 0 | F48: =E48+F47 -> 0 | G48: =F48+G47 -> 0 | H48: =G48+H47 -> 0 | I48: =H48+I47 -> 0 | J48: =I48+J47 -> 0 | ... P48: =O48+P47 -> 0 | R48: =SUM(B48:P48) -> 0
A49: dS_19 | B49: =B25+B26+B20 -> 0 | C49: =C25+C26+C20 -> 0 | D49: =D25+D26+D20 -> 0 | E49: =E25+E26+E20 -> 0 | F49: =F25+F26+F20 -> 0 | G49: =G25+G26+G20 -> 0 | H49: =H25+H26+H20 -> 0 | I49: =I25+I26+I20 -> 0 | ... P49: =P25+P26+P20 -> 0 | R49: =SUM(B49:P49) -> 0
A50: S_19 | B50: =B49 -> 0 | C50: =B50+C49 -> 0 | D50: =C50+D49 -> 0 | E50: =D50+E49 -> 0 | F50: =E50+F49 -> 0 | G50: =F50+G49 -> 0 | H50: =G50+H49 -> 0 | I50: =H50+I49 -> 0 | J50: =I50+J49 -> 0 | ... P50: =O50+P49 -> 0 | R50: =SUM(B50:P50) -> 0

Sheet Solution_DM
B1: 2022 | C1: 2023 | D1: 2024 | E1: 2025 | F1: 2026 | G1: 2027 | H1: 2028 | I1: 2029 | J1: 2030 | K1: 2031 | L1: 2032 | M1: 2033 | N1: 2034 | O1: 2035 | P1: 2036
A2: ='1_1_Definition_Flows'!C2 -> F_13_20 | B2: {=Solution_material!B2*INDIRECT("Tab_Def_Flows[@DM]")} -> 121.26 | C2: {=Solution_material!C2*INDIRECT("Tab_Def_Flows[@DM]")} -> 123.6852 | D2: {=Solution_material!D2*INDIRECT("Tab_Def_Flows[@DM]")} -> 126.1589 | E2: {=Solution_material!E2*INDIRECT("Tab_Def_Flows[@DM]")} -> 128.68208 | F2: {=Solution_material!F2*INDIRECT("Tab_Def_Flows[@DM]")} -> 131.25572 | G2: {=Solution_material!G2*INDIRECT("Tab_Def_Flows[@DM]")} -> 133.88084 | H2: {=Solution_material!H2*INDIRECT("Tab_Def_Flows[@DM]")} -> 136.55845 | I2: {=Solution_material!I2*INDIRECT("Tab_Def_Flows[@DM]")} -> 139.28962 | ... P2: {=Solution_material!P2*INDIRECT("Tab_Def_Flows[@DM]")} -> 159.99999 | R2: =SUM(B2:P2) -> 2096.9997
A3: ='1_1_Definition_Flows'!C3 -> F_20_15 | B3: {=Solution_material!B3*INDIRECT("Tab_Def_Flows[@DM]")} -> 48.504 | C3: {=Solution_material!C3*INDIRECT("Tab_Def_Flows[@DM]")} -> 49.47408 | D3: {=Solution_material!D3*INDIRECT("Tab_Def_Flows[@DM]")} -> 50.463562 | E3: {=Solution_material!E3*INDIRECT("Tab_Def_Flows[@DM]")} -> 51.472833 | F3: {=Solution_material!F3*INDIRECT("Tab_Def_Flows[@DM]")} -> 52.502289 | G3: {=Solution_material!G3*INDIRECT("Tab_Def_Flows[@DM]")} -> 53.552335 | H3: {=Solution_material!H3*INDIRECT("Tab_Def_Flows[@DM]")} -> 54.623382 | I3: {=Solution_material!I3*INDIRECT("Tab_Def_Flows[@DM]")} -> 55.71585 | ... P3: {=Solution_material!P3*INDIRECT("Tab_Def_Flows[@DM]")} -> 63.999998 | R3: =SUM(B3:P3) -> 838.79989
A4: ='1_1_Definition_Flows'!C4 -> F_20_01 | B4: {=Solution_material!B4*INDIRECT("Tab_Def_Flows[@DM]")} -> 48.504 | C4: {=Solution_material!C4*INDIRECT("Tab_Def_Flows[@DM]")} -> 49.47408 | D4: {=Solution_material!D4*INDIRECT("Tab_Def_Flows[@DM]")} -> 50.463562 | E4: {=Solution_material!E4*INDIRECT("Tab_Def_Flows[@DM]")} -> 51.472833 | F4: {=Solution_material!F4*INDIRECT("Tab_Def_Flows[@DM]")} -> 52.502289 | G4: {=Solution_material!G4*INDIRECT("Tab_Def_Flows[@DM]")} -> 53.552335 | H4: {=Solution_material!H4*INDIRECT("Tab_Def_Flows[@DM]")} -> 54.623382 | I4: {=Solution_material!I4*INDIRECT("Tab_Def_Flows[@DM]")} -> 55.71585 | ... P4: {=Solution_material!P4*INDIRECT("Tab_Def_Flows[@DM]")} -> 63.999998 | R4: =SUM(B4:P4) -> 838.79989
A5: ='1_1_Definition_Flows'!C5 -> F_20_16 | B5: {=Solution_material!B5*INDIRECT("Tab_Def_Flows[@DM]")} -> 24.252 | C5: {=Solution_material!C5*INDIRECT("Tab_Def_Flows[@DM]")} -> 24.73704 | D5: {=Solution_material!D5*INDIRECT("Tab_Def_Flows[@DM]")} -> 25.231781 | E5: {=Solution_material!E5*INDIRECT("Tab_Def_Flows[@DM]")} -> 25.736416 | F5: {=Solution_material!F5*INDIRECT("Tab_Def_Flows[@DM]")} -> 26.251145 | G5: {=Solution_material!G5*INDIRECT("Tab_Def_Flows[@DM]")} -> 26.776168 | H5: {=Solution_material!H5*INDIRECT("Tab_Def_Flows[@DM]")} -> 27.311691 | I5: {=Solution_material!I5*INDIRECT("Tab_Def_Flows[@DM]")} -> 27.857925 | ... P5: {=Solution_material!P5*INDIRECT("Tab_Def_Flows[@DM]")} -> 31.999999 | R5: =SUM(B5:P5) -> 419.39995
A6: ='1_1_Definition_Flows'!C6 -> F_04_01 | B6: {=Solution_material!B6*INDIRECT("Tab_Def_Flows[@DM]")} -> 2.34 | C6: {=Solution_material!C6*INDIRECT("Tab_Def_Flows[@DM]")} -> 2.3868 | D6: {=Solution_material!D6*INDIRECT("Tab_Def_Flows[@DM]")} -> 2.434536 | E6: {=Solution_material!E6*INDIRECT("Tab_Def_Flows[@DM]")} -> 2.4832267 | F6: {=Solution_material!F6*INDIRECT("Tab_Def_Flows[@DM]")} -> 2.5328913 | G6: {=Solution_material!G6*INDIRECT("Tab_Def_Flows[@DM]")} -> 2.5835491 | H6: {=Solution_material!H6*INDIRECT("Tab_Def_Flows[@DM]")} -> 2.6352201 | I6: {=Solution_material!I6*INDIRECT("Tab_Def_Flows[@DM]")} -> 2.6879245 | ... P6: {=Solution_material!P6*INDIRECT("Tab_Def_Flows[@DM]")} -> 3.0875803 | R6: =SUM(B6:P6) -> 40.466596
A7: ='1_1_Definition_Flows'!C7 -> F_01_05 | B7: {=Solution_material!B7*INDIRECT("Tab_Def_Flows[@DM]")} -> 22.9218 | C7: {=Solution_material!C7*INDIRECT("Tab_Def_Flows[@DM]")} -> 23.380236 | D7: {=Solution_material!D7*INDIRECT("Tab_Def_Flows[@DM]")} -> 23.847841 | E7: {=Solution_material!E7*INDIRECT("Tab_Def_Flows[@DM]")} -> 24.324798 | F7: {=Solution_material!F7*INDIRECT("Tab_Def_Flows[@DM]")} -> 24.811293 | G7: {=Solution_material!G7*INDIRECT("Tab_Def_Flows[@DM]")} -> 25.307519 | H7: {=Solution_material!H7*INDIRECT("Tab_Def_Flows[@DM]")} -> 25.81367 | I7: {=Solution_material!I7*INDIRECT("Tab_Def_Flows[@DM]")} -> 26.329943 | ... P7: {=Solution_material!P7*INDIRECT("Tab_Def_Flows[@DM]")} -> 30.244828 | R7: =SUM(B7:P7) -> 396.39624
A8: ='1_1_Definition_Flows'!C8 -> F_01_02 | B8: {=Solution_material!B8*INDIRECT("Tab_Def_Flows[@DM]")} -> 24.364152 | C8: {=Solution_material!C8*INDIRECT("Tab_Def_Flows[@DM]")} -> 24.851435 | D8: {=Solution_material!D8*INDIRECT("Tab_Def_Flows[@DM]")} -> 25.348464 | E8: {=Solution_material!E8*INDIRECT("Tab_Def_Flows[@DM]")} -> 25.855433 | F8: {=Solution_material!F8*INDIRECT("Tab_Def_Flows[@DM]")} -> 26.372542 | G8: {=Solution_material!G8*INDIRECT("Tab_Def_Flows[@DM]")} -> 26.899993 | H8: {=Solution_material!H8*INDIRECT("Tab_Def_Flows[@DM]")} -> 27.437992 | I8: {=Solution_material!I8*INDIRECT("Tab_Def_Flows[@DM]")} -> 27.986752 | ... P8: {=Solution_material!P8*INDIRECT("Tab_Def_Flows[@DM]")} -> 32.147981 | R8: =SUM(B8:P8) -> 421.33944
A9: ='1_1_Definition_Flows'!C9 -> F_02_03 | B9: {=Solution_material!B9*INDIRECT("Tab_Def_Flows[@DM]")} -> 21.144909 | C9: {=Solution_material!C9*INDIRECT("Tab_Def_Flows[@DM]")} -> 21.567807 | D9: {=Solution_material!D9*INDIRECT("Tab_Def_Flows[@DM]")} -> 21.999164 | E9: {=Solution_material!E9*INDIRECT("Tab_Def_Flows[@DM]")} -> 22.439147 | F9: {=Solution_material!F9*INDIRECT("Tab_Def_Flows[@DM]")} -> 22.88793 | G9: {=Solution_material!G9*INDIRECT("Tab_Def_Flows[@DM]")} -> 23.345688 | H9: {=Solution_material!H9*INDIRECT("Tab_Def_Flows[@DM]")} -> 23.812602 | I9: {=Solution_material!I9*INDIRECT("Tab_Def_Flows[@DM]")} -> 24.288854 | ... P9: {=Solution_material!P9*INDIRECT("Tab_Def_Flows[@DM]")} -> 27.900259 | R9: =SUM(B9:P9) -> 365.66773
A10: ='1_1_Definition_Flows'!C10 -> F_03_07 | B10: {=Solution_material!B10*INDIRECT("Tab_Def_Flows[@DM]")} -> 6.0612215e-06 | C10: {=Solution_material!C10*INDIRECT("Tab_Def_Flows[@DM]")} -> 6.3436212 | D10: {=Solution_material!D10*INDIRECT("Tab_Def_Flows[@DM]")} -> 12.819657 | E10: {=Solution_material!E10*INDIRECT("Tab_Def_Flows[@DM]")} -> 13.167405 | F10: {=Solution_material!F10*INDIRECT("Tab_Def_Flows[@DM]")} -> 14.010218 | G10: {=Solution_material!G10*INDIRECT("Tab_Def_Flows[@DM]")} -> 15.754515 | H10: {=Solution_material!H10*INDIRECT("Tab_Def_Flows[@DM]")} -> 17.583096 | I10: {=Solution_material!I10*INDIRECT("Tab_Def_Flows[@DM]")} -> 18.695814 | ... P10: {=Solution_material!P10*INDIRECT("Tab_Def_Flows[@DM]")} -> 25.698735 | R10: =SUM(B10:P10) -> 258.2005
A11: ='1_1_Definition_Flows'!C11 -> F_02_06 | B11: {=Solution_material!B11*INDIRECT("Tab_Def_Flows[@DM]")} -> 4.6227737 | C11: {=Solution_material!C11*INDIRECT("Tab_Def_Flows[@DM]")} -> 4.7152292 | D11: {=Solution_material!D11*INDIRECT("Tab_Def_Flows[@DM]")} -> 4.8095337 | E11: {=Solution_material!E11*INDIRECT("Tab_Def_Flows[@DM]")} -> 4.9057244 | F11: {=Solution_material!F11*INDIRECT("Tab_Def_Flows[@DM]")} -> 5.0038389 | G11: {=Solution_material!G11*INDIRECT("Tab_Def_Flows[@DM]")} -> 5.1039157 | H11: {=Solution_material!H11*INDIRECT("Tab_Def_Flows[@DM]")} -> 5.205994 | I11: {=Solution_material!I11*INDIRECT("Tab_Def_Flows[@DM]")} -> 5.3101139 | ... P11: {=Solution_material!P11*INDIRECT("Tab_Def_Flows[@DM]")} -> 6.0996517 | R11: =SUM(B11:P11) -> 79.943553
A12: ='1_1_Definition_Flows'!C12 -> F_11_02 | B12: {=Solution_material!B12*INDIRECT("Tab_Def_Flows[@DM]")} -> 0.34 | C12: {=Solution_material!C12*INDIRECT("Tab_Def_Flows[@DM]")} -> 0.3468 | D12: {=Solution_material!D12*INDIRECT("Tab_Def_Flows[@DM]")} -> 0.353736 | E12: {=Solution_material!E12*INDIRECT("Tab_Def_Flows[@DM]")} -> 0.36081072 | F12: {=Solution_material!F12*INDIRECT("Tab_Def_Flows[@DM]")} -> 0.36802693 | G12: {=Solution_material!G12*INDIRECT("Tab_Def_Flows[@DM]")} -> 0.37538747 | H12: {=Solution_material!H12*INDIRECT("Tab_Def_Flows[@DM]")} -> 0.38289522 | I12: {=Solution_material!I12*INDIRECT("Tab_Def_Flows[@DM]")} -> 0.39055313 | ... P12: {=Solution_material!P12*INDIRECT("Tab_Def_Flows[@DM]")} -> 0.44862278 | R12: =SUM(B12:P12) -> 5.8797618
A13: ='1_1_Definition_Flows'!C13 -> F_08_02 | B13: {=Solution_material!B13*INDIRECT("Tab_Def_Flows[@DM]")} -> 0 | C13: {=Solution_material!C13*INDIRECT("Tab_Def_Flows[@DM]")} -> 0 | D13: {=Solution_material!D13*INDIRECT("Tab_Def_Flows[@DM]")} -> 0 | E13: {=Solution_material!E13*INDIRECT("Tab_Def_Flows[@DM]")} -> 0 | F13: {=Solution_material!F13*INDIRECT("Tab_Def_Flows[@DM]")} -> 0 | G13: {=Solution_material!G13*INDIRECT("Tab_Def_Flows[@DM]")} -> 0 | H13: {=Solution_material!H13*INDIRECT("Tab_Def_Flows[@DM]")} -> 0 | I13: {=Solution_material!I13*INDIRECT("Tab_Def_Flows[@DM]")} -> 0 | ... P13: {=Solution_material!P13*INDIRECT("Tab_Def_Flows[@DM]")} -> 0 | R13: =SUM(B13:P13) -> 0
... A25: ='1_1_Definition_Flows'!C25 -> F_09_19 | B25: {=Solution_material!B25*INDIRECT("Tab_Def_Flows[@DM]")} -> 2.1758231e-06 | C25: {=Solution_material!C25*INDIRECT("Tab_Def_Flows[@DM]")} -> 2.2771974 | D25: {=Solution_material!D25*INDIRECT("Tab_Def_Flows[@DM]")} -> 4.6019282 | E25: {=Solution_material!E25*INDIRECT("Tab_Def_Flows[@DM]")} -> 4.7267607 | F25: {=Solution_material!F25*INDIRECT("Tab_Def_Flows[@DM]")} -> 5.0293091 | G25: {=Solution_material!G25*INDIRECT("Tab_Def_Flows[@DM]")} -> 5.655467 | H25: {=Solution_material!H25*INDIRECT("Tab_Def_Flows[@DM]")} -> 6.3118805 | I25: {=Solution_material!I25*INDIRECT("Tab_Def_Flows[@DM]")} -> 6.711318 | ... P25: {=Solution_material!P25*INDIRECT("Tab_Def_Flows[@DM]")} -> 9.2251868 | R25: =SUM(B25:P25) -> 92.687359
A26: ='1_1_Definition_Flows'!C26 -> F_17_19 | B26: =Solution_material!B26 -> 0 | C26: =Solution_material!C26 -> 2.8002051e-08 | D26: =Solution_material!D26 -> 0.029306728 | E26: =Solution_material!E26 -> 0.087605492 | F26: =Solution_material!F26 -> 0.145668 | G26: =Solution_material!G26 -> 0.20578887 | H26: =Solution_material!H26 -> 0.27206776 | I26: =Solution_material!I26 -> 0.3446994 | ... P26: =Solution_material!P26 -> 0.92191146 | R26: =SUM(B26:P26) -> 5.737415
A31: dS_3 | B31: =B9-B10 -> 21.144903 | C31: =C9-C10 -> 15.224186 | D31: =D9-D10 -> 9.1795065 | E31: =E9-E10 -> 9.2717419 | F31: =F9-F10 -> 8.8777116 | G31: =G9-G10 -> 7.5911732 | H31: =H9-H10 -> 6.2295066 | I31: =I9-I10 -> 5.5930399 | ... P31: =P9-P10 -> 2.201524 | R31: =SUM(B31:P31) -> 107.46723
A32: S_3 | B32: =B31 -> 21.144903 | C32: =B32+C31 -> 36.369089 | D32: =C32+D31 -> 45.548596 | E32: =D32+E31 -> 54.820338 | F32: =E32+F31 -> 63.698049 | G32: =F32+G31 -> 71.289223 | H32: =G32+H31 -> 77.518729 | I32: =H32+I31 -> 83.111769 | J32: =I32+J31 -> 88.337745 | ... P32: =O32+P31 -> 107.46723 | R32: =SUM(B32:P32) -> 1147.7775
A33: dS_5 | B33: =B7 -> 22.9218 | C33: =C7 -> 23.380236 | D33: =D7 -> 23.847841 | E33: =E7 -> 24.324798 | F33: =F7 -> 24.811293 | G33: =G7 -> 25.307519 | H33: =H7 -> 25.81367 | I33: =I7 -> 26.329943 | ... P33: =P7 -> 30.244828 | R33: =SUM(B33:P33) -> 396.39624
A34: S_5 | B34: =B33 -> 22.9218 | C34: =B34+C33 -> 46.302036 | D34: =C34+D33 -> 70.149877 | E34: =D34+E33 -> 94.474674 | F34: =E34+F33 -> 119.28597 | G34: =F34+G33 -> 144.59349 | H34: =G34+H33 -> 170.40716 | I34: =H34+I33 -> 196.7371 | J34: =I34+J33 -> 223.59364 | ... P34: =O34+P33 -> 396.39624 | R34: =SUM(B34:P34) -> 3024.8584
A35: dS_6 | B35: =B11 -> 4.6227737 | C35: =C11 -> 4.7152292 | D35: =D11 -> 4.8095337 | E35: =E11 -> 4.9057244 | F35: =F11 -> 5.0038389 | G35: =G11 -> 5.1039157 | H35: =H11 -> 5.205994 | I35: =I11 -> 5.3101139 | ... P35: =P11 -> 6.0996517 | R35: =SUM(B35:P35) -> 79.943553
A36: S_6 | B36: =B35 -> 4.6227737 | C36: =B36+C35 -> 9.3380028 | D36: =C36+D35 -> 14.147537 | E36: =D36+E35 -> 19.053261 | F36: =E36+F35 -> 24.0571 | G36: =F36+G35 -> 29.161016 | H36: =G36+H35 -> 34.36701 | I36: =H36+I35 -> 39.677123 | J36: =I36+J35 -> 45.09344 | ... P36: =O36+P35 -> 79.943553 | R36: =SUM(B36:P36) -> 610.04092
A37: dS_12 | B37: =B15 -> 0 | C37: =C15 -> 0 | D37: =D15 -> 0 | E37: =E15 -> 0 | F37: =F15 -> 0 | G37: =G15 -> 0 | H37: =H15 -> 0 | I37: =I15 -> 0 | ... P37: =P15 -> 0 | R37: =SUM(B37:P37) -> 0
A38: S_12 | B38: =B37 -> 0 | C38: =C37+B38 -> 0 | D38: =D37+C38 -> 0 | E38: =E37+D38 -> 0 | F38: =F37+E38 -> 0 | G38: =G37+F38 -> 0 | H38: =H37+G38 -> 0 | I38: =I37+H38 -> 0 | J38: =J37+I38 -> 0 | ... P38: =P37+O38 -> 0 | R38: =SUM(B38:P38) -> 0
A39: dS_14 | B39: =B14 -> 0 | C39: =C14 -> 0 | D39: =D14 -> 0 | E39: =E14 -> 0 | F39: =F14 -> 0 | G39: =G14 -> 0 | H39: =H14 -> 0 | I39: =I14 -> 0 | ... P39: =P14 -> 0 | R39: =SUM(B39:P39) -> 0
A40: S_14 | B40: =B39 -> 0 | C40: =B40+C39 -> 0 | D40: =C40+D39 -> 0 | E40: =D40+E39 -> 0 | F40: =E40+F39 -> 0 | G40: =F40+G39 -> 0 | H40: =G40+H39 -> 0 | I40: =H40+I39 -> 0 | J40: =I40+J39 -> 0 | ... P40: =O40+P39 -> 0 | R40: =SUM(B40:P40) -> 0
A41: dS_15 | B41: =B3 -> 48.504 | C41: =C3 -> 49.47408 | D41: =D3 -> 50.463562 | E41: =E3 -> 51.472833 | F41: =F3 -> 52.502289 | G41: =G3 -> 53.552335 | H41: =H3 -> 54.623382 | I41: =I3 -> 55.71585 | ... P41: =P3 -> 63.999998 | R41: =SUM(B41:P41) -> 838.79989
A42: S_15 | B42: =B41 -> 48.504 | C42: =B42+C41 -> 97.97808 | D42: =C42+D41 -> 148.44164 | E42: =D42+E41 -> 199.91447 | F42: =E42+F41 -> 252.41676 | G42: =F42+G41 -> 305.9691 | H42: =G42+H41 -> 360.59248 | I42: =H42+I41 -> 416.30833 | J42: =I42+J41 -> 473.1385 | ... P42: =O42+P41 -> 838.79989 | R42: =SUM(B42:P42) -> 6400.7946
A43: dS_16 | B43: =B5 -> 24.252 | C43: =C5 -> 24.73704 | D43: =D5 -> 25.231781 | E43: =E5 -> 25.736416 | F43: =F5 -> 26.251145 | G43: =G5 -> 26.776168 | H43: =H5 -> 27.311691 | I43: =I5 -> 27.857925 | ... P43: =P5 -> 31.999999 | R43: =SUM(B43:P43) -> 419.39995
A44: S_16 | B44: =B43 -> 24.252 | C44: =B44+C43 -> 48.98904 | D44: =C44+D43 -> 74.220821 | E44: =D44+E43 -> 99.957237 | F44: =E44+F43 -> 126.20838 | G44: =F44+G43 -> 152.98455 | H44: =G44+H43 -> 180.29624 | I44: =H44+I43 -> 208.15417 | J44: =I44+J43 -> 236.56925 | ... P44: =O44+P43 -> 419.39995 | R44: =SUM(B44:P44) -> 3200.3973
A45: dS_17 | B45: =B18-Solution_CC!B26 -> 9.3249561e-07 | C45: =C18-Solution_CC!C26 -> 0.97594169 | D45: =D18-Solution_CC!D26 -> 1.9429482 | E45: =E18-Solution_CC!E26 -> 1.9381491 | F45: =F18-Solution_CC!F26 -> 2.0097502 | G45: =G18-Solution_CC!G26 -> 2.2179827 | H45: =H18-Solution_CC!H26 -> 2.4330239 | I45: =I18-Solution_CC!I26 -> 2.5315797 | ... P45: =P18-Solution_CC!P26 -> 3.03174 | R45: =SUM(B45:P45) -> 33.985739
A46: S_17 | B46: =B45 -> 9.3249561e-07 | C46: =B46+C45 -> 0.97594263 | D46: =C46+D45 -> 2.9188908 | E46: =D46+E45 -> 4.8570399 | F46: =E46+F45 -> 6.8667901 | G46: =F46+G45 -> 9.0847728 | H46: =G46+H45 -> 11.517797 | I46: =H46+I45 -> 14.049376 | J46: =I46+J45 -> 16.636686 | ... P46: =O46+P45 -> 33.985739 | R46: =SUM(B46:P46) -> 226.14337
A47: dS_18 | B47: =B19 -> 1.2433275e-06 | C47: =C19 -> 1.3012556 | D47: =D19 -> 2.6296732 | E47: =E19 -> 2.7010061 | F47: =F19 -> 2.8738909 | G47: =G19 -> 3.2316954 | H47: =H19 -> 3.6067888 | I47: =I19 -> 3.8350388 | ... P47: =P19 -> 5.2715353 | R47: =SUM(B47:P47) -> 52.964205
A48: S_18 | B48: =B47 -> 1.2433275e-06 | C48: =B48+C47 -> 1.3012569 | D48: =C48+D47 -> 3.9309301 | E48: =D48+E47 -> 6.6319363 | F48: =E48+F47 -> 9.5058272 | G48: =F48+G47 -> 12.737523 | H48: =G48+H47 -> 16.344311 | I48: =H48+I47 -> 20.17935 | J48: =I48+J47 -> 24.189331 | ... P48: =O48+P47 -> 52.964205 | R48: =SUM(B48:P48) -> 336.94253
A49: dS_19 | B49: =B25+B26+B20 -> 1.336577e-05 | C49: =C25+C26+C20 -> 13.988498 | D49: =D25+D26+D20 -> 28.298294 | E49: =E25+E26+E20 -> 29.123421 | F49: =F25+F26+F20 -> 31.039995 | G49: =G25+G26+G20 -> 34.946515 | H49: =H25+H26+H20 -> 39.045048 | I49: =I25+I26+I20 -> 41.571367 | ... P49: =P25+P26+P20 -> 57.590916 | R49: =SUM(B49:P49) -> 575.10262
A50: S_19 | B50: =B49 -> 1.336577e-05 | C50: =B50+C49 -> 13.988511 | D50: =C50+D49 -> 42.286806 | E50: =D50+E49 -> 71.410227 | F50: =E50+F49 -> 102.45022 | G50: =F50+G49 -> 137.39674 | H50: =G50+H49 -> 176.44178 | I50: =H50+I49 -> 218.01315 | J50: =I50+J49 -> 261.54062 | ... P50: =O50+P49 -> 575.10262 | R50: =SUM(B50:P50) -> 3648.6957
A65: dS_14 | R65: =SUM(B65:P65) -> 0
A66: S_14 | R66: =SUM(B66:P66) -> 0

Sheet Solution_CC
B1: 2022 | C1: 2023 | D1: 2024 | E1: 2025 | F1: 2026 | G1: 2027 | H1: 2028 | I1: 2029 | J1: 2030 | K1: 2031 | L1: 2032 | M1: 2033 | N1: 2034 | O1: 2035 | P1: 2036
A2: ='1_1_Definition_Flows'!C2 -> F_13_20 | B2: {=Solution_material!B2*INDIRECT("Tab_Def_Flows[@CC]")} -> 59.4174 | C2: {=Solution_material!C2*INDIRECT("Tab_Def_Flows[@CC]")} -> 60.605748 | D2: {=Solution_material!D2*INDIRECT("Tab_Def_Flows[@CC]")} -> 61.817863 | E2: {=Solution_material!E2*INDIRECT("Tab_Def_Flows[@CC]")} -> 63.05422 | F2: {=Solution_material!F2*INDIRECT("Tab_Def_Flows[@CC]")} -> 64.315305 | G2: {=Solution_material!G2*INDIRECT("Tab_Def_Flows[@CC]")} -> 65.601611 | H2: {=Solution_material!H2*INDIRECT("Tab_Def_Flows[@CC]")} -> 66.913643 | I2: {=Solution_material!I2*INDIRECT("Tab_Def_Flows[@CC]")} -> 68.251916 | ... P2: {=Solution_material!P2*INDIRECT("Tab_Def_Flows[@CC]")} -> 78.399997 | R2: =SUM(B2:P2) -> 1027.5299
A3: ='1_1_Definition_Flows'!C3 -> F_20_15 | B3: {=Solution_material!B3*INDIRECT("Tab_Def_Flows[@CC]")} -> 23.76696 | C3: {=Solution_material!C3*INDIRECT("Tab_Def_Flows[@CC]")} -> 24.242299 | D3: {=Solution_material!D3*INDIRECT("Tab_Def_Flows[@CC]")} -> 24.727145 | E3: {=Solution_material!E3*INDIRECT("Tab_Def_Flows[@CC]")} -> 25.221688 | F3: {=Solution_material!F3*INDIRECT("Tab_Def_Flows[@CC]")} -> 25.726122 | G3: {=Solution_material!G3*INDIRECT("Tab_Def_Flows[@CC]")} -> 26.240644 | H3: {=Solution_material!H3*INDIRECT("Tab_Def_Flows[@CC]")} -> 26.765457 | I3: {=Solution_material!I3*INDIRECT("Tab_Def_Flows[@CC]")} -> 27.300766 | ... P3: {=Solution_material!P3*INDIRECT("Tab_Def_Flows[@CC]")} -> 31.359999 | R3: =SUM(B3:P3) -> 411.01195
A4: ='1_1_Definition_Flows'!C4 -> F_20_01 | B4: {=Solution_material!B4*INDIRECT("Tab_Def_Flows[@CC]")} -> 23.76696 | C4: {=Solution_material!C4*INDIRECT("Tab_Def_Flows[@CC]")} -> 24.242299 | D4: {=Solution_material!D4*INDIRECT("Tab_Def_Flows[@CC]")} -> 24.727145 | E4: {=Solution_material!E4*INDIRECT("Tab_Def_Flows[@CC]")} -> 25.221688 | F4: {=Solution_material!F4*INDIRECT("Tab_Def_Flows[@CC]")} -> 25.726122 | G4: {=Solution_material!G4*INDIRECT("Tab_Def_Flows[@CC]")} -> 26.240644 | H4: {=Solution_material!H4*INDIRECT("Tab_Def_Flows[@CC]")} -> 26.765457 | I4: {=Solution_material!I4*INDIRECT("Tab_Def_Flows[@CC]")} -> 27.300766 | ... P4: {=Solution_material!P4*INDIRECT("Tab_Def_Flows[@CC]")} -> 31.359999 | R4: =SUM(B4:P4) -> 411.01195
A5: ='1_1_Definition_Flows'!C5 -> F_20_16 | B5: {=Solution_material!B5*INDIRECT("Tab_Def_Flows[@CC]")} -> 11.88348 | C5: {=Solution_material!C5*INDIRECT("Tab_Def_Flows[@CC]")} -> 12.12115 | D5: {=Solution_material!D5*INDIRECT("Tab_Def_Flows[@CC]")} -> 12.363573 | E5: {=Solution_material!E5*INDIRECT("Tab_Def_Flows[@CC]")} -> 12.610844 | F5: {=Solution_material!F5*INDIRECT("Tab_Def_Flows[@CC]")} -> 12.863061 | G5: {=Solution_material!G5*INDIRECT("Tab_Def_Flows[@CC]")} -> 13.120322 | H5: {=Solution_material!H5*INDIRECT("Tab_Def_Flows[@CC]")} -> 13.382729 | I5: {=Solution_material!I5*INDIRECT("Tab_Def_Flows[@CC]")} -> 13.650383 | ... P5: {=Solution_material!P5*INDIRECT("Tab_Def_Flows[@CC]")} -> 15.679999 | R5: =SUM(B5:P5) -> 205.50597
A6: ='1_1_Definition_Flows'!C6 -> F_04_01 | B6: {=Solution_material!B6*INDIRECT("Tab_Def_Flows[@CC]")} -> 1.1466 | C6: {=Solution_material!C6*INDIRECT("Tab_Def_Flows[@CC]")} -> 1.169532 | D6: {=Solution_material!D6*INDIRECT("Tab_Def_Flows[@CC]")} -> 1.1929226 | E6: {=Solution_material!E6*INDIRECT("Tab_Def_Flows[@CC]")} -> 1.2167811 | F6: {=Solution_material!F6*INDIRECT("Tab_Def_Flows[@CC]")} -> 1.2411167 | G6: {=Solution_material!G6*INDIRECT("Tab_Def_Flows[@CC]")} -> 1.265939 | H6: {=Solution_material!H6*INDIRECT("Tab_Def_Flows[@CC]")} -> 1.2912578 | I6: {=Solution_material!I6*INDIRECT("Tab_Def_Flows[@CC]")} -> 1.317083 | ... P6: {=Solution_material!P6*INDIRECT("Tab_Def_Flows[@CC]")} -> 1.5129143 | R6: =SUM(B6:P6) -> 19.828632
A7: ='1_1_Definition_Flows'!C7 -> F_01_05 | B7: {=Solution_material!B7*INDIRECT("Tab_Def_Flows[@CC]")} -> 6.188886 | C7: {=Solution_material!C7*INDIRECT("Tab_Def_Flows[@CC]")} -> 6.3126637 | D7: {=Solution_material!D7*INDIRECT("Tab_Def_Flows[@CC]")} -> 6.438917 | E7: {=Solution_material!E7*INDIRECT("Tab_Def_Flows[@CC]")} -> 6.5676953 | F7: {=Solution_material!F7*INDIRECT("Tab_Def_Flows[@CC]")} -> 6.6990492 | G7: {=Solution_material!G7*INDIRECT("Tab_Def_Flows[@CC]")} -> 6.8330302 | H7: {=Solution_material!H7*INDIRECT("Tab_Def_Flows[@CC]")} -> 6.9696908 | I7: {=Solution_material!I7*INDIRECT("Tab_Def_Flows[@CC]")} -> 7.1090846 | ... P7: {=Solution_material!P7*INDIRECT("Tab_Def_Flows[@CC]")} -> 8.1661036 | R7: =SUM(B7:P7) -> 107.02699
A8: ='1_1_Definition_Flows'!C8 -> F_01_02 | B8: {=Solution_material!B8*INDIRECT("Tab_Def_Flows[@CC]")} -> 9.2583778 | C8: {=Solution_material!C8*INDIRECT("Tab_Def_Flows[@CC]")} -> 9.4435453 | D8: {=Solution_material!D8*INDIRECT("Tab_Def_Flows[@CC]")} -> 9.6324162 | E8: {=Solution_material!E8*INDIRECT("Tab_Def_Flows[@CC]")} -> 9.8250645 | F8: {=Solution_material!F8*INDIRECT("Tab_Def_Flows[@CC]")} -> 10.021566 | G8: {=Solution_material!G8*INDIRECT("Tab_Def_Flows[@CC]")} -> 10.221997 | H8: {=Solution_material!H8*INDIRECT("Tab_Def_Flows[@CC]")} -> 10.426437 | I8: {=Solution_material!I8*INDIRECT("Tab_Def_Flows[@CC]")} -> 10.634966 | ... P8: {=Solution_material!P8*INDIRECT("Tab_Def_Flows[@CC]")} -> 12.216233 | R8: =SUM(B8:P8) -> 160.10899
A9: ='1_1_Definition_Flows'!C9 -> F_02_03 | B9: {=Solution_material!B9*INDIRECT("Tab_Def_Flows[@CC]")} -> 8.4579637 | C9: {=Solution_material!C9*INDIRECT("Tab_Def_Flows[@CC]")} -> 8.627123 | D9: {=Solution_material!D9*INDIRECT("Tab_Def_Flows[@CC]")} -> 8.7996654 | E9: {=Solution_material!E9*INDIRECT("Tab_Def_Flows[@CC]")} -> 8.9756587 | F9: {=Solution_material!F9*INDIRECT("Tab_Def_Flows[@CC]")} -> 9.1551719 | G9: {=Solution_material!G9*INDIRECT("Tab_Def_Flows[@CC]")} -> 9.3382754 | H9: {=Solution_material!H9*INDIRECT("Tab_Def_Flows[@CC]")} -> 9.5250409 | I9: {=Solution_material!I9*INDIRECT("Tab_Def_Flows[@CC]")} -> 9.7155417 | ... P9: {=Solution_material!P9*INDIRECT("Tab_Def_Flows[@CC]")} -> 11.160103 | R9: =SUM(B9:P9) -> 146.26709
A10: ='1_1_Definition_Flows'!C10 -> F_03_07 | B10: {=Solution_material!B10*INDIRECT("Tab_Def_Flows[@CC]")} -> 2.4244886e-06 | C10: {=Solution_material!C10*INDIRECT("Tab_Def_Flows[@CC]")} -> 2.5374485 | D10: {=Solution_material!D10*INDIRECT("Tab_Def_Flows[@CC]")} -> 5.1278628 | E10: {=Solution_material!E10*INDIRECT("Tab_Def_Flows[@CC]")} -> 5.266962 | F10: {=Solution_material!F10*INDIRECT("Tab_Def_Flows[@CC]")} -> 5.6040873 | G10: {=Solution_material!G10*INDIRECT("Tab_Def_Flows[@CC]")} -> 6.3018061 | H10: {=Solution_material!H10*INDIRECT("Tab_Def_Flows[@CC]")} -> 7.0332382 | I10: {=Solution_material!I10*INDIRECT("Tab_Def_Flows[@CC]")} -> 7.4783257 | ... P10: {=Solution_material!P10*INDIRECT("Tab_Def_Flows[@CC]")} -> 10.279494 | R10: =SUM(B10:P10) -> 103.2802
A11: ='1_1_Definition_Flows'!C11 -> F_02_06 | B11: {=Solution_material!B11*INDIRECT("Tab_Def_Flows[@CC]")} -> 1.756654 | C11: {=Solution_material!C11*INDIRECT("Tab_Def_Flows[@CC]")} -> 1.7917871 | D11: {=Solution_material!D11*INDIRECT("Tab_Def_Flows[@CC]")} -> 1.8276228 | E11: {=Solution_material!E11*INDIRECT("Tab_Def_Flows[@CC]")} -> 1.8641753 | F11: {=Solution_material!F11*INDIRECT("Tab_Def_Flows[@CC]")} -> 1.9014588 | G11: {=Solution_material!G11*INDIRECT("Tab_Def_Flows[@CC]")} -> 1.939488 | H11: {=Solution_material!H11*INDIRECT("Tab_Def_Flows[@CC]")} -> 1.9782777 | I11: {=Solution_material!I11*INDIRECT("Tab_Def_Flows[@CC]")} -> 2.0178433 | ... P11: {=Solution_material!P11*INDIRECT("Tab_Def_Flows[@CC]")} -> 2.3178676 | R11: =SUM(B11:P11) -> 30.37855
A12: ='1_1_Definition_Flows'!C12 -> F_11_02 | B12: {=Solution_material!B12*INDIRECT("Tab_Def_Flows[@CC]")} -> 0.1598 | C12: {=Solution_material!C12*INDIRECT("Tab_Def_Flows[@CC]")} -> 0.162996 | D12: {=Solution_material!D12*INDIRECT("Tab_Def_Flows[@CC]")} -> 0.16625592 | E12: {=Solution_material!E12*INDIRECT("Tab_Def_Flows[@CC]")} -> 0.16958104 | F12: {=Solution_material!F12*INDIRECT("Tab_Def_Flows[@CC]")} -> 0.17297266 | G12: {=Solution_material!G12*INDIRECT("Tab_Def_Flows[@CC]")} -> 0.17643211 | H12: {=Solution_material!H12*INDIRECT("Tab_Def_Flows[@CC]")} -> 0.17996075 | I12: {=Solution_material!I12*INDIRECT("Tab_Def_Flows[@CC]")} -> 0.18355997 | ... P12: {=Solution_material!P12*INDIRECT("Tab_Def_Flows[@CC]")} -> 0.21085271 | R12: =SUM(B12:P12) -> 2.763488
A13: ='1_1_Definition_Flows'!C13 -> F_08_02 | B13: {=Solution_material!B13*INDIRECT("Tab_Def_Flows[@CC]")} -> 0 | C13: {=Solution_material!C13*INDIRECT("Tab_Def_Flows[@CC]")} -> 0 | D13: {=Solution_material!D13*INDIRECT("Tab_Def_Flows[@CC]")} -> 0 | E13: {=Solution_material!E13*INDIRECT("Tab_Def_Flows[@CC]")} -> 0 | F13: {=Solution_material!F13*INDIRECT("Tab_Def_Flows[@CC]")} -> 0 | G13: {=Solution_material!G13*INDIRECT("Tab_Def_Flows[@CC]")} -> 0 | H13: {=Solution_material!H13*INDIRECT("Tab_Def_Flows[@CC]")} -> 0 | I13: {=Solution_material!I13*INDIRECT("Tab_Def_Flows[@CC]")} -> 0 | ... P13: {=Solution_material!P13*INDIRECT("Tab_Def_Flows[@CC]")} -> 0 | R13: =SUM(B13:P13) -> 0
... A25: ='1_1_Definition_Flows'!C25 -> F_09_19 | B25: {=Solution_material!B25*INDIRECT("Tab_Def_Flows[@CC]")} -> 2.0670319e-06 | C25: {=Solution_material!C25*INDIRECT("Tab_Def_Flows[@CC]")} -> 2.1633375 | D25: {=Solution_material!D25*INDIRECT("Tab_Def_Flows[@CC]")} -> 4.3718318 | E25: {=Solution_material!E25*INDIRECT("Tab_Def_Flows[@CC]")} -> 4.4904227 | F25: {=Solution_material!F25*INDIRECT("Tab_Def_Flows[@CC]")} -> 4.7778436 | G25: {=Solution_material!G25*INDIRECT("Tab_Def_Flows[@CC]")} -> 5.3726936 | H25: {=Solution_material!H25*INDIRECT("Tab_Def_Flows[@CC]")} -> 5.9962864 | I25: {=Solution_material!I25*INDIRECT("Tab_Def_Flows[@CC]")} -> 6.3757521 | ... P25: {=Solution_material!P25*INDIRECT("Tab_Def_Flows[@CC]")} -> 8.7639275 | R25: =SUM(B25:P25) -> 88.052991
A26: ='1_1_Definition_Flows'!C26 -> F_17_19 | B26: =B18-B45 -> 0 | C26: =C18-C45 -> 2.8002051e-08 | D26: =D18-D45 -> 0.029306728 | E26: =E18-E45 -> 0.087605492 | F26: =F18-F45 -> 0.145668 | G26: =G18-G45 -> 0.20578887 | H26: =H18-H45 -> 0.27206776 | I26: =I18-I45 -> 0.3446994 | ... P26: =P18-P45 -> 0.92191146 | R26: =SUM(B26:P26) -> 5.737415
A31: dS_3 | B31: =B9-B10 -> 8.4579613 | C31: =C9-C10 -> 6.0896745 | D31: =D9-D10 -> 3.6718026 | E31: =E9-E10 -> 3.7086968 | F31: =F9-F10 -> 3.5510846 | G31: =G9-G10 -> 3.0364693 | H31: =H9-H10 -> 2.4918026 | I31: =I9-I10 -> 2.237216 | ... P31: =P9-P10 -> 0.88060962 | R31: =SUM(B31:P31) -> 42.986893
A32: S_3 | B32: =B31 -> 8.4579613 | C32: =B32+C31 -> 14.547636 | D32: =C32+D31 -> 18.219438 | E32: =D32+E31 -> 21.928135 | F32: =E32+F31 -> 25.47922 | G32: =F32+G31 -> 28.515689 | H32: =G32+H31 -> 31.007492 | I32: =H32+I31 -> 33.244708 | J32: =I32+J31 -> 35.335098 | ... P32: =O32+P31 -> 42.986893 | R32: =SUM(B32:P32) -> 459.11101
A33: dS_5 | B33: =B7 -> 6.188886 | C33: =C7 -> 6.3126637 | D33: =D7 -> 6.438917 | E33: =E7 -> 6.5676953 | F33: =F7 -> 6.6990492 | G33: =G7 -> 6.8330302 | H33: =H7 -> 6.9696908 | I33: =I7 -> 7.1090846 | ... P33: =P7 -> 8.1661036 | R33: =SUM(B33:P33) -> 107.02699
A34: S_5 | B34: =B33 -> 6.188886 | C34: =B34+C33 -> 12.50155 | D34: =C34+D33 -> 18.940467 | E34: =D34+E33 -> 25.508162 | F34: =E34+F33 -> 32.207211 | G34: =F34+G33 -> 39.040242 | H34: =G34+H33 -> 46.009932 | I34: =H34+I33 -> 53.119017 | J34: =I34+J33 -> 60.370283 | ... P34: =O34+P33 -> 107.02699 | R34: =SUM(B34:P34) -> 816.71178
A35: dS_6 | B35: =B11 -> 1.756654 | C35: =C11 -> 1.7917871 | D35: =D11 -> 1.8276228 | E35: =E11 -> 1.8641753 | F35: =F11 -> 1.9014588 | G35: =G11 -> 1.939488 | H35: =H11 -> 1.9782777 | I35: =I11 -> 2.0178433 | ... P35: =P11 -> 2.3178676 | R35: =SUM(B35:P35) -> 30.37855
A36: S_6 | B36: =B35 -> 1.756654 | C36: =B36+C35 -> 3.5484411 | D36: =C36+D35 -> 5.3760639 | E36: =D36+E35 -> 7.2402392 | F36: =E36+F35 -> 9.141698 | G36: =F36+G35 -> 11.081186 | H36: =G36+H35 -> 13.059464 | I36: =H36+I35 -> 15.077307 | J36: =I36+J35 -> 17.135507 | ... P36: =O36+P35 -> 30.37855 | R36: =SUM(B36:P36) -> 231.81555
A37: dS_12 | B37: =B15 -> 0 | C37: =C15 -> 0 | D37: =D15 -> 0 | E37: =E15 -> 0 | F37: =F15 -> 0 | G37: =G15 -> 0 | H37: =H15 -> 0 | I37: =I15 -> 0 | ... P37: =P15 -> 0 | R37: =SUM(B37:P37) -> 0
A38: S_12 | B38: =B37 -> 0 | C38: =C37+B38 -> 0 | D38: =D37+C38 -> 0 | E38: =E37+D38 -> 0 | F38: =F37+E38 -> 0 | G38: =G37+F38 -> 0 | H38: =H37+G38 -> 0 | I38: =I37+H38 -> 0 | J38: =J37+I38 -> 0 | ... P38: =P37+O38 -> 0 | R38: =SUM(B38:P38) -> 0
A39: dS_14 | B39: =B14 -> 0 | C39: =C14 -> 0 | D39: =D14 -> 0 | E39: =E14 -> 0 | F39: =F14 -> 0 | G39: =G14 -> 0 | H39: =H14 -> 0 | I39: =I14 -> 0 | ... P39: =P14 -> 0 | R39: =SUM(B39:P39) -> 0
A40: S_14 | B40: =B39 -> 0 | C40: =B40+C39 -> 0 | D40: =C40+D39 -> 0 | E40: =D40+E39 -> 0 | F40: =E40+F39 -> 0 | G40: =F40+G39 -> 0 | H40: =G40+H39 -> 0 | I40: =H40+I39 -> 0 | J40: =I40+J39 -> 0 | ... P40: =O40+P39 -> 0 | R40: =SUM(B40:P40) -> 0
A41: dS_15 | B41: =B3 -> 23.76696 | C41: =C3 -> 24.242299 | D41: =D3 -> 24.727145 | E41: =E3 -> 25.221688 | F41: =F3 -> 25.726122 | G41: =G3 -> 26.240644 | H41: =H3 -> 26.765457 | I41: =I3 -> 27.300766 | ... P41: =P3 -> 31.359999 | R41: =SUM(B41:P41) -> 411.01195
A42: S_15 | B42: =B41 -> 23.76696 | C42: =B42+C41 -> 48.009259 | D42: =C42+D41 -> 72.736404 | E42: =D42+E41 -> 97.958092 | F42: =E42+F41 -> 123.68421 | G42: =F42+G41 -> 149.92486 | H42: =G42+H41 -> 176.69032 | I42: =H42+I41 -> 203.99108 | J42: =I42+J41 -> 231.83786 | ... P42: =O42+P41 -> 411.01195 | R42: =SUM(B42:P42) -> 3136.3894
A43: dS_16 | B43: =B5 -> 11.88348 | C43: =C5 -> 12.12115 | D43: =D5 -> 12.363573 | E43: =E5 -> 12.610844 | F43: =F5 -> 12.863061 | G43: =G5 -> 13.120322 | H43: =H5 -> 13.382729 | I43: =I5 -> 13.650383 | ... P43: =P5 -> 15.679999 | R43: =SUM(B43:P43) -> 205.50597
A44: S_16 | B44: =B43 -> 11.88348 | C44: =B44+C43 -> 24.00463 | D44: =C44+D43 -> 36.368202 | E44: =D44+E43 -> 48.979046 | F44: =E44+F43 -> 61.842107 | G44: =F44+G43 -> 74.962429 | H44: =G44+H43 -> 88.345158 | I44: =H44+I43 -> 101.99554 | J44: =I44+J43 -> 115.91893 | ... P44: =O44+P43 -> 205.50597 | R44: =SUM(B44:P44) -> 1568.1947
A45: dS_17 | B45: =B46 -> 8.8587083e-07 | C45: =C46-B46 -> 0.92714461 | D45: =D46-C46 -> 1.8443355 | E45: =E46-D46 -> 1.8368614 | F45: =F46-E46 -> 1.9019793 | G45: =G46-F46 -> 2.0967941 | H45: =H46-G46 -> 2.2977693 | I45: =I46-H46 -> 2.3877658 | J45: =J46-I46 -> 2.4369354 | ... P45: =P46-O46 -> 2.8340574 | R45: =SUM(B45:P45) -> 31.999581
A46: S_17 | B46: =mineralization!R2 -> 8.8587083e-07 | C46: =mineralization!R3 -> 0.92714549 | D46: =mineralization!R4 -> 2.771481 | E46: =mineralization!R5 -> 4.6083423 | F46: =mineralization!R6 -> 6.5103216 | G46: =mineralization!R7 -> 8.6071157 | H46: =mineralization!R8 -> 10.904885 | I46: =mineralization!R9 -> 13.292651 | J46: =mineralization!R10 -> 15.729586 | K46: =mineralization!R11 -> 18.240087 | L46: =mineralization!R12 -> 20.849746 | M46: =mineralization!R13 -> 23.558978 | N46: =mineralization!R14 -> 26.342577 | O46: =mineralization!R15 -> 29.165524 | P46: =mineralization!R16 -> 31.999581 | R46: =SUM(B46:P46) -> 213.50802
A47: dS_18 | B47: =B19 -> 4.9733099e-07 | C47: =C19 -> 0.52050225 | D47: =D19 -> 1.0518693 | E47: =E19 -> 1.0804025 | F47: =F19 -> 1.1495564 | G47: =G19 -> 1.2926782 | H47: =H19 -> 1.4427155 | I47: =I19 -> 1.5340155 | ... P47: =P19 -> 2.1086141 | R47: =SUM(B47:P47) -> 21.185682
A48: S_18 | B48: =B47 -> 4.9733099e-07 | C48: =B48+C47 -> 0.52050275 | D48: =C48+D47 -> 1.572372 | E48: =D48+E47 -> 2.6527745 | F48: =E48+F47 -> 3.8023309 | G48: =F48+G47 -> 5.095009 | H48: =G48+H47 -> 6.5377246 | I48: =H48+I47 -> 8.0717401 | J48: =I48+J47 -> 9.6757324 | ... P48: =O48+P47 -> 21.185682 | R48: =SUM(B48:P48) -> 134.77701
A49: dS_19 | B49: =B25+B26+B20 -> 1.2697482e-05 | C49: =C25+C26+C20 -> 13.289073 | D49: =D25+D26+D20 -> 26.884845 | E49: =E25+E26+E20 -> 27.671631 | F49: =F25+F26+F20 -> 29.495279 | G49: =G25+G26+G20 -> 33.209478 | H49: =H25+H26+H20 -> 37.106399 | I49: =I25+I26+I20 -> 39.510033 | ... P49: =P25+P26+P20 -> 54.757466 | R49: =SUM(B49:P49) -> 546.63436
A50: S_19 | B50: =B49 -> 1.2697482e-05 | C50: =B50+C49 -> 13.289086 | D50: =C50+D49 -> 40.173931 | E50: =D50+E49 -> 67.845561 | F50: =E50+F49 -> 97.34084 | G50: =F50+G49 -> 130.55032 | H50: =G50+H49 -> 167.65672 | I50: =H50+I49 -> 207.16675 | J50: =I50+J49 -> 248.53885 | ... P50: =O50+P49 -> 546.63436 | R50: =SUM(B50:P50) -> 3467.5891
A65: dS_14 | R65: =SUM(B65:P65) -> 0
A66: S_14 | R66: =SUM(B66:P66) -> 0

Sheet mineralization
B1: 2022 | C1: 2023 | D1: 2024 | E1: 2025 | F1: 2026 | G1: 2027 | H1: 2028 | I1: 2029 | J1: 2030 | K1: 2031 | L1: 2032 | M1: 2033 | N1: 2034 | O1: 2035 | P1: 2036
A2: 2022 | B2: =Solution_CC!B$18*(0*EXP(0*($A2-B$1))+(1)*EXP(-0.03212*($A2-B$1))) -> 8.8587083e-07 | R2: =SUM(B2:P2) -> 8.8587083e-07
A3: 2023 | B3: =Solution_CC!B$18*(0*EXP(0*($A3-B$1))+(1)*EXP(-0.03212*($A3-B$1))) -> 8.5786878e-07 | C3: =Solution_CC!C$18*(0*EXP(0*($A3-C$1))+(1)*EXP(-0.03212*($A3-C$1))) -> 0.92714464 | R3: =SUM(B3:P3) -> 0.92714549
A4: 2024 | B4: =Solution_CC!B$18*(0*EXP(0*($A4-B$1))+(1)*EXP(-0.03212*($A4-B$1))) -> 8.3075186e-07 | C4: =Solution_CC!C$18*(0*EXP(0*($A4-C$1))+(1)*EXP(-0.03212*($A4-C$1))) -> 0.89783794 | D4: =Solution_CC!D$18*(0*EXP(0*($A4-D$1))+(1)*EXP(-0.03212*($A4-D$1))) -> 1.8736422 | R4: =SUM(B4:P4) -> 2.771481
A5: 2025 | B5: =Solution_CC!B$18*(0*EXP(0*($A5-B$1))+(1)*EXP(-0.03212*($A5-B$1))) -> 8.044921e-07 | C5: =Solution_CC!C$18*(0*EXP(0*($A5-C$1))+(1)*EXP(-0.03212*($A5-C$1))) -> 0.86945761 | D5: =Solution_CC!D$18*(0*EXP(0*($A5-D$1))+(1)*EXP(-0.03212*($A5-D$1))) -> 1.814417 | E5: =Solution_CC!E$18*(0*EXP(0*($A5-E$1))+(1)*EXP(-0.03212*($A5-E$1))) -> 1.9244669 | R5: =SUM(B5:P5) -> 4.6083423
A6: 2026 | B6: =Solution_CC!B$18*(0*EXP(0*($A6-B$1))+(1)*EXP(-0.03212*($A6-B$1))) -> 7.790624e-07 | C6: =Solution_CC!C$18*(0*EXP(0*($A6-C$1))+(1)*EXP(-0.03212*($A6-C$1))) -> 0.84197437 | D6: =Solution_CC!D$18*(0*EXP(0*($A6-D$1))+(1)*EXP(-0.03212*($A6-D$1))) -> 1.757064 | E6: =Solution_CC!E$18*(0*EXP(0*($A6-E$1))+(1)*EXP(-0.03212*($A6-E$1))) -> 1.8636352 | F6: =Solution_CC!F$18*(0*EXP(0*($A6-F$1))+(1)*EXP(-0.03212*($A6-F$1))) -> 2.0476473 | R6: =SUM(B6:P6) -> 6.5103216
A7: 2027 | B7: =Solution_CC!B$18*(0*EXP(0*($A7-B$1))+(1)*EXP(-0.03212*($A7-B$1))) -> 7.5443653e-07 | C7: =Solution_CC!C$18*(0*EXP(0*($A7-C$1))+(1)*EXP(-0.03212*($A7-C$1))) -> 0.81535987 | D7: =Solution_CC!D$18*(0*EXP(0*($A7-D$1))+(1)*EXP(-0.03212*($A7-D$1))) -> 1.7015238 | E7: =Solution_CC!E$18*(0*EXP(0*($A7-E$1))+(1)*EXP(-0.03212*($A7-E$1))) -> 1.8047264 | F7: =Solution_CC!F$18*(0*EXP(0*($A7-F$1))+(1)*EXP(-0.03212*($A7-F$1))) -> 1.9829219 | G7: =Solution_CC!G$18*(0*EXP(0*($A7-G$1))+(1)*EXP(-0.03212*($A7-G$1))) -> 2.302583 | R7: =SUM(B7:P7) -> 8.6071157
A8: 2028 | B8: =Solution_CC!B$18*(0*EXP(0*($A8-B$1))+(1)*EXP(-0.03212*($A8-B$1))) -> 7.3058907e-07 | C8: =Solution_CC!C$18*(0*EXP(0*($A8-C$1))+(1)*EXP(-0.03212*($A8-C$1))) -> 0.78958665 | D8: =Solution_CC!D$18*(0*EXP(0*($A8-D$1))+(1)*EXP(-0.03212*($A8-D$1))) -> 1.6477393 | E8: =Solution_CC!E$18*(0*EXP(0*($A8-E$1))+(1)*EXP(-0.03212*($A8-E$1))) -> 1.7476796 | F8: =Solution_CC!F$18*(0*EXP(0*($A8-F$1))+(1)*EXP(-0.03212*($A8-F$1))) -> 1.9202425 | G8: =Solution_CC!G$18*(0*EXP(0*($A8-G$1))+(1)*EXP(-0.03212*($A8-G$1))) -> 2.2297992 | H8: =Solution_CC!H$18*(0*EXP(0*($A8-H$1))+(1)*EXP(-0.03212*($A8-H$1))) -> 2.569837 | R8: =SUM(B8:P8) -> 10.904885
A9: 2029 | B9: =Solution_CC!B$18*(0*EXP(0*($A9-B$1))+(1)*EXP(-0.03212*($A9-B$1))) -> 7.0749542e-07 | C9: =Solution_CC!C$18*(0*EXP(0*($A9-C$1))+(1)*EXP(-0.03212*($A9-C$1))) -> 0.76462811 | D9: =Solution_CC!D$18*(0*EXP(0*($A9-D$1))+(1)*EXP(-0.03212*($A9-D$1))) -> 1.5956549 | E9: =Solution_CC!E$18*(0*EXP(0*($A9-E$1))+(1)*EXP(-0.03212*($A9-E$1))) -> 1.6924361 | F9: =Solution_CC!F$18*(0*EXP(0*($A9-F$1))+(1)*EXP(-0.03212*($A9-F$1))) -> 1.8595443 | G9: =Solution_CC!G$18*(0*EXP(0*($A9-G$1))+(1)*EXP(-0.03212*($A9-G$1))) -> 2.1593161 | H9: =Solution_CC!H$18*(0*EXP(0*($A9-H$1))+(1)*EXP(-0.03212*($A9-H$1))) -> 2.4886054 | I9: =Solution_CC!I$18*(0*EXP(0*($A9-I$1))+(1)*EXP(-0.03212*($A9-I$1))) -> 2.7324652 | R9: =SUM(B9:P9) -> 13.292651
A10: 2030 | B10: =Solution_CC!B$18*(0*EXP(0*($A10-B$1))+(1)*EXP(-0.03212*($A10-B$1))) -> 6.8513175e-07 | C10: =Solution_CC!C$18*(0*EXP(0*($A10-C$1))+(1)*EXP(-0.03212*($A10-C$1))) -> 0.74045849 | D10: =Solution_CC!D$18*(0*EXP(0*($A10-D$1))+(1)*EXP(-0.03212*($A10-D$1))) -> 1.5452168 | E10: =Solution_CC!E$18*(0*EXP(0*($A10-E$1))+(1)*EXP(-0.03212*($A10-E$1))) -> 1.6389388 | F10: =Solution_CC!F$18*(0*EXP(0*($A10-F$1))+(1)*EXP(-0.03212*($A10-F$1))) -> 1.8007648 | G10: =Solution_CC!G$18*(0*EXP(0*($A10-G$1))+(1)*EXP(-0.03212*($A10-G$1))) -> 2.0910609 | H10: =Solution_CC!H$18*(0*EXP(0*($A10-H$1))+(1)*EXP(-0.03212*($A10-H$1))) -> 2.4099415 | I10: =Solution_CC!I$18*(0*EXP(0*($A10-I$1))+(1)*EXP(-0.03212*($A10-I$1))) -> 2.6460929 | J10: =Solution_CC!J$18*(0*EXP(0*($A10-J$1))+(1)*EXP(-0.03212*($A10-J$1))) -> 2.8571112 | R10: =SUM(B10:P10) -> 15.729586
A11: 2031 | B11: =Solution_CC!B$18*(0*EXP(0*($A11-B$1))+(1)*EXP(-0.03212*($A11-B$1))) -> 6.6347498e-07 | C11: =Solution_CC!C$18*(0*EXP(0*($A11-C$1))+(1)*EXP(-0.03212*($A11-C$1))) -> 0.71705287 | D11: =Solution_CC!D$18*(0*EXP(0*($A11-D$1))+(1)*EXP(-0.03212*($A11-D$1))) -> 1.4963731 | E11: =Solution_CC!E$18*(0*EXP(0*($A11-E$1))+(1)*EXP(-0.03212*($A11-E$1))) -> 1.5871326 | F11: =Solution_CC!F$18*(0*EXP(0*($A11-F$1))+(1)*EXP(-0.03212*($A11-F$1))) -> 1.7438433 | G11: =Solution_CC!G$18*(0*EXP(0*($A11-G$1))+(1)*EXP(-0.03212*($A11-G$1))) -> 2.0249632 | H11: =Solution_CC!H$18*(0*EXP(0*($A11-H$1))+(1)*EXP(-0.03212*($A11-H$1))) -> 2.3337642 | I11: =Solution_CC!I$18*(0*EXP(0*($A11-I$1))+(1)*EXP(-0.03212*($A11-I$1))) -> 2.5624509 | ... K11: =Solution_CC!K$18*(0*EXP(0*($A11-K$1))+(1)*EXP(-0.03212*($A11-K$1))) -> 3.0077077 | R11: =SUM(B11:P11) -> 18.240087
A12: 2032 | B12: =Solution_CC!B$18*(0*EXP(0*($A12-B$1))+(1)*EXP(-0.03212*($A12-B$1))) -> 6.4250278e-07 | C12: =Solution_CC!C$18*(0*EXP(0*($A12-C$1))+(1)*EXP(-0.03212*($A12-C$1))) -> 0.6943871 | D12: =Solution_CC!D$18*(0*EXP(0*($A12-D$1))+(1)*EXP(-0.03212*($A12-D$1))) -> 1.4490733 | E12: =Solution_CC!E$18*(0*EXP(0*($A12-E$1))+(1)*EXP(-0.03212*($A12-E$1))) -> 1.5369639 | F12: =Solution_CC!F$18*(0*EXP(0*($A12-F$1))+(1)*EXP(-0.03212*($A12-F$1))) -> 1.688721 | G12: =Solution_CC!G$18*(0*EXP(0*($A12-G$1))+(1)*EXP(-0.03212*($A12-G$1))) -> 1.9609549 | H12: =Solution_CC!H$18*(0*EXP(0*($A12-H$1))+(1)*EXP(-0.03212*($A12-H$1))) -> 2.2599947 | I12: =Solution_CC!I$18*(0*EXP(0*($A12-I$1))+(1)*EXP(-0.03212*($A12-I$1))) -> 2.4814528 | ... L12: =Solution_CC!L$18*(0*EXP(0*($A12-L$1))+(1)*EXP(-0.03212*($A12-L$1))) -> 3.1862208 | R12: =SUM(B12:P12) -> 20.849746
A13: 2033 | B13: =Solution_CC!B$18*(0*EXP(0*($A13-B$1))+(1)*EXP(-0.03212*($A13-B$1))) -> 6.2219351e-07 | C13: =Solution_CC!C$18*(0*EXP(0*($A13-C$1))+(1)*EXP(-0.03212*($A13-C$1))) -> 0.67243778 | D13: =Solution_CC!D$18*(0*EXP(0*($A13-D$1))+(1)*EXP(-0.03212*($A13-D$1))) -> 1.4032686 | E13: =Solution_CC!E$18*(0*EXP(0*($A13-E$1))+(1)*EXP(-0.03212*($A13-E$1))) -> 1.488381 | F13: =Solution_CC!F$18*(0*EXP(0*($A13-F$1))+(1)*EXP(-0.03212*($A13-F$1))) -> 1.6353412 | G13: =Solution_CC!G$18*(0*EXP(0*($A13-G$1))+(1)*EXP(-0.03212*($A13-G$1))) -> 1.8989698 | H13: =Solution_CC!H$18*(0*EXP(0*($A13-H$1))+(1)*EXP(-0.03212*($A13-H$1))) -> 2.1885571 | I13: =Solution_CC!I$18*(0*EXP(0*($A13-I$1))+(1)*EXP(-0.03212*($A13-I$1))) -> 2.403015 | ... M13: =Solution_CC!M$18*(0*EXP(0*($A13-M$1))+(1)*EXP(-0.03212*($A13-M$1))) -> 3.3682849 | R13: =SUM(B13:P13) -> 23.558978
A14: 2034 | B14: =Solution_CC!B$18*(0*EXP(0*($A14-B$1))+(1)*EXP(-0.03212*($A14-B$1))) -> 6.025262e-07 | C14: =Solution_CC!C$18*(0*EXP(0*($A14-C$1))+(1)*EXP(-0.03212*($A14-C$1))) -> 0.65118227 | D14: =Solution_CC!D$18*(0*EXP(0*($A14-D$1))+(1)*EXP(-0.03212*($A14-D$1))) -> 1.3589118 | E14: =Solution_CC!E$18*(0*EXP(0*($A14-E$1))+(1)*EXP(-0.03212*($A14-E$1))) -> 1.4413339 | F14: =Solution_CC!F$18*(0*EXP(0*($A14-F$1))+(1)*EXP(-0.03212*($A14-F$1))) -> 1.5836487 | G14: =Solution_CC!G$18*(0*EXP(0*($A14-G$1))+(1)*EXP(-0.03212*($A14-G$1))) -> 1.8389441 | H14: =Solution_CC!H$18*(0*EXP(0*($A14-H$1))+(1)*EXP(-0.03212*($A14-H$1))) -> 2.1193777 | I14: =Solution_CC!I$18*(0*EXP(0*($A14-I$1))+(1)*EXP(-0.03212*($A14-I$1))) -> 2.3270566 | ... N14: =Solution_CC!N$18*(0*EXP(0*($A14-N$1))+(1)*EXP(-0.03212*($A14-N$1))) -> 3.5282901 | R14: =SUM(B14:P14) -> 26.342577
A15: 2035 | B15: =Solution_CC!B$18*(0*EXP(0*($A15-B$1))+(1)*EXP(-0.03212*($A15-B$1))) -> 5.8348057e-07 | C15: =Solution_CC!C$18*(0*EXP(0*($A15-C$1))+(1)*EXP(-0.03212*($A15-C$1))) -> 0.63059863 | D15: =Solution_CC!D$18*(0*EXP(0*($A15-D$1))+(1)*EXP(-0.03212*($A15-D$1))) -> 1.3159571 | E15: =Solution_CC!E$18*(0*EXP(0*($A15-E$1))+(1)*EXP(-0.03212*($A15-E$1))) -> 1.3957738 | F15: =Solution_CC!F$18*(0*EXP(0*($A15-F$1))+(1)*EXP(-0.03212*($A15-F$1))) -> 1.5335901 | G15: =Solution_CC!G$18*(0*EXP(0*($A15-G$1))+(1)*EXP(-0.03212*($A15-G$1))) -> 1.7808157 | H15: =Solution_CC!H$18*(0*EXP(0*($A15-H$1))+(1)*EXP(-0.03212*($A15-H$1))) -> 2.0523849 | I15: =Solution_CC!I$18*(0*EXP(0*($A15-I$1))+(1)*EXP(-0.03212*($A15-I$1))) -> 2.2534992 | ... O15: =Solution_CC!O$18*(0*EXP(0*($A15-O$1))+(1)*EXP(-0.03212*($A15-O$1))) -> 3.6556255 | R15: =SUM(B15:P15) -> 29.165524
A16: 2036 | B16: =Solution_CC!B$18*(0*EXP(0*($A16-B$1))+(1)*EXP(-0.03212*($A16-B$1))) -> 5.6503696e-07 | C16: =Solution_CC!C$18*(0*EXP(0*($A16-C$1))+(1)*EXP(-0.03212*($A16-C$1))) -> 0.61066564 | D16: =Solution_CC!D$18*(0*EXP(0*($A16-D$1))+(1)*EXP(-0.03212*($A16-D$1))) -> 1.2743602 | E16: =Solution_CC!E$18*(0*EXP(0*($A16-E$1))+(1)*EXP(-0.03212*($A16-E$1))) -> 1.3516539 | F16: =Solution_CC!F$18*(0*EXP(0*($A16-F$1))+(1)*EXP(-0.03212*($A16-F$1))) -> 1.4851139 | G16: =Solution_CC!G$18*(0*EXP(0*($A16-G$1))+(1)*EXP(-0.03212*($A16-G$1))) -> 1.7245248 | H16: =Solution_CC!H$18*(0*EXP(0*($A16-H$1))+(1)*EXP(-0.03212*($A16-H$1))) -> 1.9875098 | I16: =Solution_CC!I$18*(0*EXP(0*($A16-I$1))+(1)*EXP(-0.03212*($A16-I$1))) -> 2.1822669 | ... P16: =Solution_CC!P$18*(0*EXP(0*($A16-P$1))+(1)*EXP(-0.03212*($A16-P$1))) -> 3.7559689 | R16: =SUM(B16:P16) -> 31.999581

Sheet Version_20.02.

Sheet 1_Flows>>>>

Sheet 1_1_Definition_Flows
A1: Complete? | B1: ID | C1: Flow_ID | D1: Name(EN) | E1: Name(DE) | F1: Region | G1: Type_Biomass | H1: Product/By-product/waste | I1: Comment | J1: Output_Process | K1: Process_ID_O | L1: Input_Process | M1: Process_ID_I | N1: Value_Source | O1: WC? | P1: DM? | Q1: CC? | R1: WC | S1: WC_source | T1: DM | U1: DM_source | V1: CC_DM[%] | W1: CC_DM_source | X1: CC | Y1: CC_FM_source
A2: TRUE | B2: =ROW()-1 -> 1 | C2: ="F_"&LEFT(K2,2)&"_"&LEFT(M2,2) -> F_13_20 | D2: Rye plant | E2: Roggen | F2: BB | H2: Product | J2: Rye cultivation | K2: =_xlfn.XLOOKUP(J2,Tab_Def_Processes[Name(EN)],Tab_Def_Processes[Process_ID],,0,) -> 13_Rye_BB | L2: Rye cultivation and harvest | M2: =_xlfn.XLOOKUP(L2,Tab_Def_Processes[Name(EN)],Tab_Def_Processes[Process_ID],,0,) -> 20_Rye_BB | N2: Data_assumption | O2: Yes | P2: Yes | Q2: Yes | R2: 0.06 | T2: 0.94 | U2: assumption | V2: 0.49 | W2: assumption | X2: =Tab_Def_Flows[[#This Row],[CC_DM'[%']]]*Tab_Def_Flows[[#This Row],[DM]] -> 0.4606
A3: TRUE | B3: =ROW()-1 -> 2 | C3: ="F_"&LEFT(K3,2)&"_"&LEFT(M3,2) -> F_20_15 | D3: Rye grain | E3: Roggen Körner | F3: BB | H3: Product | J3: Rye cultivation and harvest | K3: =_xlfn.XLOOKUP(J3,Tab_Def_Processes[Name(EN)],Tab_Def_Processes[Process_ID],,0,) -> 20_Rye_BB | L3: Rye processing and consumption | M3: =_xlfn.XLOOKUP(L3,Tab_Def_Processes[Name(EN)],Tab_Def_Processes[Process_ID],,0,) -> 15_Rye_BB | N3: Data_Literature | O3: Yes | P3: Yes | Q3: Yes | R3: 0.06 | T3: 0.94 | U3: assumption | V3: 0.49 | W3: assumption | X3: =Tab_Def_Flows[[#This Row],[CC_DM'[%']]]*Tab_Def_Flows[[#This Row],[DM]] -> 0.4606
A4: TRUE | B4: =ROW()-1 -> 3 | C4: ="F_"&LEFT(K4,2)&"_"&LEFT(M4,2) -> F_20_01 | D4: Technical usable rye straw | E4: Technische nutzbares Roggenstroh | F4: BB | H4: By-Product | J4: Rye cultivation and harvest | K4: =_xlfn.XLOOKUP(J4,Tab_Def_Processes[Name(EN)],Tab_Def_Processes[Process_ID],,0,) -> 20_Rye_BB | L4: Biogas production | M4: =_xlfn.XLOOKUP(L4,Tab_Def_Processes[Name(EN)],Tab_Def_Processes[Process_ID],,0,) -> 01_Bio_BB | N4: Data_Literature | O4: Yes | P4: Yes | Q4: Yes | R4: 0.06 | T4: 0.94 | U4: assumption | V4: 0.49 | W4: assumption | X4: =Tab_Def_Flows[[#This Row],[CC_DM'[%']]]*Tab_Def_Flows[[#This Row],[DM]] -> 0.4606
A5: TRUE | B5: =ROW()-1 -> 4 | C5: ="F_"&LEFT(K5,2)&"_"&LEFT(M5,2) -> F_20_16 | D5: Non technical usable Rye straw | E5: Nicht technische nutzbares Roggenstroh | F5: BB | H5: By-Product | J5: Rye cultivation and harvest | K5: =_xlfn.XLOOKUP(J5,Tab_Def_Processes[Name(EN)],Tab_Def_Processes[Process_ID],,0,) -> 20_Rye_BB | L5: Not mobilizable Rye Straw | M5: =_xlfn.XLOOKUP(L5,Tab_Def_Processes[Name(EN)],Tab_Def_Processes[Process_ID],,0,) -> 16_Not_BB | N5: Data_Literature | O5: Yes | P5: Yes | Q5: Yes | R5: 0.06 | T5: 0.94 | U5: assumption | V5: 0.49 | W5: assumption | X5: =Tab_Def_Flows[[#This Row],[CC_DM'[%']]]*Tab_Def_Flows[[#This Row],[DM]] -> 0.4606
A6: TRUE | B6: =ROW()-1 -> 5 | C6: ="F_"&LEFT(K6,2)&"_"&LEFT(M6,2) -> F_04_01 | D6: Cow Manure | E6: Rindergülle | F6: BB | H6: By-Product | J6: Life stock farming | K6: =_xlfn.XLOOKUP(J6,Tab_Def_Processes[Name(EN)],Tab_Def_Processes[Process_ID],,0,) -> 04_Lif_BB | L6: Biogas production | M6: =_xlfn.XLOOKUP(L6,Tab_Def_Processes[Name(EN)],Tab_Def_Processes[Process_ID],,0,) -> 01_Bio_BB | O6: Yes | P6: Yes | Q6: Yes | R6: 0.94 | T6: 0.06 | U6: Stramento | V6: 0.49 | W6: Stramento | X6: =Tab_Def_Flows[[#This Row],[CC_DM'[%']]]*Tab_Def_Flows[[#This Row],[DM]] -> 0.0294
A7: FALSE | B7: =ROW()-1 -> 6 | C7: ="F_"&LEFT(K7,2)&"_"&LEFT(M7,2) -> F_01_05 | D7: Biogas | E7: Biogas | F7: BB | H7: Product | J7: Biogas production | K7: =_xlfn.XLOOKUP(J7,Tab_Def_Processes[Name(EN)],Tab_Def_Processes[Process_ID],,0,) -> 01_Bio_BB | L7: Biogas Incineration | M7: =_xlfn.XLOOKUP(L7,Tab_Def_Processes[Name(EN)],Tab_Def_Processes[Process_ID],,0,) -> 05_Bio_BB | N7: Calculation_TC | O7: Yes | P7: Yes | Q7: Yes | R7: 0 | T7: 1 | U7: Stramento | V7: 0.27 | W7: Stramento | X7: =Tab_Def_Flows[[#This Row],[CC_DM'[%']]]*Tab_Def_Flows[[#This Row],[DM]] -> 0.27
A8: FALSE | B8: =ROW()-1 -> 7 | C8: ="F_"&LEFT(K8,2)&"_"&LEFT(M8,2) -> F_01_02 | D8: Rye straw digestate | E8: Roggenstroh Gärrest | F8: BB | H8: By-Product | J8: Biogas production | K8: =_xlfn.XLOOKUP(J8,Tab_Def_Processes[Name(EN)],Tab_Def_Processes[Process_ID],,0,) -> 01_Bio_BB | L8: MBC production | M8: =_xlfn.XLOOKUP(L8,Tab_Def_Processes[Name(EN)],Tab_Def_Processes[Process_ID],,0,) -> 02_MBC_BB | N8: Data_experiment | O8: Yes | P8: Yes | Q8: Yes | R8: 0.64 | T8: 0.36 | U8: Stramento | V8: 0.38 | W8: Stramento | X8: =Tab_Def_Flows[[#This Row],[CC_DM'[%']]]*Tab_Def_Flows[[#This Row],[DM]] -> 0.1368
A9: FALSE | B9: =ROW()-1 -> 8 | C9: ="F_"&LEFT(K9,2)&"_"&LEFT(M9,2) -> F_02_03 | D9: MBC (new) | E9: Mycel basierter composit | F9: BB | H9: Product | J9: MBC production | K9: =_xlfn.XLOOKUP(J9,Tab_Def_Processes[Name(EN)],Tab_Def_Processes[Process_ID],,0,) -> 02_MBC_BB | L9: MBC Use phase | M9: =_xlfn.XLOOKUP(L9,Tab_Def_Processes[Name(EN)],Tab_Def_Processes[Process_ID],,0,) -> 03_MBC_BB | O9: Yes | P9: Yes | Q9: Yes | R9: 0.61 | T9: 0.39 | V9: 0.4 | X9: =Tab_Def_Flows[[#This Row],[CC_DM'[%']]]*Tab_Def_Flows[[#This Row],[DM]] -> 0.156
A10: FALSE | B10: =ROW()-1 -> 9 | C10: ="F_"&LEFT(K10,2)&"_"&LEFT(M10,2) -> F_03_07 | D10: MBC (used) | E10: MBC verwendet | F10: BB | H10: Waste | J10: MBC Use phase | K10: =_xlfn.XLOOKUP(J10,Tab_Def_Processes[Name(EN)],Tab_Def_Processes[Process_ID],,0,) -> 03_MBC_BB | L10: EoL-Treatment (MBC) | M10: =_xlfn.XLOOKUP(L10,Tab_Def_Processes[Name(EN)],Tab_Def_Processes[Process_ID],,0,) -> 07_EoL_BB | O10: Yes | P10: Yes | Q10: Yes | R10: 0.61 | T10: 0.39 | V10: 0.4 | X10: =Tab_Def_Flows[[#This Row],[CC_DM'[%']]]*Tab_Def_Flows[[#This Row],[DM]] -> 0.156
A11: FALSE | B11: =ROW()-1 -> 10 | C11: ="F_"&LEFT(K11,2)&"_"&LEFT(M11,2) -> F_02_06 | D11: MBC production waste | E11: MBC Produktionsabfall | F11: BB | H11: Waste | J11: MBC production | K11: =_xlfn.XLOOKUP(J11,Tab_Def_Processes[Name(EN)],Tab_Def_Processes[Process_ID],,0,) -> 02_MBC_BB | L11: EoL-Treatment | M11: =_xlfn.XLOOKUP(L11,Tab_Def_Processes[Name(EN)],Tab_Def_Processes[Process_ID],,0,) -> 06_EoL_BB | O11: Yes | P11: Yes | Q11: Yes | R11: 0.64 | T11: 0.36 | V11: 0.38 | X11: =Tab_Def_Flows[[#This Row],[CC_DM'[%']]]*Tab_Def_Flows[[#This Row],[DM]] -> 0.1368
A12: FALSE | B12: =ROW()-1 -> 11 | C12: ="F_"&LEFT(K12,2)&"_"&LEFT(M12,2) -> F_11_02 | D12: Millet grain | E12: Hirsekörner | F12: BB | H12: Product | J12: Millet production | K12: =_xlfn.XLOOKUP(J12,Tab_Def_Processes[Name(EN)],Tab_Def_Processes[Process_ID],,0,) -> 11_Mil_BB | L12: MBC production | M12: =_xlfn.XLOOKUP(L12,Tab_Def_Processes[Name(EN)],Tab_Def_Processes[Process_ID],,0,) -> 02_MBC_BB | O12: Yes | P12: Yes | Q12: Yes | R12: 0.66 | T12: 0.34 | V12: 0.47 | X12: =Tab_Def_Flows[[#This Row],[CC_DM'[%']]]*Tab_Def_Flows[[#This Row],[DM]] -> 0.1598
A13: FALSE | B13: =ROW()-1 -> 12 | C13: ="F_"&LEFT(K13,2)&"_"&LEFT(M13,2) -> F_08_02 | D13: Water Input MBC Production | E13: Wasser Input MBC | F13: BB | H13: Product | J13: Water System (Import) | K13: =_xlfn.XLOOKUP(J13,Tab_Def_Processes[Name(EN)],Tab_Def_Processes[Process_ID],,0,) -> 08_Wat_BB | L13: MBC production | M13: =_xlfn.XLOOKUP(L13,Tab_Def_Processes[Name(EN)],Tab_Def_Processes[Process_ID],,0,) -> 02_MBC_BB | O13: Yes | P13: Yes | Q13: Yes | R13: 1 | T13: 0 | V13: 0 | X13: =Tab_Def_Flows[[#This Row],[CC_DM'[%']]]*Tab_Def_Flows[[#This Row],[DM]] -> 0
A14: FALSE | B14: =ROW()-1 -> 13 | C14: ="F_"&LEFT(K14,2)&"_"&LEFT(M14,2) -> F_02_14 | D14: Water Output MBC Production | E14: Wasser Output MBC | F14: BB | H14: Waste | J14: MBC production | K14: =_xlfn.XLOOKUP(J14,Tab_Def_Processes[Name(EN)],Tab_Def_Processes[Process_ID],,0,) -> 02_MBC_BB | L14: Water System (Export) | M14: =_xlfn.XLOOKUP(L14,Tab_Def_Processes[Name(EN)],Tab_Def_Processes[Process_ID],,0,) -> 14_Wat_BB | O14: Yes | P14: Yes | Q14: Yes | R14: 1 | T14: 0 | V14: 0 | X14: =Tab_Def_Flows[[#This Row],[CC_DM'[%']]]*Tab_Def_Flows[[#This Row],[DM]] -> 0
A15: FALSE | B15: =ROW()-1 -> 14 | C15: ="F_"&LEFT(K15,2)&"_"&LEFT(M15,2) -> F_02_12 | D15: Mass Delta MBC production | E15: Mass Delta | F15: BB | H15: Waste | J15: MBC production | K15: =_xlfn.XLOOKUP(J15,Tab_Def_Processes[Name(EN)],Tab_Def_Processes[Process_ID],,0,) -> 02_MBC_BB | L15: Delta (MBC) | M15: =_xlfn.XLOOKUP(L15,Tab_Def_Processes[Name(EN)],Tab_Def_Processes[Process_ID],,0,) -> 12_Del_BB | O15: Yes | P15: Yes | Q15: Yes | R15: 1 | T15: 0 | V15: 0 | X15: =Tab_Def_Flows[[#This Row],[CC_DM'[%']]]*Tab_Def_Flows[[#This Row],[DM]] -> 0
A16: FALSE | B16: =ROW()-1 -> 15 | C16: ="F_"&LEFT(K16,2)&"_"&LEFT(M16,2) -> F_07_09 | D16: EoL-MBC (Pyro) | E16: EoL-MBC (Pyro) | F16: BB | H16: Waste | J16: EoL-Treatment (MBC) | K16: =_xlfn.XLOOKUP(J16,Tab_Def_Processes[Name(EN)],Tab_Def_Processes[Process_ID],,0,) -> 07_EoL_BB | L16: Biomass Pyrolysis | M16: =_xlfn.XLOOKUP(L16,Tab_Def_Processes[Name(EN)],Tab_Def_Processes[Process_ID],,0,) -> 09_Bio_BB | O16: Yes | P16: Yes | Q16: Yes | R16: 0.61 | T16: 0.39 | V16: 0.4 | X16: =Tab_Def_Flows[[#This Row],[CC_DM'[%']]]*Tab_Def_Flows[[#This Row],[DM]] -> 0.156
A17: FALSE | B17: =ROW()-1 -> 16 | C17: ="F_"&LEFT(K17,2)&"_"&LEFT(M17,2) -> F_07_10 | D17: EoL-MBC (Inci) | E17: EoL-MBC (Inci) | F17: BB | H17: Waste | J17: EoL-Treatment (MBC) | K17: =_xlfn.XLOOKUP(J17,Tab_Def_Processes[Name(EN)],Tab_Def_Processes[Process_ID],,0,) -> 07_EoL_BB | L17: Biomass Incineration | M17: =_xlfn.XLOOKUP(L17,Tab_Def_Processes[Name(EN)],Tab_Def_Processes[Process_ID],,0,) -> 10_Bio_BB | O17: Yes | P17: Yes | Q17: Yes | R17: 0.61 | T17: 0.39 | V17: 0.4 | X17: =Tab_Def_Flows[[#This Row],[CC_DM'[%']]]*Tab_Def_Flows[[#This Row],[DM]] -> 0.156
A18: FALSE | B18: =ROW()-1 -> 17 | C18: ="F_"&LEFT(K18,2)&"_"&LEFT(M18,2) -> F_09_17 | D18: Pyrolisis Char | E18: Pyrolyse Kohle | F18: BB | H18: Product | J18: Biomass Pyrolysis | K18: =_xlfn.XLOOKUP(J18,Tab_Def_Processes[Name(EN)],Tab_Def_Processes[Process_ID],,0,) -> 09_Bio_BB | L18: Lithosphere | M18: =_xlfn.XLOOKUP(L18,Tab_Def_Processes[Name(EN)],Tab_Def_Processes[Process_ID],,0,) -> 17_Lit_BB | O18: Yes | P18: Yes | Q18: Yes | R18: 0 | T18: 1 | V18: 0.95 | W18: A review of pyrolysis technologies and feedstock: A blending approach for plastic and biomass towards optimum biochar yield | X18: =Tab_Def_Flows[[#This Row],[CC_DM'[%']]]*Tab_Def_Flows[[#This Row],[DM]] -> 0.95
A19: FALSE | B19: =ROW()-1 -> 18 | C19: ="F_"&LEFT(K19,2)&"_"&LEFT(M19,2) -> F_10_18 | D19: Ash | E19: Verbresnnungsasche | F19: BB | H19: Waste | J19: Biomass Incineration | K19: =_xlfn.XLOOKUP(J19,Tab_Def_Processes[Name(EN)],Tab_Def_Processes[Process_ID],,0,) -> 10_Bio_BB | L19: Ash Treatment | M19: =_xlfn.XLOOKUP(L19,Tab_Def_Processes[Name(EN)],Tab_Def_Processes[Process_ID],,0,) -> 18_Ash_BB | O19: Yes | P19: Yes | Q19: Yes | R19: 0 | T19: 1 | V19: 0.4 | X19: =Tab_Def_Flows[[#This Row],[CC_DM'[%']]]*Tab_Def_Flows[[#This Row],[DM]] -> 0.4
A20: FALSE | B20: =ROW()-1 -> 19 | C20: ="F_"&LEFT(K20,2)&"_"&LEFT(M20,2) -> F_10_19 | D20: Flue Gas | E20: Rauchgas | F20: BB | H20: Waste | J20: Biomass Incineration | K20: =_xlfn.XLOOKUP(J20,Tab_Def_Processes[Name(EN)],Tab_Def_Processes[Process_ID],,0,) -> 10_Bio_BB | L20: Atmosphere | M20: =_xlfn.XLOOKUP(L20,Tab_Def_Processes[Name(EN)],Tab_Def_Processes[Process_ID],,0,) -> 19_Atm_BB | N20: Calculation_TC | O20: Yes | P20: Yes | Q20: Yes | R20: 0 | T20: 1 | V20: 0.95 | W20: A review of pyrolysis technologies and feedstock: A blending approach for plastic and biomass towards optimum biochar yield | X20: =Tab_Def_Flows[[#This Row],[CC_DM'[%']]]*Tab_Def_Flows[[#This Row],[DM]] -> 0.95
A21: FALSE | B21: =ROW()-1 -> 20 | C21: ="F_"&LEFT(K21,2)&"_"&LEFT(M21,2) -> F_00_13 | D21: Rye Environment | F21: BB | H21: Product | J21: Environment | K21: =_xlfn.XLOOKUP(J21,Tab_Def_Processes[Name(EN)],Tab_Def_Processes[Process_ID],,0,) -> 00_Env_BB | L21: Rye cultivation | M21: =_xlfn.XLOOKUP(L21,Tab_Def_Processes[Name(EN)],Tab_Def_Processes[Process_ID],,0,) -> 13_Rye_BB | O21: Yes | P21: Yes | Q21: Yes | R21: 0.06 | T21: 0.94 | U21: assumption | V21: 0.49 | W21: assumption | X21: =Tab_Def_Flows[[#This Row],[CC_DM'[%']]]*Tab_Def_Flows[[#This Row],[DM]] -> 0.4606
A22: FALSE | B22: =ROW()-1 -> 21 | C22: ="F_"&LEFT(K22,2)&"_"&LEFT(M22,2) -> F_00_04 | D22: Cow Manure Environment | F22: BB | H22: By-Product | J22: Environment | K22: =_xlfn.XLOOKUP(J22,Tab_Def_Processes[Name(EN)],Tab_Def_Processes[Process_ID],,0,) -> 00_Env_BB | L22: Life stock farming | M22: =_xlfn.XLOOKUP(L22,Tab_Def_Processes[Name(EN)],Tab_Def_Processes[Process_ID],,0,) -> 04_Lif_BB | O22: Yes | P22: Yes | Q22: Yes | R22: 0.94 | T22: 0.06 | U22: Stramento | V22: 0.49 | W22: Stramento | X22: =Tab_Def_Flows[[#This Row],[CC_DM'[%']]]*Tab_Def_Flows[[#This Row],[DM]] -> 0.0294
A23: FALSE | B23: =ROW()-1 -> 22 | C23: ="F_"&LEFT(K23,2)&"_"&LEFT(M23,2) -> F_00_11 | D23: Millet grain Environment | F23: BB | H23: Product | J23: Environment | K23: =_xlfn.XLOOKUP(J23,Tab_Def_Processes[Name(EN)],Tab_Def_Processes[Process_ID],,0,) -> 00_Env_BB | L23: Millet production | M23: =_xlfn.XLOOKUP(L23,Tab_Def_Processes[Name(EN)],Tab_Def_Processes[Process_ID],,0,) -> 11_Mil_BB | O23: Yes | P23: Yes | Q23: Yes | R23: 0.66 | T23: 0.34 | V23: 0.47 | X23: =Tab_Def_Flows[[#This Row],[CC_DM'[%']]]*Tab_Def_Flows[[#This Row],[DM]] -> 0.1598
A24: FALSE | B24: =ROW()-1 -> 23 | C24: ="F_"&LEFT(K24,2)&"_"&LEFT(M24,2) -> F_00_08 | D24: Water Environment | F24: BB | H24: Product | J24: Environment | K24: =_xlfn.XLOOKUP(J24,Tab_Def_Processes[Name(EN)],Tab_Def_Processes[Process_ID],,0,) -> 00_Env_BB | L24: Water System (Import) | M24: =_xlfn.XLOOKUP(L24,Tab_Def_Processes[Name(EN)],Tab_Def_Processes[Process_ID],,0,) -> 08_Wat_BB | O24: Yes | P24: Yes | Q24: Yes | R24: 1 | T24: 0 | V24: 0 | X24: =Tab_Def_Flows[[#This Row],[CC_DM'[%']]]*Tab_Def_Flows[[#This Row],[DM]] -> 0
A25: FALSE | B25: =ROW()-1 -> 24 | C25: ="F_"&LEFT(K25,2)&"_"&LEFT(M25,2) -> F_09_19 | D25: Flue Gas from Biomass Pyrolysis | F25: BB | H25: Biomass Pyrolysis | J25: Biomass Pyrolysis | K25: =_xlfn.XLOOKUP(J25,Tab_Def_Processes[Name(EN)],Tab_Def_Processes[Process_ID],,0,) -> 09_Bio_BB | L25: Atmosphere | M25: =_xlfn.XLOOKUP(L25,Tab_Def_Processes[Name(EN)],Tab_Def_Processes[Process_ID],,0,) -> 19_Atm_BB | O25: Yes | P25: Yes | Q25: Yes | R25: 0 | T25: 1 | V25: 0.95 | W25: A review of pyrolysis technologies and feedstock: A blending approach for plastic and biomass towards optimum biochar yield | X25: =Tab_Def_Flows[[#This Row],[CC_DM'[%']]]*Tab_Def_Flows[[#This Row],[DM]] -> 0.95
A26: FALSE | B26: =ROW()-1 -> 25 | C26: ="F_"&LEFT(K26,2)&"_"&LEFT(M26,2) -> F_17_19 | D26: CO2 Sequestration | F26: BB | H26: Waste | J26: Lithosphere | K26: =_xlfn.XLOOKUP(J26,Tab_Def_Processes[Name(EN)],Tab_Def_Processes[Process_ID],,0,) -> 17_Lit_BB | L26: Atmosphere | M26: =_xlfn.XLOOKUP(L26,Tab_Def_Processes[Name(EN)],Tab_Def_Processes[Process_ID],,0,) -> 19_Atm_BB | O26: Yes | P26: Yes | Q26: Yes | R26: 0 | T26: 0 | V26: 0 | X26: =12.011/(12.011+2*15.999) -> 0.27292145
A27: FALSE | B27: =ROW()-1 -> 26 | C27: ="F_"&LEFT(K27,2)&"_"&LEFT(M27,2) -> F_21_21 | K27: =_xlfn.XLOOKUP(J27,Tab_Def_Processes[Name(EN)],Tab_Def_Processes[Process_ID],,0,) -> 21__ | M27: =_xlfn.XLOOKUP(L27,Tab_Def_Processes[Name(EN)],Tab_Def_Processes[Process_ID],,0,) -> 21__
A28: FALSE | B28: =ROW()-1 -> 27 | C28: ="F_"&LEFT(K28,2)&"_"&LEFT(M28,2) -> F_21_21 | K28: =_xlfn.XLOOKUP(J28,Tab_Def_Processes[Name(EN)],Tab_Def_Processes[Process_ID],,0,) -> 21__ | M28: =_xlfn.XLOOKUP(L28,Tab_Def_Processes[Name(EN)],Tab_Def_Processes[Process_ID],,0,) -> 21__
A29: FALSE | B29: =ROW()-1 -> 28 | C29: ="F_"&LEFT(K29,2)&"_"&LEFT(M29,2) -> F_21_21 | K29: =_xlfn.XLOOKUP(J29,Tab_Def_Processes[Name(EN)],Tab_Def_Processes[Process_ID],,0,) -> 21__ | M29: =_xlfn.XLOOKUP(L29,Tab_Def_Processes[Name(EN)],Tab_Def_Processes[Process_ID],,0,) -> 21__
A30: FALSE | B30: =ROW()-1 -> 29 | C30: ="F_"&LEFT(K30,2)&"_"&LEFT(M30,2) -> F_21_21 | K30: =_xlfn.XLOOKUP(J30,Tab_Def_Processes[Name(EN)],Tab_Def_Processes[Process_ID],,0,) -> 21__ | M30: =_xlfn.XLOOKUP(L30,Tab_Def_Processes[Name(EN)],Tab_Def_Processes[Process_ID],,0,) -> 21__
A31: FALSE | B31: =ROW()-1 -> 30 | C31: ="F_"&LEFT(K31,2)&"_"&LEFT(M31,2) -> F_21_21 | K31: =_xlfn.XLOOKUP(J31,Tab_Def_Processes[Name(EN)],Tab_Def_Processes[Process_ID],,0,) -> 21__ | M31: =_xlfn.XLOOKUP(L31,Tab_Def_Processes[Name(EN)],Tab_Def_Processes[Process_ID],,0,) -> 21__
A32: FALSE | B32: =ROW()-1 -> 31 | C32: ="F_"&LEFT(K32,2)&"_"&LEFT(M32,2) -> F_21_21 | K32: =_xlfn.XLOOKUP(J32,Tab_Def_Processes[Name(EN)],Tab_Def_Processes[Process_ID],,0,) -> 21__ | M32: =_xlfn.XLOOKUP(L32,Tab_Def_Processes[Name(EN)],Tab_Def_Processes[Process_ID],,0,) -> 21__
A33: FALSE | B33: =ROW()-1 -> 32 | C33: ="F_"&LEFT(K33,2)&"_"&LEFT(M33,2) -> F_21_21 | K33: =_xlfn.XLOOKUP(J33,Tab_Def_Processes[Name(EN)],Tab_Def_Processes[Process_ID],,0,) -> 21__ | M33: =_xlfn.XLOOKUP(L33,Tab_Def_Processes[Name(EN)],Tab_Def_Processes[Process_ID],,0,) -> 21__
A34: FALSE | B34: =ROW()-1 -> 33 | C34: ="F_"&LEFT(K34,2)&"_"&LEFT(M34,2) -> F_21_21 | K34: =_xlfn.XLOOKUP(J34,Tab_Def_Processes[Name(EN)],Tab_Def_Processes[Process_ID],,0,) -> 21__ | M34: =_xlfn.XLOOKUP(L34,Tab_Def_Processes[Name(EN)],Tab_Def_Processes[Process_ID],,0,) -> 21__
A35: FALSE | B35: =ROW()-1 -> 34 | C35: ="F_"&LEFT(K35,2)&"_"&LEFT(M35,2) -> F_21_21 | K35: =_xlfn.XLOOKUP(J35,Tab_Def_Processes[Name(EN)],Tab_Def_Processes[Process_ID],,0,) -> 21__ | M35: =_xlfn.XLOOKUP(L35,Tab_Def_Processes[Name(EN)],Tab_Def_Processes[Process_ID],,0,) -> 21__
A36: FALSE | B36: =ROW()-1 -> 35 | C36: ="F_"&LEFT(K36,2)&"_"&LEFT(M36,2) -> F_21_21 | K36: =_xlfn.XLOOKUP(J36,Tab_Def_Processes[Name(EN)],Tab_Def_Processes[Process_ID],,0,) -> 21__ | M36: =_xlfn.XLOOKUP(L36,Tab_Def_Processes[Name(EN)],Tab_Def_Processes[Process_ID],,0,) -> 21__
A37: FALSE | B37: =ROW()-1 -> 36 | C37: ="F_"&LEFT(K37,2)&"_"&LEFT(M37,2) -> F_21_21 | K37: =_xlfn.XLOOKUP(J37,Tab_Def_Processes[Name(EN)],Tab_Def_Processes[Process_ID],,0,) -> 21__ | M37: =_xlfn.XLOOKUP(L37,Tab_Def_Processes[Name(EN)],Tab_Def_Processes[Process_ID],,0,) -> 21__
A38: FALSE | B38: =ROW()-1 -> 37 | C38: ="F_"&LEFT(K38,2)&"_"&LEFT(M38,2) -> F_21_21 | K38: =_xlfn.XLOOKUP(J38,Tab_Def_Processes[Name(EN)],Tab_Def_Processes[Process_ID],,0,) -> 21__ | M38: =_xlfn.XLOOKUP(L38,Tab_Def_Processes[Name(EN)],Tab_Def_Processes[Process_ID],,0,) -> 21__
... A62: FALSE | B62: =ROW()-1 -> 61 | C62: ="F_"&LEFT(K62,2)&"_"&LEFT(M62,2) -> F_21_21 | K62: =_xlfn.XLOOKUP(J62,Tab_Def_Processes[Name(EN)],Tab_Def_Processes[Process_ID],,0,) -> 21__ | M62: =_xlfn.XLOOKUP(L62,Tab_Def_Processes[Name(EN)],Tab_Def_Processes[Process_ID],,0,) -> 21__
A63: FALSE | B63: =ROW()-1 -> 62 | C63: ="F_"&LEFT(K63,2)&"_"&LEFT(M63,2) -> F_21_21 | K63: =_xlfn.XLOOKUP(J63,Tab_Def_Processes[Name(EN)],Tab_Def_Processes[Process_ID],,0,) -> 21__ | M63: =_xlfn.XLOOKUP(L63,Tab_Def_Processes[Name(EN)],Tab_Def_Processes[Process_ID],,0,) -> 21__ | O63: Yes
A64: FALSE | B64: =ROW()-1 -> 63 | C64: ="F_"&LEFT(K64,2)&"_"&LEFT(M64,2) -> F_21_21 | K64: =_xlfn.XLOOKUP(J64,Tab_Def_Processes[Name(EN)],Tab_Def_Processes[Process_ID],,0,) -> 21__ | M64: =_xlfn.XLOOKUP(L64,Tab_Def_Processes[Name(EN)],Tab_Def_Processes[Process_ID],,0,) -> 21__ | O64: Yes
A65: FALSE | B65: =ROW()-1 -> 64 | C65: ="F_"&LEFT(K65,2)&"_"&LEFT(M65,2) -> F_21_21 | K65: =_xlfn.XLOOKUP(J65,Tab_Def_Processes[Name(EN)],Tab_Def_Processes[Process_ID],,0,) -> 21__ | M65: =_xlfn.XLOOKUP(L65,Tab_Def_Processes[Name(EN)],Tab_Def_Processes[Process_ID],,0,) -> 21__ | O65: Yes
A66: FALSE | B66: =ROW()-1 -> 65 | C66: ="F_"&LEFT(K66,2)&"_"&LEFT(M66,2) -> F_21_21 | K66: =_xlfn.XLOOKUP(J66,Tab_Def_Processes[Name(EN)],Tab_Def_Processes[Process_ID],,0,) -> 21__ | M66: =_xlfn.XLOOKUP(L66,Tab_Def_Processes[Name(EN)],Tab_Def_Processes[Process_ID],,0,) -> 21__ | O66: Yes
A67: FALSE | B67: =ROW()-1 -> 66 | C67: ="F_"&LEFT(K67,2)&"_"&LEFT(M67,2) -> F_21_21 | K67: =_xlfn.XLOOKUP(J67,Tab_Def_Processes[Name(EN)],Tab_Def_Processes[Process_ID],,0,) -> 21__ | M67: =_xlfn.XLOOKUP(L67,Tab_Def_Processes[Name(EN)],Tab_Def_Processes[Process_ID],,0,) -> 21__ | O67: Yes
A68: FALSE | B68: =ROW()-1 -> 67 | C68: ="F_"&LEFT(K68,2)&"_"&LEFT(M68,2) -> F_21_21 | K68: =_xlfn.XLOOKUP(J68,Tab_Def_Processes[Name(EN)],Tab_Def_Processes[Process_ID],,0,) -> 21__ | M68: =_xlfn.XLOOKUP(L68,Tab_Def_Processes[Name(EN)],Tab_Def_Processes[Process_ID],,0,) -> 21__ | O68: Yes
A69: FALSE | B69: =ROW()-1 -> 68 | C69: ="F_"&LEFT(K69,2)&"_"&LEFT(M69,2) -> F_21_21 | K69: =_xlfn.XLOOKUP(J69,Tab_Def_Processes[Name(EN)],Tab_Def_Processes[Process_ID],,0,) -> 21__ | M69: =_xlfn.XLOOKUP(L69,Tab_Def_Processes[Name(EN)],Tab_Def_Processes[Process_ID],,0,) -> 21__ | O69: Yes
A70: FALSE | B70: =ROW()-1 -> 69 | C70: ="F_"&LEFT(K70,2)&"_"&LEFT(M70,2) -> F_21_21 | K70: =_xlfn.XLOOKUP(J70,Tab_Def_Processes[Name(EN)],Tab_Def_Processes[Process_ID],,0,) -> 21__ | M70: =_xlfn.XLOOKUP(L70,Tab_Def_Processes[Name(EN)],Tab_Def_Processes[Process_ID],,0,) -> 21__ | O70: Yes
A71: FALSE | B71: =ROW()-1 -> 70 | C71: ="F_"&LEFT(K71,2)&"_"&LEFT(M71,2) -> F_21_21 | K71: =_xlfn.XLOOKUP(J71,Tab_Def_Processes[Name(EN)],Tab_Def_Processes[Process_ID],,0,) -> 21__ | M71: =_xlfn.XLOOKUP(L71,Tab_Def_Processes[Name(EN)],Tab_Def_Processes[Process_ID],,0,) -> 21__ | O71: Yes
A72: FALSE | B72: =ROW()-1 -> 71 | C72: ="F_"&LEFT(K72,2)&"_"&LEFT(M72,2) -> F_21_21 | K72: =_xlfn.XLOOKUP(J72,Tab_Def_Processes[Name(EN)],Tab_Def_Processes[Process_ID],,0,) -> 21__ | M72: =_xlfn.XLOOKUP(L72,Tab_Def_Processes[Name(EN)],Tab_Def_Processes[Process_ID],,0,) -> 21__ | O72: Yes
A73: FALSE | B73: =ROW()-1 -> 72 | C73: ="F_"&LEFT(K73,2)&"_"&LEFT(M73,2) -> F_21_21 | K73: =_xlfn.XLOOKUP(J73,Tab_Def_Processes[Name(EN)],Tab_Def_Processes[Process_ID],,0,) -> 21__ | M73: =_xlfn.XLOOKUP(L73,Tab_Def_Processes[Name(EN)],Tab_Def_Processes[Process_ID],,0,) -> 21__ | O73: Yes
A74: FALSE | B74: =ROW()-1 -> 73 | C74: ="F_"&LEFT(K74,2)&"_"&LEFT(M74,2) -> F_21_21 | K74: =_xlfn.XLOOKUP(J74,Tab_Def_Processes[Name(EN)],Tab_Def_Processes[Process_ID],,0,) -> 21__ | M74: =_xlfn.XLOOKUP(L74,Tab_Def_Processes[Name(EN)],Tab_Def_Processes[Process_ID],,0,) -> 21__ | O74: Yes
... A77: FALSE | B77: =ROW()-1 -> 76 | C77: ="F_"&LEFT(K77,2)&"_"&LEFT(M77,2) -> F_21_21 | K77: =_xlfn.XLOOKUP(J77,Tab_Def_Processes[Name(EN)],Tab_Def_Processes[Process_ID],,0,) -> 21__ | M77: =_xlfn.XLOOKUP(L77,Tab_Def_Processes[Name(EN)],Tab_Def_Processes[Process_ID],,0,) -> 21__ | O77: Yes

Sheet 1_2_Data_Flows
A1: ID | B1: Flow_ID | C1: Name(EN) | D1: Type_Biomass | E1: Output_Process | F1: Process_ID_O | G1: Input_Process | H1: Process_ID_I | I1: TC? | J1: WC? | K1: DM? | L1: CC? | M1: Year_Flow | N1: Region_Flow | O1: Flow_Source | P1: UoM_Source | Q1: Name_Source | R1: AVV | S1: Titel_Source | T1: Year_Source | U1: Author_Source | V1: Type_Source | W1: URL | X1: CF_required? | Y1: CF | Z1: Name_CF | AA1: Flow_Py | AB1: UoM_Flow_Py | AC1: WC_[%] | AD1: WC_Flow_Py | AE1: UoM_WC_Flow_Py | AF1: DM_[%] | AG1: DM_Flow_Py2 | AH1: UoM_DM_Flow_Py | AI1: CC_[%] | AJ1: CC_Flow_Py | AK1: UoM_CC_Flow_Py
A2: =ROW()-1 -> 1 | B2: =_xlfn.XLOOKUP(C2,Tab_Def_Flows[Name(EN)],Tab_Def_Flows[Flow_ID],,0,) -> F_13_20 | C2: Rye plant | D2: =_xlfn.XLOOKUP(C2,Tab_Def_Flows[Name(EN)],Tab_Def_Flows[Type_Biomass],,0,) -> 0 | E2: =_xlfn.XLOOKUP(C2,Tab_Def_Flows[Name(EN)],Tab_Def_Flows[Output_Process],,0,) -> Rye cultivation | F2: =_xlfn.XLOOKUP(C2,Tab_Def_Flows[Name(EN)],Tab_Def_Flows[Process_ID_O],,0,) -> 13_Rye_BB | G2: =_xlfn.XLOOKUP(C2,Tab_Def_Flows[Name(EN)],Tab_Def_Flows[Input_Process],,0,) -> Rye cultivation and harvest | H2: =_xlfn.XLOOKUP(C2,Tab_Def_Flows[Name(EN)],Tab_Def_Flows[Process_ID_I],,0,) -> 20_Rye_BB | I2: =_xlfn.XLOOKUP(C2,Tab_Def_Flows[Name(EN)],Tab_Def_Flows[Value_Source],,0,) -> Data_assumption | J2: =_xlfn.XLOOKUP(C2,Tab_Def_Flows[Name(EN)],Tab_Def_Flows[WC?],,0,) -> Yes | K2: =_xlfn.XLOOKUP(C2,Tab_Def_Flows[Name(EN)],Tab_Def_Flows[DM?],,0,) -> Yes | L2: =_xlfn.XLOOKUP(C2,Tab_Def_Flows[Name(EN)],Tab_Def_Flows[CC?],,0,) -> Yes | M2: 2022 | N2: BB | O2: 129 | P2: Mg/a | Q2: Stramento | X2: No | Y2: 365 | AA2: =IF(X2="no",O2,O2*Y2) -> 129 | AB2: Mg | AC2: =INDEX(Tab_Def_Flows[[Flow_ID]:[CC_DM_source]],MATCH(Tab_Data_Flows[[#This Row],[Name(EN)]],Tab_Def_Flows[Name(EN)],0),16) -> 0.06 | AD2: =IF(J2="Yes",AA2*Tab_Data_Flows[[#This Row],[WC_'[%']]],"N.A.") -> 7.74 | AE2: =Tab_Data_Flows[[#This Row],[UoM_Flow_Py]] -> Mg | AF2: =INDEX(Tab_Def_Flows[[Flow_ID]:[CC_DM_source]],MATCH(Tab_Data_Flows[[#This Row],[Name(EN)]],Tab_Def_Flows[Name(EN)],0),18) -> 0.94 | AG2: =IF(K2="Yes",AF2*Tab_Data_Flows[[#This Row],[Flow_Py]],"N.A.") -> 121.26 | AH2: =Tab_Data_Flows[[#This Row],[UoM_Flow_Py]] -> Mg | AI2: =INDEX(Tab_Def_Flows[[Flow_ID]:[CC_DM_source]],MATCH(Tab_Data_Flows[[#This Row],[Name(EN)]],Tab_Def_Flows[Name(EN)],0),20) -> 0.49 | AJ2: =IF(L2="Yes",AI2*Tab_Data_Flows[[#This Row],[Flow_Py]],"N.A.") -> 63.21 | AK2: =Tab_Data_Flows[[#This Row],[UoM_Flow_Py]] -> Mg
A3: =ROW()-1 -> 2 | B3: =_xlfn.XLOOKUP(C3,Tab_Def_Flows[Name(EN)],Tab_Def_Flows[Flow_ID],,0,) -> F_04_01 | C3: Cow Manure | D3: =_xlfn.XLOOKUP(C3,Tab_Def_Flows[Name(EN)],Tab_Def_Flows[Type_Biomass],,0,) -> 0 | E3: =_xlfn.XLOOKUP(C3,Tab_Def_Flows[Name(EN)],Tab_Def_Flows[Output_Process],,0,) -> Life stock farming | F3: =_xlfn.XLOOKUP(C3,Tab_Def_Flows[Name(EN)],Tab_Def_Flows[Process_ID_O],,0,) -> 04_Lif_BB | G3: =_xlfn.XLOOKUP(C3,Tab_Def_Flows[Name(EN)],Tab_Def_Flows[Input_Process],,0,) -> Biogas production | H3: =_xlfn.XLOOKUP(C3,Tab_Def_Flows[Name(EN)],Tab_Def_Flows[Process_ID_I],,0,) -> 01_Bio_BB | I3: =_xlfn.XLOOKUP(C3,Tab_Def_Flows[Name(EN)],Tab_Def_Flows[Value_Source],,0,) -> 0 | J3: =_xlfn.XLOOKUP(C3,Tab_Def_Flows[Name(EN)],Tab_Def_Flows[WC?],,0,) -> Yes | K3: =_xlfn.XLOOKUP(C3,Tab_Def_Flows[Name(EN)],Tab_Def_Flows[DM?],,0,) -> Yes | L3: =_xlfn.XLOOKUP(C3,Tab_Def_Flows[Name(EN)],Tab_Def_Flows[CC?],,0,) -> Yes | M3: 2022 | N3: BB | O3: 39 | P3: Mg/a | X3: No | AA3: =IF(X3="no",O3,O3*Y3) -> 39 | AB3: Mg | AC3: =INDEX(Tab_Def_Flows[[Flow_ID]:[CC_DM_source]],MATCH(Tab_Data_Flows[[#This Row],[Name(EN)]],Tab_Def_Flows[Name(EN)],0),16) -> 0.94 | AD3: =IF(J3="Yes",AA3*Tab_Data_Flows[[#This Row],[WC_'[%']]],"N.A.") -> 36.66 | AE3: =Tab_Data_Flows[[#This Row],[UoM_Flow_Py]] -> Mg | AF3: =INDEX(Tab_Def_Flows[[Flow_ID]:[CC_DM_source]],MATCH(Tab_Data_Flows[[#This Row],[Name(EN)]],Tab_Def_Flows[Name(EN)],0),18) -> 0.06 | AG3: =IF(K3="Yes",AF3*Tab_Data_Flows[[#This Row],[Flow_Py]],"N.A.") -> 2.34 | AH3: =Tab_Data_Flows[[#This Row],[UoM_Flow_Py]] -> Mg | AI3: =INDEX(Tab_Def_Flows[[Flow_ID]:[CC_DM_source]],MATCH(Tab_Data_Flows[[#This Row],[Name(EN)]],Tab_Def_Flows[Name(EN)],0),20) -> 0.49 | AJ3: =IF(L3="Yes",AI3*Tab_Data_Flows[[#This Row],[Flow_Py]],"N.A.") -> 19.11 | AK3: =Tab_Data_Flows[[#This Row],[UoM_Flow_Py]] -> Mg
A4: =ROW()-1 -> 3 | B4: =_xlfn.XLOOKUP(C4,Tab_Def_Flows[Name(EN)],Tab_Def_Flows[Flow_ID],,0,) -> F_11_02 | C4: Millet grain | D4: =_xlfn.XLOOKUP(C4,Tab_Def_Flows[Name(EN)],Tab_Def_Flows[Type_Biomass],,0,) -> 0 | E4: =_xlfn.XLOOKUP(C4,Tab_Def_Flows[Name(EN)],Tab_Def_Flows[Output_Process],,0,) -> Millet production | F4: =_xlfn.XLOOKUP(C4,Tab_Def_Flows[Name(EN)],Tab_Def_Flows[Process_ID_O],,0,) -> 11_Mil_BB | G4: =_xlfn.XLOOKUP(C4,Tab_Def_Flows[Name(EN)],Tab_Def_Flows[Input_Process],,0,) -> MBC production | H4: =_xlfn.XLOOKUP(C4,Tab_Def_Flows[Name(EN)],Tab_Def_Flows[Process_ID_I],,0,) -> 02_MBC_BB | I4: =_xlfn.XLOOKUP(C4,Tab_Def_Flows[Name(EN)],Tab_Def_Flows[Value_Source],,0,) -> 0 | J4: =_xlfn.XLOOKUP(C4,Tab_Def_Flows[Name(EN)],Tab_Def_Flows[WC?],,0,) -> Yes | K4: =_xlfn.XLOOKUP(C4,Tab_Def_Flows[Name(EN)],Tab_Def_Flows[DM?],,0,) -> Yes | L4: =_xlfn.XLOOKUP(C4,Tab_Def_Flows[Name(EN)],Tab_Def_Flows[CC?],,0,) -> Yes | M4: 2022 | N4: BB | O4: 1 | P4: Mg/a | X4: No | AA4: =IF(X4="no",O4,O4*Y4) -> 1 | AB4: Mg | AC4: =INDEX(Tab_Def_Flows[[Flow_ID]:[CC_DM_source]],MATCH(Tab_Data_Flows[[#This Row],[Name(EN)]],Tab_Def_Flows[Name(EN)],0),16) -> 0.66 | AD4: =IF(J4="Yes",AA4*Tab_Data_Flows[[#This Row],[WC_'[%']]],"N.A.") -> 0.66 | AE4: =Tab_Data_Flows[[#This Row],[UoM_Flow_Py]] -> Mg | AF4: =INDEX(Tab_Def_Flows[[Flow_ID]:[CC_DM_source]],MATCH(Tab_Data_Flows[[#This Row],[Name(EN)]],Tab_Def_Flows[Name(EN)],0),18) -> 0.34 | AG4: =IF(K4="Yes",AF4*Tab_Data_Flows[[#This Row],[Flow_Py]],"N.A.") -> 0.34 | AH4: =Tab_Data_Flows[[#This Row],[UoM_Flow_Py]] -> Mg | AI4: =INDEX(Tab_Def_Flows[[Flow_ID]:[CC_DM_source]],MATCH(Tab_Data_Flows[[#This Row],[Name(EN)]],Tab_Def_Flows[Name(EN)],0),20) -> 0.47 | AJ4: =IF(L4="Yes",AI4*Tab_Data_Flows[[#This Row],[Flow_Py]],"N.A.") -> 0.47 | AK4: =Tab_Data_Flows[[#This Row],[UoM_Flow_Py]] -> Mg
A5: =ROW()-1 -> 4 | B5: =_xlfn.XLOOKUP(C5,Tab_Def_Flows[Name(EN)],Tab_Def_Flows[Flow_ID],,0,) -> F_08_02 | C5: Water Input MBC Production | D5: =_xlfn.XLOOKUP(C5,Tab_Def_Flows[Name(EN)],Tab_Def_Flows[Type_Biomass],,0,) -> 0 | E5: =_xlfn.XLOOKUP(C5,Tab_Def_Flows[Name(EN)],Tab_Def_Flows[Output_Process],,0,) -> Water System (Import) | F5: =_xlfn.XLOOKUP(C5,Tab_Def_Flows[Name(EN)],Tab_Def_Flows[Process_ID_O],,0,) -> 08_Wat_BB | G5: =_xlfn.XLOOKUP(C5,Tab_Def_Flows[Name(EN)],Tab_Def_Flows[Input_Process],,0,) -> MBC production | H5: =_xlfn.XLOOKUP(C5,Tab_Def_Flows[Name(EN)],Tab_Def_Flows[Process_ID_I],,0,) -> 02_MBC_BB | I5: =_xlfn.XLOOKUP(C5,Tab_Def_Flows[Name(EN)],Tab_Def_Flows[Value_Source],,0,) -> 0 | J5: =_xlfn.XLOOKUP(C5,Tab_Def_Flows[Name(EN)],Tab_Def_Flows[WC?],,0,) -> Yes | K5: =_xlfn.XLOOKUP(C5,Tab_Def_Flows[Name(EN)],Tab_Def_Flows[DM?],,0,) -> Yes | L5: =_xlfn.XLOOKUP(C5,Tab_Def_Flows[Name(EN)],Tab_Def_Flows[CC?],,0,) -> Yes | M5: 2022 | N5: BB | O5: 74 | P5: Mg/a | X5: No | AA5: =IF(X5="no",O5,O5*Y5) -> 74 | AB5: Mg | AC5: =INDEX(Tab_Def_Flows[[Flow_ID]:[CC_DM_source]],MATCH(Tab_Data_Flows[[#This Row],[Name(EN)]],Tab_Def_Flows[Name(EN)],0),16) -> 1 | AD5: =IF(J5="Yes",AA5*Tab_Data_Flows[[#This Row],[WC_'[%']]],"N.A.") -> 74 | AE5: =Tab_Data_Flows[[#This Row],[UoM_Flow_Py]] -> Mg | AF5: =INDEX(Tab_Def_Flows[[Flow_ID]:[CC_DM_source]],MATCH(Tab_Data_Flows[[#This Row],[Name(EN)]],Tab_Def_Flows[Name(EN)],0),18) -> 0 | AG5: =IF(K5="Yes",AF5*Tab_Data_Flows[[#This Row],[Flow_Py]],"N.A.") -> 0 | AH5: =Tab_Data_Flows[[#This Row],[UoM_Flow_Py]] -> Mg | AI5: =INDEX(Tab_Def_Flows[[Flow_ID]:[CC_DM_source]],MATCH(Tab_Data_Flows[[#This Row],[Name(EN)]],Tab_Def_Flows[Name(EN)],0),20) -> 0 | AJ5: =IF(L5="Yes",AI5*Tab_Data_Flows[[#This Row],[Flow_Py]],"N.A.") -> 0 | AK5: =Tab_Data_Flows[[#This Row],[UoM_Flow_Py]] -> Mg
A6: =ROW()-1 -> 5 | B6: =_xlfn.XLOOKUP(C6,Tab_Def_Flows[Name(EN)],Tab_Def_Flows[Flow_ID],,0,) -> F_00_13 | C6: Rye Environment | D6: =_xlfn.XLOOKUP(C6,Tab_Def_Flows[Name(EN)],Tab_Def_Flows[Type_Biomass],,0,) -> 0 | E6: =_xlfn.XLOOKUP(C6,Tab_Def_Flows[Name(EN)],Tab_Def_Flows[Output_Process],,0,) -> Environment | F6: =_xlfn.XLOOKUP(C6,Tab_Def_Flows[Name(EN)],Tab_Def_Flows[Process_ID_O],,0,) -> 00_Env_BB | G6: =_xlfn.XLOOKUP(C6,Tab_Def_Flows[Name(EN)],Tab_Def_Flows[Input_Process],,0,) -> Rye cultivation | H6: =_xlfn.XLOOKUP(C6,Tab_Def_Flows[Name(EN)],Tab_Def_Flows[Process_ID_I],,0,) -> 13_Rye_BB | I6: =_xlfn.XLOOKUP(C6,Tab_Def_Flows[Name(EN)],Tab_Def_Flows[Value_Source],,0,) -> 0 | J6: Yes | K6: Yes | L6: Yes | M6: 2022 | N6: BB | O6: 129 | P6: Mg/a | Q6: Stramento | X6: No | AA6: =IF(X6="no",O6,O6*Y6) -> 129 | AB6: Mg | AC6: =INDEX(Tab_Def_Flows[[Flow_ID]:[CC_DM_source]],MATCH(Tab_Data_Flows[[#This Row],[Name(EN)]],Tab_Def_Flows[Name(EN)],0),16) -> 0.06 | AD6: =IF(J6="Yes",AA6*Tab_Data_Flows[[#This Row],[WC_'[%']]],"N.A.") -> 7.74 | AE6: =Tab_Data_Flows[[#This Row],[UoM_Flow_Py]] -> Mg | AF6: =INDEX(Tab_Def_Flows[[Flow_ID]:[CC_DM_source]],MATCH(Tab_Data_Flows[[#This Row],[Name(EN)]],Tab_Def_Flows[Name(EN)],0),18) -> 0.94 | AG6: =IF(K6="Yes",AF6*Tab_Data_Flows[[#This Row],[Flow_Py]],"N.A.") -> 121.26 | AH6: =Tab_Data_Flows[[#This Row],[UoM_Flow_Py]] -> Mg | AI6: =INDEX(Tab_Def_Flows[[Flow_ID]:[CC_DM_source]],MATCH(Tab_Data_Flows[[#This Row],[Name(EN)]],Tab_Def_Flows[Name(EN)],0),20) -> 0.49 | AJ6: =IF(L6="Yes",AI6*Tab_Data_Flows[[#This Row],[Flow_Py]],"N.A.") -> 63.21 | AK6: =Tab_Data_Flows[[#This Row],[UoM_Flow_Py]] -> Mg
A7: =ROW()-1 -> 6 | B7: =_xlfn.XLOOKUP(C7,Tab_Def_Flows[Name(EN)],Tab_Def_Flows[Flow_ID],,0,) -> F_00_04 | C7: Cow Manure Environment | D7: =_xlfn.XLOOKUP(C7,Tab_Def_Flows[Name(EN)],Tab_Def_Flows[Type_Biomass],,0,) -> 0 | E7: =_xlfn.XLOOKUP(C7,Tab_Def_Flows[Name(EN)],Tab_Def_Flows[Output_Process],,0,) -> Environment | F7: =_xlfn.XLOOKUP(C7,Tab_Def_Flows[Name(EN)],Tab_Def_Flows[Process_ID_O],,0,) -> 00_Env_BB | G7: =_xlfn.XLOOKUP(C7,Tab_Def_Flows[Name(EN)],Tab_Def_Flows[Input_Process],,0,) -> Life stock farming | H7: =_xlfn.XLOOKUP(C7,Tab_Def_Flows[Name(EN)],Tab_Def_Flows[Process_ID_I],,0,) -> 04_Lif_BB | I7: =_xlfn.XLOOKUP(C7,Tab_Def_Flows[Name(EN)],Tab_Def_Flows[Value_Source],,0,) -> 0 | J7: Yes | K7: Yes | L7: Yes | M7: 2022 | N7: BB | O7: 39 | P7: Mg/a | X7: No | AA7: =IF(X7="no",O7,O7*Y7) -> 39 | AB7: Mg | AC7: =INDEX(Tab_Def_Flows[[Flow_ID]:[CC_DM_source]],MATCH(Tab_Data_Flows[[#This Row],[Name(EN)]],Tab_Def_Flows[Name(EN)],0),16) -> 0.94 | AD7: =IF(J7="Yes",AA7*Tab_Data_Flows[[#This Row],[WC_'[%']]],"N.A.") -> 36.66 | AE7: =Tab_Data_Flows[[#This Row],[UoM_Flow_Py]] -> Mg | AF7: =INDEX(Tab_Def_Flows[[Flow_ID]:[CC_DM_source]],MATCH(Tab_Data_Flows[[#This Row],[Name(EN)]],Tab_Def_Flows[Name(EN)],0),18) -> 0.06 | AG7: =IF(K7="Yes",AF7*Tab_Data_Flows[[#This Row],[Flow_Py]],"N.A.") -> 2.34 | AH7: =Tab_Data_Flows[[#This Row],[UoM_Flow_Py]] -> Mg | AI7: =INDEX(Tab_Def_Flows[[Flow_ID]:[CC_DM_source]],MATCH(Tab_Data_Flows[[#This Row],[Name(EN)]],Tab_Def_Flows[Name(EN)],0),20) -> 0.49 | AJ7: =IF(L7="Yes",AI7*Tab_Data_Flows[[#This Row],[Flow_Py]],"N.A.") -> 19.11 | AK7: =Tab_Data_Flows[[#This Row],[UoM_Flow_Py]] -> Mg
A8: =ROW()-1 -> 7 | B8: =_xlfn.XLOOKUP(C8,Tab_Def_Flows[Name(EN)],Tab_Def_Flows[Flow_ID],,0,) -> F_00_11 | C8: Millet grain Environment | D8: =_xlfn.XLOOKUP(C8,Tab_Def_Flows[Name(EN)],Tab_Def_Flows[Type_Biomass],,0,) -> 0 | E8: =_xlfn.XLOOKUP(C8,Tab_Def_Flows[Name(EN)],Tab_Def_Flows[Output_Process],,0,) -> Environment | F8: =_xlfn.XLOOKUP(C8,Tab_Def_Flows[Name(EN)],Tab_Def_Flows[Process_ID_O],,0,) -> 00_Env_BB | G8: =_xlfn.XLOOKUP(C8,Tab_Def_Flows[Name(EN)],Tab_Def_Flows[Input_Process],,0,) -> Millet production | H8: =_xlfn.XLOOKUP(C8,Tab_Def_Flows[Name(EN)],Tab_Def_Flows[Process_ID_I],,0,) -> 11_Mil_BB | I8: =_xlfn.XLOOKUP(C8,Tab_Def_Flows[Name(EN)],Tab_Def_Flows[Value_Source],,0,) -> 0 | J8: Yes | K8: Yes | L8: Yes | M8: 2022 | N8: BB | O8: 1 | P8: Mg/a | X8: No | AA8: =IF(X8="no",O8,O8*Y8) -> 1 | AB8: Mg | AC8: =INDEX(Tab_Def_Flows[[Flow_ID]:[CC_DM_source]],MATCH(Tab_Data_Flows[[#This Row],[Name(EN)]],Tab_Def_Flows[Name(EN)],0),16) -> 0.66 | AD8: =IF(J8="Yes",AA8*Tab_Data_Flows[[#This Row],[WC_'[%']]],"N.A.") -> 0.66 | AE8: =Tab_Data_Flows[[#This Row],[UoM_Flow_Py]] -> Mg | AF8: =INDEX(Tab_Def_Flows[[Flow_ID]:[CC_DM_source]],MATCH(Tab_Data_Flows[[#This Row],[Name(EN)]],Tab_Def_Flows[Name(EN)],0),18) -> 0.34 | AG8: =IF(K8="Yes",AF8*Tab_Data_Flows[[#This Row],[Flow_Py]],"N.A.") -> 0.34 | AH8: =Tab_Data_Flows[[#This Row],[UoM_Flow_Py]] -> Mg | AI8: =INDEX(Tab_Def_Flows[[Flow_ID]:[CC_DM_source]],MATCH(Tab_Data_Flows[[#This Row],[Name(EN)]],Tab_Def_Flows[Name(EN)],0),20) -> 0.47 | AJ8: =IF(L8="Yes",AI8*Tab_Data_Flows[[#This Row],[Flow_Py]],"N.A.") -> 0.47 | AK8: =Tab_Data_Flows[[#This Row],[UoM_Flow_Py]] -> Mg
A9: =ROW()-1 -> 8 | B9: =_xlfn.XLOOKUP(C9,Tab_Def_Flows[Name(EN)],Tab_Def_Flows[Flow_ID],,0,) -> F_00_08 | C9: Water Environment | D9: =_xlfn.XLOOKUP(C9,Tab_Def_Flows[Name(EN)],Tab_Def_Flows[Type_Biomass],,0,) -> 0 | E9: =_xlfn.XLOOKUP(C9,Tab_Def_Flows[Name(EN)],Tab_Def_Flows[Output_Process],,0,) -> Environment | F9: =_xlfn.XLOOKUP(C9,Tab_Def_Flows[Name(EN)],Tab_Def_Flows[Process_ID_O],,0,) -> 00_Env_BB | G9: =_xlfn.XLOOKUP(C9,Tab_Def_Flows[Name(EN)],Tab_Def_Flows[Input_Process],,0,) -> Water System (Import) | H9: =_xlfn.XLOOKUP(C9,Tab_Def_Flows[Name(EN)],Tab_Def_Flows[Process_ID_I],,0,) -> 08_Wat_BB | I9: =_xlfn.XLOOKUP(C9,Tab_Def_Flows[Name(EN)],Tab_Def_Flows[Value_Source],,0,) -> 0 | J9: Yes | K9: Yes | L9: No | M9: 2022 | N9: BB | O9: 74 | P9: Mg/a | X9: No | AA9: =IF(X9="no",O9,O9*Y9) -> 74 | AB9: Mg | AC9: =INDEX(Tab_Def_Flows[[Flow_ID]:[CC_DM_source]],MATCH(Tab_Data_Flows[[#This Row],[Name(EN)]],Tab_Def_Flows[Name(EN)],0),16) -> 1 | AD9: =IF(J9="Yes",AA9*Tab_Data_Flows[[#This Row],[WC_'[%']]],"N.A.") -> 74 | AE9: =Tab_Data_Flows[[#This Row],[UoM_Flow_Py]] -> Mg | AF9: =INDEX(Tab_Def_Flows[[Flow_ID]:[CC_DM_source]],MATCH(Tab_Data_Flows[[#This Row],[Name(EN)]],Tab_Def_Flows[Name(EN)],0),18) -> 0 | AG9: =IF(K9="Yes",AF9*Tab_Data_Flows[[#This Row],[Flow_Py]],"N.A.") -> 0 | AH9: =Tab_Data_Flows[[#This Row],[UoM_Flow_Py]] -> Mg | AI9: =INDEX(Tab_Def_Flows[[Flow_ID]:[CC_DM_source]],MATCH(Tab_Data_Flows[[#This Row],[Name(EN)]],Tab_Def_Flows[Name(EN)],0),20) -> 0 | AJ9: =IF(L9="Yes",AI9*Tab_Data_Flows[[#This Row],[Flow_Py]],"N.A.") -> N.A. | AK9: =Tab_Data_Flows[[#This Row],[UoM_Flow_Py]] -> Mg
A10: =ROW()-1 -> 9 | B10: =_xlfn.XLOOKUP(C10,Tab_Def_Flows[Name(EN)],Tab_Def_Flows[Flow_ID],,0,) -> F_21_21 | D10: =_xlfn.XLOOKUP(C10,Tab_Def_Flows[Name(EN)],Tab_Def_Flows[Type_Biomass],,0,) -> 0 | E10: =_xlfn.XLOOKUP(C10,Tab_Def_Flows[Name(EN)],Tab_Def_Flows[Output_Process],,0,) -> 0 | F10: =_xlfn.XLOOKUP(C10,Tab_Def_Flows[Name(EN)],Tab_Def_Flows[Process_ID_O],,0,) -> 21__ | G10: =_xlfn.XLOOKUP(C10,Tab_Def_Flows[Name(EN)],Tab_Def_Flows[Input_Process],,0,) -> 0 | H10: =_xlfn.XLOOKUP(C10,Tab_Def_Flows[Name(EN)],Tab_Def_Flows[Process_ID_I],,0,) -> 21__ | I10: =_xlfn.XLOOKUP(C10,Tab_Def_Flows[Name(EN)],Tab_Def_Flows[Value_Source],,0,) -> 0 | J10: =_xlfn.XLOOKUP(C10,Tab_Def_Flows[Name(EN)],Tab_Def_Flows[WC?],,0,) -> 0 | K10: =_xlfn.XLOOKUP(C10,Tab_Def_Flows[Name(EN)],Tab_Def_Flows[DM?],,0,) -> 0 | L10: =_xlfn.XLOOKUP(C10,Tab_Def_Flows[Name(EN)],Tab_Def_Flows[CC?],,0,) -> 0 | AA10: =IF(X10="no",O10,O10*Y10) -> 0 | AB10: Mg | AC10: =INDEX(Tab_Def_Flows[[Flow_ID]:[CC_DM_source]],MATCH(Tab_Data_Flows[[#This Row],[Name(EN)]],Tab_Def_Flows[Name(EN)],0),16) -> #N/A | AD10: =IF(J10="Yes",AA10*Tab_Data_Flows[[#This Row],[WC_'[%']]],"N.A.") -> N.A. | AE10: =Tab_Data_Flows[[#This Row],[UoM_Flow_Py]] -> Mg | AF10: =INDEX(Tab_Def_Flows[[Flow_ID]:[CC_DM_source]],MATCH(Tab_Data_Flows[[#This Row],[Name(EN)]],Tab_Def_Flows[Name(EN)],0),18) -> #N/A | AG10: =IF(K10="Yes",AF10*Tab_Data_Flows[[#This Row],[Flow_Py]],"N.A.") -> N.A. | AH10: =Tab_Data_Flows[[#This Row],[UoM_Flow_Py]] -> Mg | AI10: =INDEX(Tab_Def_Flows[[Flow_ID]:[CC_DM_source]],MATCH(Tab_Data_Flows[[#This Row],[Name(EN)]],Tab_Def_Flows[Name(EN)],0),20) -> #N/A | AJ10: =IF(L10="Yes",AI10*Tab_Data_Flows[[#This Row],[Flow_Py]],"N.A.") -> N.A. | AK10: =Tab_Data_Flows[[#This Row],[UoM_Flow_Py]] -> Mg
A11: =ROW()-1 -> 10 | B11: =_xlfn.XLOOKUP(C11,Tab_Def_Flows[Name(EN)],Tab_Def_Flows[Flow_ID],,0,) -> F_21_21 | D11: =_xlfn.XLOOKUP(C11,Tab_Def_Flows[Name(EN)],Tab_Def_Flows[Type_Biomass],,0,) -> 0 | E11: =_xlfn.XLOOKUP(C11,Tab_Def_Flows[Name(EN)],Tab_Def_Flows[Output_Process],,0,) -> 0 | F11: =_xlfn.XLOOKUP(C11,Tab_Def_Flows[Name(EN)],Tab_Def_Flows[Process_ID_O],,0,) -> 21__ | G11: =_xlfn.XLOOKUP(C11,Tab_Def_Flows[Name(EN)],Tab_Def_Flows[Input_Process],,0,) -> 0 | H11: =_xlfn.XLOOKUP(C11,Tab_Def_Flows[Name(EN)],Tab_Def_Flows[Process_ID_I],,0,) -> 21__ | I11: =_xlfn.XLOOKUP(C11,Tab_Def_Flows[Name(EN)],Tab_Def_Flows[Value_Source],,0,) -> 0 | J11: =_xlfn.XLOOKUP(C11,Tab_Def_Flows[Name(EN)],Tab_Def_Flows[WC?],,0,) -> 0 | K11: =_xlfn.XLOOKUP(C11,Tab_Def_Flows[Name(EN)],Tab_Def_Flows[DM?],,0,) -> 0 | L11: =_xlfn.XLOOKUP(C11,Tab_Def_Flows[Name(EN)],Tab_Def_Flows[CC?],,0,) -> 0 | AA11: =IF(X11="no",O11,O11*Y11) -> 0 | AB11: Mg | AC11: =INDEX(Tab_Def_Flows[[Flow_ID]:[CC_DM_source]],MATCH(Tab_Data_Flows[[#This Row],[Name(EN)]],Tab_Def_Flows[Name(EN)],0),16) -> #N/A | AD11: =IF(J11="Yes",AA11*Tab_Data_Flows[[#This Row],[WC_'[%']]],"N.A.") -> N.A. | AE11: =Tab_Data_Flows[[#This Row],[UoM_Flow_Py]] -> Mg | AF11: =INDEX(Tab_Def_Flows[[Flow_ID]:[CC_DM_source]],MATCH(Tab_Data_Flows[[#This Row],[Name(EN)]],Tab_Def_Flows[Name(EN)],0),18) -> #N/A | AG11: =IF(K11="Yes",AF11*Tab_Data_Flows[[#This Row],[Flow_Py]],"N.A.") -> N.A. | AH11: =Tab_Data_Flows[[#This Row],[UoM_Flow_Py]] -> Mg | AI11: =INDEX(Tab_Def_Flows[[Flow_ID]:[CC_DM_source]],MATCH(Tab_Data_Flows[[#This Row],[Name(EN)]],Tab_Def_Flows[Name(EN)],0),20) -> #N/A | AJ11: =IF(L11="Yes",AI11*Tab_Data_Flows[[#This Row],[Flow_Py]],"N.A.") -> N.A. | AK11: =Tab_Data_Flows[[#This Row],[UoM_Flow_Py]] -> Mg
A12: =ROW()-1 -> 11 | B12: =_xlfn.XLOOKUP(C12,Tab_Def_Flows[Name(EN)],Tab_Def_Flows[Flow_ID],,0,) -> F_21_21 | D12: =_xlfn.XLOOKUP(C12,Tab_Def_Flows[Name(EN)],Tab_Def_Flows[Type_Biomass],,0,) -> 0 | E12: =_xlfn.XLOOKUP(C12,Tab_Def_Flows[Name(EN)],Tab_Def_Flows[Output_Process],,0,) -> 0 | F12: =_xlfn.XLOOKUP(C12,Tab_Def_Flows[Name(EN)],Tab_Def_Flows[Process_ID_O],,0,) -> 21__ | G12: =_xlfn.XLOOKUP(C12,Tab_Def_Flows[Name(EN)],Tab_Def_Flows[Input_Process],,0,) -> 0 | H12: =_xlfn.XLOOKUP(C12,Tab_Def_Flows[Name(EN)],Tab_Def_Flows[Process_ID_I],,0,) -> 21__ | I12: =_xlfn.XLOOKUP(C12,Tab_Def_Flows[Name(EN)],Tab_Def_Flows[Value_Source],,0,) -> 0 | J12: =_xlfn.XLOOKUP(C12,Tab_Def_Flows[Name(EN)],Tab_Def_Flows[WC?],,0,) -> 0 | K12: =_xlfn.XLOOKUP(C12,Tab_Def_Flows[Name(EN)],Tab_Def_Flows[DM?],,0,) -> 0 | L12: =_xlfn.XLOOKUP(C12,Tab_Def_Flows[Name(EN)],Tab_Def_Flows[CC?],,0,) -> 0 | AA12: =IF(X12="no",O12,O12*Y12) -> 0 | AB12: Mg | AC12: =INDEX(Tab_Def_Flows[[Flow_ID]:[CC_DM_source]],MATCH(Tab_Data_Flows[[#This Row],[Name(EN)]],Tab_Def_Flows[Name(EN)],0),16) -> #N/A | AD12: =IF(J12="Yes",AA12*Tab_Data_Flows[[#This Row],[WC_'[%']]],"N.A.") -> N.A. | AE12: =Tab_Data_Flows[[#This Row],[UoM_Flow_Py]] -> Mg | AF12: =INDEX(Tab_Def_Flows[[Flow_ID]:[CC_DM_source]],MATCH(Tab_Data_Flows[[#This Row],[Name(EN)]],Tab_Def_Flows[Name(EN)],0),18) -> #N/A | AG12: =IF(K12="Yes",AF12*Tab_Data_Flows[[#This Row],[Flow_Py]],"N.A.") -> N.A. | AH12: =Tab_Data_Flows[[#This Row],[UoM_Flow_Py]] -> Mg | AI12: =INDEX(Tab_Def_Flows[[Flow_ID]:[CC_DM_source]],MATCH(Tab_Data_Flows[[#This Row],[Name(EN)]],Tab_Def_Flows[Name(EN)],0),20) -> #N/A | AJ12: =IF(L12="Yes",AI12*Tab_Data_Flows[[#This Row],[Flow_Py]],"N.A.") -> N.A. | AK12: =Tab_Data_Flows[[#This Row],[UoM_Flow_Py]] -> Mg
A13: =ROW()-1 -> 12 | B13: =_xlfn.XLOOKUP(C13,Tab_Def_Flows[Name(EN)],Tab_Def_Flows[Flow_ID],,0,) -> F_21_21 | D13: =_xlfn.XLOOKUP(C13,Tab_Def_Flows[Name(EN)],Tab_Def_Flows[Type_Biomass],,0,) -> 0 | E13: =_xlfn.XLOOKUP(C13,Tab_Def_Flows[Name(EN)],Tab_Def_Flows[Output_Process],,0,) -> 0 | F13: =_xlfn.XLOOKUP(C13,Tab_Def_Flows[Name(EN)],Tab_Def_Flows[Process_ID_O],,0,) -> 21__ | G13: =_xlfn.XLOOKUP(C13,Tab_Def_Flows[Name(EN)],Tab_Def_Flows[Input_Process],,0,) -> 0 | H13: =_xlfn.XLOOKUP(C13,Tab_Def_Flows[Name(EN)],Tab_Def_Flows[Process_ID_I],,0,) -> 21__ | I13: =_xlfn.XLOOKUP(C13,Tab_Def_Flows[Name(EN)],Tab_Def_Flows[Value_Source],,0,) -> 0 | J13: =_xlfn.XLOOKUP(C13,Tab_Def_Flows[Name(EN)],Tab_Def_Flows[WC?],,0,) -> 0 | K13: =_xlfn.XLOOKUP(C13,Tab_Def_Flows[Name(EN)],Tab_Def_Flows[DM?],,0,) -> 0 | L13: =_xlfn.XLOOKUP(C13,Tab_Def_Flows[Name(EN)],Tab_Def_Flows[CC?],,0,) -> 0 | AA13: =IF(X13="no",O13,O13*Y13) -> 0 | AB13: Mg | AC13: =INDEX(Tab_Def_Flows[[Flow_ID]:[CC_DM_source]],MATCH(Tab_Data_Flows[[#This Row],[Name(EN)]],Tab_Def_Flows[Name(EN)],0),16) -> #N/A | AD13: =IF(J13="Yes",AA13*Tab_Data_Flows[[#This Row],[WC_'[%']]],"N.A.") -> N.A. | AE13: =Tab_Data_Flows[[#This Row],[UoM_Flow_Py]] -> Mg | AF13: =INDEX(Tab_Def_Flows[[Flow_ID]:[CC_DM_source]],MATCH(Tab_Data_Flows[[#This Row],[Name(EN)]],Tab_Def_Flows[Name(EN)],0),18) -> #N/A | AG13: =IF(K13="Yes",AF13*Tab_Data_Flows[[#This Row],[Flow_Py]],"N.A.") -> N.A. | AH13: =Tab_Data_Flows[[#This Row],[UoM_Flow_Py]] -> Mg | AI13: =INDEX(Tab_Def_Flows[[Flow_ID]:[CC_DM_source]],MATCH(Tab_Data_Flows[[#This Row],[Name(EN)]],Tab_Def_Flows[Name(EN)],0),20) -> #N/A | AJ13: =IF(L13="Yes",AI13*Tab_Data_Flows[[#This Row],[Flow_Py]],"N.A.") -> N.A. | AK13: =Tab_Data_Flows[[#This Row],[UoM_Flow_Py]] -> Mg
A14: =ROW()-1 -> 13 | B14: =_xlfn.XLOOKUP(C14,Tab_Def_Flows[Name(EN)],Tab_Def_Flows[Flow_ID],,0,) -> F_21_21 | D14: =_xlfn.XLOOKUP(C14,Tab_Def_Flows[Name(EN)],Tab_Def_Flows[Type_Biomass],,0,) -> 0 | E14: =_xlfn.XLOOKUP(C14,Tab_Def_Flows[Name(EN)],Tab_Def_Flows[Output_Process],,0,) -> 0 | F14: =_xlfn.XLOOKUP(C14,Tab_Def_Flows[Name(EN)],Tab_Def_Flows[Process_ID_O],,0,) -> 21__ | G14: =_xlfn.XLOOKUP(C14,Tab_Def_Flows[Name(EN)],Tab_Def_Flows[Input_Process],,0,) -> 0 | H14: =_xlfn.XLOOKUP(C14,Tab_Def_Flows[Name(EN)],Tab_Def_Flows[Process_ID_I],,0,) -> 21__ | I14: =_xlfn.XLOOKUP(C14,Tab_Def_Flows[Name(EN)],Tab_Def_Flows[Value_Source],,0,) -> 0 | J14: =_xlfn.XLOOKUP(C14,Tab_Def_Flows[Name(EN)],Tab_Def_Flows[WC?],,0,) -> 0 | K14: =_xlfn.XLOOKUP(C14,Tab_Def_Flows[Name(EN)],Tab_Def_Flows[DM?],,0,) -> 0 | L14: =_xlfn.XLOOKUP(C14,Tab_Def_Flows[Name(EN)],Tab_Def_Flows[CC?],,0,) -> 0 | AA14: =IF(X14="no",O14,O14*Y14) -> 0 | AB14: Mg | AC14: =INDEX(Tab_Def_Flows[[Flow_ID]:[CC_DM_source]],MATCH(Tab_Data_Flows[[#This Row],[Name(EN)]],Tab_Def_Flows[Name(EN)],0),16) -> #N/A | AD14: =IF(J14="Yes",AA14*Tab_Data_Flows[[#This Row],[WC_'[%']]],"N.A.") -> N.A. | AE14: =Tab_Data_Flows[[#This Row],[UoM_Flow_Py]] -> Mg | AF14: =INDEX(Tab_Def_Flows[[Flow_ID]:[CC_DM_source]],MATCH(Tab_Data_Flows[[#This Row],[Name(EN)]],Tab_Def_Flows[Name(EN)],0),18) -> #N/A | AG14: =IF(K14="Yes",AF14*Tab_Data_Flows[[#This Row],[Flow_Py]],"N.A.") -> N.A. | AH14: =Tab_Data_Flows[[#This Row],[UoM_Flow_Py]] -> Mg | AI14: =INDEX(Tab_Def_Flows[[Flow_ID]:[CC_DM_source]],MATCH(Tab_Data_Flows[[#This Row],[Name(EN)]],Tab_Def_Flows[Name(EN)],0),20) -> #N/A | AJ14: =IF(L14="Yes",AI14*Tab_Data_Flows[[#This Row],[Flow_Py]],"N.A.") -> N.A. | AK14: =Tab_Data_Flows[[#This Row],[UoM_Flow_Py]] -> Mg
A15: =ROW()-1 -> 14 | B15: =_xlfn.XLOOKUP(C15,Tab_Def_Flows[Name(EN)],Tab_Def_Flows[Flow_ID],,0,) -> F_21_21 | D15: =_xlfn.XLOOKUP(C15,Tab_Def_Flows[Name(EN)],Tab_Def_Flows[Type_Biomass],,0,) -> 0 | E15: =_xlfn.XLOOKUP(C15,Tab_Def_Flows[Name(EN)],Tab_Def_Flows[Output_Process],,0,) -> 0 | F15: =_xlfn.XLOOKUP(C15,Tab_Def_Flows[Name(EN)],Tab_Def_Flows[Process_ID_O],,0,) -> 21__ | G15: =_xlfn.XLOOKUP(C15,Tab_Def_Flows[Name(EN)],Tab_Def_Flows[Input_Process],,0,) -> 0 | H15: =_xlfn.XLOOKUP(C15,Tab_Def_Flows[Name(EN)],Tab_Def_Flows[Process_ID_I],,0,) -> 21__ | I15: =_xlfn.XLOOKUP(C15,Tab_Def_Flows[Name(EN)],Tab_Def_Flows[Value_Source],,0,) -> 0 | J15: =_xlfn.XLOOKUP(C15,Tab_Def_Flows[Name(EN)],Tab_Def_Flows[WC?],,0,) -> 0 | K15: =_xlfn.XLOOKUP(C15,Tab_Def_Flows[Name(EN)],Tab_Def_Flows[DM?],,0,) -> 0 | L15: =_xlfn.XLOOKUP(C15,Tab_Def_Flows[Name(EN)],Tab_Def_Flows[CC?],,0,) -> 0 | AA15: =IF(X15="no",O15,O15*Y15) -> 0 | AB15: Mg | AC15: =INDEX(Tab_Def_Flows[[Flow_ID]:[CC_DM_source]],MATCH(Tab_Data_Flows[[#This Row],[Name(EN)]],Tab_Def_Flows[Name(EN)],0),16) -> #N/A | AD15: =IF(J15="Yes",AA15*Tab_Data_Flows[[#This Row],[WC_'[%']]],"N.A.") -> N.A. | AE15: =Tab_Data_Flows[[#This Row],[UoM_Flow_Py]] -> Mg | AF15: =INDEX(Tab_Def_Flows[[Flow_ID]:[CC_DM_source]],MATCH(Tab_Data_Flows[[#This Row],[Name(EN)]],Tab_Def_Flows[Name(EN)],0),18) -> #N/A | AG15: =IF(K15="Yes",AF15*Tab_Data_Flows[[#This Row],[Flow_Py]],"N.A.") -> N.A. | AH15: =Tab_Data_Flows[[#This Row],[UoM_Flow_Py]] -> Mg | AI15: =INDEX(Tab_Def_Flows[[Flow_ID]:[CC_DM_source]],MATCH(Tab_Data_Flows[[#This Row],[Name(EN)]],Tab_Def_Flows[Name(EN)],0),20) -> #N/A | AJ15: =IF(L15="Yes",AI15*Tab_Data_Flows[[#This Row],[Flow_Py]],"N.A.") -> N.A. | AK15: =Tab_Data_Flows[[#This Row],[UoM_Flow_Py]] -> Mg
A16: =ROW()-1 -> 15 | B16: =_xlfn.XLOOKUP(C16,Tab_Def_Flows[Name(EN)],Tab_Def_Flows[Flow_ID],,0,) -> F_21_21 | D16: =_xlfn.XLOOKUP(C16,Tab_Def_Flows[Name(EN)],Tab_Def_Flows[Type_Biomass],,0,) -> 0 | E16: =_xlfn.XLOOKUP(C16,Tab_Def_Flows[Name(EN)],Tab_Def_Flows[Output_Process],,0,) -> 0 | F16: =_xlfn.XLOOKUP(C16,Tab_Def_Flows[Name(EN)],Tab_Def_Flows[Process_ID_O],,0,) -> 21__ | G16: =_xlfn.XLOOKUP(C16,Tab_Def_Flows[Name(EN)],Tab_Def_Flows[Input_Process],,0,) -> 0 | H16: =_xlfn.XLOOKUP(C16,Tab_Def_Flows[Name(EN)],Tab_Def_Flows[Process_ID_I],,0,) -> 21__ | I16: =_xlfn.XLOOKUP(C16,Tab_Def_Flows[Name(EN)],Tab_Def_Flows[Value_Source],,0,) -> 0 | J16: =_xlfn.XLOOKUP(C16,Tab_Def_Flows[Name(EN)],Tab_Def_Flows[WC?],,0,) -> 0 | K16: =_xlfn.XLOOKUP(C16,Tab_Def_Flows[Name(EN)],Tab_Def_Flows[DM?],,0,) -> 0 | L16: =_xlfn.XLOOKUP(C16,Tab_Def_Flows[Name(EN)],Tab_Def_Flows[CC?],,0,) -> 0 | AA16: =IF(X16="no",O16,O16*Y16) -> 0 | AB16: Mg | AC16: =INDEX(Tab_Def_Flows[[Flow_ID]:[CC_DM_source]],MATCH(Tab_Data_Flows[[#This Row],[Name(EN)]],Tab_Def_Flows[Name(EN)],0),16) -> #N/A | AD16: =IF(J16="Yes",AA16*Tab_Data_Flows[[#This Row],[WC_'[%']]],"N.A.") -> N.A. | AE16: =Tab_Data_Flows[[#This Row],[UoM_Flow_Py]] -> Mg | AF16: =INDEX(Tab_Def_Flows[[Flow_ID]:[CC_DM_source]],MATCH(Tab_Data_Flows[[#This Row],[Name(EN)]],Tab_Def_Flows[Name(EN)],0),18) -> #N/A | AG16: =IF(K16="Yes",AF16*Tab_Data_Flows[[#This Row],[Flow_Py]],"N.A.") -> N.A. | AH16: =Tab_Data_Flows[[#This Row],[UoM_Flow_Py]] -> Mg | AI16: =INDEX(Tab_Def_Flows[[Flow_ID]:[CC_DM_source]],MATCH(Tab_Data_Flows[[#This Row],[Name(EN)]],Tab_Def_Flows[Name(EN)],0),20) -> #N/A | AJ16: =IF(L16="Yes",AI16*Tab_Data_Flows[[#This Row],[Flow_Py]],"N.A.") -> N.A. | AK16: =Tab_Data_Flows[[#This Row],[UoM_Flow_Py]] -> Mg
A17: =ROW()-1 -> 16 | B17: =_xlfn.XLOOKUP(C17,Tab_Def_Flows[Name(EN)],Tab_Def_Flows[Flow_ID],,0,) -> F_21_21 | D17: =_xlfn.XLOOKUP(C17,Tab_Def_Flows[Name(EN)],Tab_Def_Flows[Type_Biomass],,0,) -> 0 | E17: =_xlfn.XLOOKUP(C17,Tab_Def_Flows[Name(EN)],Tab_Def_Flows[Output_Process],,0,) -> 0 | F17: =_xlfn.XLOOKUP(C17,Tab_Def_Flows[Name(EN)],Tab_Def_Flows[Process_ID_O],,0,) -> 21__ | G17: =_xlfn.XLOOKUP(C17,Tab_Def_Flows[Name(EN)],Tab_Def_Flows[Input_Process],,0,) -> 0 | H17: =_xlfn.XLOOKUP(C17,Tab_Def_Flows[Name(EN)],Tab_Def_Flows[Process_ID_I],,0,) -> 21__ | I17: =_xlfn.XLOOKUP(C17,Tab_Def_Flows[Name(EN)],Tab_Def_Flows[Value_Source],,0,) -> 0 | J17: =_xlfn.XLOOKUP(C17,Tab_Def_Flows[Name(EN)],Tab_Def_Flows[WC?],,0,) -> 0 | K17: =_xlfn.XLOOKUP(C17,Tab_Def_Flows[Name(EN)],Tab_Def_Flows[DM?],,0,) -> 0 | L17: =_xlfn.XLOOKUP(C17,Tab_Def_Flows[Name(EN)],Tab_Def_Flows[CC?],,0,) -> 0 | AA17: =IF(X17="no",O17,O17*Y17) -> 0 | AB17: Mg | AC17: =INDEX(Tab_Def_Flows[[Flow_ID]:[CC_DM_source]],MATCH(Tab_Data_Flows[[#This Row],[Name(EN)]],Tab_Def_Flows[Name(EN)],0),16) -> #N/A | AD17: =IF(J17="Yes",AA17*Tab_Data_Flows[[#This Row],[WC_'[%']]],"N.A.") -> N.A. | AE17: =Tab_Data_Flows[[#This Row],[UoM_Flow_Py]] -> Mg | AF17: =INDEX(Tab_Def_Flows[[Flow_ID]:[CC_DM_source]],MATCH(Tab_Data_Flows[[#This Row],[Name(EN)]],Tab_Def_Flows[Name(EN)],0),18) -> #N/A | AG17: =IF(K17="Yes",AF17*Tab_Data_Flows[[#This Row],[Flow_Py]],"N.A.") -> N.A. | AH17: =Tab_Data_Flows[[#This Row],[UoM_Flow_Py]] -> Mg | AI17: =INDEX(Tab_Def_Flows[[Flow_ID]:[CC_DM_source]],MATCH(Tab_Data_Flows[[#This Row],[Name(EN)]],Tab_Def_Flows[Name(EN)],0),20) -> #N/A | AJ17: =IF(L17="Yes",AI17*Tab_Data_Flows[[#This Row],[Flow_Py]],"N.A.") -> N.A. | AK17: =Tab_Data_Flows[[#This Row],[UoM_Flow_Py]] -> Mg
A18: =ROW()-1 -> 17 | B18: =_xlfn.XLOOKUP(C18,Tab_Def_Flows[Name(EN)],Tab_Def_Flows[Flow_ID],,0,) -> F_21_21 | D18: =_xlfn.XLOOKUP(C18,Tab_Def_Flows[Name(EN)],Tab_Def_Flows[Type_Biomass],,0,) -> 0 | E18: =_xlfn.XLOOKUP(C18,Tab_Def_Flows[Name(EN)],Tab_Def_Flows[Output_Process],,0,) -> 0 | F18: =_xlfn.XLOOKUP(C18,Tab_Def_Flows[Name(EN)],Tab_Def_Flows[Process_ID_O],,0,) -> 21__ | G18: =_xlfn.XLOOKUP(C18,Tab_Def_Flows[Name(EN)],Tab_Def_Flows[Input_Process],,0,) -> 0 | H18: =_xlfn.XLOOKUP(C18,Tab_Def_Flows[Name(EN)],Tab_Def_Flows[Process_ID_I],,0,) -> 21__ | I18: =_xlfn.XLOOKUP(C18,Tab_Def_Flows[Name(EN)],Tab_Def_Flows[Value_Source],,0,) -> 0 | J18: =_xlfn.XLOOKUP(C18,Tab_Def_Flows[Name(EN)],Tab_Def_Flows[WC?],,0,) -> 0 | K18: =_xlfn.XLOOKUP(C18,Tab_Def_Flows[Name(EN)],Tab_Def_Flows[DM?],,0,) -> 0 | L18: =_xlfn.XLOOKUP(C18,Tab_Def_Flows[Name(EN)],Tab_Def_Flows[CC?],,0,) -> 0 | AA18: =IF(X18="no",O18,O18*Y18) -> 0 | AB18: Mg | AC18: =INDEX(Tab_Def_Flows[[Flow_ID]:[CC_DM_source]],MATCH(Tab_Data_Flows[[#This Row],[Name(EN)]],Tab_Def_Flows[Name(EN)],0),16) -> #N/A | AD18: =IF(J18="Yes",AA18*Tab_Data_Flows[[#This Row],[WC_'[%']]],"N.A.") -> N.A. | AE18: =Tab_Data_Flows[[#This Row],[UoM_Flow_Py]] -> Mg | AF18: =INDEX(Tab_Def_Flows[[Flow_ID]:[CC_DM_source]],MATCH(Tab_Data_Flows[[#This Row],[Name(EN)]],Tab_Def_Flows[Name(EN)],0),18) -> #N/A | AG18: =IF(K18="Yes",AF18*Tab_Data_Flows[[#This Row],[Flow_Py]],"N.A.") -> N.A. | AH18: =Tab_Data_Flows[[#This Row],[UoM_Flow_Py]] -> Mg | AI18: =INDEX(Tab_Def_Flows[[Flow_ID]:[CC_DM_source]],MATCH(Tab_Data_Flows[[#This Row],[Name(EN)]],Tab_Def_Flows[Name(EN)],0),20) -> #N/A | AJ18: =IF(L18="Yes",AI18*Tab_Data_Flows[[#This Row],[Flow_Py]],"N.A.") -> N.A. | AK18: =Tab_Data_Flows[[#This Row],[UoM_Flow_Py]] -> Mg
A19: =ROW()-1 -> 18 | B19: =_xlfn.XLOOKUP(C19,Tab_Def_Flows[Name(EN)],Tab_Def_Flows[Flow_ID],,0,) -> F_21_21 | D19: =_xlfn.XLOOKUP(C19,Tab_Def_Flows[Name(EN)],Tab_Def_Flows[Type_Biomass],,0,) -> 0 | E19: =_xlfn.XLOOKUP(C19,Tab_Def_Flows[Name(EN)],Tab_Def_Flows[Output_Process],,0,) -> 0 | F19: =_xlfn.XLOOKUP(C19,Tab_Def_Flows[Name(EN)],Tab_Def_Flows[Process_ID_O],,0,) -> 21__ | G19: =_xlfn.XLOOKUP(C19,Tab_Def_Flows[Name(EN)],Tab_Def_Flows[Input_Process],,0,) -> 0 | H19: =_xlfn.XLOOKUP(C19,Tab_Def_Flows[Name(EN)],Tab_Def_Flows[Process_ID_I],,0,) -> 21__ | I19: =_xlfn.XLOOKUP(C19,Tab_Def_Flows[Name(EN)],Tab_Def_Flows[Value_Source],,0,) -> 0 | J19: =_xlfn.XLOOKUP(C19,Tab_Def_Flows[Name(EN)],Tab_Def_Flows[WC?],,0,) -> 0 | K19: =_xlfn.XLOOKUP(C19,Tab_Def_Flows[Name(EN)],Tab_Def_Flows[DM?],,0,) -> 0 | L19: =_xlfn.XLOOKUP(C19,Tab_Def_Flows[Name(EN)],Tab_Def_Flows[CC?],,0,) -> 0 | AA19: =IF(X19="no",O19,O19*Y19) -> 0 | AB19: Mg | AC19: =INDEX(Tab_Def_Flows[[Flow_ID]:[CC_DM_source]],MATCH(Tab_Data_Flows[[#This Row],[Name(EN)]],Tab_Def_Flows[Name(EN)],0),16) -> #N/A | AD19: =IF(J19="Yes",AA19*Tab_Data_Flows[[#This Row],[WC_'[%']]],"N.A.") -> N.A. | AE19: =Tab_Data_Flows[[#This Row],[UoM_Flow_Py]] -> Mg | AF19: =INDEX(Tab_Def_Flows[[Flow_ID]:[CC_DM_source]],MATCH(Tab_Data_Flows[[#This Row],[Name(EN)]],Tab_Def_Flows[Name(EN)],0),18) -> #N/A | AG19: =IF(K19="Yes",AF19*Tab_Data_Flows[[#This Row],[Flow_Py]],"N.A.") -> N.A. | AH19: =Tab_Data_Flows[[#This Row],[UoM_Flow_Py]] -> Mg | AI19: =INDEX(Tab_Def_Flows[[Flow_ID]:[CC_DM_source]],MATCH(Tab_Data_Flows[[#This Row],[Name(EN)]],Tab_Def_Flows[Name(EN)],0),20) -> #N/A | AJ19: =IF(L19="Yes",AI19*Tab_Data_Flows[[#This Row],[Flow_Py]],"N.A.") -> N.A. | AK19: =Tab_Data_Flows[[#This Row],[UoM_Flow_Py]] -> Mg
A20: =ROW()-1 -> 19 | B20: =_xlfn.XLOOKUP(C20,Tab_Def_Flows[Name(EN)],Tab_Def_Flows[Flow_ID],,0,) -> F_21_21 | D20: =_xlfn.XLOOKUP(C20,Tab_Def_Flows[Name(EN)],Tab_Def_Flows[Type_Biomass],,0,) -> 0 | E20: =_xlfn.XLOOKUP(C20,Tab_Def_Flows[Name(EN)],Tab_Def_Flows[Output_Process],,0,) -> 0 | F20: =_xlfn.XLOOKUP(C20,Tab_Def_Flows[Name(EN)],Tab_Def_Flows[Process_ID_O],,0,) -> 21__ | G20: =_xlfn.XLOOKUP(C20,Tab_Def_Flows[Name(EN)],Tab_Def_Flows[Input_Process],,0,) -> 0 | H20: =_xlfn.XLOOKUP(C20,Tab_Def_Flows[Name(EN)],Tab_Def_Flows[Process_ID_I],,0,) -> 21__ | I20: =_xlfn.XLOOKUP(C20,Tab_Def_Flows[Name(EN)],Tab_Def_Flows[Value_Source],,0,) -> 0 | J20: =_xlfn.XLOOKUP(C20,Tab_Def_Flows[Name(EN)],Tab_Def_Flows[WC?],,0,) -> 0 | K20: =_xlfn.XLOOKUP(C20,Tab_Def_Flows[Name(EN)],Tab_Def_Flows[DM?],,0,) -> 0 | L20: =_xlfn.XLOOKUP(C20,Tab_Def_Flows[Name(EN)],Tab_Def_Flows[CC?],,0,) -> 0 | AA20: =IF(X20="no",O20,O20*Y20) -> 0 | AB20: Mg | AC20: =INDEX(Tab_Def_Flows[[Flow_ID]:[CC_DM_source]],MATCH(Tab_Data_Flows[[#This Row],[Name(EN)]],Tab_Def_Flows[Name(EN)],0),16) -> #N/A | AD20: =IF(J20="Yes",AA20*Tab_Data_Flows[[#This Row],[WC_'[%']]],"N.A.") -> N.A. | AE20: =Tab_Data_Flows[[#This Row],[UoM_Flow_Py]] -> Mg | AF20: =INDEX(Tab_Def_Flows[[Flow_ID]:[CC_DM_source]],MATCH(Tab_Data_Flows[[#This Row],[Name(EN)]],Tab_Def_Flows[Name(EN)],0),18) -> #N/A | AG20: =IF(K20="Yes",AF20*Tab_Data_Flows[[#This Row],[Flow_Py]],"N.A.") -> N.A. | AH20: =Tab_Data_Flows[[#This Row],[UoM_Flow_Py]] -> Mg | AI20: =INDEX(Tab_Def_Flows[[Flow_ID]:[CC_DM_source]],MATCH(Tab_Data_Flows[[#This Row],[Name(EN)]],Tab_Def_Flows[Name(EN)],0),20) -> #N/A | AJ20: =IF(L20="Yes",AI20*Tab_Data_Flows[[#This Row],[Flow_Py]],"N.A.") -> N.A. | AK20: =Tab_Data_Flows[[#This Row],[UoM_Flow_Py]] -> Mg
A21: =ROW()-1 -> 20 | B21: =_xlfn.XLOOKUP(C21,Tab_Def_Flows[Name(EN)],Tab_Def_Flows[Flow_ID],,0,) -> F_21_21 | D21: =_xlfn.XLOOKUP(C21,Tab_Def_Flows[Name(EN)],Tab_Def_Flows[Type_Biomass],,0,) -> 0 | E21: =_xlfn.XLOOKUP(C21,Tab_Def_Flows[Name(EN)],Tab_Def_Flows[Output_Process],,0,) -> 0 | F21: =_xlfn.XLOOKUP(C21,Tab_Def_Flows[Name(EN)],Tab_Def_Flows[Process_ID_O],,0,) -> 21__ | G21: =_xlfn.XLOOKUP(C21,Tab_Def_Flows[Name(EN)],Tab_Def_Flows[Input_Process],,0,) -> 0 | H21: =_xlfn.XLOOKUP(C21,Tab_Def_Flows[Name(EN)],Tab_Def_Flows[Process_ID_I],,0,) -> 21__ | I21: =_xlfn.XLOOKUP(C21,Tab_Def_Flows[Name(EN)],Tab_Def_Flows[Value_Source],,0,) -> 0 | J21: =_xlfn.XLOOKUP(C21,Tab_Def_Flows[Name(EN)],Tab_Def_Flows[WC?],,0,) -> 0 | K21: =_xlfn.XLOOKUP(C21,Tab_Def_Flows[Name(EN)],Tab_Def_Flows[DM?],,0,) -> 0 | L21: =_xlfn.XLOOKUP(C21,Tab_Def_Flows[Name(EN)],Tab_Def_Flows[CC?],,0,) -> 0 | AA21: =IF(X21="no",O21,O21*Y21) -> 0 | AB21: Mg | AC21: =INDEX(Tab_Def_Flows[[Flow_ID]:[CC_DM_source]],MATCH(Tab_Data_Flows[[#This Row],[Name(EN)]],Tab_Def_Flows[Name(EN)],0),16) -> #N/A | AD21: =IF(J21="Yes",AA21*Tab_Data_Flows[[#This Row],[WC_'[%']]],"N.A.") -> N.A. | AE21: =Tab_Data_Flows[[#This Row],[UoM_Flow_Py]] -> Mg | AF21: =INDEX(Tab_Def_Flows[[Flow_ID]:[CC_DM_source]],MATCH(Tab_Data_Flows[[#This Row],[Name(EN)]],Tab_Def_Flows[Name(EN)],0),18) -> #N/A | AG21: =IF(K21="Yes",AF21*Tab_Data_Flows[[#This Row],[Flow_Py]],"N.A.") -> N.A. | AH21: =Tab_Data_Flows[[#This Row],[UoM_Flow_Py]] -> Mg | AI21: =INDEX(Tab_Def_Flows[[Flow_ID]:[CC_DM_source]],MATCH(Tab_Data_Flows[[#This Row],[Name(EN)]],Tab_Def_Flows[Name(EN)],0),20) -> #N/A | AJ21: =IF(L21="Yes",AI21*Tab_Data_Flows[[#This Row],[Flow_Py]],"N.A.") -> N.A. | AK21: =Tab_Data_Flows[[#This Row],[UoM_Flow_Py]] -> Mg
... A142: =ROW()-1 -> 141 | B142: =_xlfn.XLOOKUP(C142,Tab_Def_Flows[Name(EN)],Tab_Def_Flows[Flow_ID],,0,) -> F_21_21 | D142: =_xlfn.XLOOKUP(C142,Tab_Def_Flows[Name(EN)],Tab_Def_Flows[Type_Biomass],,0,) -> 0 | E142: =_xlfn.XLOOKUP(C142,Tab_Def_Flows[Name(EN)],Tab_Def_Flows[Output_Process],,0,) -> 0 | F142: =_xlfn.XLOOKUP(C142,Tab_Def_Flows[Name(EN)],Tab_Def_Flows[Process_ID_O],,0,) -> 21__ | G142: =_xlfn.XLOOKUP(C142,Tab_Def_Flows[Name(EN)],Tab_Def_Flows[Input_Process],,0,) -> 0 | H142: =_xlfn.XLOOKUP(C142,Tab_Def_Flows[Name(EN)],Tab_Def_Flows[Process_ID_I],,0,) -> 21__ | I142: =_xlfn.XLOOKUP(C142,Tab_Def_Flows[Name(EN)],Tab_Def_Flows[Value_Source],,0,) -> 0 | J142: =_xlfn.XLOOKUP(C142,Tab_Def_Flows[Name(EN)],Tab_Def_Flows[WC?],,0,) -> 0 | K142: =_xlfn.XLOOKUP(C142,Tab_Def_Flows[Name(EN)],Tab_Def_Flows[DM?],,0,) -> 0 | L142: =_xlfn.XLOOKUP(C142,Tab_Def_Flows[Name(EN)],Tab_Def_Flows[CC?],,0,) -> 0 | AA142: =IF(X142="no",O142,O142*Y142) -> 0 | AB142: Mg | AC142: =INDEX(Tab_Def_Flows[[Flow_ID]:[CC_DM_source]],MATCH(Tab_Data_Flows[[#This Row],[Name(EN)]],Tab_Def_Flows[Name(EN)],0),16) -> #N/A | AD142: =IF(J142="Yes",AA142*Tab_Data_Flows[[#This Row],[WC_'[%']]],"N.A.") -> N.A. | AE142: =Tab_Data_Flows[[#This Row],[UoM_Flow_Py]] -> Mg | AF142: =INDEX(Tab_Def_Flows[[Flow_ID]:[CC_DM_source]],MATCH(Tab_Data_Flows[[#This Row],[Name(EN)]],Tab_Def_Flows[Name(EN)],0),18) -> #N/A | AG142: =IF(K142="Yes",AF142*Tab_Data_Flows[[#This Row],[Flow_Py]],"N.A.") -> N.A. | AH142: =Tab_Data_Flows[[#This Row],[UoM_Flow_Py]] -> Mg | AI142: =INDEX(Tab_Def_Flows[[Flow_ID]:[CC_DM_source]],MATCH(Tab_Data_Flows[[#This Row],[Name(EN)]],Tab_Def_Flows[Name(EN)],0),20) -> #N/A | AJ142: =IF(L142="Yes",AI142*Tab_Data_Flows[[#This Row],[Flow_Py]],"N.A.") -> N.A. | AK142: =Tab_Data_Flows[[#This Row],[UoM_Flow_Py]] -> Mg
A143: =ROW()-1 -> 142 | B143: =_xlfn.XLOOKUP(C143,Tab_Def_Flows[Name(EN)],Tab_Def_Flows[Flow_ID],,0,) -> F_21_21 | D143: =_xlfn.XLOOKUP(C143,Tab_Def_Flows[Name(EN)],Tab_Def_Flows[Type_Biomass],,0,) -> 0 | E143: =_xlfn.XLOOKUP(C143,Tab_Def_Flows[Name(EN)],Tab_Def_Flows[Output_Process],,0,) -> 0 | F143: =_xlfn.XLOOKUP(C143,Tab_Def_Flows[Name(EN)],Tab_Def_Flows[Process_ID_O],,0,) -> 21__ | G143: =_xlfn.XLOOKUP(C143,Tab_Def_Flows[Name(EN)],Tab_Def_Flows[Input_Process],,0,) -> 0 | H143: =_xlfn.XLOOKUP(C143,Tab_Def_Flows[Name(EN)],Tab_Def_Flows[Process_ID_I],,0,) -> 21__ | I143: =_xlfn.XLOOKUP(C143,Tab_Def_Flows[Name(EN)],Tab_Def_Flows[Value_Source],,0,) -> 0 | J143: =_xlfn.XLOOKUP(C143,Tab_Def_Flows[Name(EN)],Tab_Def_Flows[WC?],,0,) -> 0 | K143: =_xlfn.XLOOKUP(C143,Tab_Def_Flows[Name(EN)],Tab_Def_Flows[DM?],,0,) -> 0 | L143: =_xlfn.XLOOKUP(C143,Tab_Def_Flows[Name(EN)],Tab_Def_Flows[CC?],,0,) -> 0 | AA143: =IF(X143="no",O143,O143*Y143) -> 0 | AC143: =INDEX(Tab_Def_Flows[[Flow_ID]:[CC_DM_source]],MATCH(Tab_Data_Flows[[#This Row],[Name(EN)]],Tab_Def_Flows[Name(EN)],0),16) -> #N/A | AD143: =IF(J143="Yes",AA143*Tab_Data_Flows[[#This Row],[WC_'[%']]],"N.A.") -> N.A. | AE143: =Tab_Data_Flows[[#This Row],[UoM_Flow_Py]] -> 0 | AF143: =INDEX(Tab_Def_Flows[[Flow_ID]:[CC_DM_source]],MATCH(Tab_Data_Flows[[#This Row],[Name(EN)]],Tab_Def_Flows[Name(EN)],0),18) -> #N/A | AG143: =IF(K143="Yes",AF143*Tab_Data_Flows[[#This Row],[Flow_Py]],"N.A.") -> N.A. | AH143: =Tab_Data_Flows[[#This Row],[UoM_Flow_Py]] -> 0 | AI143: =INDEX(Tab_Def_Flows[[Flow_ID]:[CC_DM_source]],MATCH(Tab_Data_Flows[[#This Row],[Name(EN)]],Tab_Def_Flows[Name(EN)],0),20) -> #N/A | AJ143: =IF(L143="Yes",AI143*Tab_Data_Flows[[#This Row],[Flow_Py]],"N.A.") -> N.A. | AK143: =Tab_Data_Flows[[#This Row],[UoM_Flow_Py]] -> 0
A144: =ROW()-1 -> 143 | B144: =_xlfn.XLOOKUP(C144,Tab_Def_Flows[Name(EN)],Tab_Def_Flows[Flow_ID],,0,) -> F_21_21 | D144: =_xlfn.XLOOKUP(C144,Tab_Def_Flows[Name(EN)],Tab_Def_Flows[Type_Biomass],,0,) -> 0 | E144: =_xlfn.XLOOKUP(C144,Tab_Def_Flows[Name(EN)],Tab_Def_Flows[Output_Process],,0,) -> 0 | F144: =_xlfn.XLOOKUP(C144,Tab_Def_Flows[Name(EN)],Tab_Def_Flows[Process_ID_O],,0,) -> 21__ | G144: =_xlfn.XLOOKUP(C144,Tab_Def_Flows[Name(EN)],Tab_Def_Flows[Input_Process],,0,) -> 0 | H144: =_xlfn.XLOOKUP(C144,Tab_Def_Flows[Name(EN)],Tab_Def_Flows[Process_ID_I],,0,) -> 21__ | I144: =_xlfn.XLOOKUP(C144,Tab_Def_Flows[Name(EN)],Tab_Def_Flows[Value_Source],,0,) -> 0 | J144: =_xlfn.XLOOKUP(C144,Tab_Def_Flows[Name(EN)],Tab_Def_Flows[WC?],,0,) -> 0 | K144: =_xlfn.XLOOKUP(C144,Tab_Def_Flows[Name(EN)],Tab_Def_Flows[DM?],,0,) -> 0 | L144: =_xlfn.XLOOKUP(C144,Tab_Def_Flows[Name(EN)],Tab_Def_Flows[CC?],,0,) -> 0 | AA144: =IF(X144="no",O144,O144*Y144) -> 0 | AC144: =INDEX(Tab_Def_Flows[[Flow_ID]:[CC_DM_source]],MATCH(Tab_Data_Flows[[#This Row],[Name(EN)]],Tab_Def_Flows[Name(EN)],0),16) -> #N/A | AD144: =IF(J144="Yes",AA144*Tab_Data_Flows[[#This Row],[WC_'[%']]],"N.A.") -> N.A. | AE144: =Tab_Data_Flows[[#This Row],[UoM_Flow_Py]] -> 0 | AF144: =INDEX(Tab_Def_Flows[[Flow_ID]:[CC_DM_source]],MATCH(Tab_Data_Flows[[#This Row],[Name(EN)]],Tab_Def_Flows[Name(EN)],0),18) -> #N/A | AG144: =IF(K144="Yes",AF144*Tab_Data_Flows[[#This Row],[Flow_Py]],"N.A.") -> N.A. | AH144: =Tab_Data_Flows[[#This Row],[UoM_Flow_Py]] -> 0 | AI144: =INDEX(Tab_Def_Flows[[Flow_ID]:[CC_DM_source]],MATCH(Tab_Data_Flows[[#This Row],[Name(EN)]],Tab_Def_Flows[Name(EN)],0),20) -> #N/A | AJ144: =IF(L144="Yes",AI144*Tab_Data_Flows[[#This Row],[Flow_Py]],"N.A.") -> N.A. | AK144: =Tab_Data_Flows[[#This Row],[UoM_Flow_Py]] -> 0
A145: =ROW()-1 -> 144 | B145: =_xlfn.XLOOKUP(C145,Tab_Def_Flows[Name(EN)],Tab_Def_Flows[Flow_ID],,0,) -> F_21_21 | D145: =_xlfn.XLOOKUP(C145,Tab_Def_Flows[Name(EN)],Tab_Def_Flows[Type_Biomass],,0,) -> 0 | E145: =_xlfn.XLOOKUP(C145,Tab_Def_Flows[Name(EN)],Tab_Def_Flows[Output_Process],,0,) -> 0 | F145: =_xlfn.XLOOKUP(C145,Tab_Def_Flows[Name(EN)],Tab_Def_Flows[Process_ID_O],,0,) -> 21__ | G145: =_xlfn.XLOOKUP(C145,Tab_Def_Flows[Name(EN)],Tab_Def_Flows[Input_Process],,0,) -> 0 | H145: =_xlfn.XLOOKUP(C145,Tab_Def_Flows[Name(EN)],Tab_Def_Flows[Process_ID_I],,0,) -> 21__ | I145: =_xlfn.XLOOKUP(C145,Tab_Def_Flows[Name(EN)],Tab_Def_Flows[Value_Source],,0,) -> 0 | J145: =_xlfn.XLOOKUP(C145,Tab_Def_Flows[Name(EN)],Tab_Def_Flows[WC?],,0,) -> 0 | K145: =_xlfn.XLOOKUP(C145,Tab_Def_Flows[Name(EN)],Tab_Def_Flows[DM?],,0,) -> 0 | L145: =_xlfn.XLOOKUP(C145,Tab_Def_Flows[Name(EN)],Tab_Def_Flows[CC?],,0,) -> 0 | AA145: =IF(X145="no",O145,O145*Y145) -> 0 | AC145: =INDEX(Tab_Def_Flows[[Flow_ID]:[CC_DM_source]],MATCH(Tab_Data_Flows[[#This Row],[Name(EN)]],Tab_Def_Flows[Name(EN)],0),16) -> #N/A | AD145: =IF(J145="Yes",AA145*Tab_Data_Flows[[#This Row],[WC_'[%']]],"N.A.") -> N.A. | AE145: =Tab_Data_Flows[[#This Row],[UoM_Flow_Py]] -> 0 | AF145: =INDEX(Tab_Def_Flows[[Flow_ID]:[CC_DM_source]],MATCH(Tab_Data_Flows[[#This Row],[Name(EN)]],Tab_Def_Flows[Name(EN)],0),18) -> #N/A | AG145: =IF(K145="Yes",AF145*Tab_Data_Flows[[#This Row],[Flow_Py]],"N.A.") -> N.A. | AH145: =Tab_Data_Flows[[#This Row],[UoM_Flow_Py]] -> 0 | AI145: =INDEX(Tab_Def_Flows[[Flow_ID]:[CC_DM_source]],MATCH(Tab_Data_Flows[[#This Row],[Name(EN)]],Tab_Def_Flows[Name(EN)],0),20) -> #N/A | AJ145: =IF(L145="Yes",AI145*Tab_Data_Flows[[#This Row],[Flow_Py]],"N.A.") -> N.A. | AK145: =Tab_Data_Flows[[#This Row],[UoM_Flow_Py]] -> 0
A146: =ROW()-1 -> 145 | B146: =_xlfn.XLOOKUP(C146,Tab_Def_Flows[Name(EN)],Tab_Def_Flows[Flow_ID],,0,) -> F_21_21 | D146: =_xlfn.XLOOKUP(C146,Tab_Def_Flows[Name(EN)],Tab_Def_Flows[Type_Biomass],,0,) -> 0 | E146: =_xlfn.XLOOKUP(C146,Tab_Def_Flows[Name(EN)],Tab_Def_Flows[Output_Process],,0,) -> 0 | F146: =_xlfn.XLOOKUP(C146,Tab_Def_Flows[Name(EN)],Tab_Def_Flows[Process_ID_O],,0,) -> 21__ | G146: =_xlfn.XLOOKUP(C146,Tab_Def_Flows[Name(EN)],Tab_Def_Flows[Input_Process],,0,) -> 0 | H146: =_xlfn.XLOOKUP(C146,Tab_Def_Flows[Name(EN)],Tab_Def_Flows[Process_ID_I],,0,) -> 21__ | I146: =_xlfn.XLOOKUP(C146,Tab_Def_Flows[Name(EN)],Tab_Def_Flows[Value_Source],,0,) -> 0 | J146: =_xlfn.XLOOKUP(C146,Tab_Def_Flows[Name(EN)],Tab_Def_Flows[WC?],,0,) -> 0 | K146: =_xlfn.XLOOKUP(C146,Tab_Def_Flows[Name(EN)],Tab_Def_Flows[DM?],,0,) -> 0 | L146: =_xlfn.XLOOKUP(C146,Tab_Def_Flows[Name(EN)],Tab_Def_Flows[CC?],,0,) -> 0 | AA146: =IF(X146="no",O146,O146*Y146) -> 0 | AC146: =INDEX(Tab_Def_Flows[[Flow_ID]:[CC_DM_source]],MATCH(Tab_Data_Flows[[#This Row],[Name(EN)]],Tab_Def_Flows[Name(EN)],0),16) -> #N/A | AD146: =IF(J146="Yes",AA146*Tab_Data_Flows[[#This Row],[WC_'[%']]],"N.A.") -> N.A. | AE146: =Tab_Data_Flows[[#This Row],[UoM_Flow_Py]] -> 0 | AF146: =INDEX(Tab_Def_Flows[[Flow_ID]:[CC_DM_source]],MATCH(Tab_Data_Flows[[#This Row],[Name(EN)]],Tab_Def_Flows[Name(EN)],0),18) -> #N/A | AG146: =IF(K146="Yes",AF146*Tab_Data_Flows[[#This Row],[Flow_Py]],"N.A.") -> N.A. | AH146: =Tab_Data_Flows[[#This Row],[UoM_Flow_Py]] -> 0 | AI146: =INDEX(Tab_Def_Flows[[Flow_ID]:[CC_DM_source]],MATCH(Tab_Data_Flows[[#This Row],[Name(EN)]],Tab_Def_Flows[Name(EN)],0),20) -> #N/A | AJ146: =IF(L146="Yes",AI146*Tab_Data_Flows[[#This Row],[Flow_Py]],"N.A.") -> N.A. | AK146: =Tab_Data_Flows[[#This Row],[UoM_Flow_Py]] -> 0
A147: =ROW()-1 -> 146 | B147: =_xlfn.XLOOKUP(C147,Tab_Def_Flows[Name(EN)],Tab_Def_Flows[Flow_ID],,0,) -> F_21_21 | D147: =_xlfn.XLOOKUP(C147,Tab_Def_Flows[Name(EN)],Tab_Def_Flows[Type_Biomass],,0,) -> 0 | E147: =_xlfn.XLOOKUP(C147,Tab_Def_Flows[Name(EN)],Tab_Def_Flows[Output_Process],,0,) -> 0 | F147: =_xlfn.XLOOKUP(C147,Tab_Def_Flows[Name(EN)],Tab_Def_Flows[Process_ID_O],,0,) -> 21__ | G147: =_xlfn.XLOOKUP(C147,Tab_Def_Flows[Name(EN)],Tab_Def_Flows[Input_Process],,0,) -> 0 | H147: =_xlfn.XLOOKUP(C147,Tab_Def_Flows[Name(EN)],Tab_Def_Flows[Process_ID_I],,0,) -> 21__ | I147: =_xlfn.XLOOKUP(C147,Tab_Def_Flows[Name(EN)],Tab_Def_Flows[Value_Source],,0,) -> 0 | J147: =_xlfn.XLOOKUP(C147,Tab_Def_Flows[Name(EN)],Tab_Def_Flows[WC?],,0,) -> 0 | K147: =_xlfn.XLOOKUP(C147,Tab_Def_Flows[Name(EN)],Tab_Def_Flows[DM?],,0,) -> 0 | L147: =_xlfn.XLOOKUP(C147,Tab_Def_Flows[Name(EN)],Tab_Def_Flows[CC?],,0,) -> 0 | AA147: =IF(X147="no",O147,O147*Y147) -> 0 | AC147: =INDEX(Tab_Def_Flows[[Flow_ID]:[CC_DM_source]],MATCH(Tab_Data_Flows[[#This Row],[Name(EN)]],Tab_Def_Flows[Name(EN)],0),16) -> #N/A | AD147: =IF(J147="Yes",AA147*Tab_Data_Flows[[#This Row],[WC_'[%']]],"N.A.") -> N.A. | AE147: =Tab_Data_Flows[[#This Row],[UoM_Flow_Py]] -> 0 | AF147: =INDEX(Tab_Def_Flows[[Flow_ID]:[CC_DM_source]],MATCH(Tab_Data_Flows[[#This Row],[Name(EN)]],Tab_Def_Flows[Name(EN)],0),18) -> #N/A | AG147: =IF(K147="Yes",AF147*Tab_Data_Flows[[#This Row],[Flow_Py]],"N.A.") -> N.A. | AH147: =Tab_Data_Flows[[#This Row],[UoM_Flow_Py]] -> 0 | AI147: =INDEX(Tab_Def_Flows[[Flow_ID]:[CC_DM_source]],MATCH(Tab_Data_Flows[[#This Row],[Name(EN)]],Tab_Def_Flows[Name(EN)],0),20) -> #N/A | AJ147: =IF(L147="Yes",AI147*Tab_Data_Flows[[#This Row],[Flow_Py]],"N.A.") -> N.A. | AK147: =Tab_Data_Flows[[#This Row],[UoM_Flow_Py]] -> 0
A148: =ROW()-1 -> 147 | B148: =_xlfn.XLOOKUP(C148,Tab_Def_Flows[Name(EN)],Tab_Def_Flows[Flow_ID],,0,) -> F_21_21 | D148: =_xlfn.XLOOKUP(C148,Tab_Def_Flows[Name(EN)],Tab_Def_Flows[Type_Biomass],,0,) -> 0 | E148: =_xlfn.XLOOKUP(C148,Tab_Def_Flows[Name(EN)],Tab_Def_Flows[Output_Process],,0,) -> 0 | F148: =_xlfn.XLOOKUP(C148,Tab_Def_Flows[Name(EN)],Tab_Def_Flows[Process_ID_O],,0,) -> 21__ | G148: =_xlfn.XLOOKUP(C148,Tab_Def_Flows[Name(EN)],Tab_Def_Flows[Input_Process],,0,) -> 0 | H148: =_xlfn.XLOOKUP(C148,Tab_Def_Flows[Name(EN)],Tab_Def_Flows[Process_ID_I],,0,) -> 21__ | I148: =_xlfn.XLOOKUP(C148,Tab_Def_Flows[Name(EN)],Tab_Def_Flows[Value_Source],,0,) -> 0 | J148: =_xlfn.XLOOKUP(C148,Tab_Def_Flows[Name(EN)],Tab_Def_Flows[WC?],,0,) -> 0 | K148: =_xlfn.XLOOKUP(C148,Tab_Def_Flows[Name(EN)],Tab_Def_Flows[DM?],,0,) -> 0 | L148: =_xlfn.XLOOKUP(C148,Tab_Def_Flows[Name(EN)],Tab_Def_Flows[CC?],,0,) -> 0 | AA148: =IF(X148="no",O148,O148*Y148) -> 0 | AC148: =INDEX(Tab_Def_Flows[[Flow_ID]:[CC_DM_source]],MATCH(Tab_Data_Flows[[#This Row],[Name(EN)]],Tab_Def_Flows[Name(EN)],0),16) -> #N/A | AD148: =IF(J148="Yes",AA148*Tab_Data_Flows[[#This Row],[WC_'[%']]],"N.A.") -> N.A. | AE148: =Tab_Data_Flows[[#This Row],[UoM_Flow_Py]] -> 0 | AF148: =INDEX(Tab_Def_Flows[[Flow_ID]:[CC_DM_source]],MATCH(Tab_Data_Flows[[#This Row],[Name(EN)]],Tab_Def_Flows[Name(EN)],0),18) -> #N/A | AG148: =IF(K148="Yes",AF148*Tab_Data_Flows[[#This Row],[Flow_Py]],"N.A.") -> N.A. | AH148: =Tab_Data_Flows[[#This Row],[UoM_Flow_Py]] -> 0 | AI148: =INDEX(Tab_Def_Flows[[Flow_ID]:[CC_DM_source]],MATCH(Tab_Data_Flows[[#This Row],[Name(EN)]],Tab_Def_Flows[Name(EN)],0),20) -> #N/A | AJ148: =IF(L148="Yes",AI148*Tab_Data_Flows[[#This Row],[Flow_Py]],"N.A.") -> N.A. | AK148: =Tab_Data_Flows[[#This Row],[UoM_Flow_Py]] -> 0
A149: =ROW()-1 -> 148 | B149: =_xlfn.XLOOKUP(C149,Tab_Def_Flows[Name(EN)],Tab_Def_Flows[Flow_ID],,0,) -> F_21_21 | D149: =_xlfn.XLOOKUP(C149,Tab_Def_Flows[Name(EN)],Tab_Def_Flows[Type_Biomass],,0,) -> 0 | E149: =_xlfn.XLOOKUP(C149,Tab_Def_Flows[Name(EN)],Tab_Def_Flows[Output_Process],,0,) -> 0 | F149: =_xlfn.XLOOKUP(C149,Tab_Def_Flows[Name(EN)],Tab_Def_Flows[Process_ID_O],,0,) -> 21__ | G149: =_xlfn.XLOOKUP(C149,Tab_Def_Flows[Name(EN)],Tab_Def_Flows[Input_Process],,0,) -> 0 | H149: =_xlfn.XLOOKUP(C149,Tab_Def_Flows[Name(EN)],Tab_Def_Flows[Process_ID_I],,0,) -> 21__ | I149: =_xlfn.XLOOKUP(C149,Tab_Def_Flows[Name(EN)],Tab_Def_Flows[Value_Source],,0,) -> 0 | J149: =_xlfn.XLOOKUP(C149,Tab_Def_Flows[Name(EN)],Tab_Def_Flows[WC?],,0,) -> 0 | K149: =_xlfn.XLOOKUP(C149,Tab_Def_Flows[Name(EN)],Tab_Def_Flows[DM?],,0,) -> 0 | L149: =_xlfn.XLOOKUP(C149,Tab_Def_Flows[Name(EN)],Tab_Def_Flows[CC?],,0,) -> 0 | AA149: =IF(X149="no",O149,O149*Y149) -> 0 | AC149: =INDEX(Tab_Def_Flows[[Flow_ID]:[CC_DM_source]],MATCH(Tab_Data_Flows[[#This Row],[Name(EN)]],Tab_Def_Flows[Name(EN)],0),16) -> #N/A | AD149: =IF(J149="Yes",AA149*Tab_Data_Flows[[#This Row],[WC_'[%']]],"N.A.") -> N.A. | AE149: =Tab_Data_Flows[[#This Row],[UoM_Flow_Py]] -> 0 | AF149: =INDEX(Tab_Def_Flows[[Flow_ID]:[CC_DM_source]],MATCH(Tab_Data_Flows[[#This Row],[Name(EN)]],Tab_Def_Flows[Name(EN)],0),18) -> #N/A | AG149: =IF(K149="Yes",AF149*Tab_Data_Flows[[#This Row],[Flow_Py]],"N.A.") -> N.A. | AH149: =Tab_Data_Flows[[#This Row],[UoM_Flow_Py]] -> 0 | AI149: =INDEX(Tab_Def_Flows[[Flow_ID]:[CC_DM_source]],MATCH(Tab_Data_Flows[[#This Row],[Name(EN)]],Tab_Def_Flows[Name(EN)],0),20) -> #N/A | AJ149: =IF(L149="Yes",AI149*Tab_Data_Flows[[#This Row],[Flow_Py]],"N.A.") -> N.A. | AK149: =Tab_Data_Flows[[#This Row],[UoM_Flow_Py]] -> 0
A150: =ROW()-1 -> 149 | B150: =_xlfn.XLOOKUP(C150,Tab_Def_Flows[Name(EN)],Tab_Def_Flows[Flow_ID],,0,) -> F_21_21 | D150: =_xlfn.XLOOKUP(C150,Tab_Def_Flows[Name(EN)],Tab_Def_Flows[Type_Biomass],,0,) -> 0 | E150: =_xlfn.XLOOKUP(C150,Tab_Def_Flows[Name(EN)],Tab_Def_Flows[Output_Process],,0,) -> 0 | F150: =_xlfn.XLOOKUP(C150,Tab_Def_Flows[Name(EN)],Tab_Def_Flows[Process_ID_O],,0,) -> 21__ | G150: =_xlfn.XLOOKUP(C150,Tab_Def_Flows[Name(EN)],Tab_Def_Flows[Input_Process],,0,) -> 0 | H150: =_xlfn.XLOOKUP(C150,Tab_Def_Flows[Name(EN)],Tab_Def_Flows[Process_ID_I],,0,) -> 21__ | I150: =_xlfn.XLOOKUP(C150,Tab_Def_Flows[Name(EN)],Tab_Def_Flows[Value_Source],,0,) -> 0 | J150: =_xlfn.XLOOKUP(C150,Tab_Def_Flows[Name(EN)],Tab_Def_Flows[WC?],,0,) -> 0 | K150: =_xlfn.XLOOKUP(C150,Tab_Def_Flows[Name(EN)],Tab_Def_Flows[DM?],,0,) -> 0 | L150: =_xlfn.XLOOKUP(C150,Tab_Def_Flows[Name(EN)],Tab_Def_Flows[CC?],,0,) -> 0 | AA150: =IF(X150="no",O150,O150*Y150) -> 0 | AC150: =INDEX(Tab_Def_Flows[[Flow_ID]:[CC_DM_source]],MATCH(Tab_Data_Flows[[#This Row],[Name(EN)]],Tab_Def_Flows[Name(EN)],0),16) -> #N/A | AD150: =IF(J150="Yes",AA150*Tab_Data_Flows[[#This Row],[WC_'[%']]],"N.A.") -> N.A. | AE150: =Tab_Data_Flows[[#This Row],[UoM_Flow_Py]] -> 0 | AF150: =INDEX(Tab_Def_Flows[[Flow_ID]:[CC_DM_source]],MATCH(Tab_Data_Flows[[#This Row],[Name(EN)]],Tab_Def_Flows[Name(EN)],0),18) -> #N/A | AG150: =IF(K150="Yes",AF150*Tab_Data_Flows[[#This Row],[Flow_Py]],"N.A.") -> N.A. | AH150: =Tab_Data_Flows[[#This Row],[UoM_Flow_Py]] -> 0 | AI150: =INDEX(Tab_Def_Flows[[Flow_ID]:[CC_DM_source]],MATCH(Tab_Data_Flows[[#This Row],[Name(EN)]],Tab_Def_Flows[Name(EN)],0),20) -> #N/A | AJ150: =IF(L150="Yes",AI150*Tab_Data_Flows[[#This Row],[Flow_Py]],"N.A.") -> N.A. | AK150: =Tab_Data_Flows[[#This Row],[UoM_Flow_Py]] -> 0
A151: =ROW()-1 -> 150 | B151: =_xlfn.XLOOKUP(C151,Tab_Def_Flows[Name(EN)],Tab_Def_Flows[Flow_ID],,0,) -> F_21_21 | D151: =_xlfn.XLOOKUP(C151,Tab_Def_Flows[Name(EN)],Tab_Def_Flows[Type_Biomass],,0,) -> 0 | E151: =_xlfn.XLOOKUP(C151,Tab_Def_Flows[Name(EN)],Tab_Def_Flows[Output_Process],,0,) -> 0 | F151: =_xlfn.XLOOKUP(C151,Tab_Def_Flows[Name(EN)],Tab_Def_Flows[Process_ID_O],,0,) -> 21__ | G151: =_xlfn.XLOOKUP(C151,Tab_Def_Flows[Name(EN)],Tab_Def_Flows[Input_Process],,0,) -> 0 | H151: =_xlfn.XLOOKUP(C151,Tab_Def_Flows[Name(EN)],Tab_Def_Flows[Process_ID_I],,0,) -> 21__ | I151: =_xlfn.XLOOKUP(C151,Tab_Def_Flows[Name(EN)],Tab_Def_Flows[Value_Source],,0,) -> 0 | J151: =_xlfn.XLOOKUP(C151,Tab_Def_Flows[Name(EN)],Tab_Def_Flows[WC?],,0,) -> 0 | K151: =_xlfn.XLOOKUP(C151,Tab_Def_Flows[Name(EN)],Tab_Def_Flows[DM?],,0,) -> 0 | L151: =_xlfn.XLOOKUP(C151,Tab_Def_Flows[Name(EN)],Tab_Def_Flows[CC?],,0,) -> 0 | AC151: =INDEX(Tab_Def_Flows[[Flow_ID]:[CC_DM_source]],MATCH(Tab_Data_Flows[[#This Row],[Name(EN)]],Tab_Def_Flows[Name(EN)],0),16) -> #N/A | AD151: =IF(J151="Yes",AA151*Tab_Data_Flows[[#This Row],[WC_'[%']]],"N.A.") -> N.A. | AE151: =Tab_Data_Flows[[#This Row],[UoM_Flow_Py]] -> 0 | AF151: =INDEX(Tab_Def_Flows[[Flow_ID]:[CC_DM_source]],MATCH(Tab_Data_Flows[[#This Row],[Name(EN)]],Tab_Def_Flows[Name(EN)],0),18) -> #N/A | AG151: =IF(K151="Yes",AF151*Tab_Data_Flows[[#This Row],[Flow_Py]],"N.A.") -> N.A. | AH151: =Tab_Data_Flows[[#This Row],[UoM_Flow_Py]] -> 0 | AI151: =INDEX(Tab_Def_Flows[[Flow_ID]:[CC_DM_source]],MATCH(Tab_Data_Flows[[#This Row],[Name(EN)]],Tab_Def_Flows[Name(EN)],0),20) -> #N/A | AJ151: =IF(L151="Yes",AI151*Tab_Data_Flows[[#This Row],[Flow_Py]],"N.A.") -> N.A. | AK151: =Tab_Data_Flows[[#This Row],[UoM_Flow_Py]] -> 0
A152: =ROW()-1 -> 151 | B152: =_xlfn.XLOOKUP(C152,Tab_Def_Flows[Name(EN)],Tab_Def_Flows[Flow_ID],,0,) -> F_21_21 | D152: =_xlfn.XLOOKUP(C152,Tab_Def_Flows[Name(EN)],Tab_Def_Flows[Type_Biomass],,0,) -> 0 | E152: =_xlfn.XLOOKUP(C152,Tab_Def_Flows[Name(EN)],Tab_Def_Flows[Output_Process],,0,) -> 0 | F152: =_xlfn.XLOOKUP(C152,Tab_Def_Flows[Name(EN)],Tab_Def_Flows[Process_ID_O],,0,) -> 21__ | G152: =_xlfn.XLOOKUP(C152,Tab_Def_Flows[Name(EN)],Tab_Def_Flows[Input_Process],,0,) -> 0 | H152: =_xlfn.XLOOKUP(C152,Tab_Def_Flows[Name(EN)],Tab_Def_Flows[Process_ID_I],,0,) -> 21__ | I152: =_xlfn.XLOOKUP(C152,Tab_Def_Flows[Name(EN)],Tab_Def_Flows[Value_Source],,0,) -> 0 | J152: =_xlfn.XLOOKUP(C152,Tab_Def_Flows[Name(EN)],Tab_Def_Flows[WC?],,0,) -> 0 | K152: =_xlfn.XLOOKUP(C152,Tab_Def_Flows[Name(EN)],Tab_Def_Flows[DM?],,0,) -> 0 | L152: =_xlfn.XLOOKUP(C152,Tab_Def_Flows[Name(EN)],Tab_Def_Flows[CC?],,0,) -> 0 | AC152: =INDEX(Tab_Def_Flows[[Flow_ID]:[CC_DM_source]],MATCH(Tab_Data_Flows[[#This Row],[Name(EN)]],Tab_Def_Flows[Name(EN)],0),16) -> #N/A | AD152: =IF(J152="Yes",AA152*Tab_Data_Flows[[#This Row],[WC_'[%']]],"N.A.") -> N.A. | AE152: =Tab_Data_Flows[[#This Row],[UoM_Flow_Py]] -> 0 | AF152: =INDEX(Tab_Def_Flows[[Flow_ID]:[CC_DM_source]],MATCH(Tab_Data_Flows[[#This Row],[Name(EN)]],Tab_Def_Flows[Name(EN)],0),18) -> #N/A | AG152: =IF(K152="Yes",AF152*Tab_Data_Flows[[#This Row],[Flow_Py]],"N.A.") -> N.A. | AH152: =Tab_Data_Flows[[#This Row],[UoM_Flow_Py]] -> 0 | AI152: =INDEX(Tab_Def_Flows[[Flow_ID]:[CC_DM_source]],MATCH(Tab_Data_Flows[[#This Row],[Name(EN)]],Tab_Def_Flows[Name(EN)],0),20) -> #N/A | AJ152: =IF(L152="Yes",AI152*Tab_Data_Flows[[#This Row],[Flow_Py]],"N.A.") -> N.A. | AK152: =Tab_Data_Flows[[#This Row],[UoM_Flow_Py]] -> 0
A153: =ROW()-1 -> 152 | B153: =_xlfn.XLOOKUP(C153,Tab_Def_Flows[Name(EN)],Tab_Def_Flows[Flow_ID],,0,) -> F_21_21 | D153: =_xlfn.XLOOKUP(C153,Tab_Def_Flows[Name(EN)],Tab_Def_Flows[Type_Biomass],,0,) -> 0 | E153: =_xlfn.XLOOKUP(C153,Tab_Def_Flows[Name(EN)],Tab_Def_Flows[Output_Process],,0,) -> 0 | F153: =_xlfn.XLOOKUP(C153,Tab_Def_Flows[Name(EN)],Tab_Def_Flows[Process_ID_O],,0,) -> 21__ | G153: =_xlfn.XLOOKUP(C153,Tab_Def_Flows[Name(EN)],Tab_Def_Flows[Input_Process],,0,) -> 0 | H153: =_xlfn.XLOOKUP(C153,Tab_Def_Flows[Name(EN)],Tab_Def_Flows[Process_ID_I],,0,) -> 21__ | I153: =_xlfn.XLOOKUP(C153,Tab_Def_Flows[Name(EN)],Tab_Def_Flows[Value_Source],,0,) -> 0 | J153: =_xlfn.XLOOKUP(C153,Tab_Def_Flows[Name(EN)],Tab_Def_Flows[WC?],,0,) -> 0 | K153: =_xlfn.XLOOKUP(C153,Tab_Def_Flows[Name(EN)],Tab_Def_Flows[DM?],,0,) -> 0 | L153: =_xlfn.XLOOKUP(C153,Tab_Def_Flows[Name(EN)],Tab_Def_Flows[CC?],,0,) -> 0 | AC153: =INDEX(Tab_Def_Flows[[Flow_ID]:[CC_DM_source]],MATCH(Tab_Data_Flows[[#This Row],[Name(EN)]],Tab_Def_Flows[Name(EN)],0),16) -> #N/A | AD153: =IF(J153="Yes",AA153*Tab_Data_Flows[[#This Row],[WC_'[%']]],"N.A.") -> N.A. | AE153: =Tab_Data_Flows[[#This Row],[UoM_Flow_Py]] -> 0 | AF153: =INDEX(Tab_Def_Flows[[Flow_ID]:[CC_DM_source]],MATCH(Tab_Data_Flows[[#This Row],[Name(EN)]],Tab_Def_Flows[Name(EN)],0),18) -> #N/A | AG153: =IF(K153="Yes",AF153*Tab_Data_Flows[[#This Row],[Flow_Py]],"N.A.") -> N.A. | AH153: =Tab_Data_Flows[[#This Row],[UoM_Flow_Py]] -> 0 | AI153: =INDEX(Tab_Def_Flows[[Flow_ID]:[CC_DM_source]],MATCH(Tab_Data_Flows[[#This Row],[Name(EN)]],Tab_Def_Flows[Name(EN)],0),20) -> #N/A | AJ153: =IF(L153="Yes",AI153*Tab_Data_Flows[[#This Row],[Flow_Py]],"N.A.") -> N.A. | AK153: =Tab_Data_Flows[[#This Row],[UoM_Flow_Py]] -> 0
A154: =ROW()-1 -> 153 | B154: =_xlfn.XLOOKUP(C154,Tab_Def_Flows[Name(EN)],Tab_Def_Flows[Flow_ID],,0,) -> F_21_21 | D154: =_xlfn.XLOOKUP(C154,Tab_Def_Flows[Name(EN)],Tab_Def_Flows[Type_Biomass],,0,) -> 0 | E154: =_xlfn.XLOOKUP(C154,Tab_Def_Flows[Name(EN)],Tab_Def_Flows[Output_Process],,0,) -> 0 | F154: =_xlfn.XLOOKUP(C154,Tab_Def_Flows[Name(EN)],Tab_Def_Flows[Process_ID_O],,0,) -> 21__ | G154: =_xlfn.XLOOKUP(C154,Tab_Def_Flows[Name(EN)],Tab_Def_Flows[Input_Process],,0,) -> 0 | H154: =_xlfn.XLOOKUP(C154,Tab_Def_Flows[Name(EN)],Tab_Def_Flows[Process_ID_I],,0,) -> 21__ | I154: =_xlfn.XLOOKUP(C154,Tab_Def_Flows[Name(EN)],Tab_Def_Flows[Value_Source],,0,) -> 0 | J154: =_xlfn.XLOOKUP(C154,Tab_Def_Flows[Name(EN)],Tab_Def_Flows[WC?],,0,) -> 0 | K154: =_xlfn.XLOOKUP(C154,Tab_Def_Flows[Name(EN)],Tab_Def_Flows[DM?],,0,) -> 0 | L154: =_xlfn.XLOOKUP(C154,Tab_Def_Flows[Name(EN)],Tab_Def_Flows[CC?],,0,) -> 0 | AC154: =INDEX(Tab_Def_Flows[[Flow_ID]:[CC_DM_source]],MATCH(Tab_Data_Flows[[#This Row],[Name(EN)]],Tab_Def_Flows[Name(EN)],0),16) -> #N/A | AD154: =IF(J154="Yes",AA154*Tab_Data_Flows[[#This Row],[WC_'[%']]],"N.A.") -> N.A. | AE154: =Tab_Data_Flows[[#This Row],[UoM_Flow_Py]] -> 0 | AF154: =INDEX(Tab_Def_Flows[[Flow_ID]:[CC_DM_source]],MATCH(Tab_Data_Flows[[#This Row],[Name(EN)]],Tab_Def_Flows[Name(EN)],0),18) -> #N/A | AG154: =IF(K154="Yes",AF154*Tab_Data_Flows[[#This Row],[Flow_Py]],"N.A.") -> N.A. | AH154: =Tab_Data_Flows[[#This Row],[UoM_Flow_Py]] -> 0 | AI154: =INDEX(Tab_Def_Flows[[Flow_ID]:[CC_DM_source]],MATCH(Tab_Data_Flows[[#This Row],[Name(EN)]],Tab_Def_Flows[Name(EN)],0),20) -> #N/A | AJ154: =IF(L154="Yes",AI154*Tab_Data_Flows[[#This Row],[Flow_Py]],"N.A.") -> N.A. | AK154: =Tab_Data_Flows[[#This Row],[UoM_Flow_Py]] -> 0
A155: =ROW()-1 -> 154 | B155: =_xlfn.XLOOKUP(C155,Tab_Def_Flows[Name(EN)],Tab_Def_Flows[Flow_ID],,0,) -> F_21_21 | D155: =_xlfn.XLOOKUP(C155,Tab_Def_Flows[Name(EN)],Tab_Def_Flows[Type_Biomass],,0,) -> 0 | E155: =_xlfn.XLOOKUP(C155,Tab_Def_Flows[Name(EN)],Tab_Def_Flows[Output_Process],,0,) -> 0 | F155: =_xlfn.XLOOKUP(C155,Tab_Def_Flows[Name(EN)],Tab_Def_Flows[Process_ID_O],,0,) -> 21__ | G155: =_xlfn.XLOOKUP(C155,Tab_Def_Flows[Name(EN)],Tab_Def_Flows[Input_Process],,0,) -> 0 | H155: =_xlfn.XLOOKUP(C155,Tab_Def_Flows[Name(EN)],Tab_Def_Flows[Process_ID_I],,0,) -> 21__ | I155: =_xlfn.XLOOKUP(C155,Tab_Def_Flows[Name(EN)],Tab_Def_Flows[Value_Source],,0,) -> 0 | J155: =_xlfn.XLOOKUP(C155,Tab_Def_Flows[Name(EN)],Tab_Def_Flows[WC?],,0,) -> 0 | K155: =_xlfn.XLOOKUP(C155,Tab_Def_Flows[Name(EN)],Tab_Def_Flows[DM?],,0,) -> 0 | L155: =_xlfn.XLOOKUP(C155,Tab_Def_Flows[Name(EN)],Tab_Def_Flows[CC?],,0,) -> 0 | AC155: =INDEX(Tab_Def_Flows[[Flow_ID]:[CC_DM_source]],MATCH(Tab_Data_Flows[[#This Row],[Name(EN)]],Tab_Def_Flows[Name(EN)],0),16) -> #N/A | AD155: =IF(J155="Yes",AA155*Tab_Data_Flows[[#This Row],[WC_'[%']]],"N.A.") -> N.A. | AE155: =Tab_Data_Flows[[#This Row],[UoM_Flow_Py]] -> 0 | AF155: =INDEX(Tab_Def_Flows[[Flow_ID]:[CC_DM_source]],MATCH(Tab_Data_Flows[[#This Row],[Name(EN)]],Tab_Def_Flows[Name(EN)],0),18) -> #N/A | AG155: =IF(K155="Yes",AF155*Tab_Data_Flows[[#This Row],[Flow_Py]],"N.A.") -> N.A. | AH155: =Tab_Data_Flows[[#This Row],[UoM_Flow_Py]] -> 0 | AI155: =INDEX(Tab_Def_Flows[[Flow_ID]:[CC_DM_source]],MATCH(Tab_Data_Flows[[#This Row],[Name(EN)]],Tab_Def_Flows[Name(EN)],0),20) -> #N/A | AJ155: =IF(L155="Yes",AI155*Tab_Data_Flows[[#This Row],[Flow_Py]],"N.A.") -> N.A. | AK155: =Tab_Data_Flows[[#This Row],[UoM_Flow_Py]] -> 0
A156: =ROW()-1 -> 155 | B156: =_xlfn.XLOOKUP(C156,Tab_Def_Flows[Name(EN)],Tab_Def_Flows[Flow_ID],,0,) -> F_21_21 | D156: =_xlfn.XLOOKUP(C156,Tab_Def_Flows[Name(EN)],Tab_Def_Flows[Type_Biomass],,0,) -> 0 | E156: =_xlfn.XLOOKUP(C156,Tab_Def_Flows[Name(EN)],Tab_Def_Flows[Output_Process],,0,) -> 0 | F156: =_xlfn.XLOOKUP(C156,Tab_Def_Flows[Name(EN)],Tab_Def_Flows[Process_ID_O],,0,) -> 21__ | G156: =_xlfn.XLOOKUP(C156,Tab_Def_Flows[Name(EN)],Tab_Def_Flows[Input_Process],,0,) -> 0 | H156: =_xlfn.XLOOKUP(C156,Tab_Def_Flows[Name(EN)],Tab_Def_Flows[Process_ID_I],,0,) -> 21__ | I156: =_xlfn.XLOOKUP(C156,Tab_Def_Flows[Name(EN)],Tab_Def_Flows[Value_Source],,0,) -> 0 | J156: =_xlfn.XLOOKUP(C156,Tab_Def_Flows[Name(EN)],Tab_Def_Flows[WC?],,0,) -> 0 | K156: =_xlfn.XLOOKUP(C156,Tab_Def_Flows[Name(EN)],Tab_Def_Flows[DM?],,0,) -> 0 | L156: =_xlfn.XLOOKUP(C156,Tab_Def_Flows[Name(EN)],Tab_Def_Flows[CC?],,0,) -> 0 | AC156: =INDEX(Tab_Def_Flows[[Flow_ID]:[CC_DM_source]],MATCH(Tab_Data_Flows[[#This Row],[Name(EN)]],Tab_Def_Flows[Name(EN)],0),16) -> #N/A | AD156: =IF(J156="Yes",AA156*Tab_Data_Flows[[#This Row],[WC_'[%']]],"N.A.") -> N.A. | AE156: =Tab_Data_Flows[[#This Row],[UoM_Flow_Py]] -> 0 | AF156: =INDEX(Tab_Def_Flows[[Flow_ID]:[CC_DM_source]],MATCH(Tab_Data_Flows[[#This Row],[Name(EN)]],Tab_Def_Flows[Name(EN)],0),18) -> #N/A | AG156: =IF(K156="Yes",AF156*Tab_Data_Flows[[#This Row],[Flow_Py]],"N.A.") -> N.A. | AH156: =Tab_Data_Flows[[#This Row],[UoM_Flow_Py]] -> 0 | AI156: =INDEX(Tab_Def_Flows[[Flow_ID]:[CC_DM_source]],MATCH(Tab_Data_Flows[[#This Row],[Name(EN)]],Tab_Def_Flows[Name(EN)],0),20) -> #N/A | AJ156: =IF(L156="Yes",AI156*Tab_Data_Flows[[#This Row],[Flow_Py]],"N.A.") -> N.A. | AK156: =Tab_Data_Flows[[#This Row],[UoM_Flow_Py]] -> 0
A157: =ROW()-1 -> 156 | B157: =_xlfn.XLOOKUP(C157,Tab_Def_Flows[Name(EN)],Tab_Def_Flows[Flow_ID],,0,) -> F_21_21 | D157: =_xlfn.XLOOKUP(C157,Tab_Def_Flows[Name(EN)],Tab_Def_Flows[Type_Biomass],,0,) -> 0 | E157: =_xlfn.XLOOKUP(C157,Tab_Def_Flows[Name(EN)],Tab_Def_Flows[Output_Process],,0,) -> 0 | F157: =_xlfn.XLOOKUP(C157,Tab_Def_Flows[Name(EN)],Tab_Def_Flows[Process_ID_O],,0,) -> 21__ | G157: =_xlfn.XLOOKUP(C157,Tab_Def_Flows[Name(EN)],Tab_Def_Flows[Input_Process],,0,) -> 0 | H157: =_xlfn.XLOOKUP(C157,Tab_Def_Flows[Name(EN)],Tab_Def_Flows[Process_ID_I],,0,) -> 21__ | I157: =_xlfn.XLOOKUP(C157,Tab_Def_Flows[Name(EN)],Tab_Def_Flows[Value_Source],,0,) -> 0 | J157: =_xlfn.XLOOKUP(C157,Tab_Def_Flows[Name(EN)],Tab_Def_Flows[WC?],,0,) -> 0 | K157: =_xlfn.XLOOKUP(C157,Tab_Def_Flows[Name(EN)],Tab_Def_Flows[DM?],,0,) -> 0 | L157: =_xlfn.XLOOKUP(C157,Tab_Def_Flows[Name(EN)],Tab_Def_Flows[CC?],,0,) -> 0 | AC157: =INDEX(Tab_Def_Flows[[Flow_ID]:[CC_DM_source]],MATCH(Tab_Data_Flows[[#This Row],[Name(EN)]],Tab_Def_Flows[Name(EN)],0),16) -> #N/A | AD157: =IF(J157="Yes",AA157*Tab_Data_Flows[[#This Row],[WC_'[%']]],"N.A.") -> N.A. | AE157: =Tab_Data_Flows[[#This Row],[UoM_Flow_Py]] -> 0 | AF157: =INDEX(Tab_Def_Flows[[Flow_ID]:[CC_DM_source]],MATCH(Tab_Data_Flows[[#This Row],[Name(EN)]],Tab_Def_Flows[Name(EN)],0),18) -> #N/A | AG157: =IF(K157="Yes",AF157*Tab_Data_Flows[[#This Row],[Flow_Py]],"N.A.") -> N.A. | AH157: =Tab_Data_Flows[[#This Row],[UoM_Flow_Py]] -> 0 | AI157: =INDEX(Tab_Def_Flows[[Flow_ID]:[CC_DM_source]],MATCH(Tab_Data_Flows[[#This Row],[Name(EN)]],Tab_Def_Flows[Name(EN)],0),20) -> #N/A | AJ157: =IF(L157="Yes",AI157*Tab_Data_Flows[[#This Row],[Flow_Py]],"N.A.") -> N.A. | AK157: =Tab_Data_Flows[[#This Row],[UoM_Flow_Py]] -> 0
