Workbook

Sheet Mass_balance_material
A1: P0 | B1: P1 | C1: P2 | D1: P3 | E1: P4 | F1: P5 | G1: P6 | H1: P7 | I1: P8 | J1: P9 | K1: P10 | L1: P11 | M1: P12 | N1: P13 | O1: P14 | P1: P15 | Q1: P16 | R1: P17 | S1: P18 | T1: P19 | U1: P20
A2: =A22-StockDict_material!B2-StockDict_material!D2-StockDict_material!F2-StockDict_material!H2-StockDict_material!J2-StockDict_material!L2-StockDict_material!N2-StockDict_material!P2-StockDict_material!R2-StockDict_material!T2 -> 2.8421713e-14 | B2: =FlowDict_material!D2+FlowDict_material!F2-FlowDict_material!H2-FlowDict_material!G2 -> 0 | C2: =FlowDict_material!H2+FlowDict_material!M2+FlowDict_material!L2-FlowDict_material!N2-FlowDict_material!I2-FlowDict_material!O2-FlowDict_material!K2 -> 0 | D2: =FlowDict_material!I2-FlowDict_material!J2-StockDict_material!B2 -> 0 | E2: =FlowDict_material!V2-FlowDict_material!F2 -> 0 | F2: =FlowDict_material!G2-StockDict_material!D2 -> 0 | G2: =FlowDict_material!K2-StockDict_material!F2 -> 0 | H2: =FlowDict_material!J2-FlowDict_material!P2-FlowDict_material!Q2 -> 0 | I2: =FlowDict_material!X2-FlowDict_material!M2 -> 0 | J2: =FlowDict_material!P2-FlowDict_material!R2-FlowDict_material!Y2 -> 0 | K2: =FlowDict_material!Q2-FlowDict_material!T2-FlowDict_material!S2 -> 5.2939559e-21 | L2: =FlowDict_material!W2-FlowDict_material!L2 -> 0 | M2: =FlowDict_material!O2-StockDict_material!H2 -> 0 | N2: =FlowDict_material!U2-FlowDict_material!B2 -> 0 | O2: =FlowDict_material!N2-StockDict_material!J2 -> 0 | P2: =FlowDict_material!C2-StockDict_material!L2 -> 0 | Q2: =FlowDict_material!E2-StockDict_material!N2 -> 0 | R2: =FlowDict_material!R2-StockDict_material!P2-FlowDict_material!Z2 -> 0 | S2: =FlowDict_material!S2-StockDict_material!R2 -> 0 | T2: =FlowDict_material!Y2+FlowDict_material!Z2+FlowDict_material!T2-StockDict_material!T2 -> 0 | U2: =FlowDict_material!B2-FlowDict_material!D2-FlowDict_material!C2-FlowDict_material!E2 -> 0
A3: =A23-StockDict_material!B3-StockDict_material!D3-StockDict_material!F3-StockDict_material!H3-StockDict_material!J3-StockDict_material!L3-StockDict_material!N3-StockDict_material!P3-StockDict_material!R3-StockDict_material!T3 -> -4.6185278e-14 | B3: =FlowDict_material!D3+FlowDict_material!F3-FlowDict_material!H3-FlowDict_material!G3 -> 0 | C3: =FlowDict_material!H3+FlowDict_material!M3+FlowDict_material!L3-FlowDict_material!N3-FlowDict_material!I3-FlowDict_material!O3-FlowDict_material!K3 -> 0 | D3: =FlowDict_material!I3-FlowDict_material!J3-StockDict_material!B3 -> 0 | E3: =FlowDict_material!V3-FlowDict_material!F3 -> 0 | F3: =FlowDict_material!G3-StockDict_material!D3 -> 0 | G3: =FlowDict_material!K3-StockDict_material!F3 -> 0 | H3: =FlowDict_material!J3-FlowDict_material!P3-FlowDict_material!Q3 -> 0 | I3: =FlowDict_material!X3-FlowDict_material!M3 -> 0 | J3: =FlowDict_material!P3-FlowDict_material!R3-FlowDict_material!Y3 -> 0 | K3: =FlowDict_material!Q3-FlowDict_material!T3-FlowDict_material!S3 -> -4.4408921e-15 | L3: =FlowDict_material!W3-FlowDict_material!L3 -> 0 | M3: =FlowDict_material!O3-StockDict_material!H3 -> 0 | N3: =FlowDict_material!U3-FlowDict_material!B3 -> 0 | O3: =FlowDict_material!N3-StockDict_material!J3 -> 0 | P3: =FlowDict_material!C3-StockDict_material!L3 -> 0 | Q3: =FlowDict_material!E3-StockDict_material!N3 -> 0 | R3: =FlowDict_material!R3-StockDict_material!P3-FlowDict_material!Z3 -> 0 | S3: =FlowDict_material!S3-StockDict_material!R3 -> 0 | T3: =FlowDict_material!Y3+FlowDict_material!Z3+FlowDict_material!T3-StockDict_material!T3 -> 0 | U3: =FlowDict_material!B3-FlowDict_material!D3-FlowDict_material!C3-FlowDict_material!E3 -> 0
A4: =A24-StockDict_material!B4-StockDict_material!D4-StockDict_material!F4-StockDict_material!H4-StockDict_material!J4-StockDict_material!L4-StockDict_material!N4-StockDict_material!P4-StockDict_material!R4-StockDict_material!T4 -> 0 | B4: =FlowDict_material!D4+FlowDict_material!F4-FlowDict_material!H4-FlowDict_material!G4 -> 0 | C4: =FlowDict_material!H4+FlowDict_material!M4+FlowDict_material!L4-FlowDict_material!N4-FlowDict_material!I4-FlowDict_material!O4-FlowDict_material!K4 -> 0 | D4: =FlowDict_material!I4-FlowDict_material!J4-StockDict_material!B4 -> 0 | E4: =FlowDict_material!V4-FlowDict_material!F4 -> 0 | F4: =FlowDict_material!G4-StockDict_material!D4 -> 0 | G4: =FlowDict_material!K4-StockDict_material!F4 -> 0 | H4: =FlowDict_material!J4-FlowDict_material!P4-FlowDict_material!Q4 -> 0 | I4: =FlowDict_material!X4-FlowDict_material!M4 -> 0 | J4: =FlowDict_material!P4-FlowDict_material!R4-FlowDict_material!Y4 -> 0 | K4: =FlowDict_material!Q4-FlowDict_material!T4-FlowDict_material!S4 -> -3.5527137e-15 | L4: =FlowDict_material!W4-FlowDict_material!L4 -> 0 | M4: =FlowDict_material!O4-StockDict_material!H4 -> 0 | N4: =FlowDict_material!U4-FlowDict_material!B4 -> 0 | O4: =FlowDict_material!N4-StockDict_material!J4 -> 0 | P4: =FlowDict_material!C4-StockDict_material!L4 -> 0 | Q4: =FlowDict_material!E4-StockDict_material!N4 -> 0 | R4: =FlowDict_material!R4-StockDict_material!P4-FlowDict_material!Z4 -> 0 | S4: =FlowDict_material!S4-StockDict_material!R4 -> 0 | T4: =FlowDict_material!Y4+FlowDict_material!Z4+FlowDict_material!T4-StockDict_material!T4 -> 0 | U4: =FlowDict_material!B4-FlowDict_material!D4-FlowDict_material!C4-FlowDict_material!E4 -> 0
A5: =A25-StockDict_material!B5-StockDict_material!D5-StockDict_material!F5-StockDict_material!H5-StockDict_material!J5-StockDict_material!L5-StockDict_material!N5-StockDict_material!P5-StockDict_material!R5-StockDict_material!T5 -> 0 | B5: =FlowDict_material!D5+FlowDict_material!F5-FlowDict_material!H5-FlowDict_material!G5 -> 0 | C5: =FlowDict_material!H5+FlowDict_material!M5+FlowDict_material!L5-FlowDict_material!N5-FlowDict_material!I5-FlowDict_material!O5-FlowDict_material!K5 -> 0 | D5: =FlowDict_material!I5-FlowDict_material!J5-StockDict_material!B5 -> 0 | E5: =FlowDict_material!V5-FlowDict_material!F5 -> 0 | F5: =FlowDict_material!G5-StockDict_material!D5 -> 0 | G5: =FlowDict_material!K5-StockDict_material!F5 -> 0 | H5: =FlowDict_material!J5-FlowDict_material!P5-FlowDict_material!Q5 -> 0 | I5: =FlowDict_material!X5-FlowDict_material!M5 -> 0 | J5: =FlowDict_material!P5-FlowDict_material!R5-FlowDict_material!Y5 -> 0 | K5: =FlowDict_material!Q5-FlowDict_material!T5-FlowDict_material!S5 -> -4.4408921e-15 | L5: =FlowDict_material!W5-FlowDict_material!L5 -> 0 | M5: =FlowDict_material!O5-StockDict_material!H5 -> 0 | N5: =FlowDict_material!U5-FlowDict_material!B5 -> 0 | O5: =FlowDict_material!N5-StockDict_material!J5 -> 0 | P5: =FlowDict_material!C5-StockDict_material!L5 -> 0 | Q5: =FlowDict_material!E5-StockDict_material!N5 -> 0 | R5: =FlowDict_material!R5-StockDict_material!P5-FlowDict_material!Z5 -> 8.8817842e-16 | S5: =FlowDict_material!S5-StockDict_material!R5 -> 0 | T5: =FlowDict_material!Y5+FlowDict_material!Z5+FlowDict_material!T5-StockDict_material!T5 -> 0 | U5: =FlowDict_material!B5-FlowDict_material!D5-FlowDict_material!C5-FlowDict_material!E5 -> 0
A6: =A26-StockDict_material!B6-StockDict_material!D6-StockDict_material!F6-StockDict_material!H6-StockDict_material!J6-StockDict_material!L6-StockDict_material!N6-StockDict_material!P6-StockDict_material!R6-StockDict_material!T6 -> 0 | B6: =FlowDict_material!D6+FlowDict_material!F6-FlowDict_material!H6-FlowDict_material!G6 -> 0 | C6: =FlowDict_material!H6+FlowDict_material!M6+FlowDict_material!L6-FlowDict_material!N6-FlowDict_material!I6-FlowDict_material!O6-FlowDict_material!K6 -> 1.7763568e-14 | D6: =FlowDict_material!I6-FlowDict_material!J6-StockDict_material!B6 -> 0 | E6: =FlowDict_material!V6-FlowDict_material!F6 -> 0 | F6: =FlowDict_material!G6-StockDict_material!D6 -> 0 | G6: =FlowDict_material!K6-StockDict_material!F6 -> 0 | H6: =FlowDict_material!J6-FlowDict_material!P6-FlowDict_material!Q6 -> 0 | I6: =FlowDict_material!X6-FlowDict_material!M6 -> 0 | J6: =FlowDict_material!P6-FlowDict_material!R6-FlowDict_material!Y6 -> 0 | K6: =FlowDict_material!Q6-FlowDict_material!T6-FlowDict_material!S6 -> 0 | L6: =FlowDict_material!W6-FlowDict_material!L6 -> 0 | M6: =FlowDict_material!O6-StockDict_material!H6 -> 0 | N6: =FlowDict_material!U6-FlowDict_material!B6 -> 0 | O6: =FlowDict_material!N6-StockDict_material!J6 -> 0 | P6: =FlowDict_material!C6-StockDict_material!L6 -> 0 | Q6: =FlowDict_material!E6-StockDict_material!N6 -> 0 | R6: =FlowDict_material!R6-StockDict_material!P6-FlowDict_material!Z6 -> 0 | S6: =FlowDict_material!S6-StockDict_material!R6 -> 0 | T6: =FlowDict_material!Y6+FlowDict_material!Z6+FlowDict_material!T6-StockDict_material!T6 -> 0 | U6: =FlowDict_material!B6-FlowDict_material!D6-FlowDict_material!C6-FlowDict_material!E6 -> 0
A7: =A27-StockDict_material!B7-StockDict_material!D7-StockDict_material!F7-StockDict_material!H7-StockDict_material!J7-StockDict_material!L7-StockDict_material!N7-StockDict_material!P7-StockDict_material!R7-StockDict_material!T7 -> 0 | B7: =FlowDict_material!D7+FlowDict_material!F7-FlowDict_material!H7-FlowDict_material!G7 -> 0 | C7: =FlowDict_material!H7+FlowDict_material!M7+FlowDict_material!L7-FlowDict_material!N7-FlowDict_material!I7-FlowDict_material!O7-FlowDict_material!K7 -> 1.4210855e-14 | D7: =FlowDict_material!I7-FlowDict_material!J7-StockDict_material!B7 -> 0 | E7: =FlowDict_material!V7-FlowDict_material!F7 -> 0 | F7: =FlowDict_material!G7-StockDict_material!D7 -> 0 | G7: =FlowDict_material!K7-StockDict_material!F7 -> 0 | H7: =FlowDict_material!J7-FlowDict_material!P7-FlowDict_material!Q7 -> 0 | I7: =FlowDict_material!X7-FlowDict_material!M7 -> 0 | J7: =FlowDict_material!P7-FlowDict_material!R7-FlowDict_material!Y7 -> 0 | K7: =FlowDict_material!Q7-FlowDict_material!T7-FlowDict_material!S7 -> 0 | L7: =FlowDict_material!W7-FlowDict_material!L7 -> 0 | M7: =FlowDict_material!O7-StockDict_material!H7 -> 0 | N7: =FlowDict_material!U7-FlowDict_material!B7 -> 0 | O7: =FlowDict_material!N7-StockDict_material!J7 -> 0 | P7: =FlowDict_material!C7-StockDict_material!L7 -> 0 | Q7: =FlowDict_material!E7-StockDict_material!N7 -> 0 | R7: =FlowDict_material!R7-StockDict_material!P7-FlowDict_material!Z7 -> 4.1633363e-16 | S7: =FlowDict_material!S7-StockDict_material!R7 -> 0 | T7: =FlowDict_material!Y7+FlowDict_material!Z7+FlowDict_material!T7-StockDict_material!T7 -> 0 | U7: =FlowDict_material!B7-FlowDict_material!D7-FlowDict_material!C7-FlowDict_material!E7 -> -4.9737992e-14
A8: =A28-StockDict_material!B8-StockDict_material!D8-StockDict_material!F8-StockDict_material!H8-StockDict_material!J8-StockDict_material!L8-StockDict_material!N8-StockDict_material!P8-StockDict_material!R8-StockDict_material!T8 -> -6.3948846e-14 | B8: =FlowDict_material!D8+FlowDict_material!F8-FlowDict_material!H8-FlowDict_material!G8 -> 0 | C8: =FlowDict_material!H8+FlowDict_material!M8+FlowDict_material!L8-FlowDict_material!N8-FlowDict_material!I8-FlowDict_material!O8-FlowDict_material!K8 -> 0 | D8: =FlowDict_material!I8-FlowDict_material!J8-StockDict_material!B8 -> 0 | E8: =FlowDict_material!V8-FlowDict_material!F8 -> 0 | F8: =FlowDict_material!G8-StockDict_material!D8 -> 0 | G8: =FlowDict_material!K8-StockDict_material!F8 -> 0 | H8: =FlowDict_material!J8-FlowDict_material!P8-FlowDict_material!Q8 -> 0 | I8: =FlowDict_material!X8-FlowDict_material!M8 -> 0 | J8: =FlowDict_material!P8-FlowDict_material!R8-FlowDict_material!Y8 -> 0 | K8: =FlowDict_material!Q8-FlowDict_material!T8-FlowDict_material!S8 -> -9.3258734e-15 | L8: =FlowDict_material!W8-FlowDict_material!L8 -> 0 | M8: =FlowDict_material!O8-StockDict_material!H8 -> 0 | N8: =FlowDict_material!U8-FlowDict_material!B8 -> 0 | O8: =FlowDict_material!N8-StockDict_material!J8 -> 0 | P8: =FlowDict_material!C8-StockDict_material!L8 -> 0 | Q8: =FlowDict_material!E8-StockDict_material!N8 -> 0 | R8: =FlowDict_material!R8-StockDict_material!P8-FlowDict_material!Z8 -> 0 | S8: =FlowDict_material!S8-StockDict_material!R8 -> 0 | T8: =FlowDict_material!Y8+FlowDict_material!Z8+FlowDict_material!T8-StockDict_material!T8 -> 0 | U8: =FlowDict_material!B8-FlowDict_material!D8-FlowDict_material!C8-FlowDict_material!E8 -> -3.1974423e-14
A9: =A29-StockDict_material!B9-StockDict_material!D9-StockDict_material!F9-StockDict_material!H9-StockDict_material!J9-StockDict_material!L9-StockDict_material!N9-StockDict_material!P9-StockDict_material!R9-StockDict_material!T9 -> -5.6843419e-14 | B9: =FlowDict_material!D9+FlowDict_material!F9-FlowDict_material!H9-FlowDict_material!G9 -> 0 | C9: =FlowDict_material!H9+FlowDict_material!M9+FlowDict_material!L9-FlowDict_material!N9-FlowDict_material!I9-FlowDict_material!O9-FlowDict_material!K9 -> 0 | D9: =FlowDict_material!I9-FlowDict_material!J9-StockDict_material!B9 -> 0 | E9: =FlowDict_material!V9-FlowDict_material!F9 -> 0 | F9: =FlowDict_material!G9-StockDict_material!D9 -> 0 | G9: =FlowDict_material!K9-StockDict_material!F9 -> 0 | H9: =FlowDict_material!J9-FlowDict_material!P9-FlowDict_material!Q9 -> 0 | I9: =FlowDict_material!X9-FlowDict_material!M9 -> 0 | J9: =FlowDict_material!P9-FlowDict_material!R9-FlowDict_material!Y9 -> 0 | K9: =FlowDict_material!Q9-FlowDict_material!T9-FlowDict_material!S9 -> 7.5495166e-15 | L9: =FlowDict_material!W9-FlowDict_material!L9 -> 0 | M9: =FlowDict_material!O9-StockDict_material!H9 -> 0 | N9: =FlowDict_material!U9-FlowDict_material!B9 -> 0 | O9: =FlowDict_material!N9-StockDict_material!J9 -> 0 | P9: =FlowDict_material!C9-StockDict_material!L9 -> 0 | Q9: =FlowDict_material!E9-StockDict_material!N9 -> 0 | R9: =FlowDict_material!R9-StockDict_material!P9-FlowDict_material!Z9 -> 0 | S9: =FlowDict_material!S9-StockDict_material!R9 -> 0 | T9: =FlowDict_material!Y9+FlowDict_material!Z9+FlowDict_material!T9-StockDict_material!T9 -> 0 | U9: =FlowDict_material!B9-FlowDict_material!D9-FlowDict_material!C9-FlowDict_material!E9 -> -4.9737992e-14
A10: =A30-StockDict_material!B10-StockDict_material!D10-StockDict_material!F10-StockDict_material!H10-StockDict_material!J10-StockDict_material!L10-StockDict_material!N10-StockDict_material!P10-StockDict_material!R10-StockDict_material!T10 -> 0 | B10: =FlowDict_material!D10+FlowDict_material!F10-FlowDict_material!H10-FlowDict_material!G10 -> 0 | C10: =FlowDict_material!H10+FlowDict_material!M10+FlowDict_material!L10-FlowDict_material!N10-FlowDict_material!I10-FlowDict_material!O10-FlowDict_material!K10 -> 0 | D10: =FlowDict_material!I10-FlowDict_material!J10-StockDict_material!B10 -> 0 | E10: =FlowDict_material!V10-FlowDict_material!F10 -> 0 | F10: =FlowDict_material!G10-StockDict_material!D10 -> 0 | G10: =FlowDict_material!K10-StockDict_material!F10 -> 0 | H10: =FlowDict_material!J10-FlowDict_material!P10-FlowDict_material!Q10 -> 0 | I10: =FlowDict_material!X10-FlowDict_material!M10 -> 0 | J10: =FlowDict_material!P10-FlowDict_material!R10-FlowDict_material!Y10 -> 0 | K10: =FlowDict_material!Q10-FlowDict_material!T10-FlowDict_material!S10 -> 0 | L10: =FlowDict_material!W10-FlowDict_material!L10 -> 0 | M10: =FlowDict_material!O10-StockDict_material!H10 -> 0 | N10: =FlowDict_material!U10-FlowDict_material!B10 -> 0 | O10: =FlowDict_material!N10-StockDict_material!J10 -> 0 | P10: =FlowDict_material!C10-StockDict_material!L10 -> 0 | Q10: =FlowDict_material!E10-StockDict_material!N10 -> 0 | R10: =FlowDict_material!R10-StockDict_material!P10-FlowDict_material!Z10 -> 0 | S10: =FlowDict_material!S10-StockDict_material!R10 -> 0 | T10: =FlowDict_material!Y10+FlowDict_material!Z10+FlowDict_material!T10-StockDict_material!T10 -> 0 | U10: =FlowDict_material!B10-FlowDict_material!D10-FlowDict_material!C10-FlowDict_material!E10 -> 0
A11: =A31-StockDict_material!B11-StockDict_material!D11-StockDict_material!F11-StockDict_material!H11-StockDict_material!J11-StockDict_material!L11-StockDict_material!N11-StockDict_material!P11-StockDict_material!R11-StockDict_material!T11 -> 0 | B11: =FlowDict_material!D11+FlowDict_material!F11-FlowDict_material!H11-FlowDict_material!G11 -> 0 | C11: =FlowDict_material!H11+FlowDict_material!M11+FlowDict_material!L11-FlowDict_material!N11-FlowDict_material!I11-FlowDict_material!O11-FlowDict_material!K11 -> 0 | D11: =FlowDict_material!I11-FlowDict_material!J11-StockDict_material!B11 -> 0 | E11: =FlowDict_material!V11-FlowDict_material!F11 -> 0 | F11: =FlowDict_material!G11-StockDict_material!D11 -> 0 | G11: =FlowDict_material!K11-StockDict_material!F11 -> 0 | H11: =FlowDict_material!J11-FlowDict_material!P11-FlowDict_material!Q11 -> 0 | I11: =FlowDict_material!X11-FlowDict_material!M11 -> 0 | J11: =FlowDict_material!P11-FlowDict_material!R11-FlowDict_material!Y11 -> 0 | K11: =FlowDict_material!Q11-FlowDict_material!T11-FlowDict_material!S11 -> 0 | L11: =FlowDict_material!W11-FlowDict_material!L11 -> 0 | M11: =FlowDict_material!O11-StockDict_material!H11 -> 0 | N11: =FlowDict_material!U11-FlowDict_material!B11 -> 0 | O11: =FlowDict_material!N11-StockDict_material!J11 -> 0 | P11: =FlowDict_material!C11-StockDict_material!L11 -> 0 | Q11: =FlowDict_material!E11-StockDict_material!N11 -> 0 | R11: =FlowDict_material!R11-StockDict_material!P11-FlowDict_material!Z11 -> -8.8817842e-16 | S11: =FlowDict_material!S11-StockDict_material!R11 -> 0 | T11: =FlowDict_material!Y11+FlowDict_material!Z11+FlowDict_material!T11-StockDict_material!T11 -> 0 | U11: =FlowDict_material!B11-FlowDict_material!D11-FlowDict_material!C11-FlowDict_material!E11 -> -4.9737992e-14
A12: =A32-StockDict_material!B12-StockDict_material!D12-StockDict_material!F12-StockDict_material!H12-StockDict_material!J12-StockDict_material!L12-StockDict_material!N12-StockDict_material!P12-StockDict_material!R12-StockDict_material!T12 -> 0 | B12: =FlowDict_material!D12+FlowDict_material!F12-FlowDict_material!H12-FlowDict_material!G12 -> 0 | C12: =FlowDict_material!H12+FlowDict_material!M12+FlowDict_material!L12-FlowDict_material!N12-FlowDict_material!I12-FlowDict_material!O12-FlowDict_material!K12 -> 1.5987212e-14 | D12: =FlowDict_material!I12-FlowDict_material!J12-StockDict_material!B12 -> 0 | E12: =FlowDict_material!V12-FlowDict_material!F12 -> 0 | F12: =FlowDict_material!G12-StockDict_material!D12 -> 0 | G12: =FlowDict_material!K12-StockDict_material!F12 -> 0 | H12: =FlowDict_material!J12-FlowDict_material!P12-FlowDict_material!Q12 -> 0 | I12: =FlowDict_material!X12-FlowDict_material!M12 -> 0 | J12: =FlowDict_material!P12-FlowDict_material!R12-FlowDict_material!Y12 -> 0 | K12: =FlowDict_material!Q12-FlowDict_material!T12-FlowDict_material!S12 -> 0 | L12: =FlowDict_material!W12-FlowDict_material!L12 -> 0 | M12: =FlowDict_material!O12-StockDict_material!H12 -> 0 | N12: =FlowDict_material!U12-FlowDict_material!B12 -> 0 | O12: =FlowDict_material!N12-StockDict_material!J12 -> 0 | P12: =FlowDict_material!C12-StockDict_material!L12 -> 0 | Q12: =FlowDict_material!E12-StockDict_material!N12 -> 0 | R12: =FlowDict_material!R12-StockDict_material!P12-FlowDict_material!Z12 -> 0 | S12: =FlowDict_material!S12-StockDict_material!R12 -> 0 | T12: =FlowDict_material!Y12+FlowDict_material!Z12+FlowDict_material!T12-StockDict_material!T12 -> 0 | U12: =FlowDict_material!B12-FlowDict_material!D12-FlowDict_material!C12-FlowDict_material!E12 -> 3.5527137e-14
A13: =A33-StockDict_material!B13-StockDict_material!D13-StockDict_material!F13-StockDict_material!H13-StockDict_material!J13-StockDict_material!L13-StockDict_material!N13-StockDict_material!P13-StockDict_material!R13-StockDict_material!T13 -> 0 | B13: =FlowDict_material!D13+FlowDict_material!F13-FlowDict_material!H13-FlowDict_material!G13 -> 0 | C13: =FlowDict_material!H13+FlowDict_material!M13+FlowDict_material!L13-FlowDict_material!N13-FlowDict_material!I13-FlowDict_material!O13-FlowDict_material!K13 -> 0 | D13: =FlowDict_material!I13-FlowDict_material!J13-StockDict_material!B13 -> 0 | E13: =FlowDict_material!V13-FlowDict_material!F13 -> 0 | F13: =FlowDict_material!G13-StockDict_material!D13 -> 0 | G13: =FlowDict_material!K13-StockDict_material!F13 -> 0 | H13: =FlowDict_material!J13-FlowDict_material!P13-FlowDict_material!Q13 -> 0 | I13: =FlowDict_material!X13-FlowDict_material!M13 -> 0 | J13: =FlowDict_material!P13-FlowDict_material!R13-FlowDict_material!Y13 -> 0 | K13: =FlowDict_material!Q13-FlowDict_material!T13-FlowDict_material!S13 -> 0 | L13: =FlowDict_material!W13-FlowDict_material!L13 -> 0 | M13: =FlowDict_material!O13-StockDict_material!H13 -> 0 | N13: =FlowDict_material!U13-FlowDict_material!B13 -> 0 | O13: =FlowDict_material!N13-StockDict_material!J13 -> 0 | P13: =FlowDict_material!C13-StockDict_material!L13 -> 0 | Q13: =FlowDict_material!E13-StockDict_material!N13 -> 0 | R13: =FlowDict_material!R13-StockDict_material!P13-FlowDict_material!Z13 -> 8.8817842e-16 | S13: =FlowDict_material!S13-StockDict_material!R13 -> 0 | T13: =FlowDict_material!Y13+FlowDict_material!Z13+FlowDict_material!T13-StockDict_material!T13 -> 0 | U13: =FlowDict_material!B13-FlowDict_material!D13-FlowDict_material!C13-FlowDict_material!E13 -> 0
... A16: =A36-StockDict_material!B16-StockDict_material!D16-StockDict_material!F16-StockDict_material!H16-StockDict_material!J16-StockDict_material!L16-StockDict_material!N16-StockDict_material!P16-StockDict_material!R16-StockDict_material!T16 -> 0 | B16: =FlowDict_material!D16+FlowDict_material!F16-FlowDict_material!H16-FlowDict_material!G16 -> 0 | C16: =FlowDict_material!H16+FlowDict_material!M16+FlowDict_material!L16-FlowDict_material!N16-FlowDict_material!I16-FlowDict_material!O16-FlowDict_material!K16 -> 0 | D16: =FlowDict_material!I16-FlowDict_material!J16-StockDict_material!B16 -> 0 | E16: =FlowDict_material!V16-FlowDict_material!F16 -> 0 | F16: =FlowDict_material!G16-StockDict_material!D16 -> 0 | G16: =FlowDict_material!K16-StockDict_material!F16 -> 0 | H16: =FlowDict_material!J16-FlowDict_material!P16-FlowDict_material!Q16 -> 0 | I16: =FlowDict_material!X16-FlowDict_material!M16 -> 0 | J16: =FlowDict_material!P16-FlowDict_material!R16-FlowDict_material!Y16 -> 0 | K16: =FlowDict_material!Q16-FlowDict_material!T16-FlowDict_material!S16 -> 0 | L16: =FlowDict_material!W16-FlowDict_material!L16 -> 0 | M16: =FlowDict_material!O16-StockDict_material!H16 -> 0 | N16: =FlowDict_material!U16-FlowDict_material!B16 -> 0 | O16: =FlowDict_material!N16-StockDict_material!J16 -> 0 | P16: =FlowDict_material!C16-StockDict_material!L16 -> 0 | Q16: =FlowDict_material!E16-StockDict_material!N16 -> 0 | R16: =FlowDict_material!R16-StockDict_material!P16-FlowDict_material!Z16 -> 0 | S16: =FlowDict_material!S16-StockDict_material!R16 -> 0 | T16: =FlowDict_material!Y16+FlowDict_material!Z16+FlowDict_material!T16-StockDict_material!T16 -> 0 | U16: =FlowDict_material!B16-FlowDict_material!D16-FlowDict_material!C16-FlowDict_material!E16 -> 0
A21: Sum outflows of P0
A22: =SUM(FlowDict_material!U2:X2) -> 243
A23: =SUM(FlowDict_material!U3:X3) -> 247.86
A24: =SUM(FlowDict_material!U4:X4) -> 252.8172
A25: =SUM(FlowDict_material!U5:X5) -> 257.87354
A26: =SUM(FlowDict_material!U6:X6) -> 263.03101
A27: =SUM(FlowDict_material!U7:X7) -> 268.29164
A28: =SUM(FlowDict_material!U8:X8) -> 273.65747
A29: =SUM(FlowDict_material!U9:X9) -> 279.13062
A30: =SUM(FlowDict_material!U10:X10) -> 284.71323
A31: =SUM(FlowDict_material!U11:X11) -> 290.40749
A32: =SUM(FlowDict_material!U12:X12) -> 296.21564
A33: =SUM(FlowDict_material!U13:X13) -> 302.13996
... A36: =SUM(FlowDict_material!U16:X16) -> 320.63334

Sheet Mass_balance_WC
A1: P0 | B1: P1 | C1: P2 | D1: P3 | E1: P4 | F1: P5 | G1: P6 | H1: P7 | I1: P8 | J1: P9 | K1: P10 | L1: P11 | M1: P12 | N1: P13 | O1: P14 | P1: P15 | Q1: P16 | R1: P17 | S1: P18 | T1: P19 | U1: P20
A2: =A22-StockDict_WC!B2-StockDict_WC!F2-StockDict_WC!D2-StockDict_WC!H2-StockDict_WC!J2-StockDict_WC!L2-StockDict_WC!N2-StockDict_WC!P2-StockDict_WC!R2-StockDict_WC!T2 -> -2.4945076 | B2: =FlowDict_WC!D2+FlowDict_WC!F2-FlowDict_WC!H2-FlowDict_WC!G2 -> -3.558048 | C2: =FlowDict_WC!H2+FlowDict_WC!M2+FlowDict_WC!L2-FlowDict_WC!N2-FlowDict_WC!I2-FlowDict_WC!O2-FlowDict_WC!K2 -> 1.0635309 | D2: =FlowDict_WC!I2-FlowDict_WC!J2-StockDict_WC!B2 -> 0 | E2: =FlowDict_WC!V2-FlowDict_WC!F2 -> 0 | F2: =FlowDict_WC!G2-StockDict_WC!D2 -> 0 | G2: =FlowDict_WC!K2-StockDict_WC!F2 -> 0 | H2: =FlowDict_WC!J2-FlowDict_WC!P2-FlowDict_WC!Q2 -> 0 | I2: =FlowDict_WC!X2-FlowDict_WC!M2 -> 0 | J2: =FlowDict_WC!P2-FlowDict_WC!R2-FlowDict_WC!Y2 -> 1.8960744e-06 | K2: =FlowDict_WC!Q2-FlowDict_WC!T2-FlowDict_WC!S2 -> 7.5842976e-06 | L2: =FlowDict_WC!W2-FlowDict_WC!L2 -> 0 | M2: =FlowDict_WC!O2-StockDict_WC!H2 -> 0 | N2: =FlowDict_WC!U2-FlowDict_WC!B2 -> 0 | O2: =FlowDict_WC!N2-StockDict_WC!J2 -> 0 | P2: =FlowDict_WC!C2-StockDict_WC!L2 -> 0 | Q2: =FlowDict_WC!E2-StockDict_WC!N2 -> 0 | R2: =FlowDict_WC!R2-StockDict_WC!P2-FlowDict_WC!Z2 -> 0 | S2: =FlowDict_WC!S2-StockDict_WC!R2 -> 0 | T2: =FlowDict_WC!Y2+FlowDict_WC!Z2+FlowDict_WC!T2-StockDict_WC!T2 -> 0 | U2: =FlowDict_WC!B2-FlowDict_WC!D2-FlowDict_WC!C2-FlowDict_WC!E2 -> 0
A3: =A23-StockDict_WC!B3-StockDict_WC!F3-StockDict_WC!D3-StockDict_WC!H3-StockDict_WC!J3-StockDict_WC!L3-StockDict_WC!N3-StockDict_WC!P3-StockDict_WC!R3-StockDict_WC!T3 -> 7.3776668 | B3: =FlowDict_WC!D3+FlowDict_WC!F3-FlowDict_WC!H3-FlowDict_WC!G3 -> -3.629209 | C3: =FlowDict_WC!H3+FlowDict_WC!M3+FlowDict_WC!L3-FlowDict_WC!N3-FlowDict_WC!I3-FlowDict_WC!O3-FlowDict_WC!K3 -> 1.0848015 | D3: =FlowDict_WC!I3-FlowDict_WC!J3-StockDict_WC!B3 -> 0 | E3: =FlowDict_WC!V3-FlowDict_WC!F3 -> 0 | F3: =FlowDict_WC!G3-StockDict_WC!D3 -> 0 | G3: =FlowDict_WC!K3-StockDict_WC!F3 -> 0 | H3: =FlowDict_WC!J3-FlowDict_WC!P3-FlowDict_WC!Q3 -> 0 | I3: =FlowDict_WC!X3-FlowDict_WC!M3 -> 0 | J3: =FlowDict_WC!P3-FlowDict_WC!R3-FlowDict_WC!Y3 -> 1.9844148 | K3: =FlowDict_WC!Q3-FlowDict_WC!T3-FlowDict_WC!S3 -> 7.9376593 | L3: =FlowDict_WC!W3-FlowDict_WC!L3 -> 0 | M3: =FlowDict_WC!O3-StockDict_WC!H3 -> 0 | N3: =FlowDict_WC!U3-FlowDict_WC!B3 -> 0 | O3: =FlowDict_WC!N3-StockDict_WC!J3 -> 0 | P3: =FlowDict_WC!C3-StockDict_WC!L3 -> 0 | Q3: =FlowDict_WC!E3-StockDict_WC!N3 -> 0 | R3: =FlowDict_WC!R3-StockDict_WC!P3-FlowDict_WC!Z3 -> 0 | S3: =FlowDict_WC!S3-StockDict_WC!R3 -> 0 | T3: =FlowDict_WC!Y3+FlowDict_WC!Z3+FlowDict_WC!T3-StockDict_WC!T3 -> 0 | U3: =FlowDict_WC!B3-FlowDict_WC!D3-FlowDict_WC!C3-FlowDict_WC!E3 -> 0
A4: =A24-StockDict_WC!B4-StockDict_WC!F4-StockDict_WC!D4-StockDict_WC!H4-StockDict_WC!J4-StockDict_WC!L4-StockDict_WC!N4-StockDict_WC!P4-StockDict_WC!R4-StockDict_WC!T4 -> 17.455963 | B4: =FlowDict_WC!D4+FlowDict_WC!F4-FlowDict_WC!H4-FlowDict_WC!G4 -> -3.7017931 | C4: =FlowDict_WC!H4+FlowDict_WC!M4+FlowDict_WC!L4-FlowDict_WC!N4-FlowDict_WC!I4-FlowDict_WC!O4-FlowDict_WC!K4 -> 1.1064976 | D4: =FlowDict_WC!I4-FlowDict_WC!J4-StockDict_WC!B4 -> 0 | E4: =FlowDict_WC!V4-FlowDict_WC!F4 -> 0 | F4: =FlowDict_WC!G4-StockDict_WC!D4 -> 0 | G4: =FlowDict_WC!K4-StockDict_WC!F4 -> 0 | H4: =FlowDict_WC!J4-FlowDict_WC!P4-FlowDict_WC!Q4 -> 0 | I4: =FlowDict_WC!X4-FlowDict_WC!M4 -> 0 | J4: =FlowDict_WC!P4-FlowDict_WC!R4-FlowDict_WC!Y4 -> 4.0102517 | K4: =FlowDict_WC!Q4-FlowDict_WC!T4-FlowDict_WC!S4 -> 16.041007 | L4: =FlowDict_WC!W4-FlowDict_WC!L4 -> 0 | M4: =FlowDict_WC!O4-StockDict_WC!H4 -> 0 | N4: =FlowDict_WC!U4-FlowDict_WC!B4 -> 0 | O4: =FlowDict_WC!N4-StockDict_WC!J4 -> 0 | P4: =FlowDict_WC!C4-StockDict_WC!L4 -> 0 | Q4: =FlowDict_WC!E4-StockDict_WC!N4 -> 0 | R4: =FlowDict_WC!R4-StockDict_WC!P4-FlowDict_WC!Z4 -> 0 | S4: =FlowDict_WC!S4-StockDict_WC!R4 -> 0 | T4: =FlowDict_WC!Y4+FlowDict_WC!Z4+FlowDict_WC!T4-StockDict_WC!T4 -> 0 | U4: =FlowDict_WC!B4-FlowDict_WC!D4-FlowDict_WC!C4-FlowDict_WC!E4 -> 0
A5: =A25-StockDict_WC!B5-StockDict_WC!F5-StockDict_WC!D5-StockDict_WC!H5-StockDict_WC!J5-StockDict_WC!L5-StockDict_WC!N5-StockDict_WC!P5-StockDict_WC!R5-StockDict_WC!T5 -> 17.94797 | B5: =FlowDict_WC!D5+FlowDict_WC!F5-FlowDict_WC!H5-FlowDict_WC!G5 -> -3.775829 | C5: =FlowDict_WC!H5+FlowDict_WC!M5+FlowDict_WC!L5-FlowDict_WC!N5-FlowDict_WC!I5-FlowDict_WC!O5-FlowDict_WC!K5 -> 1.1286275 | D5: =FlowDict_WC!I5-FlowDict_WC!J5-StockDict_WC!B5 -> 0 | E5: =FlowDict_WC!V5-FlowDict_WC!F5 -> 0 | F5: =FlowDict_WC!G5-StockDict_WC!D5 -> 0 | G5: =FlowDict_WC!K5-StockDict_WC!F5 -> 0 | H5: =FlowDict_WC!J5-FlowDict_WC!P5-FlowDict_WC!Q5 -> 0 | I5: =FlowDict_WC!X5-FlowDict_WC!M5 -> 0 | J5: =FlowDict_WC!P5-FlowDict_WC!R5-FlowDict_WC!Y5 -> 4.1190344 | K5: =FlowDict_WC!Q5-FlowDict_WC!T5-FlowDict_WC!S5 -> 16.476137 | L5: =FlowDict_WC!W5-FlowDict_WC!L5 -> 0 | M5: =FlowDict_WC!O5-StockDict_WC!H5 -> 0 | N5: =FlowDict_WC!U5-FlowDict_WC!B5 -> 0 | O5: =FlowDict_WC!N5-StockDict_WC!J5 -> 0 | P5: =FlowDict_WC!C5-StockDict_WC!L5 -> 0 | Q5: =FlowDict_WC!E5-StockDict_WC!N5 -> 0 | R5: =FlowDict_WC!R5-StockDict_WC!P5-FlowDict_WC!Z5 -> 0 | S5: =FlowDict_WC!S5-StockDict_WC!R5 -> 0 | T5: =FlowDict_WC!Y5+FlowDict_WC!Z5+FlowDict_WC!T5-StockDict_WC!T5 -> 0 | U5: =FlowDict_WC!B5-FlowDict_WC!D5-FlowDict_WC!C5-FlowDict_WC!E5 -> 0
A6: =A26-StockDict_WC!B6-StockDict_WC!F6-StockDict_WC!D6-StockDict_WC!H6-StockDict_WC!J6-StockDict_WC!L6-StockDict_WC!N6-StockDict_WC!P6-StockDict_WC!R6-StockDict_WC!T6 -> 19.213273 | B6: =FlowDict_WC!D6+FlowDict_WC!F6-FlowDict_WC!H6-FlowDict_WC!G6 -> -3.8513456 | C6: =FlowDict_WC!H6+FlowDict_WC!M6+FlowDict_WC!L6-FlowDict_WC!N6-FlowDict_WC!I6-FlowDict_WC!O6-FlowDict_WC!K6 -> 1.1512001 | D6: =FlowDict_WC!I6-FlowDict_WC!J6-StockDict_WC!B6 -> 0 | E6: =FlowDict_WC!V6-FlowDict_WC!F6 -> 0 | F6: =FlowDict_WC!G6-StockDict_WC!D6 -> 0 | G6: =FlowDict_WC!K6-StockDict_WC!F6 -> 0 | H6: =FlowDict_WC!J6-FlowDict_WC!P6-FlowDict_WC!Q6 -> 0 | I6: =FlowDict_WC!X6-FlowDict_WC!M6 -> 0 | J6: =FlowDict_WC!P6-FlowDict_WC!R6-FlowDict_WC!Y6 -> 4.3826836 | K6: =FlowDict_WC!Q6-FlowDict_WC!T6-FlowDict_WC!S6 -> 17.530735 | L6: =FlowDict_WC!W6-FlowDict_WC!L6 -> 0 | M6: =FlowDict_WC!O6-StockDict_WC!H6 -> 0 | N6: =FlowDict_WC!U6-FlowDict_WC!B6 -> 0 | O6: =FlowDict_WC!N6-StockDict_WC!J6 -> 0 | P6: =FlowDict_WC!C6-StockDict_WC!L6 -> 0 | Q6: =FlowDict_WC!E6-StockDict_WC!N6 -> 0 | R6: =FlowDict_WC!R6-StockDict_WC!P6-FlowDict_WC!Z6 -> 0 | S6: =FlowDict_WC!S6-StockDict_WC!R6 -> 0 | T6: =FlowDict_WC!Y6+FlowDict_WC!Z6+FlowDict_WC!T6-StockDict_WC!T6 -> 0 | U6: =FlowDict_WC!B6-FlowDict_WC!D6-FlowDict_WC!C6-FlowDict_WC!E6 -> 0
A7: =A27-StockDict_WC!B7-StockDict_WC!F7-StockDict_WC!D7-StockDict_WC!H7-StockDict_WC!J7-StockDict_WC!L7-StockDict_WC!N7-StockDict_WC!P7-StockDict_WC!R7-StockDict_WC!T7 -> 21.887529 | B7: =FlowDict_WC!D7+FlowDict_WC!F7-FlowDict_WC!H7-FlowDict_WC!G7 -> -3.9283725 | C7: =FlowDict_WC!H7+FlowDict_WC!M7+FlowDict_WC!L7-FlowDict_WC!N7-FlowDict_WC!I7-FlowDict_WC!O7-FlowDict_WC!K7 -> 1.1742241 | D7: =FlowDict_WC!I7-FlowDict_WC!J7-StockDict_WC!B7 -> 0 | E7: =FlowDict_WC!V7-FlowDict_WC!F7 -> 0 | F7: =FlowDict_WC!G7-StockDict_WC!D7 -> 0 | G7: =FlowDict_WC!K7-StockDict_WC!F7 -> 0 | H7: =FlowDict_WC!J7-FlowDict_WC!P7-FlowDict_WC!Q7 -> 0 | I7: =FlowDict_WC!X7-FlowDict_WC!M7 -> 0 | J7: =FlowDict_WC!P7-FlowDict_WC!R7-FlowDict_WC!Y7 -> 4.9283355 | K7: =FlowDict_WC!Q7-FlowDict_WC!T7-FlowDict_WC!S7 -> 19.713342 | L7: =FlowDict_WC!W7-FlowDict_WC!L7 -> 0 | M7: =FlowDict_WC!O7-StockDict_WC!H7 -> 0 | N7: =FlowDict_WC!U7-FlowDict_WC!B7 -> 0 | O7: =FlowDict_WC!N7-StockDict_WC!J7 -> 0 | P7: =FlowDict_WC!C7-StockDict_WC!L7 -> 0 | Q7: =FlowDict_WC!E7-StockDict_WC!N7 -> 0 | R7: =FlowDict_WC!R7-StockDict_WC!P7-FlowDict_WC!Z7 -> 0 | S7: =FlowDict_WC!S7-StockDict_WC!R7 -> 0 | T7: =FlowDict_WC!Y7+FlowDict_WC!Z7+FlowDict_WC!T7-StockDict_WC!T7 -> 0 | U7: =FlowDict_WC!B7-FlowDict_WC!D7-FlowDict_WC!C7-FlowDict_WC!E7 -> 0
A8: =A28-StockDict_WC!B8-StockDict_WC!F8-StockDict_WC!D8-StockDict_WC!H8-StockDict_WC!J8-StockDict_WC!L8-StockDict_WC!N8-StockDict_WC!P8-StockDict_WC!R8-StockDict_WC!T8 -> 24.692533 | B8: =FlowDict_WC!D8+FlowDict_WC!F8-FlowDict_WC!H8-FlowDict_WC!G8 -> -4.0069399 | C8: =FlowDict_WC!H8+FlowDict_WC!M8+FlowDict_WC!L8-FlowDict_WC!N8-FlowDict_WC!I8-FlowDict_WC!O8-FlowDict_WC!K8 -> 1.1977086 | D8: =FlowDict_WC!I8-FlowDict_WC!J8-StockDict_WC!B8 -> 0 | E8: =FlowDict_WC!V8-FlowDict_WC!F8 -> 0 | F8: =FlowDict_WC!G8-StockDict_WC!D8 -> 0 | G8: =FlowDict_WC!K8-StockDict_WC!F8 -> 0 | H8: =FlowDict_WC!J8-FlowDict_WC!P8-FlowDict_WC!Q8 -> 0 | I8: =FlowDict_WC!X8-FlowDict_WC!M8 -> 0 | J8: =FlowDict_WC!P8-FlowDict_WC!R8-FlowDict_WC!Y8 -> 5.500353 | K8: =FlowDict_WC!Q8-FlowDict_WC!T8-FlowDict_WC!S8 -> 22.001412 | L8: =FlowDict_WC!W8-FlowDict_WC!L8 -> 0 | M8: =FlowDict_WC!O8-StockDict_WC!H8 -> 0 | N8: =FlowDict_WC!U8-FlowDict_WC!B8 -> 0 | O8: =FlowDict_WC!N8-StockDict_WC!J8 -> 0 | P8: =FlowDict_WC!C8-StockDict_WC!L8 -> 0 | Q8: =FlowDict_WC!E8-StockDict_WC!N8 -> 0 | R8: =FlowDict_WC!R8-StockDict_WC!P8-FlowDict_WC!Z8 -> 0 | S8: =FlowDict_WC!S8-StockDict_WC!R8 -> 0 | T8: =FlowDict_WC!Y8+FlowDict_WC!Z8+FlowDict_WC!T8-StockDict_WC!T8 -> 0 | U8: =FlowDict_WC!B8-FlowDict_WC!D8-FlowDict_WC!C8-FlowDict_WC!E8 -> 0
A9: =A29-StockDict_WC!B9-StockDict_WC!F9-StockDict_WC!D9-StockDict_WC!H9-StockDict_WC!J9-StockDict_WC!L9-StockDict_WC!N9-StockDict_WC!P9-StockDict_WC!R9-StockDict_WC!T9 -> 26.376755 | B9: =FlowDict_WC!D9+FlowDict_WC!F9-FlowDict_WC!H9-FlowDict_WC!G9 -> -4.0870787 | C9: =FlowDict_WC!H9+FlowDict_WC!M9+FlowDict_WC!L9-FlowDict_WC!N9-FlowDict_WC!I9-FlowDict_WC!O9-FlowDict_WC!K9 -> 1.2216627 | D9: =FlowDict_WC!I9-FlowDict_WC!J9-StockDict_WC!B9 -> 0 | E9: =FlowDict_WC!V9-FlowDict_WC!F9 -> 0 | F9: =FlowDict_WC!G9-StockDict_WC!D9 -> 0 | G9: =FlowDict_WC!K9-StockDict_WC!F9 -> 0 | H9: =FlowDict_WC!J9-FlowDict_WC!P9-FlowDict_WC!Q9 -> 0 | I9: =FlowDict_WC!X9-FlowDict_WC!M9 -> 0 | J9: =FlowDict_WC!P9-FlowDict_WC!R9-FlowDict_WC!Y9 -> 5.8484342 | K9: =FlowDict_WC!Q9-FlowDict_WC!T9-FlowDict_WC!S9 -> 23.393737 | L9: =FlowDict_WC!W9-FlowDict_WC!L9 -> 0 | M9: =FlowDict_WC!O9-StockDict_WC!H9 -> 0 | N9: =FlowDict_WC!U9-FlowDict_WC!B9 -> 0 | O9: =FlowDict_WC!N9-StockDict_WC!J9 -> 0 | P9: =FlowDict_WC!C9-StockDict_WC!L9 -> 0 | Q9: =FlowDict_WC!E9-StockDict_WC!N9 -> 0 | R9: =FlowDict_WC!R9-StockDict_WC!P9-FlowDict_WC!Z9 -> 0 | S9: =FlowDict_WC!S9-StockDict_WC!R9 -> 0 | T9: =FlowDict_WC!Y9+FlowDict_WC!Z9+FlowDict_WC!T9-StockDict_WC!T9 -> 0 | U9: =FlowDict_WC!B9-FlowDict_WC!D9-FlowDict_WC!C9-FlowDict_WC!E9 -> 0
A10: =A30-StockDict_WC!B10-StockDict_WC!F10-StockDict_WC!D10-StockDict_WC!H10-StockDict_WC!J10-StockDict_WC!L10-StockDict_WC!N10-StockDict_WC!P10-StockDict_WC!R10-StockDict_WC!T10 -> 27.653378 | B10: =FlowDict_WC!D10+FlowDict_WC!F10-FlowDict_WC!H10-FlowDict_WC!G10 -> -4.1688203 | C10: =FlowDict_WC!H10+FlowDict_WC!M10+FlowDict_WC!L10-FlowDict_WC!N10-FlowDict_WC!I10-FlowDict_WC!O10-FlowDict_WC!K10 -> 1.246096 | D10: =FlowDict_WC!I10-FlowDict_WC!J10-StockDict_WC!B10 -> 0 | E10: =FlowDict_WC!V10-FlowDict_WC!F10 -> 0 | F10: =FlowDict_WC!G10-StockDict_WC!D10 -> 0 | G10: =FlowDict_WC!K10-StockDict_WC!F10 -> 0 | H10: =FlowDict_WC!J10-FlowDict_WC!P10-FlowDict_WC!Q10 -> 0 | I10: =FlowDict_WC!X10-FlowDict_WC!M10 -> 0 | J10: =FlowDict_WC!P10-FlowDict_WC!R10-FlowDict_WC!Y10 -> 6.1152204 | K10: =FlowDict_WC!Q10-FlowDict_WC!T10-FlowDict_WC!S10 -> 24.460882 | L10: =FlowDict_WC!W10-FlowDict_WC!L10 -> 0 | M10: =FlowDict_WC!O10-StockDict_WC!H10 -> 0 | N10: =FlowDict_WC!U10-FlowDict_WC!B10 -> 0 | O10: =FlowDict_WC!N10-StockDict_WC!J10 -> 0 | P10: =FlowDict_WC!C10-StockDict_WC!L10 -> 0 | Q10: =FlowDict_WC!E10-StockDict_WC!N10 -> 0 | R10: =FlowDict_WC!R10-StockDict_WC!P10-FlowDict_WC!Z10 -> 0 | S10: =FlowDict_WC!S10-StockDict_WC!R10 -> 0 | T10: =FlowDict_WC!Y10+FlowDict_WC!Z10+FlowDict_WC!T10-StockDict_WC!T10 -> 0 | U10: =FlowDict_WC!B10-FlowDict_WC!D10-FlowDict_WC!C10-FlowDict_WC!E10 -> 1.9984014e-15
A11: =A31-StockDict_WC!B11-StockDict_WC!F11-StockDict_WC!D11-StockDict_WC!H11-StockDict_WC!J11-StockDict_WC!L11-StockDict_WC!N11-StockDict_WC!P11-StockDict_WC!R11-StockDict_WC!T11 -> 29.206571 | B11: =FlowDict_WC!D11+FlowDict_WC!F11-FlowDict_WC!H11-FlowDict_WC!G11 -> -4.2521967 | C11: =FlowDict_WC!H11+FlowDict_WC!M11+FlowDict_WC!L11-FlowDict_WC!N11-FlowDict_WC!I11-FlowDict_WC!O11-FlowDict_WC!K11 -> 1.2710179 | D11: =FlowDict_WC!I11-FlowDict_WC!J11-StockDict_WC!B11 -> 7.1054274e-15 | E11: =FlowDict_WC!V11-FlowDict_WC!F11 -> 0 | F11: =FlowDict_WC!G11-StockDict_WC!D11 -> 0 | G11: =FlowDict_WC!K11-StockDict_WC!F11 -> 0 | H11: =FlowDict_WC!J11-FlowDict_WC!P11-FlowDict_WC!Q11 -> 0 | I11: =FlowDict_WC!X11-FlowDict_WC!M11 -> 0 | J11: =FlowDict_WC!P11-FlowDict_WC!R11-FlowDict_WC!Y11 -> 6.4375499 | K11: =FlowDict_WC!Q11-FlowDict_WC!T11-FlowDict_WC!S11 -> 25.750199 | L11: =FlowDict_WC!W11-FlowDict_WC!L11 -> 0 | M11: =FlowDict_WC!O11-StockDict_WC!H11 -> 0 | N11: =FlowDict_WC!U11-FlowDict_WC!B11 -> 0 | O11: =FlowDict_WC!N11-StockDict_WC!J11 -> 0 | P11: =FlowDict_WC!C11-StockDict_WC!L11 -> 0 | Q11: =FlowDict_WC!E11-StockDict_WC!N11 -> 0 | R11: =FlowDict_WC!R11-StockDict_WC!P11-FlowDict_WC!Z11 -> 0 | S11: =FlowDict_WC!S11-StockDict_WC!R11 -> 0 | T11: =FlowDict_WC!Y11+FlowDict_WC!Z11+FlowDict_WC!T11-StockDict_WC!T11 -> 0 | U11: =FlowDict_WC!B11-FlowDict_WC!D11-FlowDict_WC!C11-FlowDict_WC!E11 -> 0
A12: =A32-StockDict_WC!B12-StockDict_WC!F12-StockDict_WC!D12-StockDict_WC!H12-StockDict_WC!J12-StockDict_WC!L12-StockDict_WC!N12-StockDict_WC!P12-StockDict_WC!R12-StockDict_WC!T12 -> 31.05735 | B12: =FlowDict_WC!D12+FlowDict_WC!F12-FlowDict_WC!H12-FlowDict_WC!G12 -> -4.3372407 | C12: =FlowDict_WC!H12+FlowDict_WC!M12+FlowDict_WC!L12-FlowDict_WC!N12-FlowDict_WC!I12-FlowDict_WC!O12-FlowDict_WC!K12 -> 1.2964383 | D12: =FlowDict_WC!I12-FlowDict_WC!J12-StockDict_WC!B12 -> 7.1054274e-15 | E12: =FlowDict_WC!V12-FlowDict_WC!F12 -> 0 | F12: =FlowDict_WC!G12-StockDict_WC!D12 -> 0 | G12: =FlowDict_WC!K12-StockDict_WC!F12 -> 0 | H12: =FlowDict_WC!J12-FlowDict_WC!P12-FlowDict_WC!Q12 -> 0 | I12: =FlowDict_WC!X12-FlowDict_WC!M12 -> 0 | J12: =FlowDict_WC!P12-FlowDict_WC!R12-FlowDict_WC!Y12 -> 6.8196304 | K12: =FlowDict_WC!Q12-FlowDict_WC!T12-FlowDict_WC!S12 -> 27.278522 | L12: =FlowDict_WC!W12-FlowDict_WC!L12 -> 0 | M12: =FlowDict_WC!O12-StockDict_WC!H12 -> 0 | N12: =FlowDict_WC!U12-FlowDict_WC!B12 -> 0 | O12: =FlowDict_WC!N12-StockDict_WC!J12 -> 0 | P12: =FlowDict_WC!C12-StockDict_WC!L12 -> 0 | Q12: =FlowDict_WC!E12-StockDict_WC!N12 -> 0 | R12: =FlowDict_WC!R12-StockDict_WC!P12-FlowDict_WC!Z12 -> 0 | S12: =FlowDict_WC!S12-StockDict_WC!R12 -> 0 | T12: =FlowDict_WC!Y12+FlowDict_WC!Z12+FlowDict_WC!T12-StockDict_WC!T12 -> 0 | U12: =FlowDict_WC!B12-FlowDict_WC!D12-FlowDict_WC!C12-FlowDict_WC!E12 -> 0
A13: =A33-StockDict_WC!B13-StockDict_WC!F13-StockDict_WC!D13-StockDict_WC!H13-StockDict_WC!J13-StockDict_WC!L13-StockDict_WC!N13-StockDict_WC!P13-StockDict_WC!R13-StockDict_WC!T13 -> 32.944939 | B13: =FlowDict_WC!D13+FlowDict_WC!F13-FlowDict_WC!H13-FlowDict_WC!G13 -> -4.4239855 | C13: =FlowDict_WC!H13+FlowDict_WC!M13+FlowDict_WC!L13-FlowDict_WC!N13-FlowDict_WC!I13-FlowDict_WC!O13-FlowDict_WC!K13 -> 1.322367 | D13: =FlowDict_WC!I13-FlowDict_WC!J13-StockDict_WC!B13 -> 7.1054274e-15 | E13: =FlowDict_WC!V13-FlowDict_WC!F13 -> 0 | F13: =FlowDict_WC!G13-StockDict_WC!D13 -> 0 | G13: =FlowDict_WC!K13-StockDict_WC!F13 -> 0 | H13: =FlowDict_WC!J13-FlowDict_WC!P13-FlowDict_WC!Q13 -> 0 | I13: =FlowDict_WC!X13-FlowDict_WC!M13 -> 0 | J13: =FlowDict_WC!P13-FlowDict_WC!R13-FlowDict_WC!Y13 -> 7.2093115 | K13: =FlowDict_WC!Q13-FlowDict_WC!T13-FlowDict_WC!S13 -> 28.837246 | L13: =FlowDict_WC!W13-FlowDict_WC!L13 -> 0 | M13: =FlowDict_WC!O13-StockDict_WC!H13 -> 0 | N13: =FlowDict_WC!U13-FlowDict_WC!B13 -> 0 | O13: =FlowDict_WC!N13-StockDict_WC!J13 -> 0 | P13: =FlowDict_WC!C13-StockDict_WC!L13 -> 0 | Q13: =FlowDict_WC!E13-StockDict_WC!N13 -> 0 | R13: =FlowDict_WC!R13-StockDict_WC!P13-FlowDict_WC!Z13 -> 0 | S13: =FlowDict_WC!S13-StockDict_WC!R13 -> 0 | T13: =FlowDict_WC!Y13+FlowDict_WC!Z13+FlowDict_WC!T13-StockDict_WC!T13 -> 0 | U13: =FlowDict_WC!B13-FlowDict_WC!D13-FlowDict_WC!C13-FlowDict_WC!E13 -> 0
... A16: =A36-StockDict_WC!B16-StockDict_WC!F16-StockDict_WC!D16-StockDict_WC!H16-StockDict_WC!J16-StockDict_WC!L16-StockDict_WC!N16-StockDict_WC!P16-StockDict_WC!R16-StockDict_WC!T16 -> 36.903994 | B16: =FlowDict_WC!D16+FlowDict_WC!F16-FlowDict_WC!H16-FlowDict_WC!G16 -> -4.6947688 | C16: =FlowDict_WC!H16+FlowDict_WC!M16+FlowDict_WC!L16-FlowDict_WC!N16-FlowDict_WC!I16-FlowDict_WC!O16-FlowDict_WC!K16 -> 1.4033065 | D16: =FlowDict_WC!I16-FlowDict_WC!J16-StockDict_WC!B16 -> -7.1054274e-15 | E16: =FlowDict_WC!V16-FlowDict_WC!F16 -> 0 | F16: =FlowDict_WC!G16-StockDict_WC!D16 -> 0 | G16: =FlowDict_WC!K16-StockDict_WC!F16 -> 0 | H16: =FlowDict_WC!J16-FlowDict_WC!P16-FlowDict_WC!Q16 -> 0 | I16: =FlowDict_WC!X16-FlowDict_WC!M16 -> 0 | J16: =FlowDict_WC!P16-FlowDict_WC!R16-FlowDict_WC!Y16 -> 8.0390914 | K16: =FlowDict_WC!Q16-FlowDict_WC!T16-FlowDict_WC!S16 -> 32.156365 | L16: =FlowDict_WC!W16-FlowDict_WC!L16 -> 0 | M16: =FlowDict_WC!O16-StockDict_WC!H16 -> 0 | N16: =FlowDict_WC!U16-FlowDict_WC!B16 -> 0 | O16: =FlowDict_WC!N16-StockDict_WC!J16 -> 0 | P16: =FlowDict_WC!C16-StockDict_WC!L16 -> 0 | Q16: =FlowDict_WC!E16-StockDict_WC!N16 -> 0 | R16: =FlowDict_WC!R16-StockDict_WC!P16-FlowDict_WC!Z16 -> 0 | S16: =FlowDict_WC!S16-StockDict_WC!R16 -> 0 | T16: =FlowDict_WC!Y16+FlowDict_WC!Z16+FlowDict_WC!T16-StockDict_WC!T16 -> 0 | U16: =FlowDict_WC!B16-FlowDict_WC!D16-FlowDict_WC!C16-FlowDict_WC!E16 -> 0
A21: Sum outflows of P0
A22: =SUM(FlowDict_WC!U2:X2) -> 119.06
A23: =SUM(FlowDict_WC!U3:X3) -> 121.4412
A24: =SUM(FlowDict_WC!U4:X4) -> 123.87002
A25: =SUM(FlowDict_WC!U5:X5) -> 126.34742
A26: =SUM(FlowDict_WC!U6:X6) -> 128.87437
A27: =SUM(FlowDict_WC!U7:X7) -> 131.45186
A28: =SUM(FlowDict_WC!U8:X8) -> 134.0809
A29: =SUM(FlowDict_WC!U9:X9) -> 136.76252
A30: =SUM(FlowDict_WC!U10:X10) -> 139.49777
A31: =SUM(FlowDict_WC!U11:X11) -> 142.28772
A32: =SUM(FlowDict_WC!U12:X12) -> 145.13348
A33: =SUM(FlowDict_WC!U13:X13) -> 148.03615
... A36: =SUM(FlowDict_WC!U16:X16) -> 157.09714
B40: {=SUM(ABS(A2:A16))} -> 365.70236

Sheet Mass_balance_DM
A1: P0 | B1: P1 | C1: P2 | D1: P3 | E1: P4 | F1: P5 | G1: P6 | H1: P7 | I1: P8 | J1: P9 | K1: P10 | L1: P11 | M1: P12 | N1: P13 | O1: P14 | P1: P15 | Q1: P16 | R1: P17 | S1: P18 | T1: P19 | U1: P20
A2: =A22-StockDict_DM!B2-StockDict_DM!D2-StockDict_DM!F2-StockDict_DM!H2-StockDict_DM!J2-StockDict_DM!L2-StockDict_DM!N2-StockDict_DM!P2-StockDict_DM!R2-StockDict_DM!T2 -> 2.4945076 | B2: =FlowDict_DM!D2+FlowDict_DM!F2-FlowDict_DM!H2-FlowDict_DM!G2 -> 3.558048 | C2: =FlowDict_DM!H2+FlowDict_DM!M2+FlowDict_DM!L2-FlowDict_DM!N2-FlowDict_DM!I2-FlowDict_DM!O2-FlowDict_DM!K2 -> -1.0635309 | D2: =FlowDict_DM!I2-FlowDict_DM!J2-StockDict_DM!B2 -> 0 | E2: =FlowDict_DM!V2-FlowDict_DM!F2 -> 0 | F2: =FlowDict_DM!G2-StockDict_DM!D2 -> 0 | G2: =FlowDict_DM!K2-StockDict_DM!F2 -> 0 | H2: =FlowDict_DM!J2-FlowDict_DM!P2-FlowDict_DM!Q2 -> 0 | I2: =FlowDict_DM!X2-FlowDict_DM!M2 -> 0 | J2: =FlowDict_DM!P2-FlowDict_DM!R2-FlowDict_DM!Y2 -> -1.8960744e-06 | K2: =FlowDict_DM!Q2-FlowDict_DM!T2-FlowDict_DM!S2 -> -7.5842976e-06 | L2: =FlowDict_DM!W2-FlowDict_DM!L2 -> 0 | M2: =FlowDict_DM!O2-StockDict_DM!H2 -> 0 | N2: =FlowDict_DM!U2-FlowDict_DM!B2 -> 0 | O2: =FlowDict_DM!N2-StockDict_DM!J2 -> 0 | P2: =FlowDict_DM!C2-StockDict_DM!L2 -> 0 | Q2: =FlowDict_DM!E2-StockDict_DM!N2 -> 0 | R2: =FlowDict_DM!R2-StockDict_DM!P2-FlowDict_DM!Z2 -> 0 | S2: =FlowDict_DM!S2-StockDict_DM!R2 -> 0 | T2: =FlowDict_DM!Y2+FlowDict_DM!Z2+FlowDict_DM!T2-StockDict_DM!T2 -> 0 | U2: =FlowDict_DM!B2-FlowDict_DM!D2-FlowDict_DM!C2-FlowDict_DM!E2 -> 0
A3: =A23-StockDict_DM!B3-StockDict_DM!D3-StockDict_DM!F3-StockDict_DM!H3-StockDict_DM!J3-StockDict_DM!L3-StockDict_DM!N3-StockDict_DM!P3-StockDict_DM!R3-StockDict_DM!T3 -> -7.3776668 | B3: =FlowDict_DM!D3+FlowDict_DM!F3-FlowDict_DM!H3-FlowDict_DM!G3 -> 3.629209 | C3: =FlowDict_DM!H3+FlowDict_DM!M3+FlowDict_DM!L3-FlowDict_DM!N3-FlowDict_DM!I3-FlowDict_DM!O3-FlowDict_DM!K3 -> -1.0848015 | D3: =FlowDict_DM!I3-FlowDict_DM!J3-StockDict_DM!B3 -> 0 | E3: =FlowDict_DM!V3-FlowDict_DM!F3 -> 0 | F3: =FlowDict_DM!G3-StockDict_DM!D3 -> 0 | G3: =FlowDict_DM!K3-StockDict_DM!F3 -> 0 | H3: =FlowDict_DM!J3-FlowDict_DM!P3-FlowDict_DM!Q3 -> 0 | I3: =FlowDict_DM!X3-FlowDict_DM!M3 -> 0 | J3: =FlowDict_DM!P3-FlowDict_DM!R3-FlowDict_DM!Y3 -> -1.9844148 | K3: =FlowDict_DM!Q3-FlowDict_DM!T3-FlowDict_DM!S3 -> -7.9376593 | L3: =FlowDict_DM!W3-FlowDict_DM!L3 -> 0 | M3: =FlowDict_DM!O3-StockDict_DM!H3 -> 0 | N3: =FlowDict_DM!U3-FlowDict_DM!B3 -> 0 | O3: =FlowDict_DM!N3-StockDict_DM!J3 -> 0 | P3: =FlowDict_DM!C3-StockDict_DM!L3 -> 0 | Q3: =FlowDict_DM!E3-StockDict_DM!N3 -> 0 | R3: =FlowDict_DM!R3-StockDict_DM!P3-FlowDict_DM!Z3 -> 0 | S3: =FlowDict_DM!S3-StockDict_DM!R3 -> 0 | T3: =FlowDict_DM!Y3+FlowDict_DM!Z3+FlowDict_DM!T3-StockDict_DM!T3 -> 0 | U3: =FlowDict_DM!B3-FlowDict_DM!D3-FlowDict_DM!C3-FlowDict_DM!E3 -> 0
A4: =A24-StockDict_DM!B4-StockDict_DM!D4-StockDict_DM!F4-StockDict_DM!H4-StockDict_DM!J4-StockDict_DM!L4-StockDict_DM!N4-StockDict_DM!P4-StockDict_DM!R4-StockDict_DM!T4 -> -17.455963 | B4: =FlowDict_DM!D4+FlowDict_DM!F4-FlowDict_DM!H4-FlowDict_DM!G4 -> 3.7017931 | C4: =FlowDict_DM!H4+FlowDict_DM!M4+FlowDict_DM!L4-FlowDict_DM!N4-FlowDict_DM!I4-FlowDict_DM!O4-FlowDict_DM!K4 -> -1.1064976 | D4: =FlowDict_DM!I4-FlowDict_DM!J4-StockDict_DM!B4 -> 0 | E4: =FlowDict_DM!V4-FlowDict_DM!F4 -> 0 | F4: =FlowDict_DM!G4-StockDict_DM!D4 -> 0 | G4: =FlowDict_DM!K4-StockDict_DM!F4 -> 0 | H4: =FlowDict_DM!J4-FlowDict_DM!P4-FlowDict_DM!Q4 -> 0 | I4: =FlowDict_DM!X4-FlowDict_DM!M4 -> 0 | J4: =FlowDict_DM!P4-FlowDict_DM!R4-FlowDict_DM!Y4 -> -4.0102517 | K4: =FlowDict_DM!Q4-FlowDict_DM!T4-FlowDict_DM!S4 -> -16.041007 | L4: =FlowDict_DM!W4-FlowDict_DM!L4 -> 0 | M4: =FlowDict_DM!O4-StockDict_DM!H4 -> 0 | N4: =FlowDict_DM!U4-FlowDict_DM!B4 -> 0 | O4: =FlowDict_DM!N4-StockDict_DM!J4 -> 0 | P4: =FlowDict_DM!C4-StockDict_DM!L4 -> 0 | Q4: =FlowDict_DM!E4-StockDict_DM!N4 -> 0 | R4: =FlowDict_DM!R4-StockDict_DM!P4-FlowDict_DM!Z4 -> 0 | S4: =FlowDict_DM!S4-StockDict_DM!R4 -> 0 | T4: =FlowDict_DM!Y4+FlowDict_DM!Z4+FlowDict_DM!T4-StockDict_DM!T4 -> 0 | U4: =FlowDict_DM!B4-FlowDict_DM!D4-FlowDict_DM!C4-FlowDict_DM!E4 -> 0
A5: =A25-StockDict_DM!B5-StockDict_DM!D5-StockDict_DM!F5-StockDict_DM!H5-StockDict_DM!J5-StockDict_DM!L5-StockDict_DM!N5-StockDict_DM!P5-StockDict_DM!R5-StockDict_DM!T5 -> -17.94797 | B5: =FlowDict_DM!D5+FlowDict_DM!F5-FlowDict_DM!H5-FlowDict_DM!G5 -> 3.775829 | C5: =FlowDict_DM!H5+FlowDict_DM!M5+FlowDict_DM!L5-FlowDict_DM!N5-FlowDict_DM!I5-FlowDict_DM!O5-FlowDict_DM!K5 -> -1.1286275 | D5: =FlowDict_DM!I5-FlowDict_DM!J5-StockDict_DM!B5 -> 0 | E5: =FlowDict_DM!V5-FlowDict_DM!F5 -> 0 | F5: =FlowDict_DM!G5-StockDict_DM!D5 -> 0 | G5: =FlowDict_DM!K5-StockDict_DM!F5 -> 0 | H5: =FlowDict_DM!J5-FlowDict_DM!P5-FlowDict_DM!Q5 -> 0 | I5: =FlowDict_DM!X5-FlowDict_DM!M5 -> 0 | J5: =FlowDict_DM!P5-FlowDict_DM!R5-FlowDict_DM!Y5 -> -4.1190344 | K5: =FlowDict_DM!Q5-FlowDict_DM!T5-FlowDict_DM!S5 -> -16.476137 | L5: =FlowDict_DM!W5-FlowDict_DM!L5 -> 0 | M5: =FlowDict_DM!O5-StockDict_DM!H5 -> 0 | N5: =FlowDict_DM!U5-FlowDict_DM!B5 -> 0 | O5: =FlowDict_DM!N5-StockDict_DM!J5 -> 0 | P5: =FlowDict_DM!C5-StockDict_DM!L5 -> 0 | Q5: =FlowDict_DM!E5-StockDict_DM!N5 -> 0 | R5: =FlowDict_DM!R5-StockDict_DM!P5-FlowDict_DM!Z5 -> 8.8817842e-16 | S5: =FlowDict_DM!S5-StockDict_DM!R5 -> 0 | T5: =FlowDict_DM!Y5+FlowDict_DM!Z5+FlowDict_DM!T5-StockDict_DM!T5 -> 0 | U5: =FlowDict_DM!B5-FlowDict_DM!D5-FlowDict_DM!C5-FlowDict_DM!E5 -> 0
A6: =A26-StockDict_DM!B6-StockDict_DM!D6-StockDict_DM!F6-StockDict_DM!H6-StockDict_DM!J6-StockDict_DM!L6-StockDict_DM!N6-StockDict_DM!P6-StockDict_DM!R6-StockDict_DM!T6 -> -19.213273 | B6: =FlowDict_DM!D6+FlowDict_DM!F6-FlowDict_DM!H6-FlowDict_DM!G6 -> 3.8513456 | C6: =FlowDict_DM!H6+FlowDict_DM!M6+FlowDict_DM!L6-FlowDict_DM!N6-FlowDict_DM!I6-FlowDict_DM!O6-FlowDict_DM!K6 -> -1.1512001 | D6: =FlowDict_DM!I6-FlowDict_DM!J6-StockDict_DM!B6 -> 0 | E6: =FlowDict_DM!V6-FlowDict_DM!F6 -> 0 | F6: =FlowDict_DM!G6-StockDict_DM!D6 -> 0 | G6: =FlowDict_DM!K6-StockDict_DM!F6 -> 0 | H6: =FlowDict_DM!J6-FlowDict_DM!P6-FlowDict_DM!Q6 -> 0 | I6: =FlowDict_DM!X6-FlowDict_DM!M6 -> 0 | J6: =FlowDict_DM!P6-FlowDict_DM!R6-FlowDict_DM!Y6 -> -4.3826836 | K6: =FlowDict_DM!Q6-FlowDict_DM!T6-FlowDict_DM!S6 -> -17.530735 | L6: =FlowDict_DM!W6-FlowDict_DM!L6 -> 0 | M6: =FlowDict_DM!O6-StockDict_DM!H6 -> 0 | N6: =FlowDict_DM!U6-FlowDict_DM!B6 -> 0 | O6: =FlowDict_DM!N6-StockDict_DM!J6 -> 0 | P6: =FlowDict_DM!C6-StockDict_DM!L6 -> 0 | Q6: =FlowDict_DM!E6-StockDict_DM!N6 -> 0 | R6: =FlowDict_DM!R6-StockDict_DM!P6-FlowDict_DM!Z6 -> 0 | S6: =FlowDict_DM!S6-StockDict_DM!R6 -> 0 | T6: =FlowDict_DM!Y6+FlowDict_DM!Z6+FlowDict_DM!T6-StockDict_DM!T6 -> 0 | U6: =FlowDict_DM!B6-FlowDict_DM!D6-FlowDict_DM!C6-FlowDict_DM!E6 -> 0
A7: =A27-StockDict_DM!B7-StockDict_DM!D7-StockDict_DM!F7-StockDict_DM!H7-StockDict_DM!J7-StockDict_DM!L7-StockDict_DM!N7-StockDict_DM!P7-StockDict_DM!R7-StockDict_DM!T7 -> -21.887529 | B7: =FlowDict_DM!D7+FlowDict_DM!F7-FlowDict_DM!H7-FlowDict_DM!G7 -> 3.9283725 | C7: =FlowDict_DM!H7+FlowDict_DM!M7+FlowDict_DM!L7-FlowDict_DM!N7-FlowDict_DM!I7-FlowDict_DM!O7-FlowDict_DM!K7 -> -1.1742241 | D7: =FlowDict_DM!I7-FlowDict_DM!J7-StockDict_DM!B7 -> 0 | E7: =FlowDict_DM!V7-FlowDict_DM!F7 -> 0 | F7: =FlowDict_DM!G7-StockDict_DM!D7 -> 0 | G7: =FlowDict_DM!K7-StockDict_DM!F7 -> 0 | H7: =FlowDict_DM!J7-FlowDict_DM!P7-FlowDict_DM!Q7 -> 0 | I7: =FlowDict_DM!X7-FlowDict_DM!M7 -> 0 | J7: =FlowDict_DM!P7-FlowDict_DM!R7-FlowDict_DM!Y7 -> -4.9283355 | K7: =FlowDict_DM!Q7-FlowDict_DM!T7-FlowDict_DM!S7 -> -19.713342 | L7: =FlowDict_DM!W7-FlowDict_DM!L7 -> 0 | M7: =FlowDict_DM!O7-StockDict_DM!H7 -> 0 | N7: =FlowDict_DM!U7-FlowDict_DM!B7 -> 0 | O7: =FlowDict_DM!N7-StockDict_DM!J7 -> 0 | P7: =FlowDict_DM!C7-StockDict_DM!L7 -> 0 | Q7: =FlowDict_DM!E7-StockDict_DM!N7 -> 0 | R7: =FlowDict_DM!R7-StockDict_DM!P7-FlowDict_DM!Z7 -> 4.1633363e-16 | S7: =FlowDict_DM!S7-StockDict_DM!R7 -> 0 | T7: =FlowDict_DM!Y7+FlowDict_DM!Z7+FlowDict_DM!T7-StockDict_DM!T7 -> 0 | U7: =FlowDict_DM!B7-FlowDict_DM!D7-FlowDict_DM!C7-FlowDict_DM!E7 -> -4.6185278e-14
A8: =A28-StockDict_DM!B8-StockDict_DM!D8-StockDict_DM!F8-StockDict_DM!H8-StockDict_DM!J8-StockDict_DM!L8-StockDict_DM!N8-StockDict_DM!P8-StockDict_DM!R8-StockDict_DM!T8 -> -24.692533 | B8: =FlowDict_DM!D8+FlowDict_DM!F8-FlowDict_DM!H8-FlowDict_DM!G8 -> 4.0069399 | C8: =FlowDict_DM!H8+FlowDict_DM!M8+FlowDict_DM!L8-FlowDict_DM!N8-FlowDict_DM!I8-FlowDict_DM!O8-FlowDict_DM!K8 -> -1.1977086 | D8: =FlowDict_DM!I8-FlowDict_DM!J8-StockDict_DM!B8 -> -7.1054274e-15 | E8: =FlowDict_DM!V8-FlowDict_DM!F8 -> 0 | F8: =FlowDict_DM!G8-StockDict_DM!D8 -> 0 | G8: =FlowDict_DM!K8-StockDict_DM!F8 -> 0 | H8: =FlowDict_DM!J8-FlowDict_DM!P8-FlowDict_DM!Q8 -> 0 | I8: =FlowDict_DM!X8-FlowDict_DM!M8 -> 0 | J8: =FlowDict_DM!P8-FlowDict_DM!R8-FlowDict_DM!Y8 -> -5.500353 | K8: =FlowDict_DM!Q8-FlowDict_DM!T8-FlowDict_DM!S8 -> -22.001412 | L8: =FlowDict_DM!W8-FlowDict_DM!L8 -> 0 | M8: =FlowDict_DM!O8-StockDict_DM!H8 -> 0 | N8: =FlowDict_DM!U8-FlowDict_DM!B8 -> 0 | O8: =FlowDict_DM!N8-StockDict_DM!J8 -> 0 | P8: =FlowDict_DM!C8-StockDict_DM!L8 -> 0 | Q8: =FlowDict_DM!E8-StockDict_DM!N8 -> 0 | R8: =FlowDict_DM!R8-StockDict_DM!P8-FlowDict_DM!Z8 -> 0 | S8: =FlowDict_DM!S8-StockDict_DM!R8 -> 0 | T8: =FlowDict_DM!Y8+FlowDict_DM!Z8+FlowDict_DM!T8-StockDict_DM!T8 -> 0 | U8: =FlowDict_DM!B8-FlowDict_DM!D8-FlowDict_DM!C8-FlowDict_DM!E8 -> 5.6843419e-14
A9: =A29-StockDict_DM!B9-StockDict_DM!D9-StockDict_DM!F9-StockDict_DM!H9-StockDict_DM!J9-StockDict_DM!L9-StockDict_DM!N9-StockDict_DM!P9-StockDict_DM!R9-StockDict_DM!T9 -> -26.376755 | B9: =FlowDict_DM!D9+FlowDict_DM!F9-FlowDict_DM!H9-FlowDict_DM!G9 -> 4.0870787 | C9: =FlowDict_DM!H9+FlowDict_DM!M9+FlowDict_DM!L9-FlowDict_DM!N9-FlowDict_DM!I9-FlowDict_DM!O9-FlowDict_DM!K9 -> -1.2216627 | D9: =FlowDict_DM!I9-FlowDict_DM!J9-StockDict_DM!B9 -> 0 | E9: =FlowDict_DM!V9-FlowDict_DM!F9 -> 0 | F9: =FlowDict_DM!G9-StockDict_DM!D9 -> 0 | G9: =FlowDict_DM!K9-StockDict_DM!F9 -> 0 | H9: =FlowDict_DM!J9-FlowDict_DM!P9-FlowDict_DM!Q9 -> 0 | I9: =FlowDict_DM!X9-FlowDict_DM!M9 -> 0 | J9: =FlowDict_DM!P9-FlowDict_DM!R9-FlowDict_DM!Y9 -> -5.8484342 | K9: =FlowDict_DM!Q9-FlowDict_DM!T9-FlowDict_DM!S9 -> -23.393737 | L9: =FlowDict_DM!W9-FlowDict_DM!L9 -> 0 | M9: =FlowDict_DM!O9-StockDict_DM!H9 -> 0 | N9: =FlowDict_DM!U9-FlowDict_DM!B9 -> 0 | O9: =FlowDict_DM!N9-StockDict_DM!J9 -> 0 | P9: =FlowDict_DM!C9-StockDict_DM!L9 -> 0 | Q9: =FlowDict_DM!E9-StockDict_DM!N9 -> 0 | R9: =FlowDict_DM!R9-StockDict_DM!P9-FlowDict_DM!Z9 -> 0 | S9: =FlowDict_DM!S9-StockDict_DM!R9 -> 0 | T9: =FlowDict_DM!Y9+FlowDict_DM!Z9+FlowDict_DM!T9-StockDict_DM!T9 -> 0 | U9: =FlowDict_DM!B9-FlowDict_DM!D9-FlowDict_DM!C9-FlowDict_DM!E9 -> 0
A10: =A30-StockDict_DM!B10-StockDict_DM!D10-StockDict_DM!F10-StockDict_DM!H10-StockDict_DM!J10-StockDict_DM!L10-StockDict_DM!N10-StockDict_DM!P10-StockDict_DM!R10-StockDict_DM!T10 -> -27.653378 | B10: =FlowDict_DM!D10+FlowDict_DM!F10-FlowDict_DM!H10-FlowDict_DM!G10 -> 4.1688203 | C10: =FlowDict_DM!H10+FlowDict_DM!M10+FlowDict_DM!L10-FlowDict_DM!N10-FlowDict_DM!I10-FlowDict_DM!O10-FlowDict_DM!K10 -> -1.246096 | D10: =FlowDict_DM!I10-FlowDict_DM!J10-StockDict_DM!B10 -> 0 | E10: =FlowDict_DM!V10-FlowDict_DM!F10 -> 0 | F10: =FlowDict_DM!G10-StockDict_DM!D10 -> 0 | G10: =FlowDict_DM!K10-StockDict_DM!F10 -> 0 | H10: =FlowDict_DM!J10-FlowDict_DM!P10-FlowDict_DM!Q10 -> 0 | I10: =FlowDict_DM!X10-FlowDict_DM!M10 -> 0 | J10: =FlowDict_DM!P10-FlowDict_DM!R10-FlowDict_DM!Y10 -> -6.1152204 | K10: =FlowDict_DM!Q10-FlowDict_DM!T10-FlowDict_DM!S10 -> -24.460882 | L10: =FlowDict_DM!W10-FlowDict_DM!L10 -> 0 | M10: =FlowDict_DM!O10-StockDict_DM!H10 -> 0 | N10: =FlowDict_DM!U10-FlowDict_DM!B10 -> 0 | O10: =FlowDict_DM!N10-StockDict_DM!J10 -> 0 | P10: =FlowDict_DM!C10-StockDict_DM!L10 -> 0 | Q10: =FlowDict_DM!E10-StockDict_DM!N10 -> 0 | R10: =FlowDict_DM!R10-StockDict_DM!P10-FlowDict_DM!Z10 -> 0 | S10: =FlowDict_DM!S10-StockDict_DM!R10 -> 0 | T10: =FlowDict_DM!Y10+FlowDict_DM!Z10+FlowDict_DM!T10-StockDict_DM!T10 -> 0 | U10: =FlowDict_DM!B10-FlowDict_DM!D10-FlowDict_DM!C10-FlowDict_DM!E10 -> -3.1974423e-14
A11: =A31-StockDict_DM!B11-StockDict_DM!D11-StockDict_DM!F11-StockDict_DM!H11-StockDict_DM!J11-StockDict_DM!L11-StockDict_DM!N11-StockDict_DM!P11-StockDict_DM!R11-StockDict_DM!T11 -> -29.206571 | B11: =FlowDict_DM!D11+FlowDict_DM!F11-FlowDict_DM!H11-FlowDict_DM!G11 -> 4.2521967 | C11: =FlowDict_DM!H11+FlowDict_DM!M11+FlowDict_DM!L11-FlowDict_DM!N11-FlowDict_DM!I11-FlowDict_DM!O11-FlowDict_DM!K11 -> -1.2710179 | D11: =FlowDict_DM!I11-FlowDict_DM!J11-StockDict_DM!B11 -> 0 | E11: =FlowDict_DM!V11-FlowDict_DM!F11 -> 0 | F11: =FlowDict_DM!G11-StockDict_DM!D11 -> 0 | G11: =FlowDict_DM!K11-StockDict_DM!F11 -> 0 | H11: =FlowDict_DM!J11-FlowDict_DM!P11-FlowDict_DM!Q11 -> 0 | I11: =FlowDict_DM!X11-FlowDict_DM!M11 -> 0 | J11: =FlowDict_DM!P11-FlowDict_DM!R11-FlowDict_DM!Y11 -> -6.4375499 | K11: =FlowDict_DM!Q11-FlowDict_DM!T11-FlowDict_DM!S11 -> -25.750199 | L11: =FlowDict_DM!W11-FlowDict_DM!L11 -> 0 | M11: =FlowDict_DM!O11-StockDict_DM!H11 -> 0 | N11: =FlowDict_DM!U11-FlowDict_DM!B11 -> 0 | O11: =FlowDict_DM!N11-StockDict_DM!J11 -> 0 | P11: =FlowDict_DM!C11-StockDict_DM!L11 -> 0 | Q11: =FlowDict_DM!E11-StockDict_DM!N11 -> 0 | R11: =FlowDict_DM!R11-StockDict_DM!P11-FlowDict_DM!Z11 -> -8.8817842e-16 | S11: =FlowDict_DM!S11-StockDict_DM!R11 -> 0 | T11: =FlowDict_DM!Y11+FlowDict_DM!Z11+FlowDict_DM!T11-StockDict_DM!T11 -> 0 | U11: =FlowDict_DM!B11-FlowDict_DM!D11-FlowDict_DM!C11-FlowDict_DM!E11 -> -4.6185278e-14
A12: =A32-StockDict_DM!B12-StockDict_DM!D12-StockDict_DM!F12-StockDict_DM!H12-StockDict_DM!J12-StockDict_DM!L12-StockDict_DM!N12-StockDict_DM!P12-StockDict_DM!R12-StockDict_DM!T12 -> -31.05735 | B12: =FlowDict_DM!D12+FlowDict_DM!F12-FlowDict_DM!H12-FlowDict_DM!G12 -> 4.3372407 | C12: =FlowDict_DM!H12+FlowDict_DM!M12+FlowDict_DM!L12-FlowDict_DM!N12-FlowDict_DM!I12-FlowDict_DM!O12-FlowDict_DM!K12 -> -1.2964383 | D12: =FlowDict_DM!I12-FlowDict_DM!J12-StockDict_DM!B12 -> 7.1054274e-15 | E12: =FlowDict_DM!V12-FlowDict_DM!F12 -> 0 | F12: =FlowDict_DM!G12-StockDict_DM!D12 -> 0 | G12: =FlowDict_DM!K12-StockDict_DM!F12 -> 0 | H12: =FlowDict_DM!J12-FlowDict_DM!P12-FlowDict_DM!Q12 -> 0 | I12: =FlowDict_DM!X12-FlowDict_DM!M12 -> 0 | J12: =FlowDict_DM!P12-FlowDict_DM!R12-FlowDict_DM!Y12 -> -6.8196304 | K12: =FlowDict_DM!Q12-FlowDict_DM!T12-FlowDict_DM!S12 -> -27.278522 | L12: =FlowDict_DM!W12-FlowDict_DM!L12 -> 0 | M12: =FlowDict_DM!O12-StockDict_DM!H12 -> 0 | N12: =FlowDict_DM!U12-FlowDict_DM!B12 -> 0 | O12: =FlowDict_DM!N12-StockDict_DM!J12 -> 0 | P12: =FlowDict_DM!C12-StockDict_DM!L12 -> 0 | Q12: =FlowDict_DM!E12-StockDict_DM!N12 -> 0 | R12: =FlowDict_DM!R12-StockDict_DM!P12-FlowDict_DM!Z12 -> 0 | S12: =FlowDict_DM!S12-StockDict_DM!R12 -> 0 | T12: =FlowDict_DM!Y12+FlowDict_DM!Z12+FlowDict_DM!T12-StockDict_DM!T12 -> 0 | U12: =FlowDict_DM!B12-FlowDict_DM!D12-FlowDict_DM!C12-FlowDict_DM!E12 -> -5.3290705e-14
A13: =A33-StockDict_DM!B13-StockDict_DM!D13-StockDict_DM!F13-StockDict_DM!H13-StockDict_DM!J13-StockDict_DM!L13-StockDict_DM!N13-StockDict_DM!P13-StockDict_DM!R13-StockDict_DM!T13 -> -32.944939 | B13: =FlowDict_DM!D13+FlowDict_DM!F13-FlowDict_DM!H13-FlowDict_DM!G13 -> 4.4239855 | C13: =FlowDict_DM!H13+FlowDict_DM!M13+FlowDict_DM!L13-FlowDict_DM!N13-FlowDict_DM!I13-FlowDict_DM!O13-FlowDict_DM!K13 -> -1.322367 | D13: =FlowDict_DM!I13-FlowDict_DM!J13-StockDict_DM!B13 -> 6.6613381e-15 | E13: =FlowDict_DM!V13-FlowDict_DM!F13 -> 0 | F13: =FlowDict_DM!G13-StockDict_DM!D13 -> 0 | G13: =FlowDict_DM!K13-StockDict_DM!F13 -> 0 | H13: =FlowDict_DM!J13-FlowDict_DM!P13-FlowDict_DM!Q13 -> 0 | I13: =FlowDict_DM!X13-FlowDict_DM!M13 -> 0 | J13: =FlowDict_DM!P13-FlowDict_DM!R13-FlowDict_DM!Y13 -> -7.2093115 | K13: =FlowDict_DM!Q13-FlowDict_DM!T13-FlowDict_DM!S13 -> -28.837246 | L13: =FlowDict_DM!W13-FlowDict_DM!L13 -> 0 | M13: =FlowDict_DM!O13-StockDict_DM!H13 -> 0 | N13: =FlowDict_DM!U13-FlowDict_DM!B13 -> 0 | O13: =FlowDict_DM!N13-StockDict_DM!J13 -> 0 | P13: =FlowDict_DM!C13-StockDict_DM!L13 -> 0 | Q13: =FlowDict_DM!E13-StockDict_DM!N13 -> 0 | R13: =FlowDict_DM!R13-StockDict_DM!P13-FlowDict_DM!Z13 -> 8.8817842e-16 | S13: =FlowDict_DM!S13-StockDict_DM!R13 -> 0 | T13: =FlowDict_DM!Y13+FlowDict_DM!Z13+FlowDict_DM!T13-StockDict_DM!T13 -> 0 | U13: =FlowDict_DM!B13-FlowDict_DM!D13-FlowDict_DM!C13-FlowDict_DM!E13 -> -4.9737992e-14
... A16: =A36-StockDict_DM!B16-StockDict_DM!D16-StockDict_DM!F16-StockDict_DM!H16-StockDict_DM!J16-StockDict_DM!L16-StockDict_DM!N16-StockDict_DM!P16-StockDict_DM!R16-StockDict_DM!T16 -> -36.903994 | B16: =FlowDict_DM!D16+FlowDict_DM!F16-FlowDict_DM!H16-FlowDict_DM!G16 -> 4.6947688 | C16: =FlowDict_DM!H16+FlowDict_DM!M16+FlowDict_DM!L16-FlowDict_DM!N16-FlowDict_DM!I16-FlowDict_DM!O16-FlowDict_DM!K16 -> -1.4033065 | D16: =FlowDict_DM!I16-FlowDict_DM!J16-StockDict_DM!B16 -> 3.9968029e-15 | E16: =FlowDict_DM!V16-FlowDict_DM!F16 -> 0 | F16: =FlowDict_DM!G16-StockDict_DM!D16 -> 0 | G16: =FlowDict_DM!K16-StockDict_DM!F16 -> 0 | H16: =FlowDict_DM!J16-FlowDict_DM!P16-FlowDict_DM!Q16 -> 0 | I16: =FlowDict_DM!X16-FlowDict_DM!M16 -> 0 | J16: =FlowDict_DM!P16-FlowDict_DM!R16-FlowDict_DM!Y16 -> -8.0390914 | K16: =FlowDict_DM!Q16-FlowDict_DM!T16-FlowDict_DM!S16 -> -32.156365 | L16: =FlowDict_DM!W16-FlowDict_DM!L16 -> 0 | M16: =FlowDict_DM!O16-StockDict_DM!H16 -> 0 | N16: =FlowDict_DM!U16-FlowDict_DM!B16 -> 0 | O16: =FlowDict_DM!N16-StockDict_DM!J16 -> 0 | P16: =FlowDict_DM!C16-StockDict_DM!L16 -> 0 | Q16: =FlowDict_DM!E16-StockDict_DM!N16 -> 0 | R16: =FlowDict_DM!R16-StockDict_DM!P16-FlowDict_DM!Z16 -> 0 | S16: =FlowDict_DM!S16-StockDict_DM!R16 -> 0 | T16: =FlowDict_DM!Y16+FlowDict_DM!Z16+FlowDict_DM!T16-StockDict_DM!T16 -> 0 | U16: =FlowDict_DM!B16-FlowDict_DM!D16-FlowDict_DM!C16-FlowDict_DM!E16 -> 4.9737992e-14
A21: Sum outflows of P0
A22: =SUM(FlowDict_DM!U2:X2) -> 123.94
A23: =SUM(FlowDict_DM!U3:X3) -> 126.4188
A24: =SUM(FlowDict_DM!U4:X4) -> 128.94718
A25: =SUM(FlowDict_DM!U5:X5) -> 131.52612
A26: =SUM(FlowDict_DM!U6:X6) -> 134.15664
A27: =SUM(FlowDict_DM!U7:X7) -> 136.83977
A28: =SUM(FlowDict_DM!U8:X8) -> 139.57657
A29: =SUM(FlowDict_DM!U9:X9) -> 142.3681
A30: =SUM(FlowDict_DM!U10:X10) -> 145.21546
A31: =SUM(FlowDict_DM!U11:X11) -> 148.11977
A32: =SUM(FlowDict_DM!U12:X12) -> 151.08217
A33: =SUM(FlowDict_DM!U13:X13) -> 154.10381
... A36: =SUM(FlowDict_DM!U16:X16) -> 163.5362

Sheet Mass_balance_CC
A1: P0 | B1: P1 | C1: P2 | D1: P3 | E1: P4 | F1: P5 | G1: P6 | H1: P7 | I1: P8 | J1: P9 | K1: P10 | L1: P11 | M1: P12 | N1: P13 | O1: P14 | P1: P15 | Q1: P16 | R1: P17 | S1: P18 | T1: P19 | U1: P20
A2: =A22-StockDict_CC!B2-StockDict_CC!D2-StockDict_CC!F2-StockDict_CC!H2-StockDict_CC!J2-StockDict_CC!L2-StockDict_CC!N2-StockDict_CC!P2-StockDict_CC!R2-StockDict_CC!T2 -> 8.6698446 | B2: =FlowDict_CC!D2+FlowDict_CC!F2-FlowDict_CC!H2-FlowDict_CC!G2 -> 9.4662962 | C2: =FlowDict_CC!H2+FlowDict_CC!M2+FlowDict_CC!L2-FlowDict_CC!N2-FlowDict_CC!I2-FlowDict_CC!O2-FlowDict_CC!K2 -> -0.79643993 | D2: =FlowDict_CC!I2-FlowDict_CC!J2-StockDict_CC!B2 -> 0 | E2: =FlowDict_CC!V2-FlowDict_CC!F2 -> 0 | F2: =FlowDict_CC!G2-StockDict_CC!D2 -> 0 | G2: =FlowDict_CC!K2-StockDict_CC!F2 -> 0 | H2: =FlowDict_CC!J2-FlowDict_CC!P2-FlowDict_CC!Q2 -> 0 | I2: =FlowDict_CC!X2-FlowDict_CC!M2 -> 0 | J2: =FlowDict_CC!P2-FlowDict_CC!R2-FlowDict_CC!Y2 -> -2.4680051e-06 | K2: =FlowDict_CC!Q2-FlowDict_CC!T2-FlowDict_CC!S2 -> -9.1881901e-06 | L2: =FlowDict_CC!W2-FlowDict_CC!L2 -> 0 | M2: =FlowDict_CC!O2-StockDict_CC!H2 -> 0 | N2: =FlowDict_CC!U2-FlowDict_CC!B2 -> 0 | O2: =FlowDict_CC!N2-StockDict_CC!J2 -> 0 | P2: =FlowDict_CC!C2-StockDict_CC!L2 -> 0 | Q2: =FlowDict_CC!E2-StockDict_CC!N2 -> 0 | R2: =FlowDict_CC!R2-StockDict_CC!P2-FlowDict_CC!Z2 -> 0 | S2: =FlowDict_CC!S2-StockDict_CC!R2 -> 0 | T2: =FlowDict_CC!Y2+FlowDict_CC!Z2+FlowDict_CC!T2-StockDict_CC!T2 -> 0 | U2: =FlowDict_CC!B2-FlowDict_CC!D2-FlowDict_CC!C2-FlowDict_CC!E2 -> 0
A3: =A23-StockDict_CC!B3-StockDict_CC!D3-StockDict_CC!F3-StockDict_CC!H3-StockDict_CC!J3-StockDict_CC!L3-StockDict_CC!N3-StockDict_CC!P3-StockDict_CC!R3-StockDict_CC!T3 -> -3.3560181 | B3: =FlowDict_CC!D3+FlowDict_CC!F3-FlowDict_CC!H3-FlowDict_CC!G3 -> 9.6556222 | C3: =FlowDict_CC!H3+FlowDict_CC!M3+FlowDict_CC!L3-FlowDict_CC!N3-FlowDict_CC!I3-FlowDict_CC!O3-FlowDict_CC!K3 -> -0.81236873 | D3: =FlowDict_CC!I3-FlowDict_CC!J3-StockDict_CC!B3 -> 0 | E3: =FlowDict_CC!V3-FlowDict_CC!F3 -> 0 | F3: =FlowDict_CC!G3-StockDict_CC!D3 -> 0 | G3: =FlowDict_CC!K3-StockDict_CC!F3 -> 0 | H3: =FlowDict_CC!J3-FlowDict_CC!P3-FlowDict_CC!Q3 -> 0 | I3: =FlowDict_CC!X3-FlowDict_CC!M3 -> 0 | J3: =FlowDict_CC!P3-FlowDict_CC!R3-FlowDict_CC!Y3 -> -2.5829924 | K3: =FlowDict_CC!Q3-FlowDict_CC!T3-FlowDict_CC!S3 -> -9.6162791 | L3: =FlowDict_CC!W3-FlowDict_CC!L3 -> 0 | M3: =FlowDict_CC!O3-StockDict_CC!H3 -> 0 | N3: =FlowDict_CC!U3-FlowDict_CC!B3 -> 0 | O3: =FlowDict_CC!N3-StockDict_CC!J3 -> 0 | P3: =FlowDict_CC!C3-StockDict_CC!L3 -> 0 | Q3: =FlowDict_CC!E3-StockDict_CC!N3 -> 0 | R3: =FlowDict_CC!R3-StockDict_CC!P3-FlowDict_CC!Z3 -> 0 | S3: =FlowDict_CC!S3-StockDict_CC!R3 -> 0 | T3: =FlowDict_CC!Y3+FlowDict_CC!Z3+FlowDict_CC!T3-StockDict_CC!T3 -> 0 | U3: =FlowDict_CC!B3-FlowDict_CC!D3-FlowDict_CC!C3-FlowDict_CC!E3 -> 0
A4: =A24-StockDict_CC!B4-StockDict_CC!D4-StockDict_CC!F4-StockDict_CC!H4-StockDict_CC!J4-StockDict_CC!L4-StockDict_CC!N4-StockDict_CC!P4-StockDict_CC!R4-StockDict_CC!T4 -> -15.633068 | B4: =FlowDict_CC!D4+FlowDict_CC!F4-FlowDict_CC!H4-FlowDict_CC!G4 -> 9.8487346 | C4: =FlowDict_CC!H4+FlowDict_CC!M4+FlowDict_CC!L4-FlowDict_CC!N4-FlowDict_CC!I4-FlowDict_CC!O4-FlowDict_CC!K4 -> -0.82861611 | D4: =FlowDict_CC!I4-FlowDict_CC!J4-StockDict_CC!B4 -> 0 | E4: =FlowDict_CC!V4-FlowDict_CC!F4 -> 0 | F4: =FlowDict_CC!G4-StockDict_CC!D4 -> 0 | G4: =FlowDict_CC!K4-StockDict_CC!F4 -> 0 | H4: =FlowDict_CC!J4-FlowDict_CC!P4-FlowDict_CC!Q4 -> 0 | I4: =FlowDict_CC!X4-FlowDict_CC!M4 -> 0 | J4: =FlowDict_CC!P4-FlowDict_CC!R4-FlowDict_CC!Y4 -> -5.2199014 | K4: =FlowDict_CC!Q4-FlowDict_CC!T4-FlowDict_CC!S4 -> -19.433285 | L4: =FlowDict_CC!W4-FlowDict_CC!L4 -> 0 | M4: =FlowDict_CC!O4-StockDict_CC!H4 -> 0 | N4: =FlowDict_CC!U4-FlowDict_CC!B4 -> 0 | O4: =FlowDict_CC!N4-StockDict_CC!J4 -> 0 | P4: =FlowDict_CC!C4-StockDict_CC!L4 -> 0 | Q4: =FlowDict_CC!E4-StockDict_CC!N4 -> 0 | R4: =FlowDict_CC!R4-StockDict_CC!P4-FlowDict_CC!Z4 -> 0 | S4: =FlowDict_CC!S4-StockDict_CC!R4 -> 0 | T4: =FlowDict_CC!Y4+FlowDict_CC!Z4+FlowDict_CC!T4-StockDict_CC!T4 -> 0 | U4: =FlowDict_CC!B4-FlowDict_CC!D4-FlowDict_CC!C4-FlowDict_CC!E4 -> 0
A5: =A25-StockDict_CC!B5-StockDict_CC!D5-StockDict_CC!F5-StockDict_CC!H5-StockDict_CC!J5-StockDict_CC!L5-StockDict_CC!N5-StockDict_CC!P5-StockDict_CC!R5-StockDict_CC!T5 -> -16.121412 | B5: =FlowDict_CC!D5+FlowDict_CC!F5-FlowDict_CC!H5-FlowDict_CC!G5 -> 10.045709 | C5: =FlowDict_CC!H5+FlowDict_CC!M5+FlowDict_CC!L5-FlowDict_CC!N5-FlowDict_CC!I5-FlowDict_CC!O5-FlowDict_CC!K5 -> -0.84518843 | D5: =FlowDict_CC!I5-FlowDict_CC!J5-StockDict_CC!B5 -> 0 | E5: =FlowDict_CC!V5-FlowDict_CC!F5 -> 0 | F5: =FlowDict_CC!G5-StockDict_CC!D5 -> 0 | G5: =FlowDict_CC!K5-StockDict_CC!F5 -> 0 | H5: =FlowDict_CC!J5-FlowDict_CC!P5-FlowDict_CC!Q5 -> 0 | I5: =FlowDict_CC!X5-FlowDict_CC!M5 -> 0 | J5: =FlowDict_CC!P5-FlowDict_CC!R5-FlowDict_CC!Y5 -> -5.3614972 | K5: =FlowDict_CC!Q5-FlowDict_CC!T5-FlowDict_CC!S5 -> -19.960435 | L5: =FlowDict_CC!W5-FlowDict_CC!L5 -> 0 | M5: =FlowDict_CC!O5-StockDict_CC!H5 -> 0 | N5: =FlowDict_CC!U5-FlowDict_CC!B5 -> 0 | O5: =FlowDict_CC!N5-StockDict_CC!J5 -> 0 | P5: =FlowDict_CC!C5-StockDict_CC!L5 -> 0 | Q5: =FlowDict_CC!E5-StockDict_CC!N5 -> 0 | R5: =FlowDict_CC!R5-StockDict_CC!P5-FlowDict_CC!Z5 -> 0 | S5: =FlowDict_CC!S5-StockDict_CC!R5 -> 0 | T5: =FlowDict_CC!Y5+FlowDict_CC!Z5+FlowDict_CC!T5-StockDict_CC!T5 -> 0 | U5: =FlowDict_CC!B5-FlowDict_CC!D5-FlowDict_CC!C5-FlowDict_CC!E5 -> 0
A6: =A26-StockDict_CC!B6-StockDict_CC!D6-StockDict_CC!F6-StockDict_CC!H6-StockDict_CC!J6-StockDict_CC!L6-StockDict_CC!N6-StockDict_CC!P6-StockDict_CC!R6-StockDict_CC!T6 -> -17.558196 | B6: =FlowDict_CC!D6+FlowDict_CC!F6-FlowDict_CC!H6-FlowDict_CC!G6 -> 10.246623 | C6: =FlowDict_CC!H6+FlowDict_CC!M6+FlowDict_CC!L6-FlowDict_CC!N6-FlowDict_CC!I6-FlowDict_CC!O6-FlowDict_CC!K6 -> -0.8620922 | D6: =FlowDict_CC!I6-FlowDict_CC!J6-StockDict_CC!B6 -> 0 | E6: =FlowDict_CC!V6-FlowDict_CC!F6 -> 0 | F6: =FlowDict_CC!G6-StockDict_CC!D6 -> 0 | G6: =FlowDict_CC!K6-StockDict_CC!F6 -> 0 | H6: =FlowDict_CC!J6-FlowDict_CC!P6-FlowDict_CC!Q6 -> 0 | I6: =FlowDict_CC!X6-FlowDict_CC!M6 -> 0 | J6: =FlowDict_CC!P6-FlowDict_CC!R6-FlowDict_CC!Y6 -> -5.7046735 | K6: =FlowDict_CC!Q6-FlowDict_CC!T6-FlowDict_CC!S6 -> -21.238054 | L6: =FlowDict_CC!W6-FlowDict_CC!L6 -> 0 | M6: =FlowDict_CC!O6-StockDict_CC!H6 -> 0 | N6: =FlowDict_CC!U6-FlowDict_CC!B6 -> 0 | O6: =FlowDict_CC!N6-StockDict_CC!J6 -> 0 | P6: =FlowDict_CC!C6-StockDict_CC!L6 -> 0 | Q6: =FlowDict_CC!E6-StockDict_CC!N6 -> 0 | R6: =FlowDict_CC!R6-StockDict_CC!P6-FlowDict_CC!Z6 -> 2.220446e-16 | S6: =FlowDict_CC!S6-StockDict_CC!R6 -> 0 | T6: =FlowDict_CC!Y6+FlowDict_CC!Z6+FlowDict_CC!T6-StockDict_CC!T6 -> 0 | U6: =FlowDict_CC!B6-FlowDict_CC!D6-FlowDict_CC!C6-FlowDict_CC!E6 -> 0
A7: =A27-StockDict_CC!B7-StockDict_CC!D7-StockDict_CC!F7-StockDict_CC!H7-StockDict_CC!J7-StockDict_CC!L7-StockDict_CC!N7-StockDict_CC!P7-StockDict_CC!R7-StockDict_CC!T7 -> -20.724923 | B7: =FlowDict_CC!D7+FlowDict_CC!F7-FlowDict_CC!H7-FlowDict_CC!G7 -> 10.451556 | C7: =FlowDict_CC!H7+FlowDict_CC!M7+FlowDict_CC!L7-FlowDict_CC!N7-FlowDict_CC!I7-FlowDict_CC!O7-FlowDict_CC!K7 -> -0.87933404 | D7: =FlowDict_CC!I7-FlowDict_CC!J7-StockDict_CC!B7 -> 0 | E7: =FlowDict_CC!V7-FlowDict_CC!F7 -> 0 | F7: =FlowDict_CC!G7-StockDict_CC!D7 -> 0 | G7: =FlowDict_CC!K7-StockDict_CC!F7 -> 0 | H7: =FlowDict_CC!J7-FlowDict_CC!P7-FlowDict_CC!Q7 -> 0 | I7: =FlowDict_CC!X7-FlowDict_CC!M7 -> 0 | J7: =FlowDict_CC!P7-FlowDict_CC!R7-FlowDict_CC!Y7 -> -6.4149154 | K7: =FlowDict_CC!Q7-FlowDict_CC!T7-FlowDict_CC!S7 -> -23.882229 | L7: =FlowDict_CC!W7-FlowDict_CC!L7 -> 0 | M7: =FlowDict_CC!O7-StockDict_CC!H7 -> 0 | N7: =FlowDict_CC!U7-FlowDict_CC!B7 -> 0 | O7: =FlowDict_CC!N7-StockDict_CC!J7 -> 0 | P7: =FlowDict_CC!C7-StockDict_CC!L7 -> 0 | Q7: =FlowDict_CC!E7-StockDict_CC!N7 -> 0 | R7: =FlowDict_CC!R7-StockDict_CC!P7-FlowDict_CC!Z7 -> -9.15934e-16 | S7: =FlowDict_CC!S7-StockDict_CC!R7 -> 0 | T7: =FlowDict_CC!Y7+FlowDict_CC!Z7+FlowDict_CC!T7-StockDict_CC!T7 -> 0 | U7: =FlowDict_CC!B7-FlowDict_CC!D7-FlowDict_CC!C7-FlowDict_CC!E7 -> 0
A8: =A28-StockDict_CC!B8-StockDict_CC!D8-StockDict_CC!F8-StockDict_CC!H8-StockDict_CC!J8-StockDict_CC!L8-StockDict_CC!N8-StockDict_CC!P8-StockDict_CC!R8-StockDict_CC!T8 -> -24.049979 | B8: =FlowDict_CC!D8+FlowDict_CC!F8-FlowDict_CC!H8-FlowDict_CC!G8 -> 10.660587 | C8: =FlowDict_CC!H8+FlowDict_CC!M8+FlowDict_CC!L8-FlowDict_CC!N8-FlowDict_CC!I8-FlowDict_CC!O8-FlowDict_CC!K8 -> -0.89692072 | D8: =FlowDict_CC!I8-FlowDict_CC!J8-StockDict_CC!B8 -> 0 | E8: =FlowDict_CC!V8-FlowDict_CC!F8 -> 0 | F8: =FlowDict_CC!G8-StockDict_CC!D8 -> 0 | G8: =FlowDict_CC!K8-StockDict_CC!F8 -> 0 | H8: =FlowDict_CC!J8-FlowDict_CC!P8-FlowDict_CC!Q8 -> 0 | I8: =FlowDict_CC!X8-FlowDict_CC!M8 -> 0 | J8: =FlowDict_CC!P8-FlowDict_CC!R8-FlowDict_CC!Y8 -> -7.1594758 | K8: =FlowDict_CC!Q8-FlowDict_CC!T8-FlowDict_CC!S8 -> -26.654169 | L8: =FlowDict_CC!W8-FlowDict_CC!L8 -> 0 | M8: =FlowDict_CC!O8-StockDict_CC!H8 -> 0 | N8: =FlowDict_CC!U8-FlowDict_CC!B8 -> 0 | O8: =FlowDict_CC!N8-StockDict_CC!J8 -> 0 | P8: =FlowDict_CC!C8-StockDict_CC!L8 -> 0 | Q8: =FlowDict_CC!E8-StockDict_CC!N8 -> 0 | R8: =FlowDict_CC!R8-StockDict_CC!P8-FlowDict_CC!Z8 -> -9.4368957e-16 | S8: =FlowDict_CC!S8-StockDict_CC!R8 -> 0 | T8: =FlowDict_CC!Y8+FlowDict_CC!Z8+FlowDict_CC!T8-StockDict_CC!T8 -> 0 | U8: =FlowDict_CC!B8-FlowDict_CC!D8-FlowDict_CC!C8-FlowDict_CC!E8 -> 0
A9: =A29-StockDict_CC!B9-StockDict_CC!D9-StockDict_CC!F9-StockDict_CC!H9-StockDict_CC!J9-StockDict_CC!L9-StockDict_CC!N9-StockDict_CC!P9-StockDict_CC!R9-StockDict_CC!T9 -> -25.994549 | B9: =FlowDict_CC!D9+FlowDict_CC!F9-FlowDict_CC!H9-FlowDict_CC!G9 -> 10.873799 | C9: =FlowDict_CC!H9+FlowDict_CC!M9+FlowDict_CC!L9-FlowDict_CC!N9-FlowDict_CC!I9-FlowDict_CC!O9-FlowDict_CC!K9 -> -0.91485914 | D9: =FlowDict_CC!I9-FlowDict_CC!J9-StockDict_CC!B9 -> 0 | E9: =FlowDict_CC!V9-FlowDict_CC!F9 -> 0 | F9: =FlowDict_CC!G9-StockDict_CC!D9 -> 0 | G9: =FlowDict_CC!K9-StockDict_CC!F9 -> 0 | H9: =FlowDict_CC!J9-FlowDict_CC!P9-FlowDict_CC!Q9 -> 0 | I9: =FlowDict_CC!X9-FlowDict_CC!M9 -> 0 | J9: =FlowDict_CC!P9-FlowDict_CC!R9-FlowDict_CC!Y9 -> -7.6125521 | K9: =FlowDict_CC!Q9-FlowDict_CC!T9-FlowDict_CC!S9 -> -28.340937 | L9: =FlowDict_CC!W9-FlowDict_CC!L9 -> 0 | M9: =FlowDict_CC!O9-StockDict_CC!H9 -> 0 | N9: =FlowDict_CC!U9-FlowDict_CC!B9 -> 0 | O9: =FlowDict_CC!N9-StockDict_CC!J9 -> 0 | P9: =FlowDict_CC!C9-StockDict_CC!L9 -> 0 | Q9: =FlowDict_CC!E9-StockDict_CC!N9 -> 0 | R9: =FlowDict_CC!R9-StockDict_CC!P9-FlowDict_CC!Z9 -> 0 | S9: =FlowDict_CC!S9-StockDict_CC!R9 -> 0 | T9: =FlowDict_CC!Y9+FlowDict_CC!Z9+FlowDict_CC!T9-StockDict_CC!T9 -> 0 | U9: =FlowDict_CC!B9-FlowDict_CC!D9-FlowDict_CC!C9-FlowDict_CC!E9 -> 0
A10: =A30-StockDict_CC!B10-StockDict_CC!D10-StockDict_CC!F10-StockDict_CC!H10-StockDict_CC!J10-StockDict_CC!L10-StockDict_CC!N10-StockDict_CC!P10-StockDict_CC!R10-StockDict_CC!T10 -> -27.43545 | B10: =FlowDict_CC!D10+FlowDict_CC!F10-FlowDict_CC!H10-FlowDict_CC!G10 -> 11.091275 | C10: =FlowDict_CC!H10+FlowDict_CC!M10+FlowDict_CC!L10-FlowDict_CC!N10-FlowDict_CC!I10-FlowDict_CC!O10-FlowDict_CC!K10 -> -0.93315632 | D10: =FlowDict_CC!I10-FlowDict_CC!J10-StockDict_CC!B10 -> 0 | E10: =FlowDict_CC!V10-FlowDict_CC!F10 -> 0 | F10: =FlowDict_CC!G10-StockDict_CC!D10 -> 0 | G10: =FlowDict_CC!K10-StockDict_CC!F10 -> 0 | H10: =FlowDict_CC!J10-FlowDict_CC!P10-FlowDict_CC!Q10 -> 0 | I10: =FlowDict_CC!X10-FlowDict_CC!M10 -> 0 | J10: =FlowDict_CC!P10-FlowDict_CC!R10-FlowDict_CC!Y10 -> -7.9598115 | K10: =FlowDict_CC!Q10-FlowDict_CC!T10-FlowDict_CC!S10 -> -29.633757 | L10: =FlowDict_CC!W10-FlowDict_CC!L10 -> 0 | M10: =FlowDict_CC!O10-StockDict_CC!H10 -> 0 | N10: =FlowDict_CC!U10-FlowDict_CC!B10 -> 0 | O10: =FlowDict_CC!N10-StockDict_CC!J10 -> 0 | P10: =FlowDict_CC!C10-StockDict_CC!L10 -> 0 | Q10: =FlowDict_CC!E10-StockDict_CC!N10 -> 0 | R10: =FlowDict_CC!R10-StockDict_CC!P10-FlowDict_CC!Z10 -> 0 | S10: =FlowDict_CC!S10-StockDict_CC!R10 -> 0 | T10: =FlowDict_CC!Y10+FlowDict_CC!Z10+FlowDict_CC!T10-StockDict_CC!T10 -> 0 | U10: =FlowDict_CC!B10-FlowDict_CC!D10-FlowDict_CC!C10-FlowDict_CC!E10 -> 0
A11: =A31-StockDict_CC!B11-StockDict_CC!D11-StockDict_CC!F11-StockDict_CC!H11-StockDict_CC!J11-StockDict_CC!L11-StockDict_CC!N11-StockDict_CC!P11-StockDict_CC!R11-StockDict_CC!T11 -> -29.213821 | B11: =FlowDict_CC!D11+FlowDict_CC!F11-FlowDict_CC!H11-FlowDict_CC!G11 -> 11.3131 | C11: =FlowDict_CC!H11+FlowDict_CC!M11+FlowDict_CC!L11-FlowDict_CC!N11-FlowDict_CC!I11-FlowDict_CC!O11-FlowDict_CC!K11 -> -0.95181945 | D11: =FlowDict_CC!I11-FlowDict_CC!J11-StockDict_CC!B11 -> 3.3306691e-15 | E11: =FlowDict_CC!V11-FlowDict_CC!F11 -> 0 | F11: =FlowDict_CC!G11-StockDict_CC!D11 -> 0 | G11: =FlowDict_CC!K11-StockDict_CC!F11 -> 0 | H11: =FlowDict_CC!J11-FlowDict_CC!P11-FlowDict_CC!Q11 -> 0 | I11: =FlowDict_CC!X11-FlowDict_CC!M11 -> 0 | J11: =FlowDict_CC!P11-FlowDict_CC!R11-FlowDict_CC!Y11 -> -8.3793682 | K11: =FlowDict_CC!Q11-FlowDict_CC!T11-FlowDict_CC!S11 -> -31.195733 | L11: =FlowDict_CC!W11-FlowDict_CC!L11 -> 0 | M11: =FlowDict_CC!O11-StockDict_CC!H11 -> 0 | N11: =FlowDict_CC!U11-FlowDict_CC!B11 -> 0 | O11: =FlowDict_CC!N11-StockDict_CC!J11 -> 0 | P11: =FlowDict_CC!C11-StockDict_CC!L11 -> 0 | Q11: =FlowDict_CC!E11-StockDict_CC!N11 -> 0 | R11: =FlowDict_CC!R11-StockDict_CC!P11-FlowDict_CC!Z11 -> 0 | S11: =FlowDict_CC!S11-StockDict_CC!R11 -> 0 | T11: =FlowDict_CC!Y11+FlowDict_CC!Z11+FlowDict_CC!T11-StockDict_CC!T11 -> 0 | U11: =FlowDict_CC!B11-FlowDict_CC!D11-FlowDict_CC!C11-FlowDict_CC!E11 -> 0
A12: =A32-StockDict_CC!B12-StockDict_CC!D12-StockDict_CC!F12-StockDict_CC!H12-StockDict_CC!J12-StockDict_CC!L12-StockDict_CC!N12-StockDict_CC!P12-StockDict_CC!R12-StockDict_CC!T12 -> -31.355451 | B12: =FlowDict_CC!D12+FlowDict_CC!F12-FlowDict_CC!H12-FlowDict_CC!G12 -> 11.539362 | C12: =FlowDict_CC!H12+FlowDict_CC!M12+FlowDict_CC!L12-FlowDict_CC!N12-FlowDict_CC!I12-FlowDict_CC!O12-FlowDict_CC!K12 -> -0.97085584 | D12: =FlowDict_CC!I12-FlowDict_CC!J12-StockDict_CC!B12 -> 5.7731597e-15 | E12: =FlowDict_CC!V12-FlowDict_CC!F12 -> 0 | F12: =FlowDict_CC!G12-StockDict_CC!D12 -> 0 | G12: =FlowDict_CC!K12-StockDict_CC!F12 -> 0 | H12: =FlowDict_CC!J12-FlowDict_CC!P12-FlowDict_CC!Q12 -> 0 | I12: =FlowDict_CC!X12-FlowDict_CC!M12 -> 0 | J12: =FlowDict_CC!P12-FlowDict_CC!R12-FlowDict_CC!Y12 -> -8.8766993 | K12: =FlowDict_CC!Q12-FlowDict_CC!T12-FlowDict_CC!S12 -> -33.047258 | L12: =FlowDict_CC!W12-FlowDict_CC!L12 -> 0 | M12: =FlowDict_CC!O12-StockDict_CC!H12 -> 0 | N12: =FlowDict_CC!U12-FlowDict_CC!B12 -> 0 | O12: =FlowDict_CC!N12-StockDict_CC!J12 -> 0 | P12: =FlowDict_CC!C12-StockDict_CC!L12 -> 0 | Q12: =FlowDict_CC!E12-StockDict_CC!N12 -> 0 | R12: =FlowDict_CC!R12-StockDict_CC!P12-FlowDict_CC!Z12 -> 0 | S12: =FlowDict_CC!S12-StockDict_CC!R12 -> 0 | T12: =FlowDict_CC!Y12+FlowDict_CC!Z12+FlowDict_CC!T12-StockDict_CC!T12 -> 0 | U12: =FlowDict_CC!B12-FlowDict_CC!D12-FlowDict_CC!C12-FlowDict_CC!E12 -> 0
A13: =A33-StockDict_CC!B13-StockDict_CC!D13-StockDict_CC!F13-StockDict_CC!H13-StockDict_CC!J13-StockDict_CC!L13-StockDict_CC!N13-StockDict_CC!P13-StockDict_CC!R13-StockDict_CC!T13 -> -33.539661 | B13: =FlowDict_CC!D13+FlowDict_CC!F13-FlowDict_CC!H13-FlowDict_CC!G13 -> 11.77015 | C13: =FlowDict_CC!H13+FlowDict_CC!M13+FlowDict_CC!L13-FlowDict_CC!N13-FlowDict_CC!I13-FlowDict_CC!O13-FlowDict_CC!K13 -> -0.99027295 | D13: =FlowDict_CC!I13-FlowDict_CC!J13-StockDict_CC!B13 -> -3.5527137e-15 | E13: =FlowDict_CC!V13-FlowDict_CC!F13 -> 0 | F13: =FlowDict_CC!G13-StockDict_CC!D13 -> 0 | G13: =FlowDict_CC!K13-StockDict_CC!F13 -> 0 | H13: =FlowDict_CC!J13-FlowDict_CC!P13-FlowDict_CC!Q13 -> 0 | I13: =FlowDict_CC!X13-FlowDict_CC!M13 -> 0 | J13: =FlowDict_CC!P13-FlowDict_CC!R13-FlowDict_CC!Y13 -> -9.3839234 | K13: =FlowDict_CC!Q13-FlowDict_CC!T13-FlowDict_CC!S13 -> -34.935614 | L13: =FlowDict_CC!W13-FlowDict_CC!L13 -> 0 | M13: =FlowDict_CC!O13-StockDict_CC!H13 -> 0 | N13: =FlowDict_CC!U13-FlowDict_CC!B13 -> 0 | O13: =FlowDict_CC!N13-StockDict_CC!J13 -> 0 | P13: =FlowDict_CC!C13-StockDict_CC!L13 -> 0 | Q13: =FlowDict_CC!E13-StockDict_CC!N13 -> 0 | R13: =FlowDict_CC!R13-StockDict_CC!P13-FlowDict_CC!Z13 -> 0 | S13: =FlowDict_CC!S13-StockDict_CC!R13 -> 0 | T13: =FlowDict_CC!Y13+FlowDict_CC!Z13+FlowDict_CC!T13-StockDict_CC!T13 -> 0 | U13: =FlowDict_CC!B13-FlowDict_CC!D13-FlowDict_CC!C13-FlowDict_CC!E13 -> 1.4210855e-14
... A16: =A36-StockDict_CC!B16-StockDict_CC!D16-StockDict_CC!F16-StockDict_CC!H16-StockDict_CC!J16-StockDict_CC!L16-StockDict_CC!N16-StockDict_CC!P16-StockDict_CC!R16-StockDict_CC!T16 -> -37.980952 | B16: =FlowDict_CC!D16+FlowDict_CC!F16-FlowDict_CC!H16-FlowDict_CC!G16 -> 12.490577 | C16: =FlowDict_CC!H16+FlowDict_CC!M16+FlowDict_CC!L16-FlowDict_CC!N16-FlowDict_CC!I16-FlowDict_CC!O16-FlowDict_CC!K16 -> -1.0508856 | D16: =FlowDict_CC!I16-FlowDict_CC!J16-StockDict_CC!B16 -> 0 | E16: =FlowDict_CC!V16-FlowDict_CC!F16 -> 0 | F16: =FlowDict_CC!G16-StockDict_CC!D16 -> 0 | G16: =FlowDict_CC!K16-StockDict_CC!F16 -> 0 | H16: =FlowDict_CC!J16-FlowDict_CC!P16-FlowDict_CC!Q16 -> 0 | I16: =FlowDict_CC!X16-FlowDict_CC!M16 -> 0 | J16: =FlowDict_CC!P16-FlowDict_CC!R16-FlowDict_CC!Y16 -> -10.463998 | K16: =FlowDict_CC!Q16-FlowDict_CC!T16-FlowDict_CC!S16 -> -38.956646 | L16: =FlowDict_CC!W16-FlowDict_CC!L16 -> 0 | M16: =FlowDict_CC!O16-StockDict_CC!H16 -> 0 | N16: =FlowDict_CC!U16-FlowDict_CC!B16 -> 0 | O16: =FlowDict_CC!N16-StockDict_CC!J16 -> 0 | P16: =FlowDict_CC!C16-StockDict_CC!L16 -> 0 | Q16: =FlowDict_CC!E16-StockDict_CC!N16 -> 0 | R16: =FlowDict_CC!R16-StockDict_CC!P16-FlowDict_CC!Z16 -> 0 | S16: =FlowDict_CC!S16-StockDict_CC!R16 -> 0 | T16: =FlowDict_CC!Y16+FlowDict_CC!Z16+FlowDict_CC!T16-StockDict_CC!T16 -> 0 | U16: =FlowDict_CC!B16-FlowDict_CC!D16-FlowDict_CC!C16-FlowDict_CC!E16 -> 0
A21: Sum outflows of P0
A22: =SUM(FlowDict_CC!U2:X2) -> 60.7238
A23: =SUM(FlowDict_CC!U3:X3) -> 61.938276
A24: =SUM(FlowDict_CC!U4:X4) -> 63.177042
A25: =SUM(FlowDict_CC!U5:X5) -> 64.440582
A26: =SUM(FlowDict_CC!U6:X6) -> 65.729394
A27: =SUM(FlowDict_CC!U7:X7) -> 67.043982
A28: =SUM(FlowDict_CC!U8:X8) -> 68.384862
A29: =SUM(FlowDict_CC!U9:X9) -> 69.752559
A30: =SUM(FlowDict_CC!U10:X10) -> 71.14761
A31: =SUM(FlowDict_CC!U11:X11) -> 72.570562
A32: =SUM(FlowDict_CC!U12:X12) -> 74.021973
A33: =SUM(FlowDict_CC!U13:X13) -> 75.502413
... A36: =SUM(FlowDict_CC!U16:X16) -> 80.123765

Sheet python_balance_error_comparison
A1: P0 | B1: P1 | C1: P2 | D1: P3 | E1: P4 | F1: P5 | G1: P6 | H1: P7 | I1: P8 | J1: P9 | K1: P10 | L1: P11 | M1: P12 | N1: P13 | O1: P14 | P1: P15 | Q1: P16 | R1: P17 | S1: P18 | T1: P19
A2: {=SUM(ABS(Mass_balance_CC!A2:A16))+SUM(ABS(Mass_balance_DM!A2:A16))+SUM(ABS(Mass_balance_WC!A2:A16))+SUM(ABS(Mass_balance_material!A2:A16))} -> 1095.3524 | B2: =(-SUM(Mass_balance_WC!B2:B16))+SUM(Mass_balance_DM!B2:B16)+SUM(Mass_balance_CC!B2:B16) -> 286.76622 | C2: =SUM(Mass_balance_WC!C2:C16)+(-SUM(Mass_balance_DM!C2:C16))+(-SUM(Mass_balance_CC!C2:C16)) -> 50.557335 | D2: =SUM(Mass_balance_WC!D2:D16)+SUM(Mass_balance_DM!D2:D16)+SUM(Mass_balance_CC!D2:D16) -> 2.1982416e-14 | E2: =SUM(Mass_balance_WC!E2:E16)+SUM(Mass_balance_DM!E2:E16)+SUM(Mass_balance_CC!E2:E16) -> 0 | F2: =SUM(Mass_balance_WC!F2:F16)+SUM(Mass_balance_DM!F2:F16)+SUM(Mass_balance_CC!F2:F16) -> 0 | G2: =SUM(Mass_balance_WC!G2:G16)+SUM(Mass_balance_DM!G2:G16)+SUM(Mass_balance_CC!G2:G16) -> 0 | H2: =SUM(Mass_balance_WC!H2:H16)+SUM(Mass_balance_DM!H2:H16)+SUM(Mass_balance_CC!H2:H16) -> 0 | I2: =SUM(Mass_balance_WC!I2:I16)+SUM(Mass_balance_DM!I2:I16)+SUM(Mass_balance_CC!I2:I16) -> 0 | J2: =SUM(Mass_balance_WC!J2:J16)+(-SUM(Mass_balance_DM!J2:J16))+(-SUM(Mass_balance_CC!J2:J16)) -> 266.67477 | K2: =SUM(Mass_balance_WC!K2:K16)+(-SUM(Mass_balance_DM!K2:K16))+(-SUM(Mass_balance_CC!K2:K16)) -> 1037.5688 | L2: =SUM(Mass_balance_WC!L2:L16)+SUM(Mass_balance_DM!L2:L16)+SUM(Mass_balance_CC!L2:L16) -> 0 | M2: =SUM(Mass_balance_WC!M2:M16)+SUM(Mass_balance_DM!M2:M16)+SUM(Mass_balance_CC!M2:M16) -> 0 | N2: =SUM(Mass_balance_WC!N2:N16)+SUM(Mass_balance_DM!N2:N16)+SUM(Mass_balance_CC!N2:N16) -> 0 | O2: =SUM(Mass_balance_WC!O2:O16)+SUM(Mass_balance_DM!O2:O16)+SUM(Mass_balance_CC!O2:O16) -> 0 | P2: =SUM(Mass_balance_WC!P2:P16)+SUM(Mass_balance_DM!P2:P16)+SUM(Mass_balance_CC!P2:P16) -> 0 | Q2: =SUM(Mass_balance_WC!Q2:Q16)+SUM(Mass_balance_DM!Q2:Q16)+SUM(Mass_balance_CC!Q2:Q16) -> 0 | R2: =SUM(Mass_balance_WC!R2:R16)+SUM(Mass_balance_DM!R2:R16)+SUM(Mass_balance_CC!R2:R16) -> -1.2212453e-15 | S2: =SUM(Mass_balance_WC!S2:S16)+SUM(Mass_balance_DM!S2:S16)+SUM(Mass_balance_CC!S2:S16) -> 0 | T2: =SUM(Mass_balance_WC!T2:T16)+SUM(Mass_balance_DM!T2:T16)+SUM(Mass_balance_CC!T2:T16) -> 0

Sheet FlowDict_material
A1: Years | B1: F_13_20 | C1: F_20_15 | D1: F_20_01 | E1: F_20_16 | F1: F_04_01 | G1: F_01_05 | H1: F_01_02 | I1: F_02_03 | J1: F_03_07 | K1: F_02_06 | L1: F_11_02 | M1: F_08_02 | N1: F_02_14 | O1: F_02_12 | P1: F_07_09 | Q1: F_07_10 | R1: F_09_17 | S1: F_10_18 | T1: F_10_19 | U1: F_00_13 | V1: F_00_04 | W1: F_00_11 | X1: F_00_08 | Y1: F_09_19 | Z1: F_17_19
A2: 2022 | B2: 129 | C2: 51.6 | D2: 51.6 | E2: 25.8 | F2: 39 | G2: 22.9218 | H2: 67.6782 | I2: 54.217716 | J2: 1.5541594e-05 | K2: 12.841038 | L2: 1 | M2: 74 | N2: 67.058754 | O2: 8.560692 | P2: 3.1083187e-06 | Q2: 1.2433275e-05 | R2: 9.3249561e-07 | S2: 1.2433275e-06 | T2: 1.1189947e-05 | U2: 129 | V2: 39 | W2: 1 | X2: 74 | Y2: 2.1758231e-06 | Z2: 0
A3: 2023 | B3: 131.58 | C3: 52.632 | D3: 52.632 | E3: 26.316 | F3: 39.78 | G3: 23.380236 | H3: 69.031764 | I3: 55.30207 | J3: 16.265695 | K3: 13.097859 | L3: 1.02 | M3: 75.48 | N3: 68.399929 | O3: 8.7319058 | P3: 3.2531391 | Q3: 13.012556 | R3: 0.97594172 | S3: 1.3012556 | T3: 11.711301 | U3: 131.58 | V3: 39.78 | W3: 1.02 | X3: 75.48 | Y3: 2.2771974 | Z3: 2.8002051e-08
A4: 2024 | B4: 134.2116 | C4: 53.68464 | D4: 53.68464 | E4: 26.84232 | F4: 40.5756 | G4: 23.847841 | H4: 70.412399 | I4: 56.408112 | J4: 32.870916 | K4: 13.359816 | L4: 1.0404 | M4: 76.9896 | N4: 69.767928 | O4: 8.906544 | P4: 6.5741831 | Q4: 26.296732 | R4: 1.9722549 | S4: 2.6296732 | T4: 23.667059 | U4: 134.2116 | V4: 40.5756 | W4: 1.0404 | X4: 76.9896 | Y4: 4.6019282 | Z4: 0.029306728
A5: 2025 | B5: 136.89583 | C5: 54.758333 | D5: 54.758333 | E5: 27.379166 | F5: 41.387112 | G5: 24.324798 | H5: 71.820647 | I5: 57.536274 | J5: 33.762577 | K5: 13.627012 | L5: 1.061208 | M5: 78.529392 | N5: 71.163286 | O5: 9.0846748 | P5: 6.7525153 | Q5: 27.010061 | R5: 2.0257546 | S5: 2.7010061 | T5: 24.309055 | U5: 136.89583 | V5: 41.387112 | W5: 1.061208 | X5: 78.529392 | Y5: 4.7267607 | Z5: 0.087605492
A6: 2026 | B6: 139.63375 | C6: 55.853499 | D6: 55.853499 | E6: 27.92675 | F6: 42.214854 | G6: 24.811293 | H6: 73.25706 | I6: 58.686999 | J6: 35.923636 | K6: 13.899552 | L6: 1.0824322 | M6: 80.09998 | N6: 72.586552 | O6: 9.2663683 | P6: 7.1847273 | Q6: 28.738909 | R6: 2.1554182 | S6: 2.8738909 | T6: 25.865018 | U6: 139.63375 | V6: 42.214854 | W6: 1.0824322 | X6: 80.09998 | Y6: 5.0293091 | Z6: 0.145668
A7: 2027 | B7: 142.42642 | C7: 56.970569 | D7: 56.970569 | E7: 28.485285 | F7: 43.059151 | G7: 25.307519 | H7: 74.722201 | I7: 59.860739 | J7: 40.396193 | K7: 14.177544 | L7: 1.1040808 | M7: 81.701979 | N7: 74.038283 | O7: 9.4516957 | P7: 8.0792386 | Q7: 32.316954 | R7: 2.4237716 | S7: 3.2316954 | T7: 29.085259 | U7: 142.42642 | V7: 43.059151 | W7: 1.1040808 | X7: 81.701979 | Y7: 5.655467 | Z7: 0.20578887
A8: 2028 | B8: 145.27495 | C8: 58.109981 | D8: 58.109981 | E8: 29.05499 | F8: 43.920334 | G8: 25.81367 | H8: 76.216645 | I8: 61.057954 | J8: 45.08486 | K8: 14.461094 | L8: 1.1261624 | M8: 83.336019 | N8: 75.519049 | O8: 9.6407296 | P8: 9.0169721 | Q8: 36.067888 | R8: 2.7050916 | S8: 3.6067888 | T8: 32.461099 | U8: 145.27495 | V8: 43.920334 | W8: 1.1261624 | X8: 83.336019 | Y8: 6.3118805 | Z8: 0.27206776
A9: 2029 | B9: 148.18045 | C9: 59.27218 | D9: 59.27218 | E9: 29.63609 | F9: 44.798741 | G9: 26.329943 | H9: 77.740978 | I9: 62.279113 | J9: 47.937985 | K9: 14.750316 | L9: 1.1486857 | M9: 85.002739 | N9: 77.02943 | O9: 9.8335442 | P9: 9.5875971 | Q9: 38.350388 | R9: 2.8762791 | S9: 3.8350388 | T9: 34.515349 | U9: 148.18045 | V9: 44.798741 | W9: 1.1486857 | X9: 85.002739 | Y9: 6.711318 | Z9: 0.3446994
A10: 2030 | B10: 151.14406 | C10: 60.457624 | D10: 60.457624 | E10: 30.228812 | F10: 45.694716 | G10: 26.856542 | H10: 79.295798 | I10: 63.524696 | J10: 50.124758 | K10: 15.045323 | L10: 1.1716594 | M10: 86.702794 | N10: 78.570018 | O10: 10.030215 | P10: 10.024952 | Q10: 40.099806 | R10: 3.0074855 | S10: 4.0099806 | T10: 36.089826 | U10: 151.14406 | V10: 45.694716 | W10: 1.1716594 | X10: 86.702794 | Y10: 7.0174661 | Z10: 0.4201758
A11: 2031 | B11: 154.16694 | C11: 61.666777 | D11: 61.666777 | E11: 30.833388 | F11: 46.60861 | G11: 27.393673 | H11: 80.881714 | I11: 64.795189 | J11: 52.766802 | K11: 15.346229 | L11: 1.1950926 | M11: 88.43685 | N11: 80.141419 | O11: 10.230819 | P11: 10.55336 | Q11: 42.213442 | R11: 3.1660081 | S11: 4.2213442 | T11: 37.992098 | U11: 154.16694 | V11: 46.60861 | W11: 1.1950926 | X11: 88.43685 | Y11: 7.3873523 | Z11: 0.49720643
A12: 2032 | B12: 157.25028 | C12: 62.900112 | D12: 62.900112 | E12: 31.450056 | F12: 47.540782 | G12: 27.941546 | H12: 82.499348 | I12: 66.091093 | J12: 55.89861 | K12: 15.653154 | L12: 1.2189944 | M12: 90.205587 | N12: 81.744247 | O12: 10.435436 | P12: 11.179722 | Q12: 44.718888 | R12: 3.3539166 | S12: 4.4718888 | T12: 40.246999 | U12: 157.25028 | V12: 47.540782 | W12: 1.2189944 | X12: 90.205587 | Y12: 7.8258054 | Z12: 0.57656245
A13: 2033 | B13: 160.39529 | C13: 64.158114 | D13: 64.158114 | E13: 32.079057 | F13: 48.491598 | G13: 28.500377 | H13: 84.149335 | I13: 67.412915 | J13: 59.092717 | K13: 15.966217 | L13: 1.2433743 | M13: 92.009699 | N13: 83.379132 | O13: 10.644144 | P13: 11.818543 | Q13: 47.274173 | R13: 3.545563 | S13: 4.7274173 | T13: 42.546756 | U13: 160.39529 | V13: 48.491598 | W13: 1.2433743 | X13: 92.009699 | Y13: 8.2729804 | Z13: 0.65905279
... A16: 2036 | B16: 170.21276 | C16: 68.085104 | D16: 68.085104 | E16: 34.042552 | F16: 51.459672 | G16: 30.244828 | H16: 89.299948 | I16: 71.539125 | J16: 65.894191 | K16: 16.943477 | L16: 1.3194788 | M16: 97.641428 | N16: 88.482602 | O16: 11.295651 | P16: 13.178838 | Q16: 52.715353 | R16: 3.9536515 | S16: 5.2715353 | T16: 47.443818 | U16: 170.21276 | V16: 51.459672 | W16: 1.3194788 | X16: 97.641428 | Y16: 9.2251868 | Z16: 0.92191146

Sheet StockDict_material
A1: Years | B1: dS_3 | C1: S_3 | D1: dS_5 | E1: S_5 | F1: dS_6 | G1: S_6 | H1: dS_12 | I1: S_12 | J1: dS_14 | K1: S_14 | L1: dS_15 | M1: S_15 | N1: dS_16 | O1: S_16 | P1: dS_17 | Q1: S_17 | R1: dS_18 | S1: S_18 | T1: dS_19 | U1: S_19
A2: 2022 | B2: 54.2177 | C2: 54.2177 | D2: 22.9218 | E2: 22.9218 | F2: 12.841038 | G2: 12.841038 | H2: 8.560692 | I2: 8.560692 | J2: 67.058754 | K2: 67.058754 | L2: 51.6 | M2: 51.6 | N2: 25.8 | O2: 25.8 | P2: 9.3249561e-07 | Q2: 9.3249561e-07 | R2: 1.2433275e-06 | S2: 1.2433275e-06 | T2: 1.336577e-05 | U2: 1.336577e-05
A3: 2023 | B3: 39.036375 | C3: 93.254075 | D3: 23.380236 | E3: 46.302036 | F3: 13.097859 | G3: 25.938897 | H3: 8.7319058 | I3: 17.292598 | J3: 68.399929 | K3: 135.45868 | L3: 52.632 | M3: 104.232 | N3: 26.316 | O3: 52.116 | P3: 0.97594169 | Q3: 0.97594263 | R3: 1.3012556 | S3: 1.3012569 | T3: 13.988498 | U3: 13.988511
A4: 2024 | B4: 23.537196 | C4: 116.79127 | D4: 23.847841 | E4: 70.149877 | F4: 13.359816 | G4: 39.298713 | H4: 8.906544 | I4: 26.199142 | J4: 69.767928 | K4: 205.22661 | L4: 53.68464 | M4: 157.91664 | N4: 26.84232 | O4: 78.95832 | P4: 1.9429482 | Q4: 2.9188908 | R4: 2.6296732 | S4: 3.9309301 | T4: 28.298294 | U4: 42.286806
A5: 2025 | B5: 23.773697 | C5: 140.56497 | D5: 24.324798 | E5: 94.474674 | F5: 13.627012 | G5: 52.925725 | H5: 9.0846748 | I5: 35.283817 | J5: 71.163286 | K5: 276.3899 | L5: 54.758333 | M5: 212.67497 | N5: 27.379166 | O5: 106.33749 | P5: 1.9381491 | Q5: 4.8570399 | R5: 2.7010061 | S5: 6.6319363 | T5: 29.123421 | U5: 71.410227
A6: 2026 | B6: 22.763363 | C6: 163.32833 | D6: 24.811293 | E6: 119.28597 | F6: 13.899552 | G6: 66.825277 | H6: 9.2663683 | I6: 44.550185 | J6: 72.586552 | K6: 348.97645 | L6: 55.853499 | M6: 268.52847 | N6: 27.92675 | O6: 134.26424 | P6: 2.0097502 | Q6: 6.8667901 | R6: 2.8738909 | S6: 9.5058272 | T6: 31.039995 | U6: 102.45022
A7: 2027 | B7: 19.464547 | C7: 182.79288 | D7: 25.307519 | E7: 144.59349 | F7: 14.177544 | G7: 81.002821 | H7: 9.4516957 | I7: 54.001881 | J7: 74.038283 | K7: 423.01473 | L7: 56.970569 | M7: 325.49904 | N7: 28.485285 | O7: 162.74952 | P7: 2.2179827 | Q7: 9.0847728 | R7: 3.2316954 | S7: 12.737523 | T7: 34.946515 | U7: 137.39674
A8: 2028 | B8: 15.973094 | C8: 198.76597 | D8: 25.81367 | E8: 170.40716 | F8: 14.461094 | G8: 95.463915 | H8: 9.6407296 | I8: 63.64261 | J8: 75.519049 | K8: 498.53378 | L8: 58.109981 | M8: 383.60902 | N8: 29.05499 | O8: 191.80451 | P8: 2.4330239 | Q8: 11.517797 | R8: 3.6067888 | S8: 16.344311 | T8: 39.045048 | U8: 176.44178
A9: 2029 | B9: 14.341128 | C9: 213.1071 | D9: 26.329943 | E9: 196.7371 | F9: 14.750316 | G9: 110.21423 | H9: 9.8335442 | I9: 73.476154 | J9: 77.02943 | K9: 575.56321 | L9: 59.27218 | M9: 442.8812 | N9: 29.63609 | O9: 221.4406 | P9: 2.5315797 | Q9: 14.049376 | R9: 3.8350388 | S9: 20.17935 | T9: 41.571367 | U9: 218.01315
A10: 2030 | B10: 13.399938 | C10: 226.50704 | D10: 26.856542 | E10: 223.59364 | F10: 15.045323 | G10: 125.25955 | H10: 10.030215 | I10: 83.50637 | J10: 78.570018 | K10: 654.13323 | L10: 60.457624 | M10: 503.33883 | N10: 30.228812 | O10: 251.66941 | P10: 2.5873097 | Q10: 16.636686 | R10: 4.0099806 | S10: 24.189331 | T10: 43.527467 | U10: 261.54062
A11: 2031 | B11: 12.028387 | C11: 238.53543 | D11: 27.393673 | E11: 250.98731 | F11: 15.346229 | G11: 140.60578 | H11: 10.230819 | I11: 93.737189 | J11: 80.141419 | K11: 734.27465 | L11: 61.666777 | M11: 565.0056 | N11: 30.833388 | O11: 282.5028 | P11: 2.6688017 | Q11: 19.305488 | R11: 4.2213442 | S11: 28.410675 | T11: 45.876656 | U11: 307.41728
A12: 2032 | B12: 10.192483 | C12: 248.72791 | D12: 27.941546 | E12: 278.92886 | F12: 15.653154 | G12: 156.25894 | H12: 10.435436 | I12: 104.17262 | J12: 81.744247 | K12: 816.01889 | L12: 62.900112 | M12: 627.90572 | N12: 31.450056 | O12: 313.95286 | P12: 2.7773542 | Q12: 22.082842 | R12: 4.4718888 | S12: 32.882564 | T12: 48.649367 | U12: 356.06664
A13: 2033 | B13: 8.3201983 | C13: 257.04811 | D13: 28.500377 | E13: 307.42924 | F13: 15.966217 | G13: 172.22515 | H13: 10.644144 | I13: 114.81677 | J13: 83.379132 | K13: 899.39803 | L13: 64.158114 | M13: 692.06383 | N13: 32.079057 | O13: 346.03191 | P13: 2.8865102 | Q13: 24.969352 | R13: 4.7274173 | S13: 37.609981 | T13: 51.478789 | U13: 407.54543
... A16: 2036 | B16: 5.6449334 | C16: 275.557 | D16: 30.244828 | E16: 396.39624 | F16: 16.943477 | G16: 222.06542 | H16: 11.295651 | I16: 148.04362 | J16: 88.482602 | K16: 1159.675 | L16: 68.085104 | M16: 892.34031 | N16: 34.042552 | O16: 446.17016 | P16: 3.03174 | Q16: 33.985739 | R16: 5.2715353 | S16: 52.964205 | T16: 57.590916 | U16: 575.10262

Sheet FlowDict_WC
A1: Years | B1: F_13_20 | C1: F_20_15 | D1: F_20_01 | E1: F_20_16 | F1: F_04_01 | G1: F_01_05 | H1: F_01_02 | I1: F_02_03 | J1: F_03_07 | K1: F_02_06 | L1: F_11_02 | M1: F_08_02 | N1: F_02_14 | O1: F_02_12 | P1: F_07_09 | Q1: F_07_10 | R1: F_09_17 | S1: F_10_18 | T1: F_10_19 | U1: F_00_13 | V1: F_00_04 | W1: F_00_11 | X1: F_00_08 | Y1: F_09_19 | Z1: F_17_19
A2: 2022 | B2: 7.74 | C2: 3.096 | D2: 3.096 | E2: 1.548 | F2: 36.66 | G2: 0 | H2: 43.314048 | I2: 33.072807 | J2: 9.480372e-06 | K2: 8.2182643 | L2: 0.66 | M2: 74 | N2: 67.058754 | O2: 8.560692 | P2: 1.8960744e-06 | Q2: 7.5842976e-06 | R2: 0 | S2: 0 | T2: 0 | U2: 7.74 | V2: 36.66 | W2: 0.66 | X2: 74 | Y2: 0 | Z2: 0
A3: 2023 | B3: 7.8948 | C3: 3.15792 | D3: 3.15792 | E3: 1.57896 | F3: 37.3932 | G3: 0 | H3: 44.180329 | I3: 33.734263 | J3: 9.9220742 | K3: 8.3826296 | L3: 0.6732 | M3: 75.48 | N3: 68.399929 | O3: 8.7319058 | P3: 1.9844148 | Q3: 7.9376593 | R3: 0 | S3: 0 | T3: 0 | U3: 7.8948 | V3: 37.3932 | W3: 0.6732 | X3: 75.48 | Y3: 0 | Z3: 0
A4: 2024 | B4: 8.052696 | C4: 3.2210784 | D4: 3.2210784 | E4: 1.6105392 | F4: 38.141064 | G4: 0 | H4: 45.063936 | I4: 34.408948 | J4: 20.051259 | K4: 8.5502822 | L4: 0.686664 | M4: 76.9896 | N4: 69.767928 | O4: 8.906544 | P4: 4.0102517 | Q4: 16.041007 | R4: 0 | S4: 0 | T4: 0 | U4: 8.052696 | V4: 38.141064 | W4: 0.686664 | X4: 76.9896 | Y4: 0 | Z4: 0
A5: 2025 | B5: 8.2137499 | C5: 3.2855 | D5: 3.2855 | E5: 1.64275 | F5: 38.903885 | G5: 0 | H5: 45.965214 | I5: 35.097127 | J5: 20.595172 | K5: 8.7212878 | L5: 0.70039728 | M5: 78.529392 | N5: 71.163286 | O5: 9.0846748 | P5: 4.1190344 | Q5: 16.476137 | R5: 0 | S5: 0 | T5: 0 | U5: 8.2137499 | V5: 38.903885 | W5: 0.70039728 | X5: 78.529392 | Y5: 0 | Z5: 0
A6: 2026 | B6: 8.3780249 | C6: 3.35121 | D6: 3.35121 | E6: 1.675605 | F6: 39.681963 | G6: 0 | H6: 46.884519 | I6: 35.79907 | J6: 21.913418 | K6: 8.8957136 | L6: 0.71440523 | M6: 80.09998 | N6: 72.586552 | O6: 9.2663683 | P6: 4.3826836 | Q6: 17.530735 | R6: 0 | S6: 0 | T6: 0 | U6: 8.3780249 | V6: 39.681963 | W6: 0.71440523 | X6: 80.09998 | Y6: 0 | Z6: 0
A7: 2027 | B7: 8.5455854 | C7: 3.4182342 | D7: 3.4182342 | E7: 1.7091171 | F7: 40.475602 | G7: 0 | H7: 47.822209 | I7: 36.515051 | J7: 24.641678 | K7: 9.0736279 | L7: 0.72869333 | M7: 81.701979 | N7: 74.038283 | O7: 9.4516957 | P7: 4.9283355 | Q7: 19.713342 | R7: 0 | S7: 0 | T7: 0 | U7: 8.5455854 | V7: 40.475602 | W7: 0.72869333 | X7: 81.701979 | Y7: 0 | Z7: 0
A8: 2028 | B8: 8.7164971 | C8: 3.4865989 | D8: 3.4865989 | E8: 1.7432994 | F8: 41.285114 | G8: 0 | H8: 48.778653 | I8: 37.245352 | J8: 27.501765 | K8: 9.2551004 | L8: 0.7432672 | M8: 83.336019 | N8: 75.519049 | O8: 9.6407296 | P8: 5.500353 | Q8: 22.001412 | R8: 0 | S8: 0 | T8: 0 | U8: 8.7164971 | V8: 41.285114 | W8: 0.7432672 | X8: 83.336019 | Y8: 0 | Z8: 0
A9: 2029 | B9: 8.8908271 | C9: 3.5563308 | D9: 3.5563308 | E9: 1.7781654 | F9: 42.110817 | G9: 0 | H9: 49.754226 | I9: 37.990259 | J9: 29.242171 | K9: 9.4402024 | L9: 0.75813254 | M9: 85.002739 | N9: 77.02943 | O9: 9.8335442 | P9: 5.8484342 | Q9: 23.393737 | R9: 0 | S9: 0 | T9: 0 | U9: 8.8908271 | V9: 42.110817 | W9: 0.75813254 | X9: 85.002739 | Y9: 0 | Z9: 0
A10: 2030 | B10: 9.0686436 | C10: 3.6274574 | D10: 3.6274574 | E10: 1.8137287 | F10: 42.953033 | G10: 0 | H10: 50.749311 | I10: 38.750064 | J10: 30.576102 | K10: 9.6290065 | L10: 0.77329519 | M10: 86.702794 | N10: 78.570018 | O10: 10.030215 | P10: 6.1152204 | Q10: 24.460882 | R10: 0 | S10: 0 | T10: 0 | U10: 9.0686436 | V10: 42.953033 | W10: 0.77329519 | X10: 86.702794 | Y10: 0 | Z10: 0
A11: 2031 | B11: 9.2500165 | C11: 3.7000066 | D11: 3.7000066 | E11: 1.8500033 | F11: 43.812094 | G11: 0 | H11: 51.764297 | I11: 39.525066 | J11: 32.187749 | K11: 9.8215866 | L11: 0.7887611 | M11: 88.43685 | N11: 80.141419 | O11: 10.230819 | P11: 6.4375499 | Q11: 25.750199 | R11: 0 | S11: 0 | T11: 0 | U11: 9.2500165 | V11: 43.812094 | W11: 0.7887611 | X11: 88.43685 | Y11: 0 | Z11: 0
A12: 2032 | B12: 9.4350168 | C12: 3.7740067 | D12: 3.7740067 | E12: 1.8870034 | F12: 44.688335 | G12: 0 | H12: 52.799583 | I12: 40.315567 | J12: 34.098152 | K12: 10.018018 | L12: 0.80453632 | M12: 90.205587 | N12: 81.744247 | O12: 10.435436 | P12: 6.8196304 | Q12: 27.278522 | R12: 0 | S12: 0 | T12: 0 | U12: 9.4350168 | V12: 44.688335 | W12: 0.80453632 | X12: 90.205587 | Y12: 0 | Z12: 0
A13: 2033 | B13: 9.6237171 | C13: 3.8494869 | D13: 3.8494869 | E13: 1.9247434 | F13: 45.582102 | G13: 0 | H13: 53.855574 | I13: 41.121878 | J13: 36.046557 | K13: 10.218379 | L13: 0.82062704 | M13: 92.009699 | N13: 83.379132 | O13: 10.644144 | P13: 7.2093115 | Q13: 28.837246 | R13: 0 | S13: 0 | T13: 0 | U13: 9.6237171 | V13: 45.582102 | W13: 0.82062704 | X13: 92.009699 | Y13: 0 | Z13: 0
... A16: 2036 | B16: 10.212766 | C16: 4.0851063 | D16: 4.0851063 | E16: 2.0425531 | F16: 48.372091 | G16: 0 | H16: 57.151966 | I16: 43.638866 | J16: 40.195457 | K16: 10.843825 | L16: 0.87085598 | M16: 97.641428 | N16: 88.482602 | O16: 11.295651 | P16: 8.0390914 | Q16: 32.156365 | R16: 0 | S16: 0 | T16: 0 | U16: 10.212766 | V16: 48.372091 | W16: 0.87085598 | X16: 97.641428 | Y16: 0 | Z16: 0

Sheet StockDict_WC
A1: Years | B1: dS_3 | C1: S_3 | D1: dS_5 | E1: S_5 | F1: dS_6 | G1: S_6 | H1: dS_12 | I1: S_12 | J1: dS_14 | K1: S_14 | L1: dS_15 | M1: S_15 | N1: dS_16 | O1: S_16 | P1: dS_17 | Q1: S_17 | R1: dS_18 | S1: S_18 | T1: dS_19 | U1: S_19
A2: 2022 | B2: 33.072797 | C2: 33.072797 | D2: 0 | E2: 0 | F2: 8.2182643 | G2: 8.2182643 | H2: 8.560692 | I2: 8.560692 | J2: 67.058754 | K2: 67.058754 | L2: 3.096 | M2: 3.096 | N2: 1.548 | O2: 1.548 | P2: 0 | Q2: 0 | R2: 0 | S2: 0 | T2: 0 | U2: 0
A3: 2023 | B3: 23.812189 | C3: 56.884986 | D3: 0 | E3: 0 | F3: 8.3826296 | G3: 16.600894 | H3: 8.7319058 | I3: 17.292598 | J3: 68.399929 | K3: 135.45868 | L3: 3.15792 | M3: 6.25392 | N3: 1.57896 | O3: 3.12696 | P3: 0 | Q3: 0 | R3: 0 | S3: 0 | T3: 0 | U3: 0
A4: 2024 | B4: 14.35769 | C4: 71.242676 | D4: 0 | E4: 0 | F4: 8.5502822 | G4: 25.151176 | H4: 8.906544 | I4: 26.199142 | J4: 69.767928 | K4: 205.22661 | L4: 3.2210784 | M4: 9.4749984 | N4: 1.6105392 | O4: 4.7374992 | P4: 0 | Q4: 0 | R4: 0 | S4: 0 | T4: 0 | U4: 0
A5: 2025 | B5: 14.501955 | C5: 85.744631 | D5: 0 | E5: 0 | F5: 8.7212878 | G5: 33.872464 | H5: 9.0846748 | I5: 35.283817 | J5: 71.163286 | K5: 276.3899 | L5: 3.2855 | M5: 12.760498 | N5: 1.64275 | O5: 6.3802492 | P5: 0 | Q5: 0 | R5: 0 | S5: 0 | T5: 0 | U5: 0
A6: 2026 | B6: 13.885651 | C6: 99.630282 | D6: 0 | E6: 0 | F6: 8.8957136 | G6: 42.768178 | H6: 9.2663683 | I6: 44.550185 | J6: 72.586552 | K6: 348.97645 | L6: 3.35121 | M6: 16.111708 | N6: 1.675605 | O6: 8.0558542 | P6: 0 | Q6: 0 | R6: 0 | S6: 0 | T6: 0 | U6: 0
A7: 2027 | B7: 11.873373 | C7: 111.50366 | D7: 0 | E7: 0 | F7: 9.0736279 | G7: 51.841805 | H7: 9.4516957 | I7: 54.001881 | J7: 74.038283 | K7: 423.01473 | L7: 3.4182342 | M7: 19.529943 | N7: 1.7091171 | O7: 9.7649713 | P7: 0 | Q7: 0 | R7: 0 | S7: 0 | T7: 0 | U7: 0
A8: 2028 | B8: 9.7435872 | C8: 121.24724 | D8: 0 | E8: 0 | F8: 9.2551004 | G8: 61.096906 | H8: 9.6407296 | I8: 63.64261 | J8: 75.519049 | K8: 498.53378 | L8: 3.4865989 | M8: 23.016541 | N8: 1.7432994 | O8: 11.508271 | P8: 0 | Q8: 0 | R8: 0 | S8: 0 | T8: 0 | U8: 0
A9: 2029 | B9: 8.748088 | C9: 129.99533 | D9: 0 | E9: 0 | F9: 9.4402024 | G9: 70.537108 | H9: 9.8335442 | I9: 73.476154 | J9: 77.02943 | K9: 575.56321 | L9: 3.5563308 | M9: 26.572872 | N9: 1.7781654 | O9: 13.286436 | P9: 0 | Q9: 0 | R9: 0 | S9: 0 | T9: 0 | U9: 0
A10: 2030 | B10: 8.173962 | C10: 138.16929 | D10: 0 | E10: 0 | F10: 9.6290065 | G10: 80.166115 | H10: 10.030215 | I10: 83.50637 | J10: 78.570018 | K10: 654.13323 | L10: 3.6274574 | M10: 30.20033 | N10: 1.8137287 | O10: 15.100165 | P10: 0 | Q10: 0 | R10: 0 | S10: 0 | T10: 0 | U10: 0
A11: 2031 | B11: 7.3373162 | C11: 145.50661 | D11: 0 | E11: 0 | F11: 9.8215866 | G11: 89.987701 | H11: 10.230819 | I11: 93.737189 | J11: 80.141419 | K11: 734.27465 | L11: 3.7000066 | M11: 33.900336 | N11: 1.8500033 | O11: 16.950168 | P11: 0 | Q11: 0 | R11: 0 | S11: 0 | T11: 0 | U11: 0
A12: 2032 | B12: 6.2174148 | C12: 151.72402 | D12: 0 | E12: 0 | F12: 10.018018 | G12: 100.00572 | H12: 10.435436 | I12: 104.17262 | J12: 81.744247 | K12: 816.01889 | L12: 3.7740067 | M12: 37.674343 | N12: 1.8870034 | O12: 18.837171 | P12: 0 | Q12: 0 | R12: 0 | S12: 0 | T12: 0 | U12: 0
A13: 2033 | B13: 5.075321 | C13: 156.79935 | D13: 0 | E13: 0 | F13: 10.218379 | G13: 110.2241 | H13: 10.644144 | I13: 114.81677 | J13: 83.379132 | K13: 899.39803 | L13: 3.8494869 | M13: 41.52383 | N13: 1.9247434 | O13: 20.761915 | P13: 0 | Q13: 0 | R13: 0 | S13: 0 | T13: 0 | U13: 0
... A16: 2036 | B16: 3.4434094 | C16: 168.08977 | D16: 0 | E16: 0 | F16: 10.843825 | G16: 142.12187 | H16: 11.295651 | I16: 148.04362 | J16: 88.482602 | K16: 1159.675 | L16: 4.0851063 | M16: 53.540419 | N16: 2.0425531 | O16: 26.770209 | P16: 0 | Q16: 0 | R16: 0 | S16: 0 | T16: 0 | U16: 0

Sheet FlowDict_DM
A1: Years | B1: F_13_20 | C1: F_20_15 | D1: F_20_01 | E1: F_20_16 | F1: F_04_01 | G1: F_01_05 | H1: F_01_02 | I1: F_02_03 | J1: F_03_07 | K1: F_02_06 | L1: F_11_02 | M1: F_08_02 | N1: F_02_14 | O1: F_02_12 | P1: F_07_09 | Q1: F_07_10 | R1: F_09_17 | S1: F_10_18 | T1: F_10_19 | U1: F_00_13 | V1: F_00_04 | W1: F_00_11 | X1: F_00_08 | Y1: F_09_19 | Z1: F_17_19
A2: 2022 | B2: 121.26 | C2: 48.504 | D2: 48.504 | E2: 24.252 | F2: 2.34 | G2: 22.9218 | H2: 24.364152 | I2: 21.144909 | J2: 6.0612215e-06 | K2: 4.6227737 | L2: 0.34 | M2: 0 | N2: 0 | O2: 0 | P2: 1.2122443e-06 | Q2: 4.8489772e-06 | R2: 9.3249561e-07 | S2: 1.2433275e-06 | T2: 1.1189947e-05 | U2: 121.26 | V2: 2.34 | W2: 0.34 | X2: 0 | Y2: 2.1758231e-06 | Z2: 0
A3: 2023 | B3: 123.6852 | C3: 49.47408 | D3: 49.47408 | E3: 24.73704 | F3: 2.3868 | G3: 23.380236 | H3: 24.851435 | I3: 21.567807 | J3: 6.3436212 | K3: 4.7152292 | L3: 0.3468 | M3: 0 | N3: 0 | O3: 0 | P3: 1.2687242 | Q3: 5.074897 | R3: 0.97594172 | S3: 1.3012556 | T3: 11.711301 | U3: 123.6852 | V3: 2.3868 | W3: 0.3468 | X3: 0 | Y3: 2.2771974 | Z3: 2.8002051e-08
A4: 2024 | B4: 126.1589 | C4: 50.463562 | D4: 50.463562 | E4: 25.231781 | F4: 2.434536 | G4: 23.847841 | H4: 25.348464 | I4: 21.999164 | J4: 12.819657 | K4: 4.8095337 | L4: 0.353736 | M4: 0 | N4: 0 | O4: 0 | P4: 2.5639314 | Q4: 10.255726 | R4: 1.9722549 | S4: 2.6296732 | T4: 23.667059 | U4: 126.1589 | V4: 2.434536 | W4: 0.353736 | X4: 0 | Y4: 4.6019282 | Z4: 0.029306728
A5: 2025 | B5: 128.68208 | C5: 51.472833 | D5: 51.472833 | E5: 25.736416 | F5: 2.4832267 | G5: 24.324798 | H5: 25.855433 | I5: 22.439147 | J5: 13.167405 | K5: 4.9057244 | L5: 0.36081072 | M5: 0 | N5: 0 | O5: 0 | P5: 2.633481 | Q5: 10.533924 | R5: 2.0257546 | S5: 2.7010061 | T5: 24.309055 | U5: 128.68208 | V5: 2.4832267 | W5: 0.36081072 | X5: 0 | Y5: 4.7267607 | Z5: 0.087605492
A6: 2026 | B6: 131.25572 | C6: 52.502289 | D6: 52.502289 | E6: 26.251145 | F6: 2.5328913 | G6: 24.811293 | H6: 26.372542 | I6: 22.88793 | J6: 14.010218 | K6: 5.0038389 | L6: 0.36802693 | M6: 0 | N6: 0 | O6: 0 | P6: 2.8020436 | Q6: 11.208175 | R6: 2.1554182 | S6: 2.8738909 | T6: 25.865018 | U6: 131.25572 | V6: 2.5328913 | W6: 0.36802693 | X6: 0 | Y6: 5.0293091 | Z6: 0.145668
A7: 2027 | B7: 133.88084 | C7: 53.552335 | D7: 53.552335 | E7: 26.776168 | F7: 2.5835491 | G7: 25.307519 | H7: 26.899993 | I7: 23.345688 | J7: 15.754515 | K7: 5.1039157 | L7: 0.37538747 | M7: 0 | N7: 0 | O7: 0 | P7: 3.150903 | Q7: 12.603612 | R7: 2.4237716 | S7: 3.2316954 | T7: 29.085259 | U7: 133.88084 | V7: 2.5835491 | W7: 0.37538747 | X7: 0 | Y7: 5.655467 | Z7: 0.20578887
A8: 2028 | B8: 136.55845 | C8: 54.623382 | D8: 54.623382 | E8: 27.311691 | F8: 2.6352201 | G8: 25.81367 | H8: 27.437992 | I8: 23.812602 | J8: 17.583096 | K8: 5.205994 | L8: 0.38289522 | M8: 0 | N8: 0 | O8: 0 | P8: 3.5166191 | Q8: 14.066476 | R8: 2.7050916 | S8: 3.6067888 | T8: 32.461099 | U8: 136.55845 | V8: 2.6352201 | W8: 0.38289522 | X8: 0 | Y8: 6.3118805 | Z8: 0.27206776
A9: 2029 | B9: 139.28962 | C9: 55.71585 | D9: 55.71585 | E9: 27.857925 | F9: 2.6879245 | G9: 26.329943 | H9: 27.986752 | I9: 24.288854 | J9: 18.695814 | K9: 5.3101139 | L9: 0.39055313 | M9: 0 | N9: 0 | O9: 0 | P9: 3.7391629 | Q9: 14.956651 | R9: 2.8762791 | S9: 3.8350388 | T9: 34.515349 | U9: 139.28962 | V9: 2.6879245 | W9: 0.39055313 | X9: 0 | Y9: 6.711318 | Z9: 0.3446994
A10: 2030 | B10: 142.07542 | C10: 56.830167 | D10: 56.830167 | E10: 28.415083 | F10: 2.741683 | G10: 26.856542 | H10: 28.546487 | I10: 24.774631 | J10: 19.548656 | K10: 5.4163161 | L10: 0.39836419 | M10: 0 | N10: 0 | O10: 0 | P10: 3.9097311 | Q10: 15.638924 | R10: 3.0074855 | S10: 4.0099806 | T10: 36.089826 | U10: 142.07542 | V10: 2.741683 | W10: 0.39836419 | X10: 0 | Y10: 7.0174661 | Z10: 0.4201758
A11: 2031 | B11: 144.91692 | C11: 57.96677 | D11: 57.96677 | E11: 28.983385 | F11: 2.7965166 | G11: 27.393673 | H11: 29.117417 | I11: 25.270124 | J11: 20.579053 | K11: 5.5246425 | L11: 0.40633147 | M11: 0 | N11: 0 | O11: 0 | P11: 4.1158106 | Q11: 16.463242 | R11: 3.1660081 | S11: 4.2213442 | T11: 37.992098 | U11: 144.91692 | V11: 2.7965166 | W11: 0.40633147 | X11: 0 | Y11: 7.3873523 | Z11: 0.49720643
A12: 2032 | B12: 147.81526 | C12: 59.126105 | D12: 59.126105 | E12: 29.563053 | F12: 2.8524469 | G12: 27.941546 | H12: 29.699765 | I12: 25.775526 | J12: 21.800458 | K12: 5.6351353 | L12: 0.4144581 | M12: 0 | N12: 0 | O12: 0 | P12: 4.3600916 | Q12: 17.440366 | R12: 3.3539166 | S12: 4.4718888 | T12: 40.246999 | U12: 147.81526 | V12: 2.8524469 | W12: 0.4144581 | X12: 0 | Y12: 7.8258054 | Z12: 0.57656245
A13: 2033 | B13: 150.77157 | C13: 60.308627 | D13: 60.308627 | E13: 30.154314 | F13: 2.9094959 | G13: 28.500377 | H13: 30.293761 | I13: 26.291037 | J13: 23.04616 | K13: 5.747838 | L13: 0.42274726 | M13: 0 | N13: 0 | O13: 0 | P13: 4.6092319 | Q13: 18.436928 | R13: 3.545563 | S13: 4.7274173 | T13: 42.546756 | U13: 150.77157 | V13: 2.9094959 | W13: 0.42274726 | X13: 0 | Y13: 8.2729804 | Z13: 0.65905279
... A16: 2036 | B16: 159.99999 | C16: 63.999998 | D16: 63.999998 | E16: 31.999999 | F16: 3.0875803 | G16: 30.244828 | H16: 32.147981 | I16: 27.900259 | J16: 25.698735 | K16: 6.0996517 | L16: 0.44862278 | M16: 0 | N16: 0 | O16: 0 | P16: 5.1397469 | Q16: 20.558988 | R16: 3.9536515 | S16: 5.2715353 | T16: 47.443818 | U16: 159.99999 | V16: 3.0875803 | W16: 0.44862278 | X16: 0 | Y16: 9.2251868 | Z16: 0.92191146

Sheet StockDict_DM
A1: Years | B1: dS_3 | C1: S_3 | D1: dS_5 | E1: S_5 | F1: dS_6 | G1: S_6 | H1: dS_12 | I1: S_12 | J1: dS_14 | K1: S_14 | L1: dS_15 | M1: S_15 | N1: dS_16 | O1: S_16 | P1: dS_17 | Q1: S_17 | R1: dS_18 | S1: S_18 | T1: dS_19 | U1: S_19
A2: 2022 | B2: 21.144903 | C2: 21.144903 | D2: 22.9218 | E2: 22.9218 | F2: 4.6227737 | G2: 4.6227737 | H2: 0 | I2: 0 | J2: 0 | K2: 0 | L2: 48.504 | M2: 48.504 | N2: 24.252 | O2: 24.252 | P2: 9.3249561e-07 | Q2: 9.3249561e-07 | R2: 1.2433275e-06 | S2: 1.2433275e-06 | T2: 1.336577e-05 | U2: 1.336577e-05
A3: 2023 | B3: 15.224186 | C3: 36.369089 | D3: 23.380236 | E3: 46.302036 | F3: 4.7152292 | G3: 9.3380028 | H3: 0 | I3: 0 | J3: 0 | K3: 0 | L3: 49.47408 | M3: 97.97808 | N3: 24.73704 | O3: 48.98904 | P3: 0.97594169 | Q3: 0.97594263 | R3: 1.3012556 | S3: 1.3012569 | T3: 13.988498 | U3: 13.988511
A4: 2024 | B4: 9.1795065 | C4: 45.548596 | D4: 23.847841 | E4: 70.149877 | F4: 4.8095337 | G4: 14.147537 | H4: 0 | I4: 0 | J4: 0 | K4: 0 | L4: 50.463562 | M4: 148.44164 | N4: 25.231781 | O4: 74.220821 | P4: 1.9429482 | Q4: 2.9188908 | R4: 2.6296732 | S4: 3.9309301 | T4: 28.298294 | U4: 42.286806
A5: 2025 | B5: 9.2717419 | C5: 54.820338 | D5: 24.324798 | E5: 94.474674 | F5: 4.9057244 | G5: 19.053261 | H5: 0 | I5: 0 | J5: 0 | K5: 0 | L5: 51.472833 | M5: 199.91447 | N5: 25.736416 | O5: 99.957237 | P5: 1.9381491 | Q5: 4.8570399 | R5: 2.7010061 | S5: 6.6319363 | T5: 29.123421 | U5: 71.410227
A6: 2026 | B6: 8.8777116 | C6: 63.698049 | D6: 24.811293 | E6: 119.28597 | F6: 5.0038389 | G6: 24.0571 | H6: 0 | I6: 0 | J6: 0 | K6: 0 | L6: 52.502289 | M6: 252.41676 | N6: 26.251145 | O6: 126.20838 | P6: 2.0097502 | Q6: 6.8667901 | R6: 2.8738909 | S6: 9.5058272 | T6: 31.039995 | U6: 102.45022
A7: 2027 | B7: 7.5911732 | C7: 71.289223 | D7: 25.307519 | E7: 144.59349 | F7: 5.1039157 | G7: 29.161016 | H7: 0 | I7: 0 | J7: 0 | K7: 0 | L7: 53.552335 | M7: 305.9691 | N7: 26.776168 | O7: 152.98455 | P7: 2.2179827 | Q7: 9.0847728 | R7: 3.2316954 | S7: 12.737523 | T7: 34.946515 | U7: 137.39674
A8: 2028 | B8: 6.2295066 | C8: 77.518729 | D8: 25.81367 | E8: 170.40716 | F8: 5.205994 | G8: 34.36701 | H8: 0 | I8: 0 | J8: 0 | K8: 0 | L8: 54.623382 | M8: 360.59248 | N8: 27.311691 | O8: 180.29624 | P8: 2.4330239 | Q8: 11.517797 | R8: 3.6067888 | S8: 16.344311 | T8: 39.045048 | U8: 176.44178
A9: 2029 | B9: 5.5930399 | C9: 83.111769 | D9: 26.329943 | E9: 196.7371 | F9: 5.3101139 | G9: 39.677123 | H9: 0 | I9: 0 | J9: 0 | K9: 0 | L9: 55.71585 | M9: 416.30833 | N9: 27.857925 | O9: 208.15417 | P9: 2.5315797 | Q9: 14.049376 | R9: 3.8350388 | S9: 20.17935 | T9: 41.571367 | U9: 218.01315
A10: 2030 | B10: 5.2259757 | C10: 88.337745 | D10: 26.856542 | E10: 223.59364 | F10: 5.4163161 | G10: 45.09344 | H10: 0 | I10: 0 | J10: 0 | K10: 0 | L10: 56.830167 | M10: 473.1385 | N10: 28.415083 | O10: 236.56925 | P10: 2.5873097 | Q10: 16.636686 | R10: 4.0099806 | S10: 24.189331 | T10: 43.527467 | U10: 261.54062
A11: 2031 | B11: 4.691071 | C11: 93.028816 | D11: 27.393673 | E11: 250.98731 | F11: 5.5246425 | G11: 50.618082 | H11: 0 | I11: 0 | J11: 0 | K11: 0 | L11: 57.96677 | M11: 531.10527 | N11: 28.983385 | O11: 265.55263 | P11: 2.6688017 | Q11: 19.305488 | R11: 4.2213442 | S11: 28.410675 | T11: 45.876656 | U11: 307.41728
A12: 2032 | B12: 3.9750685 | C12: 97.003884 | D12: 27.941546 | E12: 278.92886 | F12: 5.6351353 | G12: 56.253217 | H12: 0 | I12: 0 | J12: 0 | K12: 0 | L12: 59.126105 | M12: 590.23137 | N12: 29.563053 | O12: 295.11569 | P12: 2.7773542 | Q12: 22.082842 | R12: 4.4718888 | S12: 32.882564 | T12: 48.649367 | U12: 356.06664
A13: 2033 | B13: 3.2448773 | C13: 100.24876 | D13: 28.500377 | E13: 307.42924 | F13: 5.747838 | G13: 62.001055 | H13: 0 | I13: 0 | J13: 0 | K13: 0 | L13: 60.308627 | M13: 650.54 | N13: 30.154314 | O13: 325.27 | P13: 2.8865102 | Q13: 24.969352 | R13: 4.7274173 | S13: 37.609981 | T13: 51.478789 | U13: 407.54543
... A16: 2036 | B16: 2.201524 | C16: 107.46723 | D16: 30.244828 | E16: 396.39624 | F16: 6.0996517 | G16: 79.943553 | H16: 0 | I16: 0 | J16: 0 | K16: 0 | L16: 63.999998 | M16: 838.79989 | N16: 31.999999 | O16: 419.39995 | P16: 3.03174 | Q16: 33.985739 | R16: 5.2715353 | S16: 52.964205 | T16: 57.590916 | U16: 575.10262

Sheet FlowDict_CC
A1: Years | B1: F_13_20 | C1: F_20_15 | D1: F_20_01 | E1: F_20_16 | F1: F_04_01 | G1: F_01_05 | H1: F_01_02 | I1: F_02_03 | J1: F_03_07 | K1: F_02_06 | L1: F_11_02 | M1: F_08_02 | N1: F_02_14 | O1: F_02_12 | P1: F_07_09 | Q1: F_07_10 | R1: F_09_17 | S1: F_10_18 | T1: F_10_19 | U1: F_00_13 | V1: F_00_04 | W1: F_00_11 | X1: F_00_08 | Y1: F_09_19 | Z1: F_17_19
A2: 2022 | B2: 59.4174 | C2: 23.76696 | D2: 23.76696 | E2: 11.88348 | F2: 1.1466 | G2: 6.188886 | H2: 9.2583778 | I2: 8.4579637 | J2: 2.4244886e-06 | K2: 1.756654 | L2: 0.1598 | M2: 0 | N2: 0 | O2: 0 | P2: 4.8489772e-07 | Q2: 1.9395909e-06 | R2: 8.8587083e-07 | S2: 4.9733099e-07 | T2: 1.063045e-05 | U2: 59.4174 | V2: 1.1466 | W2: 0.1598 | X2: 0 | Y2: 2.0670319e-06 | Z2: 0
A3: 2023 | B3: 60.605748 | C3: 24.242299 | D3: 24.242299 | E3: 12.12115 | F3: 1.169532 | G3: 6.3126637 | H3: 9.4435453 | I3: 8.627123 | J3: 2.5374485 | K3: 1.7917871 | L3: 0.162996 | M3: 0 | N3: 0 | O3: 0 | P3: 0.5074897 | Q3: 2.0299588 | R3: 0.92714464 | S3: 0.52050225 | T3: 11.125736 | U3: 60.605748 | V3: 1.169532 | W3: 0.162996 | X3: 0 | Y3: 2.1633375 | Z3: 2.8002051e-08
A4: 2024 | B4: 61.817863 | C4: 24.727145 | D4: 24.727145 | E4: 12.363573 | F4: 1.1929226 | G4: 6.438917 | H4: 9.6324162 | I4: 8.7996654 | J4: 5.1278628 | K4: 1.8276228 | L4: 0.16625592 | M4: 0 | N4: 0 | O4: 0 | P4: 1.0255726 | Q4: 4.1022903 | R4: 1.8736422 | S4: 1.0518693 | T4: 22.483706 | U4: 61.817863 | V4: 1.1929226 | W4: 0.16625592 | X4: 0 | Y4: 4.3718318 | Z4: 0.029306728
A5: 2025 | B5: 63.05422 | C5: 25.221688 | D5: 25.221688 | E5: 12.610844 | F5: 1.2167811 | G5: 6.5676953 | H5: 9.8250645 | I5: 8.9756587 | J5: 5.266962 | K5: 1.8641753 | L5: 0.16958104 | M5: 0 | N5: 0 | O5: 0 | P5: 1.0533924 | Q5: 4.2135696 | R5: 1.9244669 | S5: 1.0804025 | T5: 23.093602 | U5: 63.05422 | V5: 1.2167811 | W5: 0.16958104 | X5: 0 | Y5: 4.4904227 | Z5: 0.087605492
A6: 2026 | B6: 64.315305 | C6: 25.726122 | D6: 25.726122 | E6: 12.863061 | F6: 1.2411167 | G6: 6.6990492 | H6: 10.021566 | I6: 9.1551719 | J6: 5.6040873 | K6: 1.9014588 | L6: 0.17297266 | M6: 0 | N6: 0 | O6: 0 | P6: 1.1208175 | Q6: 4.4832698 | R6: 2.0476473 | S6: 1.1495564 | T6: 24.571767 | U6: 64.315305 | V6: 1.2411167 | W6: 0.17297266 | X6: 0 | Y6: 4.7778436 | Z6: 0.145668
A7: 2027 | B7: 65.601611 | C7: 26.240644 | D7: 26.240644 | E7: 13.120322 | F7: 1.265939 | G7: 6.8330302 | H7: 10.221997 | I7: 9.3382754 | J7: 6.3018061 | K7: 1.939488 | L7: 0.17643211 | M7: 0 | N7: 0 | O7: 0 | P7: 1.2603612 | Q7: 5.0414449 | R7: 2.302583 | S7: 1.2926782 | T7: 27.630996 | U7: 65.601611 | V7: 1.265939 | W7: 0.17643211 | X7: 0 | Y7: 5.3726936 | Z7: 0.20578887
A8: 2028 | B8: 66.913643 | C8: 26.765457 | D8: 26.765457 | E8: 13.382729 | F8: 1.2912578 | G8: 6.9696908 | H8: 10.426437 | I8: 9.5250409 | J8: 7.0332382 | K8: 1.9782777 | L8: 0.17996075 | M8: 0 | N8: 0 | O8: 0 | P8: 1.4066476 | Q8: 5.6265906 | R8: 2.569837 | S8: 1.4427155 | T8: 30.838045 | U8: 66.913643 | V8: 1.2912578 | W8: 0.17996075 | X8: 0 | Y8: 5.9962864 | Z8: 0.27206776
A9: 2029 | B9: 68.251916 | C9: 27.300766 | D9: 27.300766 | E9: 13.650383 | F9: 1.317083 | G9: 7.1090846 | H9: 10.634966 | I9: 9.7155417 | J9: 7.4783257 | K9: 2.0178433 | L9: 0.18355997 | M9: 0 | N9: 0 | O9: 0 | P9: 1.4956651 | Q9: 5.9826606 | R9: 2.7324652 | S9: 1.5340155 | T9: 32.789582 | U9: 68.251916 | V9: 1.317083 | W9: 0.18355997 | X9: 0 | Y9: 6.3757521 | Z9: 0.3446994
A10: 2030 | B10: 69.616954 | C10: 27.846782 | D10: 27.846782 | E10: 13.923391 | F10: 1.3434246 | G10: 7.2512663 | H10: 10.847665 | I10: 9.9098525 | J10: 7.8194622 | K10: 2.0582001 | L10: 0.18723117 | M10: 0 | N10: 0 | O10: 0 | P10: 1.5638924 | Q10: 6.2555698 | R10: 2.8571112 | S10: 1.6039922 | T10: 34.285334 | U10: 69.616954 | V10: 1.3434246 | W10: 0.18723117 | X10: 0 | Y10: 6.6665928 | Z10: 0.4201758
A11: 2031 | B11: 71.009293 | C11: 28.403717 | D11: 28.403717 | E11: 14.201859 | F11: 1.3702931 | G11: 7.3962917 | H11: 11.064618 | I11: 10.10805 | J11: 8.2316211 | K11: 2.0993641 | L11: 0.19097579 | M11: 0 | N11: 0 | O11: 0 | P11: 1.6463242 | Q11: 6.5852969 | R11: 3.0077077 | S11: 1.6885377 | T11: 36.092493 | U11: 71.009293 | V11: 1.3702931 | W11: 0.19097579 | X11: 0 | Y11: 7.0179847 | Z11: 0.49720643
A12: 2032 | B12: 72.429479 | C12: 28.971792 | D12: 28.971792 | E12: 14.485896 | F12: 1.397699 | G12: 7.5442175 | H12: 11.285911 | I12: 10.310211 | J12: 8.7201832 | K12: 2.1413514 | L12: 0.19479531 | M12: 0 | N12: 0 | O12: 0 | P12: 1.7440366 | Q12: 6.9761465 | R12: 3.1862208 | S12: 1.7887555 | T12: 38.234649 | U12: 72.429479 | V12: 1.397699 | W12: 0.19479531 | X12: 0 | Y12: 7.4345151 | Z12: 0.57656245
A13: 2033 | B13: 73.878069 | C13: 29.551227 | D13: 29.551227 | E13: 14.775614 | F13: 1.425653 | G13: 7.6951018 | H13: 11.511629 | I13: 10.516415 | J13: 9.2184638 | K13: 2.1841785 | L13: 0.19869121 | M13: 0 | N13: 0 | O13: 0 | P13: 1.8436928 | Q13: 7.3747711 | R13: 3.3682849 | S13: 1.8909669 | T13: 40.419418 | U13: 73.878069 | V13: 1.425653 | W13: 0.19869121 | X13: 0 | Y13: 7.8593313 | Z13: 0.65905279
... A16: 2036 | B16: 78.399997 | C16: 31.359999 | D16: 31.359999 | E16: 15.679999 | F16: 1.5129143 | G16: 8.1661036 | H16: 12.216233 | I16: 11.160103 | J16: 10.279494 | K16: 2.3178676 | L16: 0.21085271 | M16: 0 | N16: 0 | O16: 0 | P16: 2.0558988 | Q16: 8.2235951 | R16: 3.7559689 | S16: 2.1086141 | T16: 45.071627 | U16: 78.399997 | V16: 1.5129143 | W16: 0.21085271 | X16: 0 | Y16: 8.7639275 | Z16: 0.92191146

Sheet StockDict_CC
A1: Years | B1: dS_3 | C1: S_3 | D1: dS_5 | E1: S_5 | F1: dS_6 | G1: S_6 | H1: dS_12 | I1: S_12 | J1: dS_14 | K1: S_14 | L1: dS_15 | M1: S_15 | N1: dS_16 | O1: S_16 | P1: dS_17 | Q1: S_17 | R1: dS_18 | S1: S_18 | T1: dS_19 | U1: S_19
A2: 2022 | B2: 8.4579613 | C2: 8.4579613 | D2: 6.188886 | E2: 6.188886 | F2: 1.756654 | G2: 1.756654 | H2: 0 | I2: 0 | J2: 0 | K2: 0 | L2: 23.76696 | M2: 23.76696 | N2: 11.88348 | O2: 11.88348 | P2: 8.8587083e-07 | Q2: 8.8587083e-07 | R2: 4.9733099e-07 | S2: 4.9733099e-07 | T2: 1.2697482e-05 | U2: 1.2697482e-05
A3: 2023 | B3: 6.0896745 | C3: 14.547636 | D3: 6.3126637 | E3: 12.50155 | F3: 1.7917871 | G3: 3.5484411 | H3: 0 | I3: 0 | J3: 0 | K3: 0 | L3: 24.242299 | M3: 48.009259 | N3: 12.12115 | O3: 24.00463 | P3: 0.92714461 | Q3: 0.92714549 | R3: 0.52050225 | S3: 0.52050275 | T3: 13.289073 | U3: 13.289086
A4: 2024 | B4: 3.6718026 | C4: 18.219438 | D4: 6.438917 | E4: 18.940467 | F4: 1.8276228 | G4: 5.3760639 | H4: 0 | I4: 0 | J4: 0 | K4: 0 | L4: 24.727145 | M4: 72.736404 | N4: 12.363573 | O4: 36.368202 | P4: 1.8443355 | Q4: 2.771481 | R4: 1.0518693 | S4: 1.572372 | T4: 26.884845 | U4: 40.173931
A5: 2025 | B5: 3.7086968 | C5: 21.928135 | D5: 6.5676953 | E5: 25.508162 | F5: 1.8641753 | G5: 7.2402392 | H5: 0 | I5: 0 | J5: 0 | K5: 0 | L5: 25.221688 | M5: 97.958092 | N5: 12.610844 | O5: 48.979046 | P5: 1.8368614 | Q5: 4.6083423 | R5: 1.0804025 | S5: 2.6527745 | T5: 27.671631 | U5: 67.845561
A6: 2026 | B6: 3.5510846 | C6: 25.47922 | D6: 6.6990492 | E6: 32.207211 | F6: 1.9014588 | G6: 9.141698 | H6: 0 | I6: 0 | J6: 0 | K6: 0 | L6: 25.726122 | M6: 123.68421 | N6: 12.863061 | O6: 61.842107 | P6: 1.9019793 | Q6: 6.5103216 | R6: 1.1495564 | S6: 3.8023309 | T6: 29.495279 | U6: 97.34084
A7: 2027 | B7: 3.0364693 | C7: 28.515689 | D7: 6.8330302 | E7: 39.040242 | F7: 1.939488 | G7: 11.081186 | H7: 0 | I7: 0 | J7: 0 | K7: 0 | L7: 26.240644 | M7: 149.92486 | N7: 13.120322 | O7: 74.962429 | P7: 2.0967941 | Q7: 8.6071157 | R7: 1.2926782 | S7: 5.095009 | T7: 33.209478 | U7: 130.55032
A8: 2028 | B8: 2.4918026 | C8: 31.007492 | D8: 6.9696908 | E8: 46.009932 | F8: 1.9782777 | G8: 13.059464 | H8: 0 | I8: 0 | J8: 0 | K8: 0 | L8: 26.765457 | M8: 176.69032 | N8: 13.382729 | O8: 88.345158 | P8: 2.2977693 | Q8: 10.904885 | R8: 1.4427155 | S8: 6.5377246 | T8: 37.106399 | U8: 167.65672
A9: 2029 | B9: 2.237216 | C9: 33.244708 | D9: 7.1090846 | E9: 53.119017 | F9: 2.0178433 | G9: 15.077307 | H9: 0 | I9: 0 | J9: 0 | K9: 0 | L9: 27.300766 | M9: 203.99108 | N9: 13.650383 | O9: 101.99554 | P9: 2.3877658 | Q9: 13.292651 | R9: 1.5340155 | S9: 8.0717401 | T9: 39.510033 | U9: 207.16675
A10: 2030 | B10: 2.0903903 | C10: 35.335098 | D10: 7.2512663 | E10: 60.370283 | F10: 2.0582001 | G10: 17.135507 | H10: 0 | I10: 0 | J10: 0 | K10: 0 | L10: 27.846782 | M10: 231.83786 | N10: 13.923391 | O10: 115.91893 | P10: 2.4369354 | Q10: 15.729586 | R10: 1.6039922 | S10: 9.6757324 | T10: 41.372103 | U10: 248.53885
A11: 2031 | B11: 1.8764284 | C11: 37.211526 | D11: 7.3962917 | E11: 67.766575 | F11: 2.0993641 | G11: 19.234871 | H11: 0 | I11: 0 | J11: 0 | K11: 0 | L11: 28.403717 | M11: 260.24158 | N11: 14.201859 | O11: 130.12079 | P11: 2.5105013 | Q11: 18.240087 | R11: 1.6885377 | S11: 11.36427 | T11: 43.607684 | U11: 292.14654
A12: 2032 | B12: 1.5900274 | C12: 38.801554 | D12: 7.5442175 | E12: 75.310792 | F12: 2.1413514 | G12: 21.376223 | H12: 0 | I12: 0 | J12: 0 | K12: 0 | L12: 28.971792 | M12: 289.21337 | N12: 14.485896 | O12: 144.60669 | P12: 2.6096583 | Q12: 20.849746 | R12: 1.7887555 | S12: 13.153026 | T12: 46.245727 | U12: 338.39226
A13: 2033 | B13: 1.2979509 | C13: 40.099505 | D13: 7.6951018 | E13: 83.005894 | F13: 2.1841785 | G13: 23.560401 | H13: 0 | I13: 0 | J13: 0 | K13: 0 | L13: 29.551227 | M13: 318.7646 | N13: 14.775614 | O13: 159.3823 | P13: 2.7092321 | Q13: 23.558978 | R13: 1.8909669 | S13: 15.043992 | T13: 48.937802 | U13: 387.33007
... A16: 2036 | B16: 0.88060962 | C16: 42.986893 | D16: 8.1661036 | E16: 107.02699 | F16: 2.3178676 | G16: 30.37855 | H16: 0 | I16: 0 | J16: 0 | K16: 0 | L16: 31.359999 | M16: 411.01195 | N16: 15.679999 | O16: 205.50597 | P16: 2.8340574 | Q16: 31.999581 | R16: 2.1086141 | S16: 21.185682 | T16: 54.757466 | U16: 546.63436
