Workbook

Sheet biomass
A1: Year | B1: F_0_1 | H1: F_1_2 | I1: F_1_0 | J1: S_2
A2: 2025 | B2: 100 | H2: =B2*$B$8 -> 45 | I2: =B2-H2 -> 55 | J2: =H2 -> 45
A3: 2026 | B3: 110 | H3: =B3*$B$8 -> 49.5 | I3: =B3-H3 -> 60.5 | J3: =J2+H3 -> 94.5
A4: 2027 | B4: 120 | H4: =B4*$B$8 -> 54 | I4: =B4-H4 -> 66 | J4: =J3+H4 -> 148.5
A5: 2028 | B5: 130 | H5: =B5*$B$8 -> 58.5 | I5: =B5-H5 -> 71.5 | J5: =J4+H5 -> 207
A8: harvest_index | B8: 0.45
A9: grain_c_conten | B9: 0.41
A10: straw_c_content | B10: 0.42

Sheet carbon
A1: Year | B1: F_0_1 | H1: F_1_2 | I1: F_1_0 | J1: S_2
A2: 2025 | B2: =biomass!B2*biomass!$B$8*biomass!$B$9+biomass!B2*(1-biomass!$B$8)*biomass!$B$10 -> 41.55 | H2: =biomass!H2*biomass!$B$9 -> 18.45 | I2: =biomass!I2*biomass!$B$10 -> 23.1 | J2: =H2 -> 18.45
A3: 2026 | B3: =biomass!B3*biomass!$B$8*biomass!$B$9+biomass!B3*(1-biomass!$B$8)*biomass!$B$10 -> 45.705 | H3: =biomass!H3*biomass!$B$9 -> 20.295 | I3: =biomass!I3*biomass!$B$10 -> 25.41 | J3: =J2+H3 -> 38.745
A4: 2027 | B4: =biomass!B4*biomass!$B$8*biomass!$B$9+biomass!B4*(1-biomass!$B$8)*biomass!$B$10 -> 49.86 | H4: =biomass!H4*biomass!$B$9 -> 22.14 | I4: =biomass!I4*biomass!$B$10 -> 27.72 | J4: =J3+H4 -> 60.885
A5: 2028 | B5: =biomass!B5*biomass!$B$8*biomass!$B$9+biomass!B5*(1-biomass!$B$8)*biomass!$B$10 -> 54.015 | H5: =biomass!H5*biomass!$B$9 -> 23.985 | I5: =biomass!I5*biomass!$B$10 -> 30.03 | J5: =J4+H5 -> 84.87
