Workbook
Name Baumart_: [1]!Baumart[Baumart]
Name Baumart_: [2]!Baumart[Baumart]
Name Cluster_: [1]!Cluster[Cluster]
Name Cluster_: [2]!Cluster[Cluster]
Name einheit: [1]!Tabelle14[Einheit]
Name einheit: [2]!Tabelle14[Einheit]
Name Erhebungsart_: [1]!Erhebungsart[Erhebungsart]
Name Erhebungsart_: [2]!Erhebungsart[Erhebungsart]
Name Herkunft_: [1]!Herkunft[Herkunft]
Name Herkunft_: [2]!Herkunft[Herkunft]
Name Holzstrom_: [1]!Holzstrom[Holzstrom]
Name Holzstrom_: [2]!Holzstrom[Holzstrom]
Name In_Out_: [1]!Tabelleinput[In/Out]
Name In_Out_: [2]!Tabelleinput[In/Out]
Name Inhaltsverzeichnis: "MTRANS(ERSETZEN(Inhalt;1;FINDEN(""]"";Inhalt);""))"
Name Klassifizierung: [1]!Tabelle9[Klassifizierung]
Name Klassifizierung: [2]!Tabelle9[Klassifizierung]
Name Ort_: [1]!Ort[Ort]
Name Ort_: [2]!Ort[Ort]
Name Ziel_: [1]!Ziel[Ziel]
Name Ziel_: [2]!Ziel[Ziel]

Sheet Intro
B3: Der angehängte Datensatz beinhalten Informationen über Materialflüsse, Prozesse sowie Lager in der Region Brandenburg. Der Datensatz bezieht sich dabei auf verschiedene Quellen und Dokumente.
B5: Definition der Systemgrenzen:
C6: Beobachtungszeitraum: | F6: 2010 - 2020
C7: Beobachtungsgebiet: | F7: Berlin
F8: Brandenburg
F9: Berlin + Brandenburg
B11: Für die Anfertigung der Materialflussanalyse werden die folgenden Daten benötigt. Die Daten werden in seperaten Tabellenblättern dargestellt. Für jeden Datensatz werden spezifische Anforderungen definiert. Diese lassen sich einem Systemübergreifenden Fließbild zuordnen. Dieses Fließbild beinhaltet die relevanten Flüsse, Prozesse und Lager.
B14: Prozesse bilden die Grundlage für das System. Prozesse können Transferkoefizienten und Lager beinhalten. Prozesse haben einen oder mehrere Flüsse als Input sowie einen oder mehrere Flüsse als Output.
B21: Flüsse:
C23: Flüsse müssen in Mg umgerechnet werden
B32: Prozesse:
B33: Lager
B34: Transferkoeffizienten
B35: Umrechnungsfaktoren:
B36: Codelisten:

Sheet Version_02.05.

Sheet 1_Flows>>>>

Sheet 1_1_Definition_Flows
A1: Complete? | B1: ID | C1: Flow_ID | D1: Name(EN) | E1: Name(DE) | F1: Region | G1: Type_Biomass | H1: Product/By-product/waste | I1: Comment | J1: Output_Process | K1: Process_ID_O | L1: Input_Process | M1: Process_ID_I | N1: Value_Source | O1: WC? | P1: DM? | Q1: CC? | R1: WC | S1: WC_source | T1: DM | U1: DM_source | V1: CC_DM[%] | W1: CC_DM_source | X1: CC | Y1: CC_FM_source
A2: TRUE | B2: 01 | C2: ="F_"&LEFT(K2,2)&"_"&LEFT(M2,2) -> F_13_20 | D2: Rye-Plant | E2: Roggen | F2: BB | H2: Product | J2: Rye_Cultivation | K2: =_xlfn.XLOOKUP(J2,Tab_Def_Processes[Name(EN)],Tab_Def_Processes[Process_ID],,0,) -> 13_Rye_BB | L2: Rye_Harvest | M2: =_xlfn.XLOOKUP(L2,Tab_Def_Processes[Name(EN)],Tab_Def_Processes[Process_ID],,0,) -> 20_Rye_BB | N2: Data_assumption | O2: Yes | P2: Yes | Q2: Yes | R2: =1-Tab_Def_Flows[[#This Row],[DM]] -> 0.14 | S2: https://www.lfl.bayern.de/mam/cms07/iab/dateien/basisdaten22_tabelle_1a_20211210.pdf | T2: 0.86 | U2: https://www.lfl.bayern.de/mam/cms07/iab/dateien/basisdaten22_tabelle_1a_20211210.pdf | V2: 0.48 | W2: assumption | X2: =Tab_Def_Flows[[#This Row],[CC_DM'[%']]]*Tab_Def_Flows[[#This Row],[DM]] -> 0.4128
A3: TRUE | B3: 02 | C3: ="F_"&LEFT(K3,2)&"_"&LEFT(M3,2) -> F_20_15 | D3: Rye-Grain | E3: Roggen Körner | F3: BB | H3: Product | J3: Rye_Harvest | K3: =_xlfn.XLOOKUP(J3,Tab_Def_Processes[Name(EN)],Tab_Def_Processes[Process_ID],,0,) -> 20_Rye_BB | L3: Rye-Grain_Processing & Consumption | M3: =_xlfn.XLOOKUP(L3,Tab_Def_Processes[Name(EN)],Tab_Def_Processes[Process_ID],,0,) -> 15_Rye_BB | N3: Data_Literature | O3: Yes | P3: Yes | Q3: Yes | R3: =1-Tab_Def_Flows[[#This Row],[DM]] -> 0.14 | S3: https://www.lfl.bayern.de/mam/cms07/iab/dateien/basisdaten22_tabelle_1a_20211210.pdf | T3: 0.86 | U3: https://www.lfl.bayern.de/mam/cms07/iab/dateien/basisdaten22_tabelle_1a_20211210.pdf | V3: 0.48 | W3: assumption | X3: =Tab_Def_Flows[[#This Row],[CC_DM'[%']]]*Tab_Def_Flows[[#This Row],[DM]] -> 0.4128
A4: TRUE | B4: 03 | C4: ="F_"&LEFT(K4,2)&"_"&LEFT(M4,2) -> F_20_01 | D4: Rye-Straw (technical usable) | E4: Technische nutzbares Roggenstroh | F4: BB | H4: By-Product | J4: Rye_Harvest | K4: =_xlfn.XLOOKUP(J4,Tab_Def_Processes[Name(EN)],Tab_Def_Processes[Process_ID],,0,) -> 20_Rye_BB | L4: Biogas_Production | M4: =_xlfn.XLOOKUP(L4,Tab_Def_Processes[Name(EN)],Tab_Def_Processes[Process_ID],,0,) -> 01_Bio_BB | N4: Data_Literature | O4: Yes | P4: Yes | Q4: Yes | R4: =1-Tab_Def_Flows[[#This Row],[DM]] -> 0.14 | S4: https://www.lfl.bayern.de/mam/cms07/iab/dateien/basisdaten22_tabelle_1a_20211210.pdf | T4: 0.86 | U4: https://www.lfl.bayern.de/mam/cms07/iab/dateien/basisdaten22_tabelle_1a_20211210.pdf | V4: 0.48 | W4: assumption | X4: =Tab_Def_Flows[[#This Row],[CC_DM'[%']]]*Tab_Def_Flows[[#This Row],[DM]] -> 0.4128
A5: TRUE | B5: 04 | C5: ="F_"&LEFT(K5,2)&"_"&LEFT(M5,2) -> F_20_16 | D5: Rye-Straw (non-technical usable) | E5: Nicht technische nutzbares Roggenstroh | F5: BB | H5: By-Product | J5: Rye_Harvest | K5: =_xlfn.XLOOKUP(J5,Tab_Def_Processes[Name(EN)],Tab_Def_Processes[Process_ID],,0,) -> 20_Rye_BB | L5: Rye-Straw (non-mobilizable)_Degradation | M5: =_xlfn.XLOOKUP(L5,Tab_Def_Processes[Name(EN)],Tab_Def_Processes[Process_ID],,0,) -> 16_Rye_BB | N5: Data_Literature | O5: Yes | P5: Yes | Q5: Yes | R5: =1-Tab_Def_Flows[[#This Row],[DM]] -> 0.14 | S5: https://www.lfl.bayern.de/mam/cms07/iab/dateien/basisdaten22_tabelle_1a_20211210.pdf | T5: 0.86 | U5: https://www.lfl.bayern.de/mam/cms07/iab/dateien/basisdaten22_tabelle_1a_20211210.pdf | V5: 0.48 | W5: assumption | X5: =Tab_Def_Flows[[#This Row],[CC_DM'[%']]]*Tab_Def_Flows[[#This Row],[DM]] -> 0.4128
A6: TRUE | B6: 05 | C6: ="F_"&LEFT(K6,2)&"_"&LEFT(M6,2) -> F_04_01 | D6: Cow-Manure | E6: Rindergülle | F6: BB | H6: By-Product | J6: Cow-Manure_Production | K6: =_xlfn.XLOOKUP(J6,Tab_Def_Processes[Name(EN)],Tab_Def_Processes[Process_ID],,0,) -> 04_Cow_BB | L6: Biogas_Production | M6: =_xlfn.XLOOKUP(L6,Tab_Def_Processes[Name(EN)],Tab_Def_Processes[Process_ID],,0,) -> 01_Bio_BB | O6: Yes | P6: Yes | Q6: Yes | R6: =1-Tab_Def_Flows[[#This Row],[DM]] -> 0.938 | S6: Lab Data | T6: 0.062 | U6: Stramento | V6: 0.49 | W6: Stramento | X6: =Tab_Def_Flows[[#This Row],[CC_DM'[%']]]*Tab_Def_Flows[[#This Row],[DM]] -> 0.03038
A7: FALSE | B7: 06 | C7: ="F_"&LEFT(K7,2)&"_"&LEFT(M7,2) -> F_01_05 | D7: Biogas | E7: Biogas | F7: BB | H7: Product | J7: Biogas_Production | K7: =_xlfn.XLOOKUP(J7,Tab_Def_Processes[Name(EN)],Tab_Def_Processes[Process_ID],,0,) -> 01_Bio_BB | L7: Biogas_Incineration | M7: =_xlfn.XLOOKUP(L7,Tab_Def_Processes[Name(EN)],Tab_Def_Processes[Process_ID],,0,) -> 05_Bio_BB | N7: Calculation_TC | O7: Yes | P7: Yes | Q7: Yes | R7: =1-Tab_Def_Flows[[#This Row],[DM]] -> 0 | T7: 1 | U7: Stramento | V7: 0.38 | W7: Stramento | X7: =Tab_Def_Flows[[#This Row],[CC_DM'[%']]]*Tab_Def_Flows[[#This Row],[DM]] -> 0.38
A8: FALSE | B8: 07 | C8: ="F_"&LEFT(K8,2)&"_"&LEFT(M8,2) -> F_01_02 | D8: Rye-Straw-Digestate | E8: Roggenstroh Gärrest | F8: BB | H8: By-Product | J8: Biogas_Production | K8: =_xlfn.XLOOKUP(J8,Tab_Def_Processes[Name(EN)],Tab_Def_Processes[Process_ID],,0,) -> 01_Bio_BB | L8: MBC_Production | M8: =_xlfn.XLOOKUP(L8,Tab_Def_Processes[Name(EN)],Tab_Def_Processes[Process_ID],,0,) -> 02_MBC_BB | N8: Data_experiment | O8: Yes | P8: Yes | Q8: Yes | R8: =1-Tab_Def_Flows[[#This Row],[DM]] -> 0.67767062 | T8: 0.32232938 | U8: Stramento | V8: 0.382 | W8: Stramento | X8: =Tab_Def_Flows[[#This Row],[CC_DM'[%']]]*Tab_Def_Flows[[#This Row],[DM]] -> 0.12312982
A9: FALSE | B9: 08 | C9: ="F_"&LEFT(K9,2)&"_"&LEFT(M9,2) -> F_02_03 | D9: MBC-Product | E9: Mycel basierter composit | F9: BB | H9: Product | J9: MBC_Production | K9: =_xlfn.XLOOKUP(J9,Tab_Def_Processes[Name(EN)],Tab_Def_Processes[Process_ID],,0,) -> 02_MBC_BB | L9: MBC_Use-Phase | M9: =_xlfn.XLOOKUP(L9,Tab_Def_Processes[Name(EN)],Tab_Def_Processes[Process_ID],,0,) -> 03_MBC_BB | O9: Yes | P9: Yes | Q9: Yes | R9: =1-Tab_Def_Flows[[#This Row],[DM]] -> 0.6085 | T9: 0.3915 | V9: 0.398 | X9: =Tab_Def_Flows[[#This Row],[CC_DM'[%']]]*Tab_Def_Flows[[#This Row],[DM]] -> 0.155817
A10: FALSE | B10: 09 | C10: ="F_"&LEFT(K10,2)&"_"&LEFT(M10,2) -> F_03_07 | D10: MBC-EoL | E10: MBC verwendet | F10: BB | H10: Waste | J10: MBC_Use-Phase | K10: =_xlfn.XLOOKUP(J10,Tab_Def_Processes[Name(EN)],Tab_Def_Processes[Process_ID],,0,) -> 03_MBC_BB | L10: MBC-EoL_Treatment | M10: =_xlfn.XLOOKUP(L10,Tab_Def_Processes[Name(EN)],Tab_Def_Processes[Process_ID],,0,) -> 07_MBC_BB | O10: Yes | P10: Yes | Q10: Yes | R10: =R9 -> 0.6085 | T10: =T9 -> 0.3915 | V10: =V9 -> 0.398 | X10: =Tab_Def_Flows[[#This Row],[CC_DM'[%']]]*Tab_Def_Flows[[#This Row],[DM]] -> 0.155817
A11: FALSE | B11: 10 | C11: ="F_"&LEFT(K11,2)&"_"&LEFT(M11,2) -> F_02_06 | D11: MBC-Production waste | E11: MBC Produktionsabfall | F11: BB | H11: Waste | J11: MBC_Production | K11: =_xlfn.XLOOKUP(J11,Tab_Def_Processes[Name(EN)],Tab_Def_Processes[Process_ID],,0,) -> 02_MBC_BB | L11: MBC-Production Waste_Treatment | M11: =_xlfn.XLOOKUP(L11,Tab_Def_Processes[Name(EN)],Tab_Def_Processes[Process_ID],,0,) -> 06_MBC_BB | O11: Yes | P11: Yes | Q11: Yes | R11: =1-Tab_Def_Flows[[#This Row],[DM]] -> 0.58 | T11: 0.42 | V11: 0.382 | X11: =Tab_Def_Flows[[#This Row],[CC_DM'[%']]]*Tab_Def_Flows[[#This Row],[DM]] -> 0.16044
A12: FALSE | B12: 11 | C12: ="F_"&LEFT(K12,2)&"_"&LEFT(M12,2) -> F_11_02 | D12: Millet-Grain | E12: Hirsekörner | F12: BB | H12: Product | J12: Millet_Production | K12: =_xlfn.XLOOKUP(J12,Tab_Def_Processes[Name(EN)],Tab_Def_Processes[Process_ID],,0,) -> 11_Mil_BB | L12: MBC_Production | M12: =_xlfn.XLOOKUP(L12,Tab_Def_Processes[Name(EN)],Tab_Def_Processes[Process_ID],,0,) -> 02_MBC_BB | O12: Yes | P12: Yes | Q12: Yes | R12: =1-Tab_Def_Flows[[#This Row],[DM]] -> 0.08805 | T12: 0.91195 | V12: 0.462 | X12: =Tab_Def_Flows[[#This Row],[CC_DM'[%']]]*Tab_Def_Flows[[#This Row],[DM]] -> 0.4213209
A13: FALSE | B13: 12 | C13: ="F_"&LEFT(K13,2)&"_"&LEFT(M13,2) -> F_08_02 | D13: Water-Import | E13: Wasser Input MBC | F13: BB | H13: Product | J13: Water_Import | K13: =_xlfn.XLOOKUP(J13,Tab_Def_Processes[Name(EN)],Tab_Def_Processes[Process_ID],,0,) -> 08_Wat_BB | L13: MBC_Production | M13: =_xlfn.XLOOKUP(L13,Tab_Def_Processes[Name(EN)],Tab_Def_Processes[Process_ID],,0,) -> 02_MBC_BB | O13: Yes | P13: Yes | Q13: Yes | R13: =1-Tab_Def_Flows[[#This Row],[DM]] -> 1 | T13: 0 | V13: 0 | X13: =Tab_Def_Flows[[#This Row],[CC_DM'[%']]]*Tab_Def_Flows[[#This Row],[DM]] -> 0
A14: FALSE | B14: 13 | C14: ="F_"&LEFT(K14,2)&"_"&LEFT(M14,2) -> F_02_14 | D14: Water-Export | E14: Wasser Output MBC | F14: BB | H14: Waste | J14: MBC_Production | K14: =_xlfn.XLOOKUP(J14,Tab_Def_Processes[Name(EN)],Tab_Def_Processes[Process_ID],,0,) -> 02_MBC_BB | L14: Water_Export | M14: =_xlfn.XLOOKUP(L14,Tab_Def_Processes[Name(EN)],Tab_Def_Processes[Process_ID],,0,) -> 14_Wat_BB | O14: Yes | P14: Yes | Q14: Yes | R14: =1-Tab_Def_Flows[[#This Row],[DM]] -> 1 | T14: 0 | V14: 0 | X14: =Tab_Def_Flows[[#This Row],[CC_DM'[%']]]*Tab_Def_Flows[[#This Row],[DM]] -> 0
A15: FALSE | B15: 14 | C15: ="F_"&LEFT(K15,2)&"_"&LEFT(M15,2) -> F_02_12 | D15: MBC-Production-Delta | E15: Mass Delta | F15: BB | H15: Waste | J15: MBC_Production | K15: =_xlfn.XLOOKUP(J15,Tab_Def_Processes[Name(EN)],Tab_Def_Processes[Process_ID],,0,) -> 02_MBC_BB | L15: MBC-Production-Delta_Production | M15: =_xlfn.XLOOKUP(L15,Tab_Def_Processes[Name(EN)],Tab_Def_Processes[Process_ID],,0,) -> 12_MBC_BB | O15: Yes | P15: Yes | Q15: Yes | R15: =1-Tab_Def_Flows[[#This Row],[DM]] -> 0 | T15: 1 | V15: 0.36707297 | X15: =Tab_Def_Flows[[#This Row],[CC_DM'[%']]]*Tab_Def_Flows[[#This Row],[DM]] -> 0.36707297
A16: FALSE | B16: 15 | C16: ="F_"&LEFT(K16,2)&"_"&LEFT(M16,2) -> F_07_09 | D16: MBC (EoL)-Pyrolysis | E16: EoL-MBC (Pyro) | F16: BB | H16: Waste | J16: MBC-EoL_Treatment | K16: =_xlfn.XLOOKUP(J16,Tab_Def_Processes[Name(EN)],Tab_Def_Processes[Process_ID],,0,) -> 07_MBC_BB | L16: MBC-EoL_Pyrolysis | M16: =_xlfn.XLOOKUP(L16,Tab_Def_Processes[Name(EN)],Tab_Def_Processes[Process_ID],,0,) -> 09_MBC_BB | O16: Yes | P16: Yes | Q16: Yes | R16: =1-Tab_Def_Flows[[#This Row],[DM]] -> 0.6085 | T16: =T10 -> 0.3915 | V16: 0.398 | X16: =Tab_Def_Flows[[#This Row],[CC_DM'[%']]]*Tab_Def_Flows[[#This Row],[DM]] -> 0.155817
A17: FALSE | B17: 16 | C17: ="F_"&LEFT(K17,2)&"_"&LEFT(M17,2) -> F_07_10 | D17: MBC (EoL)-Incineration | E17: EoL-MBC (Inci) | F17: BB | H17: Waste | J17: MBC-EoL_Treatment | K17: =_xlfn.XLOOKUP(J17,Tab_Def_Processes[Name(EN)],Tab_Def_Processes[Process_ID],,0,) -> 07_MBC_BB | L17: MBC-EoL_Incineration | M17: =_xlfn.XLOOKUP(L17,Tab_Def_Processes[Name(EN)],Tab_Def_Processes[Process_ID],,0,) -> 10_MBC_BB | O17: Yes | P17: Yes | Q17: Yes | R17: =1-Tab_Def_Flows[[#This Row],[DM]] -> 0.6085 | T17: =T10 -> 0.3915 | V17: 0.398 | X17: =Tab_Def_Flows[[#This Row],[CC_DM'[%']]]*Tab_Def_Flows[[#This Row],[DM]] -> 0.155817
A18: FALSE | B18: 17 | C18: ="F_"&LEFT(K18,2)&"_"&LEFT(M18,2) -> F_09_17 | D18: Biochar-Pyrolysis | E18: Pyrolyse Kohle | F18: BB | H18: Product | J18: MBC-EoL_Pyrolysis | K18: =_xlfn.XLOOKUP(J18,Tab_Def_Processes[Name(EN)],Tab_Def_Processes[Process_ID],,0,) -> 09_MBC_BB | L18: Lithosphere_Stock | M18: =_xlfn.XLOOKUP(L18,Tab_Def_Processes[Name(EN)],Tab_Def_Processes[Process_ID],,0,) -> 17_Lit_BB | O18: Yes | P18: Yes | Q18: Yes | R18: =1-Tab_Def_Flows[[#This Row],[DM]] -> 0 | T18: 1 | V18: 0.95 | W18: A review of pyrolysis technologies and feedstock: A blending approach for plastic and biomass towards optimum biochar yield | X18: =Tab_Def_Flows[[#This Row],[CC_DM'[%']]]*Tab_Def_Flows[[#This Row],[DM]] -> 0.95
A19: FALSE | B19: 18 | C19: ="F_"&LEFT(K19,2)&"_"&LEFT(M19,2) -> F_10_22 | D19: Ash-Incineration | E19: Verbresnnungsasche | F19: BB | H19: Waste | J19: MBC-EoL_Incineration | K19: =_xlfn.XLOOKUP(J19,Tab_Def_Processes[Name(EN)],Tab_Def_Processes[Process_ID],,0,) -> 10_MBC_BB | L19: Environment_Stock | M19: =_xlfn.XLOOKUP(L19,Tab_Def_Processes[Name(EN)],Tab_Def_Processes[Process_ID],,0,) -> 22_Env_BB | O19: Yes | P19: Yes | Q19: Yes | R19: =1-Tab_Def_Flows[[#This Row],[DM]] -> 0 | T19: 1 | V19: 0.1 | X19: =Tab_Def_Flows[[#This Row],[CC_DM'[%']]]*Tab_Def_Flows[[#This Row],[DM]] -> 0.1
A20: FALSE | B20: 19 | C20: ="F_"&LEFT(K20,2)&"_"&LEFT(M20,2) -> F_10_19 | D20: C-from MBC (EoL)-Incineration | E20: Rauchgas | F20: BB | H20: Waste | J20: MBC-EoL_Incineration | K20: =_xlfn.XLOOKUP(J20,Tab_Def_Processes[Name(EN)],Tab_Def_Processes[Process_ID],,0,) -> 10_MBC_BB | L20: Atmosphere_Stock | M20: =_xlfn.XLOOKUP(L20,Tab_Def_Processes[Name(EN)],Tab_Def_Processes[Process_ID],,0,) -> 19_Atm_BB | N20: Calculation_TC | O20: Yes | P20: Yes | Q20: Yes | R20: =1-Tab_Def_Flows[[#This Row],[DM]] -> 0 | T20: 1 | V20: 1 | X20: =Tab_Def_Flows[[#This Row],[CC_DM'[%']]]*Tab_Def_Flows[[#This Row],[DM]] -> 1
A21: FALSE | B21: 20 | C21: ="F_"&LEFT(K21,2)&"_"&LEFT(M21,2) -> F_00_13 | D21: Environment-Rye | F21: BB | H21: Product | J21: Environment_ | K21: =_xlfn.XLOOKUP(J21,Tab_Def_Processes[Name(EN)],Tab_Def_Processes[Process_ID],,0,) -> 00_Env_BB | L21: Rye_Cultivation | M21: =_xlfn.XLOOKUP(L21,Tab_Def_Processes[Name(EN)],Tab_Def_Processes[Process_ID],,0,) -> 13_Rye_BB | O21: Yes | P21: Yes | Q21: Yes | R21: 0.23841962 | S21: https://www.lfl.bayern.de/mam/cms07/iab/dateien/basisdaten22_tabelle_1a_20211210.pdf | T21: 0.76158038 | U21: https://www.lfl.bayern.de/mam/cms07/iab/dateien/basisdaten22_tabelle_1a_20211210.pdf | V21: 0 | W21: assumption | X21: =Tab_Def_Flows[[#This Row],[CC_DM'[%']]]*Tab_Def_Flows[[#This Row],[DM]] -> 0
A22: FALSE | B22: 21 | C22: ="F_"&LEFT(K22,2)&"_"&LEFT(M22,2) -> F_00_04 | D22: Environment-Cow-Manure | F22: BB | H22: By-Product | J22: Environment_ | K22: =_xlfn.XLOOKUP(J22,Tab_Def_Processes[Name(EN)],Tab_Def_Processes[Process_ID],,0,) -> 00_Env_BB | L22: Cow-Manure_Production | M22: =_xlfn.XLOOKUP(L22,Tab_Def_Processes[Name(EN)],Tab_Def_Processes[Process_ID],,0,) -> 04_Cow_BB | O22: Yes | P22: Yes | Q22: Yes | R22: 0.96738929 | S22: Lab Data | T22: 0.032610713 | U22: Stramento | V22: 0 | W22: Stramento | X22: =Tab_Def_Flows[[#This Row],[CC_DM'[%']]]*Tab_Def_Flows[[#This Row],[DM]] -> 0
A23: FALSE | B23: 22 | C23: ="F_"&LEFT(K23,2)&"_"&LEFT(M23,2) -> F_00_11 | D23: Environment-Millet | F23: BB | H23: Product | J23: Environment_ | K23: =_xlfn.XLOOKUP(J23,Tab_Def_Processes[Name(EN)],Tab_Def_Processes[Process_ID],,0,) -> 00_Env_BB | L23: Millet_Production | M23: =_xlfn.XLOOKUP(L23,Tab_Def_Processes[Name(EN)],Tab_Def_Processes[Process_ID],,0,) -> 11_Mil_BB | O23: Yes | P23: Yes | Q23: Yes | R23: 0.15215687 | T23: 0.84784313 | V23: 0 | X23: =Tab_Def_Flows[[#This Row],[CC_DM'[%']]]*Tab_Def_Flows[[#This Row],[DM]] -> 0
A24: FALSE | B24: 23 | C24: ="F_"&LEFT(K24,2)&"_"&LEFT(M24,2) -> F_00_08 | D24: Environment-Water | F24: BB | H24: Product | J24: Environment_ | K24: =_xlfn.XLOOKUP(J24,Tab_Def_Processes[Name(EN)],Tab_Def_Processes[Process_ID],,0,) -> 00_Env_BB | L24: Water_Import | M24: =_xlfn.XLOOKUP(L24,Tab_Def_Processes[Name(EN)],Tab_Def_Processes[Process_ID],,0,) -> 08_Wat_BB | O24: Yes | P24: Yes | Q24: Yes | R24: =1-Tab_Def_Flows[[#This Row],[DM]] -> 1 | T24: 0 | V24: 0 | X24: =Tab_Def_Flows[[#This Row],[CC_DM'[%']]]*Tab_Def_Flows[[#This Row],[DM]] -> 0
A25: FALSE | B25: 24 | C25: ="F_"&LEFT(K25,2)&"_"&LEFT(M25,2) -> F_09_19 | D25: C-from MBC (EoL)-Pyrolysis | F25: BB | H25: Biomass Pyrolysis | J25: MBC-EoL_Pyrolysis | K25: =_xlfn.XLOOKUP(J25,Tab_Def_Processes[Name(EN)],Tab_Def_Processes[Process_ID],,0,) -> 09_MBC_BB | L25: Atmosphere_Stock | M25: =_xlfn.XLOOKUP(L25,Tab_Def_Processes[Name(EN)],Tab_Def_Processes[Process_ID],,0,) -> 19_Atm_BB | O25: Yes | P25: Yes | Q25: Yes | R25: =1-Tab_Def_Flows[[#This Row],[DM]] -> 0 | T25: 1 | V25: 1 | X25: =Tab_Def_Flows[[#This Row],[CC_DM'[%']]]*Tab_Def_Flows[[#This Row],[DM]] -> 1
A26: FALSE | B26: 25 | C26: ="F_"&LEFT(K26,2)&"_"&LEFT(M26,2) -> F_17_19 | D26: CO2-from Lithosphere | F26: BB | H26: Waste | J26: Lithosphere_Stock | K26: =_xlfn.XLOOKUP(J26,Tab_Def_Processes[Name(EN)],Tab_Def_Processes[Process_ID],,0,) -> 17_Lit_BB | L26: Atmosphere_Stock | M26: =_xlfn.XLOOKUP(L26,Tab_Def_Processes[Name(EN)],Tab_Def_Processes[Process_ID],,0,) -> 19_Atm_BB | O26: Yes | P26: Yes | Q26: Yes | R26: =1-Tab_Def_Flows[[#This Row],[DM]] -> 0 | T26: 1 | V26: 1 | X26: =Tab_Def_Flows[[#This Row],[CC_DM'[%']]]*Tab_Def_Flows[[#This Row],[DM]] -> 1
A27: FALSE | B27: 26 | C27: ="F_"&LEFT(K27,2)&"_"&LEFT(M27,2) -> F_09_22 | D27: Environment-from MBC (EoL)-Pyrolysis | F27: BB | J27: MBC-EoL_Pyrolysis | K27: =_xlfn.XLOOKUP(J27,Tab_Def_Processes[Name(EN)],Tab_Def_Processes[Process_ID],,0,) -> 09_MBC_BB | L27: Environment_Stock | M27: =_xlfn.XLOOKUP(L27,Tab_Def_Processes[Name(EN)],Tab_Def_Processes[Process_ID],,0,) -> 22_Env_BB | O27: Yes | P27: Yes | Q27: Yes | R27: 0.72596641 | T27: 0.27403359 | V27: 0 | X27: =Tab_Def_Flows[[#This Row],[CC_DM'[%']]]*Tab_Def_Flows[[#This Row],[DM]] -> 0
A28: TRUE | B28: 27 | C28: ="F_"&LEFT(K28,2)&"_"&LEFT(M28,2) -> F_24_24 | K28: =_xlfn.XLOOKUP(J28,Tab_Def_Processes[Name(EN)],Tab_Def_Processes[Process_ID],,0,) -> 24__ | M28: =_xlfn.XLOOKUP(L28,Tab_Def_Processes[Name(EN)],Tab_Def_Processes[Process_ID],,0,) -> 24__ | O28: Yes | P28: Yes | Q28: Yes
A29: TRUE | B29: 28 | C29: ="F_"&LEFT(K29,2)&"_"&LEFT(M29,2) -> F_01_21 | D29: Biogas-Production-Delta | J29: Biogas_Production | K29: =_xlfn.XLOOKUP(J29,Tab_Def_Processes[Name(EN)],Tab_Def_Processes[Process_ID],,0,) -> 01_Bio_BB | L29: Biogas-Production-Delta_ | M29: =_xlfn.XLOOKUP(L29,Tab_Def_Processes[Name(EN)],Tab_Def_Processes[Process_ID],,0,) -> 21_Bio_BB | O29: Yes | P29: Yes | Q29: Yes | R29: =1-Tab_Def_Flows[[#This Row],[DM]] -> 0 | T29: 1 | V29: 0.85418505 | X29: =Tab_Def_Flows[[#This Row],[CC_DM'[%']]]*Tab_Def_Flows[[#This Row],[DM]] -> 0.85418505
A30: FALSE | B30: 29 | C30: ="F_"&LEFT(K30,2)&"_"&LEFT(M30,2) -> F_19_13 | D30: CO2-to Rye_Cultivation | J30: Atmosphere_Stock | K30: =_xlfn.XLOOKUP(J30,Tab_Def_Processes[Name(EN)],Tab_Def_Processes[Process_ID],,0,) -> 19_Atm_BB | L30: Rye_Cultivation | M30: =_xlfn.XLOOKUP(L30,Tab_Def_Processes[Name(EN)],Tab_Def_Processes[Process_ID],,0,) -> 13_Rye_BB | O30: Yes | P30: Yes | Q30: Yes | R30: 0 | T30: 1 | V30: 1 | X30: =Tab_Def_Flows[[#This Row],[CC_DM'[%']]]*Tab_Def_Flows[[#This Row],[DM]] -> 1
A31: FALSE | B31: 30 | C31: ="F_"&LEFT(K31,2)&"_"&LEFT(M31,2) -> F_19_04 | D31: CO2-to Cow-Manure_Production | J31: Atmosphere_Stock | K31: =_xlfn.XLOOKUP(J31,Tab_Def_Processes[Name(EN)],Tab_Def_Processes[Process_ID],,0,) -> 19_Atm_BB | L31: Cow-Manure_Production | M31: =_xlfn.XLOOKUP(L31,Tab_Def_Processes[Name(EN)],Tab_Def_Processes[Process_ID],,0,) -> 04_Cow_BB | O31: Yes | P31: Yes | Q31: Yes | R31: 0 | T31: 1 | V31: 1 | X31: =Tab_Def_Flows[[#This Row],[CC_DM'[%']]]*Tab_Def_Flows[[#This Row],[DM]] -> 1
A32: FALSE | B32: 31 | C32: ="F_"&LEFT(K32,2)&"_"&LEFT(M32,2) -> F_19_11 | D32: CO2-to Millet_Production | J32: Atmosphere_Stock | K32: =_xlfn.XLOOKUP(J32,Tab_Def_Processes[Name(EN)],Tab_Def_Processes[Process_ID],,0,) -> 19_Atm_BB | L32: Millet_Production | M32: =_xlfn.XLOOKUP(L32,Tab_Def_Processes[Name(EN)],Tab_Def_Processes[Process_ID],,0,) -> 11_Mil_BB | O32: Yes | P32: Yes | Q32: Yes | R32: 0 | T32: 1 | V32: 1 | X32: =Tab_Def_Flows[[#This Row],[CC_DM'[%']]]*Tab_Def_Flows[[#This Row],[DM]] -> 1
A33: FALSE | B33: 32 | C33: ="F_"&LEFT(K33,2)&"_"&LEFT(M33,2) -> F_15_19 | D33: CO2-from Rye-Grain_Processing & Consumption | J33: Rye-Grain_Processing & Consumption | K33: =_xlfn.XLOOKUP(J33,Tab_Def_Processes[Name(EN)],Tab_Def_Processes[Process_ID],,0,) -> 15_Rye_BB | L33: Atmosphere_Stock | M33: =_xlfn.XLOOKUP(L33,Tab_Def_Processes[Name(EN)],Tab_Def_Processes[Process_ID],,0,) -> 19_Atm_BB | O33: Yes | P33: Yes | Q33: Yes | R33: 0 | T33: 1 | V33: 1 | X33: =Tab_Def_Flows[[#This Row],[CC_DM'[%']]]*Tab_Def_Flows[[#This Row],[DM]] -> 1
A34: FALSE | B34: 33 | C34: ="F_"&LEFT(K34,2)&"_"&LEFT(M34,2) -> F_16_19 | D34: CO2-from Rye-Straw (non-mobilizable)_Degradation | J34: Rye-Straw (non-mobilizable)_Degradation | K34: =_xlfn.XLOOKUP(J34,Tab_Def_Processes[Name(EN)],Tab_Def_Processes[Process_ID],,0,) -> 16_Rye_BB | L34: Atmosphere_Stock | M34: =_xlfn.XLOOKUP(L34,Tab_Def_Processes[Name(EN)],Tab_Def_Processes[Process_ID],,0,) -> 19_Atm_BB | O34: Yes | P34: Yes | Q34: Yes | R34: 0 | T34: 1 | V34: 1 | X34: =Tab_Def_Flows[[#This Row],[CC_DM'[%']]]*Tab_Def_Flows[[#This Row],[DM]] -> 1
A35: FALSE | B35: 34 | C35: ="F_"&LEFT(K35,2)&"_"&LEFT(M35,2) -> F_05_19 | D35: CO2-from Biogas_Incineration | J35: Biogas_Incineration | K35: =_xlfn.XLOOKUP(J35,Tab_Def_Processes[Name(EN)],Tab_Def_Processes[Process_ID],,0,) -> 05_Bio_BB | L35: Atmosphere_Stock | M35: =_xlfn.XLOOKUP(L35,Tab_Def_Processes[Name(EN)],Tab_Def_Processes[Process_ID],,0,) -> 19_Atm_BB | O35: Yes | P35: Yes | Q35: Yes | R35: =R7 -> 0 | T35: =T7 -> 1 | V35: 1 | X35: =Tab_Def_Flows[[#This Row],[CC_DM'[%']]]*Tab_Def_Flows[[#This Row],[DM]] -> 1
A36: FALSE | B36: 35 | C36: ="F_"&LEFT(K36,2)&"_"&LEFT(M36,2) -> F_15_22 | D36: Environment-from Rye-Grain_Processing & Consumption | J36: Rye-Grain_Processing & Consumption | K36: =_xlfn.XLOOKUP(J36,Tab_Def_Processes[Name(EN)],Tab_Def_Processes[Process_ID],,0,) -> 15_Rye_BB | L36: Environment_Stock | M36: =_xlfn.XLOOKUP(L36,Tab_Def_Processes[Name(EN)],Tab_Def_Processes[Process_ID],,0,) -> 22_Env_BB | O36: Yes | P36: Yes | Q36: Yes | R36: 0.23841962 | T36: 0.76158038 | V36: 0 | X36: =Tab_Def_Flows[[#This Row],[CC_DM'[%']]]*Tab_Def_Flows[[#This Row],[DM]] -> 0
A37: FALSE | B37: 36 | C37: ="F_"&LEFT(K37,2)&"_"&LEFT(M37,2) -> F_16_22 | D37: Environment-from Rye-Straw (non-mobilizable)_Degradation | J37: Rye-Straw (non-mobilizable)_Degradation | K37: =_xlfn.XLOOKUP(J37,Tab_Def_Processes[Name(EN)],Tab_Def_Processes[Process_ID],,0,) -> 16_Rye_BB | L37: Environment_Stock | M37: =_xlfn.XLOOKUP(L37,Tab_Def_Processes[Name(EN)],Tab_Def_Processes[Process_ID],,0,) -> 22_Env_BB | O37: Yes | P37: Yes | Q37: Yes | R37: 0.23841962 | T37: 0.76158038 | V37: 0 | X37: =Tab_Def_Flows[[#This Row],[CC_DM'[%']]]*Tab_Def_Flows[[#This Row],[DM]] -> 0
A38: FALSE | B38: 37 | C38: ="F_"&LEFT(K38,2)&"_"&LEFT(M38,2) -> F_12_22 | D38: Environment-from MBC-Production-Delta | J38: MBC-Production-Delta_Production | K38: =_xlfn.XLOOKUP(J38,Tab_Def_Processes[Name(EN)],Tab_Def_Processes[Process_ID],,0,) -> 12_MBC_BB | L38: Environment_Stock | M38: =_xlfn.XLOOKUP(L38,Tab_Def_Processes[Name(EN)],Tab_Def_Processes[Process_ID],,0,) -> 22_Env_BB | O38: Yes | P38: Yes | Q38: Yes | R38: 0 | T38: 1 | V38: 0 | X38: =Tab_Def_Flows[[#This Row],[CC_DM'[%']]]*Tab_Def_Flows[[#This Row],[DM]] -> 0
A39: FALSE | B39: 38 | C39: ="F_"&LEFT(K39,2)&"_"&LEFT(M39,2) -> F_12_19 | D39: CO2-from MBC-Production-Delta | J39: MBC-Production-Delta_Production | K39: =_xlfn.XLOOKUP(J39,Tab_Def_Processes[Name(EN)],Tab_Def_Processes[Process_ID],,0,) -> 12_MBC_BB | L39: Atmosphere_Stock | M39: =_xlfn.XLOOKUP(L39,Tab_Def_Processes[Name(EN)],Tab_Def_Processes[Process_ID],,0,) -> 19_Atm_BB | O39: Yes | P39: Yes | Q39: Yes | R39: 0 | T39: 1 | V39: 1 | X39: =Tab_Def_Flows[[#This Row],[CC_DM'[%']]]*Tab_Def_Flows[[#This Row],[DM]] -> 1
A40: FALSE | B40: 39 | C40: ="F_"&LEFT(K40,2)&"_"&LEFT(M40,2) -> F_06_19 | D40: CO2-from MBC-Production waste | J40: MBC-Production Waste_Treatment | K40: =_xlfn.XLOOKUP(J40,Tab_Def_Processes[Name(EN)],Tab_Def_Processes[Process_ID],,0,) -> 06_MBC_BB | L40: Atmosphere_Stock | M40: =_xlfn.XLOOKUP(L40,Tab_Def_Processes[Name(EN)],Tab_Def_Processes[Process_ID],,0,) -> 19_Atm_BB | O40: Yes | P40: Yes | Q40: Yes | R40: 0 | T40: 1 | V40: 1 | X40: =Tab_Def_Flows[[#This Row],[CC_DM'[%']]]*Tab_Def_Flows[[#This Row],[DM]] -> 1
A41: FALSE | B41: 40 | C41: ="F_"&LEFT(K41,2)&"_"&LEFT(M41,2) -> F_06_22 | D41: Environment-from MBC-Production waste | J41: MBC-Production Waste_Treatment | K41: =_xlfn.XLOOKUP(J41,Tab_Def_Processes[Name(EN)],Tab_Def_Processes[Process_ID],,0,) -> 06_MBC_BB | L41: Environment_Stock | M41: =_xlfn.XLOOKUP(L41,Tab_Def_Processes[Name(EN)],Tab_Def_Processes[Process_ID],,0,) -> 22_Env_BB | O41: Yes | P41: Yes | Q41: Yes | R41: 0.69083806 | T41: 0.30916194 | V41: 0 | X41: =Tab_Def_Flows[[#This Row],[CC_DM'[%']]]*Tab_Def_Flows[[#This Row],[DM]] -> 0
A42: FALSE | B42: 41 | C42: ="F_"&LEFT(K42,2)&"_"&LEFT(M42,2) -> F_21_19 | D42: CO2-from Biogas-Production-Delta | J42: Biogas-Production-Delta_ | K42: =_xlfn.XLOOKUP(J42,Tab_Def_Processes[Name(EN)],Tab_Def_Processes[Process_ID],,0,) -> 21_Bio_BB | L42: Atmosphere_Stock | M42: =_xlfn.XLOOKUP(L42,Tab_Def_Processes[Name(EN)],Tab_Def_Processes[Process_ID],,0,) -> 19_Atm_BB | O42: Yes | P42: Yes | Q42: Yes | R42: 0 | T42: 1 | V42: 1 | X42: =Tab_Def_Flows[[#This Row],[CC_DM'[%']]]*Tab_Def_Flows[[#This Row],[DM]] -> 1
A43: FALSE | B43: 42 | C43: ="F_"&LEFT(K43,2)&"_"&LEFT(M43,2) -> F_21_22 | D43: Environment-from Biogas-Production-Delta | J43: Biogas-Production-Delta_ | K43: =_xlfn.XLOOKUP(J43,Tab_Def_Processes[Name(EN)],Tab_Def_Processes[Process_ID],,0,) -> 21_Bio_BB | L43: Environment_Stock | M43: =_xlfn.XLOOKUP(L43,Tab_Def_Processes[Name(EN)],Tab_Def_Processes[Process_ID],,0,) -> 22_Env_BB | O43: Yes | P43: Yes | Q43: Yes | R43: 0 | T43: 1 | V43: 0 | X43: =Tab_Def_Flows[[#This Row],[CC_DM'[%']]]*Tab_Def_Flows[[#This Row],[DM]] -> 0
A44: FALSE | B44: 43 | C44: ="F_"&LEFT(K44,2)&"_"&LEFT(M44,2) -> F_24_24 | K44: =_xlfn.XLOOKUP(J44,Tab_Def_Processes[Name(EN)],Tab_Def_Processes[Process_ID],,0,) -> 24__ | M44: =_xlfn.XLOOKUP(L44,Tab_Def_Processes[Name(EN)],Tab_Def_Processes[Process_ID],,0,) -> 24__ | O44: Yes | P44: Yes | Q44: Yes | X44: =Tab_Def_Flows[[#This Row],[CC_DM'[%']]]*Tab_Def_Flows[[#This Row],[DM]] -> 0
A45: FALSE | B45: 44 | C45: ="F_"&LEFT(K45,2)&"_"&LEFT(M45,2) -> F_05_22 | D45: Environment-from Biogas-Incineration | J45: Biogas_Incineration | K45: =_xlfn.XLOOKUP(J45,Tab_Def_Processes[Name(EN)],Tab_Def_Processes[Process_ID],,0,) -> 05_Bio_BB | L45: Environment_Stock | M45: =_xlfn.XLOOKUP(L45,Tab_Def_Processes[Name(EN)],Tab_Def_Processes[Process_ID],,0,) -> 22_Env_BB | O45: Yes | P45: Yes | Q45: Yes | R45: 0 | T45: 1 | V45: 0 | X45: =Tab_Def_Flows[[#This Row],[CC_DM'[%']]]*Tab_Def_Flows[[#This Row],[DM]] -> 0
A46: FALSE | B46: 45 | C46: ="F_"&LEFT(K46,2)&"_"&LEFT(M46,2) -> F_10_22 | D46: Environment-from MBC (EoL)-Incineration | J46: MBC-EoL_Incineration | K46: =_xlfn.XLOOKUP(J46,Tab_Def_Processes[Name(EN)],Tab_Def_Processes[Process_ID],,0,) -> 10_MBC_BB | L46: Environment_Stock | M46: =_xlfn.XLOOKUP(L46,Tab_Def_Processes[Name(EN)],Tab_Def_Processes[Process_ID],,0,) -> 22_Env_BB | O46: Yes | P46: Yes | Q46: Yes | R46: 0.71748784 | T46: 0.28251216 | V46: 0.016339869 | X46: =Tab_Def_Flows[[#This Row],[CC_DM'[%']]]*Tab_Def_Flows[[#This Row],[DM]] -> 0.0046162118
A47: FALSE | B47: 46 | C47: ="F_"&LEFT(K47,2)&"_"&LEFT(M47,2) -> F_20_23 | D47: Rye - Straw - mobilisable technical potential | J47: Rye_Harvest | K47: =_xlfn.XLOOKUP(J47,Tab_Def_Processes[Name(EN)],Tab_Def_Processes[Process_ID],,0,) -> 20_Rye_BB | L47: Rye - Straw - mobilisable technical potential_Use | M47: =_xlfn.XLOOKUP(L47,Tab_Def_Processes[Name(EN)],Tab_Def_Processes[Process_ID],,0,) -> 23_Rye_ | O47: Yes | P47: Yes | Q47: Yes | R47: 0.14 | T47: 0.86 | V47: 0.48 | X47: =Tab_Def_Flows[[#This Row],[CC_DM'[%']]]*Tab_Def_Flows[[#This Row],[DM]] -> 0.4128
A48: FALSE | B48: 47 | C48: ="F_"&LEFT(K48,2)&"_"&LEFT(M48,2) -> F_24_24 | K48: =_xlfn.XLOOKUP(J48,Tab_Def_Processes[Name(EN)],Tab_Def_Processes[Process_ID],,0,) -> 24__ | M48: =_xlfn.XLOOKUP(L48,Tab_Def_Processes[Name(EN)],Tab_Def_Processes[Process_ID],,0,) -> 24__ | X48: =Tab_Def_Flows[[#This Row],[CC_DM'[%']]]*Tab_Def_Flows[[#This Row],[DM]] -> 0
A49: FALSE | B49: 48 | C49: ="F_"&LEFT(K49,2)&"_"&LEFT(M49,2) -> F_24_24 | K49: =_xlfn.XLOOKUP(J49,Tab_Def_Processes[Name(EN)],Tab_Def_Processes[Process_ID],,0,) -> 24__ | M49: =_xlfn.XLOOKUP(L49,Tab_Def_Processes[Name(EN)],Tab_Def_Processes[Process_ID],,0,) -> 24__ | X49: =Tab_Def_Flows[[#This Row],[CC_DM'[%']]]*Tab_Def_Flows[[#This Row],[DM]] -> 0
A50: FALSE | B50: 49 | C50: ="F_"&LEFT(K50,2)&"_"&LEFT(M50,2) -> F_24_24 | K50: =_xlfn.XLOOKUP(J50,Tab_Def_Processes[Name(EN)],Tab_Def_Processes[Process_ID],,0,) -> 24__ | M50: =_xlfn.XLOOKUP(L50,Tab_Def_Processes[Name(EN)],Tab_Def_Processes[Process_ID],,0,) -> 24__ | X50: =Tab_Def_Flows[[#This Row],[CC_DM'[%']]]*Tab_Def_Flows[[#This Row],[DM]] -> 0
A51: FALSE | B51: 50 | C51: ="F_"&LEFT(K51,2)&"_"&LEFT(M51,2) -> F_24_24 | K51: =_xlfn.XLOOKUP(J51,Tab_Def_Processes[Name(EN)],Tab_Def_Processes[Process_ID],,0,) -> 24__ | M51: =_xlfn.XLOOKUP(L51,Tab_Def_Processes[Name(EN)],Tab_Def_Processes[Process_ID],,0,) -> 24__ | X51: =Tab_Def_Flows[[#This Row],[CC_DM'[%']]]*Tab_Def_Flows[[#This Row],[DM]] -> 0
A52: FALSE | B52: 51 | C52: ="F_"&LEFT(K52,2)&"_"&LEFT(M52,2) -> F_24_24 | K52: =_xlfn.XLOOKUP(J52,Tab_Def_Processes[Name(EN)],Tab_Def_Processes[Process_ID],,0,) -> 24__ | M52: =_xlfn.XLOOKUP(L52,Tab_Def_Processes[Name(EN)],Tab_Def_Processes[Process_ID],,0,) -> 24__ | X52: =Tab_Def_Flows[[#This Row],[CC_DM'[%']]]*Tab_Def_Flows[[#This Row],[DM]] -> 0
A53: FALSE | B53: 52 | C53: ="F_"&LEFT(K53,2)&"_"&LEFT(M53,2) -> F_24_24 | K53: =_xlfn.XLOOKUP(J53,Tab_Def_Processes[Name(EN)],Tab_Def_Processes[Process_ID],,0,) -> 24__ | M53: =_xlfn.XLOOKUP(L53,Tab_Def_Processes[Name(EN)],Tab_Def_Processes[Process_ID],,0,) -> 24__ | X53: =Tab_Def_Flows[[#This Row],[CC_DM'[%']]]*Tab_Def_Flows[[#This Row],[DM]] -> 0
A54: FALSE | B54: 53 | C54: ="F_"&LEFT(K54,2)&"_"&LEFT(M54,2) -> F_24_24 | K54: =_xlfn.XLOOKUP(J54,Tab_Def_Processes[Name(EN)],Tab_Def_Processes[Process_ID],,0,) -> 24__ | M54: =_xlfn.XLOOKUP(L54,Tab_Def_Processes[Name(EN)],Tab_Def_Processes[Process_ID],,0,) -> 24__ | X54: =Tab_Def_Flows[[#This Row],[CC_DM'[%']]]*Tab_Def_Flows[[#This Row],[DM]] -> 0
A55: FALSE | B55: 54 | C55: ="F_"&LEFT(K55,2)&"_"&LEFT(M55,2) -> F_24_24 | K55: =_xlfn.XLOOKUP(J55,Tab_Def_Processes[Name(EN)],Tab_Def_Processes[Process_ID],,0,) -> 24__ | M55: =_xlfn.XLOOKUP(L55,Tab_Def_Processes[Name(EN)],Tab_Def_Processes[Process_ID],,0,) -> 24__ | X55: =Tab_Def_Flows[[#This Row],[CC_DM'[%']]]*Tab_Def_Flows[[#This Row],[DM]] -> 0
A56: FALSE | B56: 55 | C56: ="F_"&LEFT(K56,2)&"_"&LEFT(M56,2) -> F_24_24 | K56: =_xlfn.XLOOKUP(J56,Tab_Def_Processes[Name(EN)],Tab_Def_Processes[Process_ID],,0,) -> 24__ | M56: =_xlfn.XLOOKUP(L56,Tab_Def_Processes[Name(EN)],Tab_Def_Processes[Process_ID],,0,) -> 24__ | X56: =Tab_Def_Flows[[#This Row],[CC_DM'[%']]]*Tab_Def_Flows[[#This Row],[DM]] -> 0
A57: FALSE | B57: 56 | C57: ="F_"&LEFT(K57,2)&"_"&LEFT(M57,2) -> F_24_24 | K57: =_xlfn.XLOOKUP(J57,Tab_Def_Processes[Name(EN)],Tab_Def_Processes[Process_ID],,0,) -> 24__ | M57: =_xlfn.XLOOKUP(L57,Tab_Def_Processes[Name(EN)],Tab_Def_Processes[Process_ID],,0,) -> 24__ | X57: =Tab_Def_Flows[[#This Row],[CC_DM'[%']]]*Tab_Def_Flows[[#This Row],[DM]] -> 0
A58: FALSE | B58: 57 | C58: ="F_"&LEFT(K58,2)&"_"&LEFT(M58,2) -> F_24_24 | K58: =_xlfn.XLOOKUP(J58,Tab_Def_Processes[Name(EN)],Tab_Def_Processes[Process_ID],,0,) -> 24__ | M58: =_xlfn.XLOOKUP(L58,Tab_Def_Processes[Name(EN)],Tab_Def_Processes[Process_ID],,0,) -> 24__ | X58: =Tab_Def_Flows[[#This Row],[CC_DM'[%']]]*Tab_Def_Flows[[#This Row],[DM]] -> 0
A59: FALSE | B59: 58 | C59: ="F_"&LEFT(K59,2)&"_"&LEFT(M59,2) -> F_24_24 | K59: =_xlfn.XLOOKUP(J59,Tab_Def_Processes[Name(EN)],Tab_Def_Processes[Process_ID],,0,) -> 24__ | M59: =_xlfn.XLOOKUP(L59,Tab_Def_Processes[Name(EN)],Tab_Def_Processes[Process_ID],,0,) -> 24__ | X59: =Tab_Def_Flows[[#This Row],[CC_DM'[%']]]*Tab_Def_Flows[[#This Row],[DM]] -> 0
... A62: FALSE | B62: 61 | C62: ="F_"&LEFT(K62,2)&"_"&LEFT(M62,2) -> F_24_24 | K62: =_xlfn.XLOOKUP(J62,Tab_Def_Processes[Name(EN)],Tab_Def_Processes[Process_ID],,0,) -> 24__ | M62: =_xlfn.XLOOKUP(L62,Tab_Def_Processes[Name(EN)],Tab_Def_Processes[Process_ID],,0,) -> 24__ | X62: =Tab_Def_Flows[[#This Row],[CC_DM'[%']]]*Tab_Def_Flows[[#This Row],[DM]] -> 0
A63: FALSE | B63: 62 | C63: ="F_"&LEFT(K63,2)&"_"&LEFT(M63,2) -> F_24_24 | K63: =_xlfn.XLOOKUP(J63,Tab_Def_Processes[Name(EN)],Tab_Def_Processes[Process_ID],,0,) -> 24__ | M63: =_xlfn.XLOOKUP(L63,Tab_Def_Processes[Name(EN)],Tab_Def_Processes[Process_ID],,0,) -> 24__ | O63: Yes | X63: =Tab_Def_Flows[[#This Row],[CC_DM'[%']]]*Tab_Def_Flows[[#This Row],[DM]] -> 0
A64: FALSE | B64: 63 | C64: ="F_"&LEFT(K64,2)&"_"&LEFT(M64,2) -> F_24_24 | K64: =_xlfn.XLOOKUP(J64,Tab_Def_Processes[Name(EN)],Tab_Def_Processes[Process_ID],,0,) -> 24__ | M64: =_xlfn.XLOOKUP(L64,Tab_Def_Processes[Name(EN)],Tab_Def_Processes[Process_ID],,0,) -> 24__ | O64: Yes | X64: =Tab_Def_Flows[[#This Row],[CC_DM'[%']]]*Tab_Def_Flows[[#This Row],[DM]] -> 0
A65: FALSE | B65: 64 | C65: ="F_"&LEFT(K65,2)&"_"&LEFT(M65,2) -> F_24_24 | K65: =_xlfn.XLOOKUP(J65,Tab_Def_Processes[Name(EN)],Tab_Def_Processes[Process_ID],,0,) -> 24__ | M65: =_xlfn.XLOOKUP(L65,Tab_Def_Processes[Name(EN)],Tab_Def_Processes[Process_ID],,0,) -> 24__ | O65: Yes | X65: =Tab_Def_Flows[[#This Row],[CC_DM'[%']]]*Tab_Def_Flows[[#This Row],[DM]] -> 0
A66: FALSE | B66: 65 | C66: ="F_"&LEFT(K66,2)&"_"&LEFT(M66,2) -> F_24_24 | K66: =_xlfn.XLOOKUP(J66,Tab_Def_Processes[Name(EN)],Tab_Def_Processes[Process_ID],,0,) -> 24__ | M66: =_xlfn.XLOOKUP(L66,Tab_Def_Processes[Name(EN)],Tab_Def_Processes[Process_ID],,0,) -> 24__ | O66: Yes | X66: =Tab_Def_Flows[[#This Row],[CC_DM'[%']]]*Tab_Def_Flows[[#This Row],[DM]] -> 0
A67: FALSE | B67: 66 | C67: ="F_"&LEFT(K67,2)&"_"&LEFT(M67,2) -> F_24_24 | K67: =_xlfn.XLOOKUP(J67,Tab_Def_Processes[Name(EN)],Tab_Def_Processes[Process_ID],,0,) -> 24__ | M67: =_xlfn.XLOOKUP(L67,Tab_Def_Processes[Name(EN)],Tab_Def_Processes[Process_ID],,0,) -> 24__ | O67: Yes | X67: =Tab_Def_Flows[[#This Row],[CC_DM'[%']]]*Tab_Def_Flows[[#This Row],[DM]] -> 0
A68: FALSE | B68: 67 | C68: ="F_"&LEFT(K68,2)&"_"&LEFT(M68,2) -> F_24_24 | K68: =_xlfn.XLOOKUP(J68,Tab_Def_Processes[Name(EN)],Tab_Def_Processes[Process_ID],,0,) -> 24__ | M68: =_xlfn.XLOOKUP(L68,Tab_Def_Processes[Name(EN)],Tab_Def_Processes[Process_ID],,0,) -> 24__ | O68: Yes | X68: =Tab_Def_Flows[[#This Row],[CC_DM'[%']]]*Tab_Def_Flows[[#This Row],[DM]] -> 0
A69: FALSE | B69: 68 | C69: ="F_"&LEFT(K69,2)&"_"&LEFT(M69,2) -> F_24_24 | K69: =_xlfn.XLOOKUP(J69,Tab_Def_Processes[Name(EN)],Tab_Def_Processes[Process_ID],,0,) -> 24__ | M69: =_xlfn.XLOOKUP(L69,Tab_Def_Processes[Name(EN)],Tab_Def_Processes[Process_ID],,0,) -> 24__ | O69: Yes | X69: =Tab_Def_Flows[[#This Row],[CC_DM'[%']]]*Tab_Def_Flows[[#This Row],[DM]] -> 0
A70: FALSE | B70: 69 | C70: ="F_"&LEFT(K70,2)&"_"&LEFT(M70,2) -> F_24_24 | K70: =_xlfn.XLOOKUP(J70,Tab_Def_Processes[Name(EN)],Tab_Def_Processes[Process_ID],,0,) -> 24__ | M70: =_xlfn.XLOOKUP(L70,Tab_Def_Processes[Name(EN)],Tab_Def_Processes[Process_ID],,0,) -> 24__ | O70: Yes | X70: =Tab_Def_Flows[[#This Row],[CC_DM'[%']]]*Tab_Def_Flows[[#This Row],[DM]] -> 0
A71: FALSE | B71: 70 | C71: ="F_"&LEFT(K71,2)&"_"&LEFT(M71,2) -> F_24_24 | K71: =_xlfn.XLOOKUP(J71,Tab_Def_Processes[Name(EN)],Tab_Def_Processes[Process_ID],,0,) -> 24__ | M71: =_xlfn.XLOOKUP(L71,Tab_Def_Processes[Name(EN)],Tab_Def_Processes[Process_ID],,0,) -> 24__ | O71: Yes | X71: =Tab_Def_Flows[[#This Row],[CC_DM'[%']]]*Tab_Def_Flows[[#This Row],[DM]] -> 0
A72: FALSE | B72: 71 | C72: ="F_"&LEFT(K72,2)&"_"&LEFT(M72,2) -> F_24_24 | K72: =_xlfn.XLOOKUP(J72,Tab_Def_Processes[Name(EN)],Tab_Def_Processes[Process_ID],,0,) -> 24__ | M72: =_xlfn.XLOOKUP(L72,Tab_Def_Processes[Name(EN)],Tab_Def_Processes[Process_ID],,0,) -> 24__ | O72: Yes | X72: =Tab_Def_Flows[[#This Row],[CC_DM'[%']]]*Tab_Def_Flows[[#This Row],[DM]] -> 0
A73: FALSE | B73: 72 | C73: ="F_"&LEFT(K73,2)&"_"&LEFT(M73,2) -> F_24_24 | K73: =_xlfn.XLOOKUP(J73,Tab_Def_Processes[Name(EN)],Tab_Def_Processes[Process_ID],,0,) -> 24__ | M73: =_xlfn.XLOOKUP(L73,Tab_Def_Processes[Name(EN)],Tab_Def_Processes[Process_ID],,0,) -> 24__ | O73: Yes | X73: =Tab_Def_Flows[[#This Row],[CC_DM'[%']]]*Tab_Def_Flows[[#This Row],[DM]] -> 0
A74: FALSE | B74: 73 | C74: ="F_"&LEFT(K74,2)&"_"&LEFT(M74,2) -> F_24_24 | K74: =_xlfn.XLOOKUP(J74,Tab_Def_Processes[Name(EN)],Tab_Def_Processes[Process_ID],,0,) -> 24__ | M74: =_xlfn.XLOOKUP(L74,Tab_Def_Processes[Name(EN)],Tab_Def_Processes[Process_ID],,0,) -> 24__ | O74: Yes | X74: =Tab_Def_Flows[[#This Row],[CC_DM'[%']]]*Tab_Def_Flows[[#This Row],[DM]] -> 0
... A77: FALSE | B77: 76 | C77: ="F_"&LEFT(K77,2)&"_"&LEFT(M77,2) -> F_24_24 | K77: =_xlfn.XLOOKUP(J77,Tab_Def_Processes[Name(EN)],Tab_Def_Processes[Process_ID],,0,) -> 24__ | M77: =_xlfn.XLOOKUP(L77,Tab_Def_Processes[Name(EN)],Tab_Def_Processes[Process_ID],,0,) -> 24__ | O77: Yes | X77: =Tab_Def_Flows[[#This Row],[CC_DM'[%']]]*Tab_Def_Flows[[#This Row],[DM]] -> 0

Sheet 1_2_Data_Flows
A1: ID | B1: Flow_ID | C1: Name(EN) | D1: Type_Biomass | E1: Output_Process | F1: Process_ID_O | G1: Input_Process | H1: Process_ID_I | I1: TC? | J1: WC? | K1: DM? | L1: CC? | M1: Year_Flow | N1: Region_Flow | O1: Flow_Source | P1: UoM_Source | Q1: Name_Source | R1: AVV | S1: Titel_Source | T1: Year_Source | U1: Author_Source | V1: Type_Source | W1: URL | X1: CF_required? | Y1: CF | Z1: Name_CF | AA1: Flow_Py | AB1: UoM_Flow_Py | AC1: WC_[%] | AD1: WC_Flow_Py | AE1: UoM_WC_Flow_Py | AF1: DM_[%] | AG1: DM_Flow_Py2 | AH1: UoM_DM_Flow_Py | AI1: CC_[%] | AJ1: CC_Flow_Py | AK1: UoM_CC_Flow_Py
A2: =ROW()-1 -> 1 | B2: =_xlfn.XLOOKUP(C2,Tab_Def_Flows[Name(EN)],Tab_Def_Flows[Flow_ID],,0,) -> F_13_20 | C2: Rye-Plant | D2: =_xlfn.XLOOKUP(C2,Tab_Def_Flows[Name(EN)],Tab_Def_Flows[Type_Biomass],,0,) -> 0 | E2: =_xlfn.XLOOKUP(C2,Tab_Def_Flows[Name(EN)],Tab_Def_Flows[Output_Process],,0,) -> Rye_Cultivation | F2: =_xlfn.XLOOKUP(C2,Tab_Def_Flows[Name(EN)],Tab_Def_Flows[Process_ID_O],,0,) -> 13_Rye_BB | G2: =_xlfn.XLOOKUP(C2,Tab_Def_Flows[Name(EN)],Tab_Def_Flows[Input_Process],,0,) -> Rye_Harvest | H2: =_xlfn.XLOOKUP(C2,Tab_Def_Flows[Name(EN)],Tab_Def_Flows[Process_ID_I],,0,) -> 20_Rye_BB | I2: =_xlfn.XLOOKUP(C2,Tab_Def_Flows[Name(EN)],Tab_Def_Flows[Value_Source],,0,) -> Data_assumption | J2: =_xlfn.XLOOKUP(C2,Tab_Def_Flows[Name(EN)],Tab_Def_Flows[WC?],,0,) -> Yes | K2: =_xlfn.XLOOKUP(C2,Tab_Def_Flows[Name(EN)],Tab_Def_Flows[DM?],,0,) -> Yes | L2: =_xlfn.XLOOKUP(C2,Tab_Def_Flows[Name(EN)],Tab_Def_Flows[CC?],,0,) -> Yes | M2: 2022 | N2: BB | O2: 1506711.5 | P2: Mg/a | Q2: Stramento | X2: No | Y2: 365 | AA2: =IF(X2="no",O2,O2*Y2) -> 1506711.5 | AB2: Mg | AC2: =INDEX(Tab_Def_Flows[[Flow_ID]:[CC_DM_source]],MATCH(Tab_Data_Flows[[#This Row],[Name(EN)]],Tab_Def_Flows[Name(EN)],0),16) -> 0.14 | AD2: =IF(J2="Yes",AA2*Tab_Data_Flows[[#This Row],[WC_'[%']]],"N.A.") -> 210939.62 | AE2: =Tab_Data_Flows[[#This Row],[UoM_Flow_Py]] -> Mg | AF2: =INDEX(Tab_Def_Flows[[Flow_ID]:[CC_DM_source]],MATCH(Tab_Data_Flows[[#This Row],[Name(EN)]],Tab_Def_Flows[Name(EN)],0),18) -> 0.86 | AG2: =IF(K2="Yes",AF2*Tab_Data_Flows[[#This Row],[Flow_Py]],"N.A.") -> 1295771.9 | AH2: =Tab_Data_Flows[[#This Row],[UoM_Flow_Py]] -> Mg | AI2: =INDEX(Tab_Def_Flows[[Flow_ID]:[CC_DM_source]],MATCH(Tab_Data_Flows[[#This Row],[Name(EN)]],Tab_Def_Flows[Name(EN)],0),20) -> 0.48 | AJ2: =IF(L2="Yes",AI2*Tab_Data_Flows[[#This Row],[Flow_Py]]*Tab_Data_Flows[[#This Row],[DM_'[%']]],"N.A.") -> 621970.52 | AK2: =Tab_Data_Flows[[#This Row],[UoM_Flow_Py]] -> Mg | AM2: =Tab_Data_Flows[[#This Row],[CC_Flow_Py]]/27.7 -> 22453.809 | AN2: =AM2*100 -> 2245380.9
A3: =ROW()-1 -> 2 | B3: =_xlfn.XLOOKUP(C3,Tab_Def_Flows[Name(EN)],Tab_Def_Flows[Flow_ID],,0,) -> F_13_20 | C3: Rye-Plant | D3: =_xlfn.XLOOKUP(C3,Tab_Def_Flows[Name(EN)],Tab_Def_Flows[Type_Biomass],,0,) -> 0 | E3: =_xlfn.XLOOKUP(C3,Tab_Def_Flows[Name(EN)],Tab_Def_Flows[Output_Process],,0,) -> Rye_Cultivation | F3: =_xlfn.XLOOKUP(C3,Tab_Def_Flows[Name(EN)],Tab_Def_Flows[Process_ID_O],,0,) -> 13_Rye_BB | G3: =_xlfn.XLOOKUP(C3,Tab_Def_Flows[Name(EN)],Tab_Def_Flows[Input_Process],,0,) -> Rye_Harvest | H3: =_xlfn.XLOOKUP(C3,Tab_Def_Flows[Name(EN)],Tab_Def_Flows[Process_ID_I],,0,) -> 20_Rye_BB | I3: =_xlfn.XLOOKUP(C3,Tab_Def_Flows[Name(EN)],Tab_Def_Flows[Value_Source],,0,) -> Data_assumption | J3: =_xlfn.XLOOKUP(C3,Tab_Def_Flows[Name(EN)],Tab_Def_Flows[WC?],,0,) -> Yes | K3: =_xlfn.XLOOKUP(C3,Tab_Def_Flows[Name(EN)],Tab_Def_Flows[DM?],,0,) -> Yes | L3: =_xlfn.XLOOKUP(C3,Tab_Def_Flows[Name(EN)],Tab_Def_Flows[CC?],,0,) -> Yes | M3: 2023 | N3: BB | O3: =O2*1.02 -> 1536845.8 | P3: Mg/a | Q3: Stramento | X3: No | Y3: 365 | AA3: =IF(X3="no",O3,O3*Y3) -> 1536845.8 | AB3: Mg | AC3: =INDEX(Tab_Def_Flows[[Flow_ID]:[CC_DM_source]],MATCH(Tab_Data_Flows[[#This Row],[Name(EN)]],Tab_Def_Flows[Name(EN)],0),16) -> 0.14 | AD3: =IF(J3="Yes",AA3*Tab_Data_Flows[[#This Row],[WC_'[%']]],"N.A.") -> 215158.41 | AE3: =Tab_Data_Flows[[#This Row],[UoM_Flow_Py]] -> Mg | AF3: =INDEX(Tab_Def_Flows[[Flow_ID]:[CC_DM_source]],MATCH(Tab_Data_Flows[[#This Row],[Name(EN)]],Tab_Def_Flows[Name(EN)],0),18) -> 0.86 | AG3: =IF(K3="Yes",AF3*Tab_Data_Flows[[#This Row],[Flow_Py]],"N.A.") -> 1321687.4 | AH3: =Tab_Data_Flows[[#This Row],[UoM_Flow_Py]] -> Mg | AI3: =INDEX(Tab_Def_Flows[[Flow_ID]:[CC_DM_source]],MATCH(Tab_Data_Flows[[#This Row],[Name(EN)]],Tab_Def_Flows[Name(EN)],0),20) -> 0.48 | AJ3: =IF(L3="Yes",AI3*Tab_Data_Flows[[#This Row],[Flow_Py]]*Tab_Data_Flows[[#This Row],[DM_'[%']]],"N.A.") -> 634409.93 | AK3: =Tab_Data_Flows[[#This Row],[UoM_Flow_Py]] -> Mg
A4: =ROW()-1 -> 3 | B4: =_xlfn.XLOOKUP(C4,Tab_Def_Flows[Name(EN)],Tab_Def_Flows[Flow_ID],,0,) -> F_13_20 | C4: Rye-Plant | D4: =_xlfn.XLOOKUP(C4,Tab_Def_Flows[Name(EN)],Tab_Def_Flows[Type_Biomass],,0,) -> 0 | E4: =_xlfn.XLOOKUP(C4,Tab_Def_Flows[Name(EN)],Tab_Def_Flows[Output_Process],,0,) -> Rye_Cultivation | F4: =_xlfn.XLOOKUP(C4,Tab_Def_Flows[Name(EN)],Tab_Def_Flows[Process_ID_O],,0,) -> 13_Rye_BB | G4: =_xlfn.XLOOKUP(C4,Tab_Def_Flows[Name(EN)],Tab_Def_Flows[Input_Process],,0,) -> Rye_Harvest | H4: =_xlfn.XLOOKUP(C4,Tab_Def_Flows[Name(EN)],Tab_Def_Flows[Process_ID_I],,0,) -> 20_Rye_BB | I4: =_xlfn.XLOOKUP(C4,Tab_Def_Flows[Name(EN)],Tab_Def_Flows[Value_Source],,0,) -> Data_assumption | J4: =_xlfn.XLOOKUP(C4,Tab_Def_Flows[Name(EN)],Tab_Def_Flows[WC?],,0,) -> Yes | K4: =_xlfn.XLOOKUP(C4,Tab_Def_Flows[Name(EN)],Tab_Def_Flows[DM?],,0,) -> Yes | L4: =_xlfn.XLOOKUP(C4,Tab_Def_Flows[Name(EN)],Tab_Def_Flows[CC?],,0,) -> Yes | M4: 2024 | N4: BB | O4: =O3*1.02 -> 1567582.7 | P4: Mg/a | Q4: Stramento | X4: No | Y4: 365 | AA4: =IF(X4="no",O4,O4*Y4) -> 1567582.7 | AB4: Mg | AC4: =INDEX(Tab_Def_Flows[[Flow_ID]:[CC_DM_source]],MATCH(Tab_Data_Flows[[#This Row],[Name(EN)]],Tab_Def_Flows[Name(EN)],0),16) -> 0.14 | AD4: =IF(J4="Yes",AA4*Tab_Data_Flows[[#This Row],[WC_'[%']]],"N.A.") -> 219461.58 | AE4: =Tab_Data_Flows[[#This Row],[UoM_Flow_Py]] -> Mg | AF4: =INDEX(Tab_Def_Flows[[Flow_ID]:[CC_DM_source]],MATCH(Tab_Data_Flows[[#This Row],[Name(EN)]],Tab_Def_Flows[Name(EN)],0),18) -> 0.86 | AG4: =IF(K4="Yes",AF4*Tab_Data_Flows[[#This Row],[Flow_Py]],"N.A.") -> 1348121.1 | AH4: =Tab_Data_Flows[[#This Row],[UoM_Flow_Py]] -> Mg | AI4: =INDEX(Tab_Def_Flows[[Flow_ID]:[CC_DM_source]],MATCH(Tab_Data_Flows[[#This Row],[Name(EN)]],Tab_Def_Flows[Name(EN)],0),20) -> 0.48 | AJ4: =IF(L4="Yes",AI4*Tab_Data_Flows[[#This Row],[Flow_Py]]*Tab_Data_Flows[[#This Row],[DM_'[%']]],"N.A.") -> 647098.13 | AK4: =Tab_Data_Flows[[#This Row],[UoM_Flow_Py]] -> Mg
A5: =ROW()-1 -> 4 | B5: =_xlfn.XLOOKUP(C5,Tab_Def_Flows[Name(EN)],Tab_Def_Flows[Flow_ID],,0,) -> F_13_20 | C5: Rye-Plant | D5: =_xlfn.XLOOKUP(C5,Tab_Def_Flows[Name(EN)],Tab_Def_Flows[Type_Biomass],,0,) -> 0 | E5: =_xlfn.XLOOKUP(C5,Tab_Def_Flows[Name(EN)],Tab_Def_Flows[Output_Process],,0,) -> Rye_Cultivation | F5: =_xlfn.XLOOKUP(C5,Tab_Def_Flows[Name(EN)],Tab_Def_Flows[Process_ID_O],,0,) -> 13_Rye_BB | G5: =_xlfn.XLOOKUP(C5,Tab_Def_Flows[Name(EN)],Tab_Def_Flows[Input_Process],,0,) -> Rye_Harvest | H5: =_xlfn.XLOOKUP(C5,Tab_Def_Flows[Name(EN)],Tab_Def_Flows[Process_ID_I],,0,) -> 20_Rye_BB | I5: =_xlfn.XLOOKUP(C5,Tab_Def_Flows[Name(EN)],Tab_Def_Flows[Value_Source],,0,) -> Data_assumption | J5: =_xlfn.XLOOKUP(C5,Tab_Def_Flows[Name(EN)],Tab_Def_Flows[WC?],,0,) -> Yes | K5: =_xlfn.XLOOKUP(C5,Tab_Def_Flows[Name(EN)],Tab_Def_Flows[DM?],,0,) -> Yes | L5: =_xlfn.XLOOKUP(C5,Tab_Def_Flows[Name(EN)],Tab_Def_Flows[CC?],,0,) -> Yes | M5: 2025 | N5: BB | O5: =O4*1.02 -> 1598934.3 | P5: Mg/a | Q5: Stramento | X5: No | Y5: 365 | AA5: =IF(X5="no",O5,O5*Y5) -> 1598934.3 | AB5: Mg | AC5: =INDEX(Tab_Def_Flows[[Flow_ID]:[CC_DM_source]],MATCH(Tab_Data_Flows[[#This Row],[Name(EN)]],Tab_Def_Flows[Name(EN)],0),16) -> 0.14 | AD5: =IF(J5="Yes",AA5*Tab_Data_Flows[[#This Row],[WC_'[%']]],"N.A.") -> 223850.81 | AE5: =Tab_Data_Flows[[#This Row],[UoM_Flow_Py]] -> Mg | AF5: =INDEX(Tab_Def_Flows[[Flow_ID]:[CC_DM_source]],MATCH(Tab_Data_Flows[[#This Row],[Name(EN)]],Tab_Def_Flows[Name(EN)],0),18) -> 0.86 | AG5: =IF(K5="Yes",AF5*Tab_Data_Flows[[#This Row],[Flow_Py]],"N.A.") -> 1375083.5 | AH5: =Tab_Data_Flows[[#This Row],[UoM_Flow_Py]] -> Mg | AI5: =INDEX(Tab_Def_Flows[[Flow_ID]:[CC_DM_source]],MATCH(Tab_Data_Flows[[#This Row],[Name(EN)]],Tab_Def_Flows[Name(EN)],0),20) -> 0.48 | AJ5: =IF(L5="Yes",AI5*Tab_Data_Flows[[#This Row],[Flow_Py]]*Tab_Data_Flows[[#This Row],[DM_'[%']]],"N.A.") -> 660040.09 | AK5: =Tab_Data_Flows[[#This Row],[UoM_Flow_Py]] -> Mg
A6: =ROW()-1 -> 5 | B6: =_xlfn.XLOOKUP(C6,Tab_Def_Flows[Name(EN)],Tab_Def_Flows[Flow_ID],,0,) -> F_13_20 | C6: Rye-Plant | D6: =_xlfn.XLOOKUP(C6,Tab_Def_Flows[Name(EN)],Tab_Def_Flows[Type_Biomass],,0,) -> 0 | E6: =_xlfn.XLOOKUP(C6,Tab_Def_Flows[Name(EN)],Tab_Def_Flows[Output_Process],,0,) -> Rye_Cultivation | F6: =_xlfn.XLOOKUP(C6,Tab_Def_Flows[Name(EN)],Tab_Def_Flows[Process_ID_O],,0,) -> 13_Rye_BB | G6: =_xlfn.XLOOKUP(C6,Tab_Def_Flows[Name(EN)],Tab_Def_Flows[Input_Process],,0,) -> Rye_Harvest | H6: =_xlfn.XLOOKUP(C6,Tab_Def_Flows[Name(EN)],Tab_Def_Flows[Process_ID_I],,0,) -> 20_Rye_BB | I6: =_xlfn.XLOOKUP(C6,Tab_Def_Flows[Name(EN)],Tab_Def_Flows[Value_Source],,0,) -> Data_assumption | J6: =_xlfn.XLOOKUP(C6,Tab_Def_Flows[Name(EN)],Tab_Def_Flows[WC?],,0,) -> Yes | K6: =_xlfn.XLOOKUP(C6,Tab_Def_Flows[Name(EN)],Tab_Def_Flows[DM?],,0,) -> Yes | L6: =_xlfn.XLOOKUP(C6,Tab_Def_Flows[Name(EN)],Tab_Def_Flows[CC?],,0,) -> Yes | M6: 2026 | N6: BB | O6: =O5*1.02 -> 1630913 | P6: Mg/a | Q6: Stramento | X6: No | Y6: 365 | AA6: =IF(X6="no",O6,O6*Y6) -> 1630913 | AB6: Mg | AC6: =INDEX(Tab_Def_Flows[[Flow_ID]:[CC_DM_source]],MATCH(Tab_Data_Flows[[#This Row],[Name(EN)]],Tab_Def_Flows[Name(EN)],0),16) -> 0.14 | AD6: =IF(J6="Yes",AA6*Tab_Data_Flows[[#This Row],[WC_'[%']]],"N.A.") -> 228327.82 | AE6: =Tab_Data_Flows[[#This Row],[UoM_Flow_Py]] -> Mg | AF6: =INDEX(Tab_Def_Flows[[Flow_ID]:[CC_DM_source]],MATCH(Tab_Data_Flows[[#This Row],[Name(EN)]],Tab_Def_Flows[Name(EN)],0),18) -> 0.86 | AG6: =IF(K6="Yes",AF6*Tab_Data_Flows[[#This Row],[Flow_Py]],"N.A.") -> 1402585.2 | AH6: =Tab_Data_Flows[[#This Row],[UoM_Flow_Py]] -> Mg | AI6: =INDEX(Tab_Def_Flows[[Flow_ID]:[CC_DM_source]],MATCH(Tab_Data_Flows[[#This Row],[Name(EN)]],Tab_Def_Flows[Name(EN)],0),20) -> 0.48 | AJ6: =IF(L6="Yes",AI6*Tab_Data_Flows[[#This Row],[Flow_Py]]*Tab_Data_Flows[[#This Row],[DM_'[%']]],"N.A.") -> 673240.9 | AK6: =Tab_Data_Flows[[#This Row],[UoM_Flow_Py]] -> Mg
A7: =ROW()-1 -> 6 | B7: =_xlfn.XLOOKUP(C7,Tab_Def_Flows[Name(EN)],Tab_Def_Flows[Flow_ID],,0,) -> F_13_20 | C7: Rye-Plant | D7: =_xlfn.XLOOKUP(C7,Tab_Def_Flows[Name(EN)],Tab_Def_Flows[Type_Biomass],,0,) -> 0 | E7: =_xlfn.XLOOKUP(C7,Tab_Def_Flows[Name(EN)],Tab_Def_Flows[Output_Process],,0,) -> Rye_Cultivation | F7: =_xlfn.XLOOKUP(C7,Tab_Def_Flows[Name(EN)],Tab_Def_Flows[Process_ID_O],,0,) -> 13_Rye_BB | G7: =_xlfn.XLOOKUP(C7,Tab_Def_Flows[Name(EN)],Tab_Def_Flows[Input_Process],,0,) -> Rye_Harvest | H7: =_xlfn.XLOOKUP(C7,Tab_Def_Flows[Name(EN)],Tab_Def_Flows[Process_ID_I],,0,) -> 20_Rye_BB | I7: =_xlfn.XLOOKUP(C7,Tab_Def_Flows[Name(EN)],Tab_Def_Flows[Value_Source],,0,) -> Data_assumption | J7: =_xlfn.XLOOKUP(C7,Tab_Def_Flows[Name(EN)],Tab_Def_Flows[WC?],,0,) -> Yes | K7: =_xlfn.XLOOKUP(C7,Tab_Def_Flows[Name(EN)],Tab_Def_Flows[DM?],,0,) -> Yes | L7: =_xlfn.XLOOKUP(C7,Tab_Def_Flows[Name(EN)],Tab_Def_Flows[CC?],,0,) -> Yes | M7: 2027 | N7: BB | O7: =O6*1.02 -> 1663531.3 | P7: Mg/a | Q7: Stramento | X7: No | Y7: 365 | AA7: =IF(X7="no",O7,O7*Y7) -> 1663531.3 | AB7: Mg | AC7: =INDEX(Tab_Def_Flows[[Flow_ID]:[CC_DM_source]],MATCH(Tab_Data_Flows[[#This Row],[Name(EN)]],Tab_Def_Flows[Name(EN)],0),16) -> 0.14 | AD7: =IF(J7="Yes",AA7*Tab_Data_Flows[[#This Row],[WC_'[%']]],"N.A.") -> 232894.38 | AE7: =Tab_Data_Flows[[#This Row],[UoM_Flow_Py]] -> Mg | AF7: =INDEX(Tab_Def_Flows[[Flow_ID]:[CC_DM_source]],MATCH(Tab_Data_Flows[[#This Row],[Name(EN)]],Tab_Def_Flows[Name(EN)],0),18) -> 0.86 | AG7: =IF(K7="Yes",AF7*Tab_Data_Flows[[#This Row],[Flow_Py]],"N.A.") -> 1430636.9 | AH7: =Tab_Data_Flows[[#This Row],[UoM_Flow_Py]] -> Mg | AI7: =INDEX(Tab_Def_Flows[[Flow_ID]:[CC_DM_source]],MATCH(Tab_Data_Flows[[#This Row],[Name(EN)]],Tab_Def_Flows[Name(EN)],0),20) -> 0.48 | AJ7: =IF(L7="Yes",AI7*Tab_Data_Flows[[#This Row],[Flow_Py]]*Tab_Data_Flows[[#This Row],[DM_'[%']]],"N.A.") -> 686705.71 | AK7: =Tab_Data_Flows[[#This Row],[UoM_Flow_Py]] -> Mg
A8: =ROW()-1 -> 7 | B8: =_xlfn.XLOOKUP(C8,Tab_Def_Flows[Name(EN)],Tab_Def_Flows[Flow_ID],,0,) -> F_13_20 | C8: Rye-Plant | D8: =_xlfn.XLOOKUP(C8,Tab_Def_Flows[Name(EN)],Tab_Def_Flows[Type_Biomass],,0,) -> 0 | E8: =_xlfn.XLOOKUP(C8,Tab_Def_Flows[Name(EN)],Tab_Def_Flows[Output_Process],,0,) -> Rye_Cultivation | F8: =_xlfn.XLOOKUP(C8,Tab_Def_Flows[Name(EN)],Tab_Def_Flows[Process_ID_O],,0,) -> 13_Rye_BB | G8: =_xlfn.XLOOKUP(C8,Tab_Def_Flows[Name(EN)],Tab_Def_Flows[Input_Process],,0,) -> Rye_Harvest | H8: =_xlfn.XLOOKUP(C8,Tab_Def_Flows[Name(EN)],Tab_Def_Flows[Process_ID_I],,0,) -> 20_Rye_BB | I8: =_xlfn.XLOOKUP(C8,Tab_Def_Flows[Name(EN)],Tab_Def_Flows[Value_Source],,0,) -> Data_assumption | J8: =_xlfn.XLOOKUP(C8,Tab_Def_Flows[Name(EN)],Tab_Def_Flows[WC?],,0,) -> Yes | K8: =_xlfn.XLOOKUP(C8,Tab_Def_Flows[Name(EN)],Tab_Def_Flows[DM?],,0,) -> Yes | L8: =_xlfn.XLOOKUP(C8,Tab_Def_Flows[Name(EN)],Tab_Def_Flows[CC?],,0,) -> Yes | M8: 2028 | N8: BB | O8: =O7*1.02 -> 1696801.9 | P8: Mg/a | Q8: Stramento | X8: No | Y8: 365 | AA8: =IF(X8="no",O8,O8*Y8) -> 1696801.9 | AB8: Mg | AC8: =INDEX(Tab_Def_Flows[[Flow_ID]:[CC_DM_source]],MATCH(Tab_Data_Flows[[#This Row],[Name(EN)]],Tab_Def_Flows[Name(EN)],0),16) -> 0.14 | AD8: =IF(J8="Yes",AA8*Tab_Data_Flows[[#This Row],[WC_'[%']]],"N.A.") -> 237552.27 | AE8: =Tab_Data_Flows[[#This Row],[UoM_Flow_Py]] -> Mg | AF8: =INDEX(Tab_Def_Flows[[Flow_ID]:[CC_DM_source]],MATCH(Tab_Data_Flows[[#This Row],[Name(EN)]],Tab_Def_Flows[Name(EN)],0),18) -> 0.86 | AG8: =IF(K8="Yes",AF8*Tab_Data_Flows[[#This Row],[Flow_Py]],"N.A.") -> 1459249.6 | AH8: =Tab_Data_Flows[[#This Row],[UoM_Flow_Py]] -> Mg | AI8: =INDEX(Tab_Def_Flows[[Flow_ID]:[CC_DM_source]],MATCH(Tab_Data_Flows[[#This Row],[Name(EN)]],Tab_Def_Flows[Name(EN)],0),20) -> 0.48 | AJ8: =IF(L8="Yes",AI8*Tab_Data_Flows[[#This Row],[Flow_Py]]*Tab_Data_Flows[[#This Row],[DM_'[%']]],"N.A.") -> 700439.83 | AK8: =Tab_Data_Flows[[#This Row],[UoM_Flow_Py]] -> Mg
B9: =_xlfn.XLOOKUP(C9,Tab_Def_Flows[Name(EN)],Tab_Def_Flows[Flow_ID],,0,) -> F_13_20 | C9: Rye-Plant | D9: =_xlfn.XLOOKUP(C9,Tab_Def_Flows[Name(EN)],Tab_Def_Flows[Type_Biomass],,0,) -> 0 | E9: =_xlfn.XLOOKUP(C9,Tab_Def_Flows[Name(EN)],Tab_Def_Flows[Output_Process],,0,) -> Rye_Cultivation | F9: =_xlfn.XLOOKUP(C9,Tab_Def_Flows[Name(EN)],Tab_Def_Flows[Process_ID_O],,0,) -> 13_Rye_BB | G9: =_xlfn.XLOOKUP(C9,Tab_Def_Flows[Name(EN)],Tab_Def_Flows[Input_Process],,0,) -> Rye_Harvest | H9: =_xlfn.XLOOKUP(C9,Tab_Def_Flows[Name(EN)],Tab_Def_Flows[Process_ID_I],,0,) -> 20_Rye_BB | I9: =_xlfn.XLOOKUP(C9,Tab_Def_Flows[Name(EN)],Tab_Def_Flows[Value_Source],,0,) -> Data_assumption | J9: =_xlfn.XLOOKUP(C9,Tab_Def_Flows[Name(EN)],Tab_Def_Flows[WC?],,0,) -> Yes | K9: =_xlfn.XLOOKUP(C9,Tab_Def_Flows[Name(EN)],Tab_Def_Flows[DM?],,0,) -> Yes | L9: =_xlfn.XLOOKUP(C9,Tab_Def_Flows[Name(EN)],Tab_Def_Flows[CC?],,0,) -> Yes | M9: 2029 | N9: BB | O9: =O8*1.02 -> 1730737.9 | P9: Mg/a | R9: =INDEX(Tab_WC_DM_CC[[Flow_ID]:[CC_source]],MATCH(Tab_Data_Flows[[#This Row],[Name(EN)]],Tab_WC_DM_CC[Name(EN)],0),12) -> #N/A | S9: =MATCH(Tab_Data_Flows[[#This Row],[Name(EN)]],Tab_WC_DM_CC[Name(EN)],0) -> #N/A | X9: No | Z9: ='3_1_Calculation_factors (Wood)'!$A$14 -> Mittelwert | AA9: =IF(X9="no",O9,O9*Y9) -> 1730737.9 | AB9: Mg | AC9: =INDEX(Tab_Def_Flows[[Flow_ID]:[CC_DM_source]],MATCH(Tab_Data_Flows[[#This Row],[Name(EN)]],Tab_Def_Flows[Name(EN)],0),16) -> 0.14 | AD9: =IF(J9="Yes",AA9*Tab_Data_Flows[[#This Row],[WC_'[%']]],"N.A.") -> 242303.31 | AE9: =Tab_Data_Flows[[#This Row],[UoM_Flow_Py]] -> Mg | AF9: =INDEX(Tab_Def_Flows[[Flow_ID]:[CC_DM_source]],MATCH(Tab_Data_Flows[[#This Row],[Name(EN)]],Tab_Def_Flows[Name(EN)],0),18) -> 0.86 | AG9: =IF(K9="Yes",AF9*Tab_Data_Flows[[#This Row],[Flow_Py]],"N.A.") -> 1488434.6 | AH9: =Tab_Data_Flows[[#This Row],[UoM_Flow_Py]] -> Mg | AI9: =INDEX(Tab_Def_Flows[[Flow_ID]:[CC_DM_source]],MATCH(Tab_Data_Flows[[#This Row],[Name(EN)]],Tab_Def_Flows[Name(EN)],0),20) -> 0.48 | AJ9: =IF(L9="Yes",AI9*Tab_Data_Flows[[#This Row],[Flow_Py]]*Tab_Data_Flows[[#This Row],[DM_'[%']]],"N.A.") -> 714448.63 | AK9: =Tab_Data_Flows[[#This Row],[UoM_Flow_Py]] -> Mg
B10: =_xlfn.XLOOKUP(C10,Tab_Def_Flows[Name(EN)],Tab_Def_Flows[Flow_ID],,0,) -> F_13_20 | C10: Rye-Plant | D10: =_xlfn.XLOOKUP(C10,Tab_Def_Flows[Name(EN)],Tab_Def_Flows[Type_Biomass],,0,) -> 0 | E10: =_xlfn.XLOOKUP(C10,Tab_Def_Flows[Name(EN)],Tab_Def_Flows[Output_Process],,0,) -> Rye_Cultivation | F10: =_xlfn.XLOOKUP(C10,Tab_Def_Flows[Name(EN)],Tab_Def_Flows[Process_ID_O],,0,) -> 13_Rye_BB | G10: =_xlfn.XLOOKUP(C10,Tab_Def_Flows[Name(EN)],Tab_Def_Flows[Input_Process],,0,) -> Rye_Harvest | H10: =_xlfn.XLOOKUP(C10,Tab_Def_Flows[Name(EN)],Tab_Def_Flows[Process_ID_I],,0,) -> 20_Rye_BB | I10: =_xlfn.XLOOKUP(C10,Tab_Def_Flows[Name(EN)],Tab_Def_Flows[Value_Source],,0,) -> Data_assumption | J10: =_xlfn.XLOOKUP(C10,Tab_Def_Flows[Name(EN)],Tab_Def_Flows[WC?],,0,) -> Yes | K10: =_xlfn.XLOOKUP(C10,Tab_Def_Flows[Name(EN)],Tab_Def_Flows[DM?],,0,) -> Yes | L10: =_xlfn.XLOOKUP(C10,Tab_Def_Flows[Name(EN)],Tab_Def_Flows[CC?],,0,) -> Yes | M10: 2030 | N10: BB | O10: =O9*1.02 -> 1765352.7 | P10: Mg/a | R10: =INDEX(Tab_WC_DM_CC[[Flow_ID]:[CC_source]],MATCH(Tab_Data_Flows[[#This Row],[Name(EN)]],Tab_WC_DM_CC[Name(EN)],0),12) -> #N/A | S10: =MATCH(Tab_Data_Flows[[#This Row],[Name(EN)]],Tab_WC_DM_CC[Name(EN)],0) -> #N/A | X10: No | Z10: ='3_1_Calculation_factors (Wood)'!$A$14 -> Mittelwert | AA10: =IF(X10="no",O10,O10*Y10) -> 1765352.7 | AB10: Mg | AC10: =INDEX(Tab_Def_Flows[[Flow_ID]:[CC_DM_source]],MATCH(Tab_Data_Flows[[#This Row],[Name(EN)]],Tab_Def_Flows[Name(EN)],0),16) -> 0.14 | AD10: =IF(J10="Yes",AA10*Tab_Data_Flows[[#This Row],[WC_'[%']]],"N.A.") -> 247149.38 | AE10: =Tab_Data_Flows[[#This Row],[UoM_Flow_Py]] -> Mg | AF10: =INDEX(Tab_Def_Flows[[Flow_ID]:[CC_DM_source]],MATCH(Tab_Data_Flows[[#This Row],[Name(EN)]],Tab_Def_Flows[Name(EN)],0),18) -> 0.86 | AG10: =IF(K10="Yes",AF10*Tab_Data_Flows[[#This Row],[Flow_Py]],"N.A.") -> 1518203.3 | AH10: =Tab_Data_Flows[[#This Row],[UoM_Flow_Py]] -> Mg | AI10: =INDEX(Tab_Def_Flows[[Flow_ID]:[CC_DM_source]],MATCH(Tab_Data_Flows[[#This Row],[Name(EN)]],Tab_Def_Flows[Name(EN)],0),20) -> 0.48 | AJ10: =IF(L10="Yes",AI10*Tab_Data_Flows[[#This Row],[Flow_Py]]*Tab_Data_Flows[[#This Row],[DM_'[%']]],"N.A.") -> 728737.6 | AK10: =Tab_Data_Flows[[#This Row],[UoM_Flow_Py]] -> Mg
B11: =_xlfn.XLOOKUP(C11,Tab_Def_Flows[Name(EN)],Tab_Def_Flows[Flow_ID],,0,) -> F_13_20 | C11: Rye-Plant | D11: =_xlfn.XLOOKUP(C11,Tab_Def_Flows[Name(EN)],Tab_Def_Flows[Type_Biomass],,0,) -> 0 | E11: =_xlfn.XLOOKUP(C11,Tab_Def_Flows[Name(EN)],Tab_Def_Flows[Output_Process],,0,) -> Rye_Cultivation | F11: =_xlfn.XLOOKUP(C11,Tab_Def_Flows[Name(EN)],Tab_Def_Flows[Process_ID_O],,0,) -> 13_Rye_BB | G11: =_xlfn.XLOOKUP(C11,Tab_Def_Flows[Name(EN)],Tab_Def_Flows[Input_Process],,0,) -> Rye_Harvest | H11: =_xlfn.XLOOKUP(C11,Tab_Def_Flows[Name(EN)],Tab_Def_Flows[Process_ID_I],,0,) -> 20_Rye_BB | I11: =_xlfn.XLOOKUP(C11,Tab_Def_Flows[Name(EN)],Tab_Def_Flows[Value_Source],,0,) -> Data_assumption | J11: =_xlfn.XLOOKUP(C11,Tab_Def_Flows[Name(EN)],Tab_Def_Flows[WC?],,0,) -> Yes | K11: =_xlfn.XLOOKUP(C11,Tab_Def_Flows[Name(EN)],Tab_Def_Flows[DM?],,0,) -> Yes | L11: =_xlfn.XLOOKUP(C11,Tab_Def_Flows[Name(EN)],Tab_Def_Flows[CC?],,0,) -> Yes | M11: 2031 | N11: BB | O11: =O10*1.02 -> 1800659.8 | P11: Mg/a | R11: =INDEX(Tab_WC_DM_CC[[Flow_ID]:[CC_source]],MATCH(Tab_Data_Flows[[#This Row],[Name(EN)]],Tab_WC_DM_CC[Name(EN)],0),12) -> #N/A | S11: =MATCH(Tab_Data_Flows[[#This Row],[Name(EN)]],Tab_WC_DM_CC[Name(EN)],0) -> #N/A | X11: No | Z11: ='3_1_Calculation_factors (Wood)'!$A$14 -> Mittelwert | AA11: =IF(X11="no",O11,O11*Y11) -> 1800659.8 | AB11: Mg | AC11: =INDEX(Tab_Def_Flows[[Flow_ID]:[CC_DM_source]],MATCH(Tab_Data_Flows[[#This Row],[Name(EN)]],Tab_Def_Flows[Name(EN)],0),16) -> 0.14 | AD11: =IF(J11="Yes",AA11*Tab_Data_Flows[[#This Row],[WC_'[%']]],"N.A.") -> 252092.37 | AE11: =Tab_Data_Flows[[#This Row],[UoM_Flow_Py]] -> Mg | AF11: =INDEX(Tab_Def_Flows[[Flow_ID]:[CC_DM_source]],MATCH(Tab_Data_Flows[[#This Row],[Name(EN)]],Tab_Def_Flows[Name(EN)],0),18) -> 0.86 | AG11: =IF(K11="Yes",AF11*Tab_Data_Flows[[#This Row],[Flow_Py]],"N.A.") -> 1548567.4 | AH11: =Tab_Data_Flows[[#This Row],[UoM_Flow_Py]] -> Mg | AI11: =INDEX(Tab_Def_Flows[[Flow_ID]:[CC_DM_source]],MATCH(Tab_Data_Flows[[#This Row],[Name(EN)]],Tab_Def_Flows[Name(EN)],0),20) -> 0.48 | AJ11: =IF(L11="Yes",AI11*Tab_Data_Flows[[#This Row],[Flow_Py]]*Tab_Data_Flows[[#This Row],[DM_'[%']]],"N.A.") -> 743312.35 | AK11: =Tab_Data_Flows[[#This Row],[UoM_Flow_Py]] -> Mg
B12: =_xlfn.XLOOKUP(C12,Tab_Def_Flows[Name(EN)],Tab_Def_Flows[Flow_ID],,0,) -> F_13_20 | C12: Rye-Plant | D12: =_xlfn.XLOOKUP(C12,Tab_Def_Flows[Name(EN)],Tab_Def_Flows[Type_Biomass],,0,) -> 0 | E12: =_xlfn.XLOOKUP(C12,Tab_Def_Flows[Name(EN)],Tab_Def_Flows[Output_Process],,0,) -> Rye_Cultivation | F12: =_xlfn.XLOOKUP(C12,Tab_Def_Flows[Name(EN)],Tab_Def_Flows[Process_ID_O],,0,) -> 13_Rye_BB | G12: =_xlfn.XLOOKUP(C12,Tab_Def_Flows[Name(EN)],Tab_Def_Flows[Input_Process],,0,) -> Rye_Harvest | H12: =_xlfn.XLOOKUP(C12,Tab_Def_Flows[Name(EN)],Tab_Def_Flows[Process_ID_I],,0,) -> 20_Rye_BB | I12: =_xlfn.XLOOKUP(C12,Tab_Def_Flows[Name(EN)],Tab_Def_Flows[Value_Source],,0,) -> Data_assumption | J12: =_xlfn.XLOOKUP(C12,Tab_Def_Flows[Name(EN)],Tab_Def_Flows[WC?],,0,) -> Yes | K12: =_xlfn.XLOOKUP(C12,Tab_Def_Flows[Name(EN)],Tab_Def_Flows[DM?],,0,) -> Yes | L12: =_xlfn.XLOOKUP(C12,Tab_Def_Flows[Name(EN)],Tab_Def_Flows[CC?],,0,) -> Yes | M12: 2032 | N12: BB | O12: =O11*1.02 -> 1836673 | P12: Mg/a | R12: =INDEX(Tab_WC_DM_CC[[Flow_ID]:[CC_source]],MATCH(Tab_Data_Flows[[#This Row],[Name(EN)]],Tab_WC_DM_CC[Name(EN)],0),12) -> #N/A | S12: =MATCH(Tab_Data_Flows[[#This Row],[Name(EN)]],Tab_WC_DM_CC[Name(EN)],0) -> #N/A | X12: No | Z12: ='3_1_Calculation_factors (Wood)'!$A$14 -> Mittelwert | AA12: =IF(X12="no",O12,O12*Y12) -> 1836673 | AB12: Mg | AC12: =INDEX(Tab_Def_Flows[[Flow_ID]:[CC_DM_source]],MATCH(Tab_Data_Flows[[#This Row],[Name(EN)]],Tab_Def_Flows[Name(EN)],0),16) -> 0.14 | AD12: =IF(J12="Yes",AA12*Tab_Data_Flows[[#This Row],[WC_'[%']]],"N.A.") -> 257134.21 | AE12: =Tab_Data_Flows[[#This Row],[UoM_Flow_Py]] -> Mg | AF12: =INDEX(Tab_Def_Flows[[Flow_ID]:[CC_DM_source]],MATCH(Tab_Data_Flows[[#This Row],[Name(EN)]],Tab_Def_Flows[Name(EN)],0),18) -> 0.86 | AG12: =IF(K12="Yes",AF12*Tab_Data_Flows[[#This Row],[Flow_Py]],"N.A.") -> 1579538.7 | AH12: =Tab_Data_Flows[[#This Row],[UoM_Flow_Py]] -> Mg | AI12: =INDEX(Tab_Def_Flows[[Flow_ID]:[CC_DM_source]],MATCH(Tab_Data_Flows[[#This Row],[Name(EN)]],Tab_Def_Flows[Name(EN)],0),20) -> 0.48 | AJ12: =IF(L12="Yes",AI12*Tab_Data_Flows[[#This Row],[Flow_Py]]*Tab_Data_Flows[[#This Row],[DM_'[%']]],"N.A.") -> 758178.6 | AK12: =Tab_Data_Flows[[#This Row],[UoM_Flow_Py]] -> Mg
B13: =_xlfn.XLOOKUP(C13,Tab_Def_Flows[Name(EN)],Tab_Def_Flows[Flow_ID],,0,) -> F_13_20 | C13: Rye-Plant | D13: =_xlfn.XLOOKUP(C13,Tab_Def_Flows[Name(EN)],Tab_Def_Flows[Type_Biomass],,0,) -> 0 | E13: =_xlfn.XLOOKUP(C13,Tab_Def_Flows[Name(EN)],Tab_Def_Flows[Output_Process],,0,) -> Rye_Cultivation | F13: =_xlfn.XLOOKUP(C13,Tab_Def_Flows[Name(EN)],Tab_Def_Flows[Process_ID_O],,0,) -> 13_Rye_BB | G13: =_xlfn.XLOOKUP(C13,Tab_Def_Flows[Name(EN)],Tab_Def_Flows[Input_Process],,0,) -> Rye_Harvest | H13: =_xlfn.XLOOKUP(C13,Tab_Def_Flows[Name(EN)],Tab_Def_Flows[Process_ID_I],,0,) -> 20_Rye_BB | I13: =_xlfn.XLOOKUP(C13,Tab_Def_Flows[Name(EN)],Tab_Def_Flows[Value_Source],,0,) -> Data_assumption | J13: =_xlfn.XLOOKUP(C13,Tab_Def_Flows[Name(EN)],Tab_Def_Flows[WC?],,0,) -> Yes | K13: =_xlfn.XLOOKUP(C13,Tab_Def_Flows[Name(EN)],Tab_Def_Flows[DM?],,0,) -> Yes | L13: =_xlfn.XLOOKUP(C13,Tab_Def_Flows[Name(EN)],Tab_Def_Flows[CC?],,0,) -> Yes | M13: 2033 | N13: BB | O13: =O12*1.02 -> 1873406.4 | P13: Mg/a | R13: =INDEX(Tab_WC_DM_CC[[Flow_ID]:[CC_source]],MATCH(Tab_Data_Flows[[#This Row],[Name(EN)]],Tab_WC_DM_CC[Name(EN)],0),12) -> #N/A | S13: =MATCH(Tab_Data_Flows[[#This Row],[Name(EN)]],Tab_WC_DM_CC[Name(EN)],0) -> #N/A | X13: No | Z13: ='3_1_Calculation_factors (Wood)'!$A$14 -> Mittelwert | AA13: =IF(X13="no",O13,O13*Y13) -> 1873406.4 | AB13: Mg | AC13: =INDEX(Tab_Def_Flows[[Flow_ID]:[CC_DM_source]],MATCH(Tab_Data_Flows[[#This Row],[Name(EN)]],Tab_Def_Flows[Name(EN)],0),16) -> 0.14 | AD13: =IF(J13="Yes",AA13*Tab_Data_Flows[[#This Row],[WC_'[%']]],"N.A.") -> 262276.9 | AE13: =Tab_Data_Flows[[#This Row],[UoM_Flow_Py]] -> Mg | AF13: =INDEX(Tab_Def_Flows[[Flow_ID]:[CC_DM_source]],MATCH(Tab_Data_Flows[[#This Row],[Name(EN)]],Tab_Def_Flows[Name(EN)],0),18) -> 0.86 | AG13: =IF(K13="Yes",AF13*Tab_Data_Flows[[#This Row],[Flow_Py]],"N.A.") -> 1611129.5 | AH13: =Tab_Data_Flows[[#This Row],[UoM_Flow_Py]] -> Mg | AI13: =INDEX(Tab_Def_Flows[[Flow_ID]:[CC_DM_source]],MATCH(Tab_Data_Flows[[#This Row],[Name(EN)]],Tab_Def_Flows[Name(EN)],0),20) -> 0.48 | AJ13: =IF(L13="Yes",AI13*Tab_Data_Flows[[#This Row],[Flow_Py]]*Tab_Data_Flows[[#This Row],[DM_'[%']]],"N.A.") -> 773342.17 | AK13: =Tab_Data_Flows[[#This Row],[UoM_Flow_Py]] -> Mg
B14: =_xlfn.XLOOKUP(C14,Tab_Def_Flows[Name(EN)],Tab_Def_Flows[Flow_ID],,0,) -> F_13_20 | C14: Rye-Plant | D14: =_xlfn.XLOOKUP(C14,Tab_Def_Flows[Name(EN)],Tab_Def_Flows[Type_Biomass],,0,) -> 0 | E14: =_xlfn.XLOOKUP(C14,Tab_Def_Flows[Name(EN)],Tab_Def_Flows[Output_Process],,0,) -> Rye_Cultivation | F14: =_xlfn.XLOOKUP(C14,Tab_Def_Flows[Name(EN)],Tab_Def_Flows[Process_ID_O],,0,) -> 13_Rye_BB | G14: =_xlfn.XLOOKUP(C14,Tab_Def_Flows[Name(EN)],Tab_Def_Flows[Input_Process],,0,) -> Rye_Harvest | H14: =_xlfn.XLOOKUP(C14,Tab_Def_Flows[Name(EN)],Tab_Def_Flows[Process_ID_I],,0,) -> 20_Rye_BB | I14: =_xlfn.XLOOKUP(C14,Tab_Def_Flows[Name(EN)],Tab_Def_Flows[Value_Source],,0,) -> Data_assumption | J14: =_xlfn.XLOOKUP(C14,Tab_Def_Flows[Name(EN)],Tab_Def_Flows[WC?],,0,) -> Yes | K14: =_xlfn.XLOOKUP(C14,Tab_Def_Flows[Name(EN)],Tab_Def_Flows[DM?],,0,) -> Yes | L14: =_xlfn.XLOOKUP(C14,Tab_Def_Flows[Name(EN)],Tab_Def_Flows[CC?],,0,) -> Yes | M14: 2034 | N14: BB | O14: =O13*1.02 -> 1910874.5 | P14: Mg/a | R14: =INDEX(Tab_WC_DM_CC[[Flow_ID]:[CC_source]],MATCH(Tab_Data_Flows[[#This Row],[Name(EN)]],Tab_WC_DM_CC[Name(EN)],0),12) -> #N/A | S14: =MATCH(Tab_Data_Flows[[#This Row],[Name(EN)]],Tab_WC_DM_CC[Name(EN)],0) -> #N/A | X14: No | Z14: ='3_1_Calculation_factors (Wood)'!$A$14 -> Mittelwert | AA14: =IF(X14="no",O14,O14*Y14) -> 1910874.5 | AB14: Mg | AC14: =INDEX(Tab_Def_Flows[[Flow_ID]:[CC_DM_source]],MATCH(Tab_Data_Flows[[#This Row],[Name(EN)]],Tab_Def_Flows[Name(EN)],0),16) -> 0.14 | AD14: =IF(J14="Yes",AA14*Tab_Data_Flows[[#This Row],[WC_'[%']]],"N.A.") -> 267522.44 | AE14: =Tab_Data_Flows[[#This Row],[UoM_Flow_Py]] -> Mg | AF14: =INDEX(Tab_Def_Flows[[Flow_ID]:[CC_DM_source]],MATCH(Tab_Data_Flows[[#This Row],[Name(EN)]],Tab_Def_Flows[Name(EN)],0),18) -> 0.86 | AG14: =IF(K14="Yes",AF14*Tab_Data_Flows[[#This Row],[Flow_Py]],"N.A.") -> 1643352.1 | AH14: =Tab_Data_Flows[[#This Row],[UoM_Flow_Py]] -> Mg | AI14: =INDEX(Tab_Def_Flows[[Flow_ID]:[CC_DM_source]],MATCH(Tab_Data_Flows[[#This Row],[Name(EN)]],Tab_Def_Flows[Name(EN)],0),20) -> 0.48 | AJ14: =IF(L14="Yes",AI14*Tab_Data_Flows[[#This Row],[Flow_Py]]*Tab_Data_Flows[[#This Row],[DM_'[%']]],"N.A.") -> 788809.01 | AK14: =Tab_Data_Flows[[#This Row],[UoM_Flow_Py]] -> Mg
B15: =_xlfn.XLOOKUP(C15,Tab_Def_Flows[Name(EN)],Tab_Def_Flows[Flow_ID],,0,) -> F_13_20 | C15: Rye-Plant | D15: =_xlfn.XLOOKUP(C15,Tab_Def_Flows[Name(EN)],Tab_Def_Flows[Type_Biomass],,0,) -> 0 | E15: =_xlfn.XLOOKUP(C15,Tab_Def_Flows[Name(EN)],Tab_Def_Flows[Output_Process],,0,) -> Rye_Cultivation | F15: =_xlfn.XLOOKUP(C15,Tab_Def_Flows[Name(EN)],Tab_Def_Flows[Process_ID_O],,0,) -> 13_Rye_BB | G15: =_xlfn.XLOOKUP(C15,Tab_Def_Flows[Name(EN)],Tab_Def_Flows[Input_Process],,0,) -> Rye_Harvest | H15: =_xlfn.XLOOKUP(C15,Tab_Def_Flows[Name(EN)],Tab_Def_Flows[Process_ID_I],,0,) -> 20_Rye_BB | I15: =_xlfn.XLOOKUP(C15,Tab_Def_Flows[Name(EN)],Tab_Def_Flows[Value_Source],,0,) -> Data_assumption | J15: =_xlfn.XLOOKUP(C15,Tab_Def_Flows[Name(EN)],Tab_Def_Flows[WC?],,0,) -> Yes | K15: =_xlfn.XLOOKUP(C15,Tab_Def_Flows[Name(EN)],Tab_Def_Flows[DM?],,0,) -> Yes | L15: =_xlfn.XLOOKUP(C15,Tab_Def_Flows[Name(EN)],Tab_Def_Flows[CC?],,0,) -> Yes | M15: 2035 | N15: BB | O15: =O14*1.02 -> 1949092 | P15: Mg/a | R15: =INDEX(Tab_WC_DM_CC[[Flow_ID]:[CC_source]],MATCH(Tab_Data_Flows[[#This Row],[Name(EN)]],Tab_WC_DM_CC[Name(EN)],0),12) -> #N/A | S15: =MATCH(Tab_Data_Flows[[#This Row],[Name(EN)]],Tab_WC_DM_CC[Name(EN)],0) -> #N/A | X15: No | Z15: ='3_1_Calculation_factors (Wood)'!$A$14 -> Mittelwert | AA15: =IF(X15="no",O15,O15*Y15) -> 1949092 | AB15: Mg | AC15: =INDEX(Tab_Def_Flows[[Flow_ID]:[CC_DM_source]],MATCH(Tab_Data_Flows[[#This Row],[Name(EN)]],Tab_Def_Flows[Name(EN)],0),16) -> 0.14 | AD15: =IF(J15="Yes",AA15*Tab_Data_Flows[[#This Row],[WC_'[%']]],"N.A.") -> 272872.89 | AE15: =Tab_Data_Flows[[#This Row],[UoM_Flow_Py]] -> Mg | AF15: =INDEX(Tab_Def_Flows[[Flow_ID]:[CC_DM_source]],MATCH(Tab_Data_Flows[[#This Row],[Name(EN)]],Tab_Def_Flows[Name(EN)],0),18) -> 0.86 | AG15: =IF(K15="Yes",AF15*Tab_Data_Flows[[#This Row],[Flow_Py]],"N.A.") -> 1676219.2 | AH15: =Tab_Data_Flows[[#This Row],[UoM_Flow_Py]] -> Mg | AI15: =INDEX(Tab_Def_Flows[[Flow_ID]:[CC_DM_source]],MATCH(Tab_Data_Flows[[#This Row],[Name(EN)]],Tab_Def_Flows[Name(EN)],0),20) -> 0.48 | AJ15: =IF(L15="Yes",AI15*Tab_Data_Flows[[#This Row],[Flow_Py]]*Tab_Data_Flows[[#This Row],[DM_'[%']]],"N.A.") -> 804585.19 | AK15: =Tab_Data_Flows[[#This Row],[UoM_Flow_Py]] -> Mg
B16: =_xlfn.XLOOKUP(C16,Tab_Def_Flows[Name(EN)],Tab_Def_Flows[Flow_ID],,0,) -> F_13_20 | C16: Rye-Plant | D16: =_xlfn.XLOOKUP(C16,Tab_Def_Flows[Name(EN)],Tab_Def_Flows[Type_Biomass],,0,) -> 0 | E16: =_xlfn.XLOOKUP(C16,Tab_Def_Flows[Name(EN)],Tab_Def_Flows[Output_Process],,0,) -> Rye_Cultivation | F16: =_xlfn.XLOOKUP(C16,Tab_Def_Flows[Name(EN)],Tab_Def_Flows[Process_ID_O],,0,) -> 13_Rye_BB | G16: =_xlfn.XLOOKUP(C16,Tab_Def_Flows[Name(EN)],Tab_Def_Flows[Input_Process],,0,) -> Rye_Harvest | H16: =_xlfn.XLOOKUP(C16,Tab_Def_Flows[Name(EN)],Tab_Def_Flows[Process_ID_I],,0,) -> 20_Rye_BB | I16: =_xlfn.XLOOKUP(C16,Tab_Def_Flows[Name(EN)],Tab_Def_Flows[Value_Source],,0,) -> Data_assumption | J16: =_xlfn.XLOOKUP(C16,Tab_Def_Flows[Name(EN)],Tab_Def_Flows[WC?],,0,) -> Yes | K16: =_xlfn.XLOOKUP(C16,Tab_Def_Flows[Name(EN)],Tab_Def_Flows[DM?],,0,) -> Yes | L16: =_xlfn.XLOOKUP(C16,Tab_Def_Flows[Name(EN)],Tab_Def_Flows[CC?],,0,) -> Yes | M16: 2036 | N16: BB | O16: =O15*1.02 -> 1988073.9 | P16: Mg/a | R16: =INDEX(Tab_WC_DM_CC[[Flow_ID]:[CC_source]],MATCH(Tab_Data_Flows[[#This Row],[Name(EN)]],Tab_WC_DM_CC[Name(EN)],0),12) -> #N/A | S16: =MATCH(Tab_Data_Flows[[#This Row],[Name(EN)]],Tab_WC_DM_CC[Name(EN)],0) -> #N/A | X16: No | Z16: ='3_1_Calculation_factors (Wood)'!$A$14 -> Mittelwert | AA16: =IF(X16="no",O16,O16*Y16) -> 1988073.9 | AB16: Mg | AC16: =INDEX(Tab_Def_Flows[[Flow_ID]:[CC_DM_source]],MATCH(Tab_Data_Flows[[#This Row],[Name(EN)]],Tab_Def_Flows[Name(EN)],0),16) -> 0.14 | AD16: =IF(J16="Yes",AA16*Tab_Data_Flows[[#This Row],[WC_'[%']]],"N.A.") -> 278330.34 | AE16: =Tab_Data_Flows[[#This Row],[UoM_Flow_Py]] -> Mg | AF16: =INDEX(Tab_Def_Flows[[Flow_ID]:[CC_DM_source]],MATCH(Tab_Data_Flows[[#This Row],[Name(EN)]],Tab_Def_Flows[Name(EN)],0),18) -> 0.86 | AG16: =IF(K16="Yes",AF16*Tab_Data_Flows[[#This Row],[Flow_Py]],"N.A.") -> 1709743.5 | AH16: =Tab_Data_Flows[[#This Row],[UoM_Flow_Py]] -> Mg | AI16: =INDEX(Tab_Def_Flows[[Flow_ID]:[CC_DM_source]],MATCH(Tab_Data_Flows[[#This Row],[Name(EN)]],Tab_Def_Flows[Name(EN)],0),20) -> 0.48 | AJ16: =IF(L16="Yes",AI16*Tab_Data_Flows[[#This Row],[Flow_Py]]*Tab_Data_Flows[[#This Row],[DM_'[%']]],"N.A.") -> 820676.9 | AK16: =Tab_Data_Flows[[#This Row],[UoM_Flow_Py]] -> Mg
B17: =_xlfn.XLOOKUP(C17,Tab_Def_Flows[Name(EN)],Tab_Def_Flows[Flow_ID],,0,) -> F_13_20 | C17: Rye-Plant | D17: =_xlfn.XLOOKUP(C17,Tab_Def_Flows[Name(EN)],Tab_Def_Flows[Type_Biomass],,0,) -> 0 | E17: =_xlfn.XLOOKUP(C17,Tab_Def_Flows[Name(EN)],Tab_Def_Flows[Output_Process],,0,) -> Rye_Cultivation | F17: =_xlfn.XLOOKUP(C17,Tab_Def_Flows[Name(EN)],Tab_Def_Flows[Process_ID_O],,0,) -> 13_Rye_BB | G17: =_xlfn.XLOOKUP(C17,Tab_Def_Flows[Name(EN)],Tab_Def_Flows[Input_Process],,0,) -> Rye_Harvest | H17: =_xlfn.XLOOKUP(C17,Tab_Def_Flows[Name(EN)],Tab_Def_Flows[Process_ID_I],,0,) -> 20_Rye_BB | I17: =_xlfn.XLOOKUP(C17,Tab_Def_Flows[Name(EN)],Tab_Def_Flows[Value_Source],,0,) -> Data_assumption | J17: =_xlfn.XLOOKUP(C17,Tab_Def_Flows[Name(EN)],Tab_Def_Flows[WC?],,0,) -> Yes | K17: =_xlfn.XLOOKUP(C17,Tab_Def_Flows[Name(EN)],Tab_Def_Flows[DM?],,0,) -> Yes | L17: =_xlfn.XLOOKUP(C17,Tab_Def_Flows[Name(EN)],Tab_Def_Flows[CC?],,0,) -> Yes | M17: 2037 | N17: BB | O17: =O16*1.02 -> 2027835.4 | P17: Mg/a | R17: =INDEX(Tab_WC_DM_CC[[Flow_ID]:[CC_source]],MATCH(Tab_Data_Flows[[#This Row],[Name(EN)]],Tab_WC_DM_CC[Name(EN)],0),12) -> #N/A | S17: =MATCH(Tab_Data_Flows[[#This Row],[Name(EN)]],Tab_WC_DM_CC[Name(EN)],0) -> #N/A | X17: No | Z17: ='3_1_Calculation_factors (Wood)'!$A$14 -> Mittelwert | AA17: =IF(X17="no",O17,O17*Y17) -> 2027835.4 | AB17: Mg | AC17: =INDEX(Tab_Def_Flows[[Flow_ID]:[CC_DM_source]],MATCH(Tab_Data_Flows[[#This Row],[Name(EN)]],Tab_Def_Flows[Name(EN)],0),16) -> 0.14 | AD17: =IF(J17="Yes",AA17*Tab_Data_Flows[[#This Row],[WC_'[%']]],"N.A.") -> 283896.95 | AE17: =Tab_Data_Flows[[#This Row],[UoM_Flow_Py]] -> Mg | AF17: =INDEX(Tab_Def_Flows[[Flow_ID]:[CC_DM_source]],MATCH(Tab_Data_Flows[[#This Row],[Name(EN)]],Tab_Def_Flows[Name(EN)],0),18) -> 0.86 | AG17: =IF(K17="Yes",AF17*Tab_Data_Flows[[#This Row],[Flow_Py]],"N.A.") -> 1743938.4 | AH17: =Tab_Data_Flows[[#This Row],[UoM_Flow_Py]] -> Mg | AI17: =INDEX(Tab_Def_Flows[[Flow_ID]:[CC_DM_source]],MATCH(Tab_Data_Flows[[#This Row],[Name(EN)]],Tab_Def_Flows[Name(EN)],0),20) -> 0.48 | AJ17: =IF(L17="Yes",AI17*Tab_Data_Flows[[#This Row],[Flow_Py]]*Tab_Data_Flows[[#This Row],[DM_'[%']]],"N.A.") -> 837090.43 | AK17: =Tab_Data_Flows[[#This Row],[UoM_Flow_Py]] -> Mg
B18: =_xlfn.XLOOKUP(C18,Tab_Def_Flows[Name(EN)],Tab_Def_Flows[Flow_ID],,0,) -> F_13_20 | C18: Rye-Plant | D18: =_xlfn.XLOOKUP(C18,Tab_Def_Flows[Name(EN)],Tab_Def_Flows[Type_Biomass],,0,) -> 0 | E18: =_xlfn.XLOOKUP(C18,Tab_Def_Flows[Name(EN)],Tab_Def_Flows[Output_Process],,0,) -> Rye_Cultivation | F18: =_xlfn.XLOOKUP(C18,Tab_Def_Flows[Name(EN)],Tab_Def_Flows[Process_ID_O],,0,) -> 13_Rye_BB | G18: =_xlfn.XLOOKUP(C18,Tab_Def_Flows[Name(EN)],Tab_Def_Flows[Input_Process],,0,) -> Rye_Harvest | H18: =_xlfn.XLOOKUP(C18,Tab_Def_Flows[Name(EN)],Tab_Def_Flows[Process_ID_I],,0,) -> 20_Rye_BB | I18: =_xlfn.XLOOKUP(C18,Tab_Def_Flows[Name(EN)],Tab_Def_Flows[Value_Source],,0,) -> Data_assumption | J18: =_xlfn.XLOOKUP(C18,Tab_Def_Flows[Name(EN)],Tab_Def_Flows[WC?],,0,) -> Yes | K18: =_xlfn.XLOOKUP(C18,Tab_Def_Flows[Name(EN)],Tab_Def_Flows[DM?],,0,) -> Yes | L18: =_xlfn.XLOOKUP(C18,Tab_Def_Flows[Name(EN)],Tab_Def_Flows[CC?],,0,) -> Yes | M18: 2038 | N18: BB | O18: =O17*1.02 -> 2068392.1 | P18: Mg/a | R18: =INDEX(Tab_WC_DM_CC[[Flow_ID]:[CC_source]],MATCH(Tab_Data_Flows[[#This Row],[Name(EN)]],Tab_WC_DM_CC[Name(EN)],0),12) -> #N/A | S18: =MATCH(Tab_Data_Flows[[#This Row],[Name(EN)]],Tab_WC_DM_CC[Name(EN)],0) -> #N/A | X18: No | Z18: ='3_1_Calculation_factors (Wood)'!$A$14 -> Mittelwert | AA18: =IF(X18="no",O18,O18*Y18) -> 2068392.1 | AB18: Mg | AC18: =INDEX(Tab_Def_Flows[[Flow_ID]:[CC_DM_source]],MATCH(Tab_Data_Flows[[#This Row],[Name(EN)]],Tab_Def_Flows[Name(EN)],0),16) -> 0.14 | AD18: =IF(J18="Yes",AA18*Tab_Data_Flows[[#This Row],[WC_'[%']]],"N.A.") -> 289574.89 | AE18: =Tab_Data_Flows[[#This Row],[UoM_Flow_Py]] -> Mg | AF18: =INDEX(Tab_Def_Flows[[Flow_ID]:[CC_DM_source]],MATCH(Tab_Data_Flows[[#This Row],[Name(EN)]],Tab_Def_Flows[Name(EN)],0),18) -> 0.86 | AG18: =IF(K18="Yes",AF18*Tab_Data_Flows[[#This Row],[Flow_Py]],"N.A.") -> 1778817.2 | AH18: =Tab_Data_Flows[[#This Row],[UoM_Flow_Py]] -> Mg | AI18: =INDEX(Tab_Def_Flows[[Flow_ID]:[CC_DM_source]],MATCH(Tab_Data_Flows[[#This Row],[Name(EN)]],Tab_Def_Flows[Name(EN)],0),20) -> 0.48 | AJ18: =IF(L18="Yes",AI18*Tab_Data_Flows[[#This Row],[Flow_Py]]*Tab_Data_Flows[[#This Row],[DM_'[%']]],"N.A.") -> 853832.24 | AK18: =Tab_Data_Flows[[#This Row],[UoM_Flow_Py]] -> Mg
B19: =_xlfn.XLOOKUP(C19,Tab_Def_Flows[Name(EN)],Tab_Def_Flows[Flow_ID],,0,) -> F_13_20 | C19: Rye-Plant | D19: =_xlfn.XLOOKUP(C19,Tab_Def_Flows[Name(EN)],Tab_Def_Flows[Type_Biomass],,0,) -> 0 | E19: =_xlfn.XLOOKUP(C19,Tab_Def_Flows[Name(EN)],Tab_Def_Flows[Output_Process],,0,) -> Rye_Cultivation | F19: =_xlfn.XLOOKUP(C19,Tab_Def_Flows[Name(EN)],Tab_Def_Flows[Process_ID_O],,0,) -> 13_Rye_BB | G19: =_xlfn.XLOOKUP(C19,Tab_Def_Flows[Name(EN)],Tab_Def_Flows[Input_Process],,0,) -> Rye_Harvest | H19: =_xlfn.XLOOKUP(C19,Tab_Def_Flows[Name(EN)],Tab_Def_Flows[Process_ID_I],,0,) -> 20_Rye_BB | I19: =_xlfn.XLOOKUP(C19,Tab_Def_Flows[Name(EN)],Tab_Def_Flows[Value_Source],,0,) -> Data_assumption | J19: =_xlfn.XLOOKUP(C19,Tab_Def_Flows[Name(EN)],Tab_Def_Flows[WC?],,0,) -> Yes | K19: =_xlfn.XLOOKUP(C19,Tab_Def_Flows[Name(EN)],Tab_Def_Flows[DM?],,0,) -> Yes | L19: =_xlfn.XLOOKUP(C19,Tab_Def_Flows[Name(EN)],Tab_Def_Flows[CC?],,0,) -> Yes | M19: 2039 | N19: BB | O19: =O18*1.02 -> 2109759.9 | P19: Mg/a | R19: =INDEX(Tab_WC_DM_CC[[Flow_ID]:[CC_source]],MATCH(Tab_Data_Flows[[#This Row],[Name(EN)]],Tab_WC_DM_CC[Name(EN)],0),12) -> #N/A | S19: =MATCH(Tab_Data_Flows[[#This Row],[Name(EN)]],Tab_WC_DM_CC[Name(EN)],0) -> #N/A | X19: No | Z19: ='3_1_Calculation_factors (Wood)'!$A$14 -> Mittelwert | AA19: =IF(X19="no",O19,O19*Y19) -> 2109759.9 | AB19: Mg | AC19: =INDEX(Tab_Def_Flows[[Flow_ID]:[CC_DM_source]],MATCH(Tab_Data_Flows[[#This Row],[Name(EN)]],Tab_Def_Flows[Name(EN)],0),16) -> 0.14 | AD19: =IF(J19="Yes",AA19*Tab_Data_Flows[[#This Row],[WC_'[%']]],"N.A.") -> 295366.39 | AE19: =Tab_Data_Flows[[#This Row],[UoM_Flow_Py]] -> Mg | AF19: =INDEX(Tab_Def_Flows[[Flow_ID]:[CC_DM_source]],MATCH(Tab_Data_Flows[[#This Row],[Name(EN)]],Tab_Def_Flows[Name(EN)],0),18) -> 0.86 | AG19: =IF(K19="Yes",AF19*Tab_Data_Flows[[#This Row],[Flow_Py]],"N.A.") -> 1814393.5 | AH19: =Tab_Data_Flows[[#This Row],[UoM_Flow_Py]] -> Mg | AI19: =INDEX(Tab_Def_Flows[[Flow_ID]:[CC_DM_source]],MATCH(Tab_Data_Flows[[#This Row],[Name(EN)]],Tab_Def_Flows[Name(EN)],0),20) -> 0.48 | AJ19: =IF(L19="Yes",AI19*Tab_Data_Flows[[#This Row],[Flow_Py]]*Tab_Data_Flows[[#This Row],[DM_'[%']]],"N.A.") -> 870908.89 | AK19: =Tab_Data_Flows[[#This Row],[UoM_Flow_Py]] -> Mg
B20: =_xlfn.XLOOKUP(C20,Tab_Def_Flows[Name(EN)],Tab_Def_Flows[Flow_ID],,0,) -> F_13_20 | C20: Rye-Plant | D20: =_xlfn.XLOOKUP(C20,Tab_Def_Flows[Name(EN)],Tab_Def_Flows[Type_Biomass],,0,) -> 0 | E20: =_xlfn.XLOOKUP(C20,Tab_Def_Flows[Name(EN)],Tab_Def_Flows[Output_Process],,0,) -> Rye_Cultivation | F20: =_xlfn.XLOOKUP(C20,Tab_Def_Flows[Name(EN)],Tab_Def_Flows[Process_ID_O],,0,) -> 13_Rye_BB | G20: =_xlfn.XLOOKUP(C20,Tab_Def_Flows[Name(EN)],Tab_Def_Flows[Input_Process],,0,) -> Rye_Harvest | H20: =_xlfn.XLOOKUP(C20,Tab_Def_Flows[Name(EN)],Tab_Def_Flows[Process_ID_I],,0,) -> 20_Rye_BB | I20: =_xlfn.XLOOKUP(C20,Tab_Def_Flows[Name(EN)],Tab_Def_Flows[Value_Source],,0,) -> Data_assumption | J20: =_xlfn.XLOOKUP(C20,Tab_Def_Flows[Name(EN)],Tab_Def_Flows[WC?],,0,) -> Yes | K20: =_xlfn.XLOOKUP(C20,Tab_Def_Flows[Name(EN)],Tab_Def_Flows[DM?],,0,) -> Yes | L20: =_xlfn.XLOOKUP(C20,Tab_Def_Flows[Name(EN)],Tab_Def_Flows[CC?],,0,) -> Yes | M20: 2040 | N20: BB | O20: =O19*1.02 -> 2151955.1 | P20: Mg/a | R20: =INDEX(Tab_WC_DM_CC[[Flow_ID]:[CC_source]],MATCH(Tab_Data_Flows[[#This Row],[Name(EN)]],Tab_WC_DM_CC[Name(EN)],0),12) -> #N/A | S20: =MATCH(Tab_Data_Flows[[#This Row],[Name(EN)]],Tab_WC_DM_CC[Name(EN)],0) -> #N/A | X20: No | Z20: ='3_1_Calculation_factors (Wood)'!$A$14 -> Mittelwert | AA20: =IF(X20="no",O20,O20*Y20) -> 2151955.1 | AB20: Mg | AC20: =INDEX(Tab_Def_Flows[[Flow_ID]:[CC_DM_source]],MATCH(Tab_Data_Flows[[#This Row],[Name(EN)]],Tab_Def_Flows[Name(EN)],0),16) -> 0.14 | AD20: =IF(J20="Yes",AA20*Tab_Data_Flows[[#This Row],[WC_'[%']]],"N.A.") -> 301273.71 | AE20: =Tab_Data_Flows[[#This Row],[UoM_Flow_Py]] -> Mg | AF20: =INDEX(Tab_Def_Flows[[Flow_ID]:[CC_DM_source]],MATCH(Tab_Data_Flows[[#This Row],[Name(EN)]],Tab_Def_Flows[Name(EN)],0),18) -> 0.86 | AG20: =IF(K20="Yes",AF20*Tab_Data_Flows[[#This Row],[Flow_Py]],"N.A.") -> 1850681.4 | AH20: =Tab_Data_Flows[[#This Row],[UoM_Flow_Py]] -> Mg | AI20: =INDEX(Tab_Def_Flows[[Flow_ID]:[CC_DM_source]],MATCH(Tab_Data_Flows[[#This Row],[Name(EN)]],Tab_Def_Flows[Name(EN)],0),20) -> 0.48 | AJ20: =IF(L20="Yes",AI20*Tab_Data_Flows[[#This Row],[Flow_Py]]*Tab_Data_Flows[[#This Row],[DM_'[%']]],"N.A.") -> 888327.07 | AK20: =Tab_Data_Flows[[#This Row],[UoM_Flow_Py]] -> Mg
... B30: =_xlfn.XLOOKUP(C30,Tab_Def_Flows[Name(EN)],Tab_Def_Flows[Flow_ID],,0,) -> F_13_20 | C30: Rye-Plant | D30: =_xlfn.XLOOKUP(C30,Tab_Def_Flows[Name(EN)],Tab_Def_Flows[Type_Biomass],,0,) -> 0 | E30: =_xlfn.XLOOKUP(C30,Tab_Def_Flows[Name(EN)],Tab_Def_Flows[Output_Process],,0,) -> Rye_Cultivation | F30: =_xlfn.XLOOKUP(C30,Tab_Def_Flows[Name(EN)],Tab_Def_Flows[Process_ID_O],,0,) -> 13_Rye_BB | G30: =_xlfn.XLOOKUP(C30,Tab_Def_Flows[Name(EN)],Tab_Def_Flows[Input_Process],,0,) -> Rye_Harvest | H30: =_xlfn.XLOOKUP(C30,Tab_Def_Flows[Name(EN)],Tab_Def_Flows[Process_ID_I],,0,) -> 20_Rye_BB | I30: =_xlfn.XLOOKUP(C30,Tab_Def_Flows[Name(EN)],Tab_Def_Flows[Value_Source],,0,) -> Data_assumption | J30: =_xlfn.XLOOKUP(C30,Tab_Def_Flows[Name(EN)],Tab_Def_Flows[WC?],,0,) -> Yes | K30: =_xlfn.XLOOKUP(C30,Tab_Def_Flows[Name(EN)],Tab_Def_Flows[DM?],,0,) -> Yes | L30: =_xlfn.XLOOKUP(C30,Tab_Def_Flows[Name(EN)],Tab_Def_Flows[CC?],,0,) -> Yes | M30: 2050 | N30: BB | O30: =O29*1.02 -> 2623221.3 | P30: Mg/a | R30: =INDEX(Tab_WC_DM_CC[[Flow_ID]:[CC_source]],MATCH(Tab_Data_Flows[[#This Row],[Name(EN)]],Tab_WC_DM_CC[Name(EN)],0),12) -> #N/A | S30: =MATCH(Tab_Data_Flows[[#This Row],[Name(EN)]],Tab_WC_DM_CC[Name(EN)],0) -> #N/A | X30: No | Z30: ='3_1_Calculation_factors (Wood)'!$A$14 -> Mittelwert | AA30: =IF(X30="no",O30,O30*Y30) -> 2623221.3 | AB30: Mg | AC30: =INDEX(Tab_Def_Flows[[Flow_ID]:[CC_DM_source]],MATCH(Tab_Data_Flows[[#This Row],[Name(EN)]],Tab_Def_Flows[Name(EN)],0),16) -> 0.14 | AD30: =IF(J30="Yes",AA30*Tab_Data_Flows[[#This Row],[WC_'[%']]],"N.A.") -> 367250.98 | AE30: =Tab_Data_Flows[[#This Row],[UoM_Flow_Py]] -> Mg | AF30: =INDEX(Tab_Def_Flows[[Flow_ID]:[CC_DM_source]],MATCH(Tab_Data_Flows[[#This Row],[Name(EN)]],Tab_Def_Flows[Name(EN)],0),18) -> 0.86 | AG30: =IF(K30="Yes",AF30*Tab_Data_Flows[[#This Row],[Flow_Py]],"N.A.") -> 2255970.3 | AH30: =Tab_Data_Flows[[#This Row],[UoM_Flow_Py]] -> Mg | AI30: =INDEX(Tab_Def_Flows[[Flow_ID]:[CC_DM_source]],MATCH(Tab_Data_Flows[[#This Row],[Name(EN)]],Tab_Def_Flows[Name(EN)],0),20) -> 0.48 | AJ30: =IF(L30="Yes",AI30*Tab_Data_Flows[[#This Row],[Flow_Py]]*Tab_Data_Flows[[#This Row],[DM_'[%']]],"N.A.") -> 1082865.7 | AK30: =Tab_Data_Flows[[#This Row],[UoM_Flow_Py]] -> Mg
A31: =ROW()-1 -> 30 | B31: =_xlfn.XLOOKUP(C31,Tab_Def_Flows[Name(EN)],Tab_Def_Flows[Flow_ID],,0,) -> F_04_01 | C31: Cow-Manure | D31: =_xlfn.XLOOKUP(C31,Tab_Def_Flows[Name(EN)],Tab_Def_Flows[Type_Biomass],,0,) -> 0 | E31: =_xlfn.XLOOKUP(C31,Tab_Def_Flows[Name(EN)],Tab_Def_Flows[Output_Process],,0,) -> Cow-Manure_Production | F31: =_xlfn.XLOOKUP(C31,Tab_Def_Flows[Name(EN)],Tab_Def_Flows[Process_ID_O],,0,) -> 04_Cow_BB | G31: =_xlfn.XLOOKUP(C31,Tab_Def_Flows[Name(EN)],Tab_Def_Flows[Input_Process],,0,) -> Biogas_Production | H31: =_xlfn.XLOOKUP(C31,Tab_Def_Flows[Name(EN)],Tab_Def_Flows[Process_ID_I],,0,) -> 01_Bio_BB | I31: =_xlfn.XLOOKUP(C31,Tab_Def_Flows[Name(EN)],Tab_Def_Flows[Value_Source],,0,) -> 0 | J31: =_xlfn.XLOOKUP(C31,Tab_Def_Flows[Name(EN)],Tab_Def_Flows[WC?],,0,) -> Yes | K31: =_xlfn.XLOOKUP(C31,Tab_Def_Flows[Name(EN)],Tab_Def_Flows[DM?],,0,) -> Yes | L31: =_xlfn.XLOOKUP(C31,Tab_Def_Flows[Name(EN)],Tab_Def_Flows[CC?],,0,) -> Yes | M31: 2022 | N31: BB | O31: 55635.625 | P31: Mg/a | X31: No | AA31: =IF(X31="no",O31,O31*Y31) -> 55635.625 | AB31: Mg | AC31: =INDEX(Tab_Def_Flows[[Flow_ID]:[CC_DM_source]],MATCH(Tab_Data_Flows[[#This Row],[Name(EN)]],Tab_Def_Flows[Name(EN)],0),16) -> 0.938 | AD31: =IF(J31="Yes",AA31*Tab_Data_Flows[[#This Row],[WC_'[%']]],"N.A.") -> 52186.216 | AE31: =Tab_Data_Flows[[#This Row],[UoM_Flow_Py]] -> Mg | AF31: =INDEX(Tab_Def_Flows[[Flow_ID]:[CC_DM_source]],MATCH(Tab_Data_Flows[[#This Row],[Name(EN)]],Tab_Def_Flows[Name(EN)],0),18) -> 0.062 | AG31: =IF(K31="Yes",AF31*Tab_Data_Flows[[#This Row],[Flow_Py]],"N.A.") -> 3449.4087 | AH31: =Tab_Data_Flows[[#This Row],[UoM_Flow_Py]] -> Mg | AI31: =INDEX(Tab_Def_Flows[[Flow_ID]:[CC_DM_source]],MATCH(Tab_Data_Flows[[#This Row],[Name(EN)]],Tab_Def_Flows[Name(EN)],0),20) -> 0.49 | AJ31: =IF(L31="Yes",AI31*Tab_Data_Flows[[#This Row],[Flow_Py]]*Tab_Data_Flows[[#This Row],[DM_'[%']]],"N.A.") -> 1690.2103 | AK31: =Tab_Data_Flows[[#This Row],[UoM_Flow_Py]] -> Mg
A32: =ROW()-1 -> 31 | B32: =_xlfn.XLOOKUP(C32,Tab_Def_Flows[Name(EN)],Tab_Def_Flows[Flow_ID],,0,) -> F_04_01 | C32: Cow-Manure | D32: =_xlfn.XLOOKUP(C32,Tab_Def_Flows[Name(EN)],Tab_Def_Flows[Type_Biomass],,0,) -> 0 | E32: =_xlfn.XLOOKUP(C32,Tab_Def_Flows[Name(EN)],Tab_Def_Flows[Output_Process],,0,) -> Cow-Manure_Production | F32: =_xlfn.XLOOKUP(C32,Tab_Def_Flows[Name(EN)],Tab_Def_Flows[Process_ID_O],,0,) -> 04_Cow_BB | G32: =_xlfn.XLOOKUP(C32,Tab_Def_Flows[Name(EN)],Tab_Def_Flows[Input_Process],,0,) -> Biogas_Production | H32: =_xlfn.XLOOKUP(C32,Tab_Def_Flows[Name(EN)],Tab_Def_Flows[Process_ID_I],,0,) -> 01_Bio_BB | I32: =_xlfn.XLOOKUP(C32,Tab_Def_Flows[Name(EN)],Tab_Def_Flows[Value_Source],,0,) -> 0 | J32: =_xlfn.XLOOKUP(C32,Tab_Def_Flows[Name(EN)],Tab_Def_Flows[WC?],,0,) -> Yes | K32: =_xlfn.XLOOKUP(C32,Tab_Def_Flows[Name(EN)],Tab_Def_Flows[DM?],,0,) -> Yes | L32: =_xlfn.XLOOKUP(C32,Tab_Def_Flows[Name(EN)],Tab_Def_Flows[CC?],,0,) -> Yes | M32: 2023 | N32: BB | O32: =O31*1.02 -> 56748.337 | P32: Mg/a | X32: No | AA32: =IF(X32="no",O32,O32*Y32) -> 56748.337 | AB32: Mg | AC32: =INDEX(Tab_Def_Flows[[Flow_ID]:[CC_DM_source]],MATCH(Tab_Data_Flows[[#This Row],[Name(EN)]],Tab_Def_Flows[Name(EN)],0),16) -> 0.938 | AD32: =IF(J32="Yes",AA32*Tab_Data_Flows[[#This Row],[WC_'[%']]],"N.A.") -> 53229.94 | AE32: =Tab_Data_Flows[[#This Row],[UoM_Flow_Py]] -> Mg | AF32: =INDEX(Tab_Def_Flows[[Flow_ID]:[CC_DM_source]],MATCH(Tab_Data_Flows[[#This Row],[Name(EN)]],Tab_Def_Flows[Name(EN)],0),18) -> 0.062 | AG32: =IF(K32="Yes",AF32*Tab_Data_Flows[[#This Row],[Flow_Py]],"N.A.") -> 3518.3969 | AH32: =Tab_Data_Flows[[#This Row],[UoM_Flow_Py]] -> Mg | AI32: =INDEX(Tab_Def_Flows[[Flow_ID]:[CC_DM_source]],MATCH(Tab_Data_Flows[[#This Row],[Name(EN)]],Tab_Def_Flows[Name(EN)],0),20) -> 0.49 | AJ32: =IF(L32="Yes",AI32*Tab_Data_Flows[[#This Row],[Flow_Py]]*Tab_Data_Flows[[#This Row],[DM_'[%']]],"N.A.") -> 1724.0145 | AK32: =Tab_Data_Flows[[#This Row],[UoM_Flow_Py]] -> Mg
A33: =ROW()-1 -> 32 | B33: =_xlfn.XLOOKUP(C33,Tab_Def_Flows[Name(EN)],Tab_Def_Flows[Flow_ID],,0,) -> F_04_01 | C33: Cow-Manure | D33: =_xlfn.XLOOKUP(C33,Tab_Def_Flows[Name(EN)],Tab_Def_Flows[Type_Biomass],,0,) -> 0 | E33: =_xlfn.XLOOKUP(C33,Tab_Def_Flows[Name(EN)],Tab_Def_Flows[Output_Process],,0,) -> Cow-Manure_Production | F33: =_xlfn.XLOOKUP(C33,Tab_Def_Flows[Name(EN)],Tab_Def_Flows[Process_ID_O],,0,) -> 04_Cow_BB | G33: =_xlfn.XLOOKUP(C33,Tab_Def_Flows[Name(EN)],Tab_Def_Flows[Input_Process],,0,) -> Biogas_Production | H33: =_xlfn.XLOOKUP(C33,Tab_Def_Flows[Name(EN)],Tab_Def_Flows[Process_ID_I],,0,) -> 01_Bio_BB | I33: =_xlfn.XLOOKUP(C33,Tab_Def_Flows[Name(EN)],Tab_Def_Flows[Value_Source],,0,) -> 0 | J33: =_xlfn.XLOOKUP(C33,Tab_Def_Flows[Name(EN)],Tab_Def_Flows[WC?],,0,) -> Yes | K33: =_xlfn.XLOOKUP(C33,Tab_Def_Flows[Name(EN)],Tab_Def_Flows[DM?],,0,) -> Yes | L33: =_xlfn.XLOOKUP(C33,Tab_Def_Flows[Name(EN)],Tab_Def_Flows[CC?],,0,) -> Yes | M33: 2024 | N33: BB | O33: =O32*1.02 -> 57883.304 | P33: Mg/a | X33: No | AA33: =IF(X33="no",O33,O33*Y33) -> 57883.304 | AB33: Mg | AC33: =INDEX(Tab_Def_Flows[[Flow_ID]:[CC_DM_source]],MATCH(Tab_Data_Flows[[#This Row],[Name(EN)]],Tab_Def_Flows[Name(EN)],0),16) -> 0.938 | AD33: =IF(J33="Yes",AA33*Tab_Data_Flows[[#This Row],[WC_'[%']]],"N.A.") -> 54294.539 | AE33: =Tab_Data_Flows[[#This Row],[UoM_Flow_Py]] -> Mg | AF33: =INDEX(Tab_Def_Flows[[Flow_ID]:[CC_DM_source]],MATCH(Tab_Data_Flows[[#This Row],[Name(EN)]],Tab_Def_Flows[Name(EN)],0),18) -> 0.062 | AG33: =IF(K33="Yes",AF33*Tab_Data_Flows[[#This Row],[Flow_Py]],"N.A.") -> 3588.7649 | AH33: =Tab_Data_Flows[[#This Row],[UoM_Flow_Py]] -> Mg | AI33: =INDEX(Tab_Def_Flows[[Flow_ID]:[CC_DM_source]],MATCH(Tab_Data_Flows[[#This Row],[Name(EN)]],Tab_Def_Flows[Name(EN)],0),20) -> 0.49 | AJ33: =IF(L33="Yes",AI33*Tab_Data_Flows[[#This Row],[Flow_Py]]*Tab_Data_Flows[[#This Row],[DM_'[%']]],"N.A.") -> 1758.4948 | AK33: =Tab_Data_Flows[[#This Row],[UoM_Flow_Py]] -> Mg
A34: =ROW()-1 -> 33 | B34: =_xlfn.XLOOKUP(C34,Tab_Def_Flows[Name(EN)],Tab_Def_Flows[Flow_ID],,0,) -> F_04_01 | C34: Cow-Manure | D34: =_xlfn.XLOOKUP(C34,Tab_Def_Flows[Name(EN)],Tab_Def_Flows[Type_Biomass],,0,) -> 0 | E34: =_xlfn.XLOOKUP(C34,Tab_Def_Flows[Name(EN)],Tab_Def_Flows[Output_Process],,0,) -> Cow-Manure_Production | F34: =_xlfn.XLOOKUP(C34,Tab_Def_Flows[Name(EN)],Tab_Def_Flows[Process_ID_O],,0,) -> 04_Cow_BB | G34: =_xlfn.XLOOKUP(C34,Tab_Def_Flows[Name(EN)],Tab_Def_Flows[Input_Process],,0,) -> Biogas_Production | H34: =_xlfn.XLOOKUP(C34,Tab_Def_Flows[Name(EN)],Tab_Def_Flows[Process_ID_I],,0,) -> 01_Bio_BB | I34: =_xlfn.XLOOKUP(C34,Tab_Def_Flows[Name(EN)],Tab_Def_Flows[Value_Source],,0,) -> 0 | J34: =_xlfn.XLOOKUP(C34,Tab_Def_Flows[Name(EN)],Tab_Def_Flows[WC?],,0,) -> Yes | K34: =_xlfn.XLOOKUP(C34,Tab_Def_Flows[Name(EN)],Tab_Def_Flows[DM?],,0,) -> Yes | L34: =_xlfn.XLOOKUP(C34,Tab_Def_Flows[Name(EN)],Tab_Def_Flows[CC?],,0,) -> Yes | M34: 2025 | N34: BB | O34: =O33*1.02 -> 59040.97 | P34: Mg/a | X34: No | AA34: =IF(X34="no",O34,O34*Y34) -> 59040.97 | AB34: Mg | AC34: =INDEX(Tab_Def_Flows[[Flow_ID]:[CC_DM_source]],MATCH(Tab_Data_Flows[[#This Row],[Name(EN)]],Tab_Def_Flows[Name(EN)],0),16) -> 0.938 | AD34: =IF(J34="Yes",AA34*Tab_Data_Flows[[#This Row],[WC_'[%']]],"N.A.") -> 55380.43 | AE34: =Tab_Data_Flows[[#This Row],[UoM_Flow_Py]] -> Mg | AF34: =INDEX(Tab_Def_Flows[[Flow_ID]:[CC_DM_source]],MATCH(Tab_Data_Flows[[#This Row],[Name(EN)]],Tab_Def_Flows[Name(EN)],0),18) -> 0.062 | AG34: =IF(K34="Yes",AF34*Tab_Data_Flows[[#This Row],[Flow_Py]],"N.A.") -> 3660.5402 | AH34: =Tab_Data_Flows[[#This Row],[UoM_Flow_Py]] -> Mg | AI34: =INDEX(Tab_Def_Flows[[Flow_ID]:[CC_DM_source]],MATCH(Tab_Data_Flows[[#This Row],[Name(EN)]],Tab_Def_Flows[Name(EN)],0),20) -> 0.49 | AJ34: =IF(L34="Yes",AI34*Tab_Data_Flows[[#This Row],[Flow_Py]]*Tab_Data_Flows[[#This Row],[DM_'[%']]],"N.A.") -> 1793.6647 | AK34: =Tab_Data_Flows[[#This Row],[UoM_Flow_Py]] -> Mg
A35: =ROW()-1 -> 34 | B35: =_xlfn.XLOOKUP(C35,Tab_Def_Flows[Name(EN)],Tab_Def_Flows[Flow_ID],,0,) -> F_04_01 | C35: Cow-Manure | D35: =_xlfn.XLOOKUP(C35,Tab_Def_Flows[Name(EN)],Tab_Def_Flows[Type_Biomass],,0,) -> 0 | E35: =_xlfn.XLOOKUP(C35,Tab_Def_Flows[Name(EN)],Tab_Def_Flows[Output_Process],,0,) -> Cow-Manure_Production | F35: =_xlfn.XLOOKUP(C35,Tab_Def_Flows[Name(EN)],Tab_Def_Flows[Process_ID_O],,0,) -> 04_Cow_BB | G35: =_xlfn.XLOOKUP(C35,Tab_Def_Flows[Name(EN)],Tab_Def_Flows[Input_Process],,0,) -> Biogas_Production | H35: =_xlfn.XLOOKUP(C35,Tab_Def_Flows[Name(EN)],Tab_Def_Flows[Process_ID_I],,0,) -> 01_Bio_BB | I35: =_xlfn.XLOOKUP(C35,Tab_Def_Flows[Name(EN)],Tab_Def_Flows[Value_Source],,0,) -> 0 | J35: =_xlfn.XLOOKUP(C35,Tab_Def_Flows[Name(EN)],Tab_Def_Flows[WC?],,0,) -> Yes | K35: =_xlfn.XLOOKUP(C35,Tab_Def_Flows[Name(EN)],Tab_Def_Flows[DM?],,0,) -> Yes | L35: =_xlfn.XLOOKUP(C35,Tab_Def_Flows[Name(EN)],Tab_Def_Flows[CC?],,0,) -> Yes | M35: 2026 | N35: BB | O35: =O34*1.02 -> 60221.79 | P35: Mg/a | X35: No | AA35: =IF(X35="no",O35,O35*Y35) -> 60221.79 | AB35: Mg | AC35: =INDEX(Tab_Def_Flows[[Flow_ID]:[CC_DM_source]],MATCH(Tab_Data_Flows[[#This Row],[Name(EN)]],Tab_Def_Flows[Name(EN)],0),16) -> 0.938 | AD35: =IF(J35="Yes",AA35*Tab_Data_Flows[[#This Row],[WC_'[%']]],"N.A.") -> 56488.039 | AE35: =Tab_Data_Flows[[#This Row],[UoM_Flow_Py]] -> Mg | AF35: =INDEX(Tab_Def_Flows[[Flow_ID]:[CC_DM_source]],MATCH(Tab_Data_Flows[[#This Row],[Name(EN)]],Tab_Def_Flows[Name(EN)],0),18) -> 0.062 | AG35: =IF(K35="Yes",AF35*Tab_Data_Flows[[#This Row],[Flow_Py]],"N.A.") -> 3733.751 | AH35: =Tab_Data_Flows[[#This Row],[UoM_Flow_Py]] -> Mg | AI35: =INDEX(Tab_Def_Flows[[Flow_ID]:[CC_DM_source]],MATCH(Tab_Data_Flows[[#This Row],[Name(EN)]],Tab_Def_Flows[Name(EN)],0),20) -> 0.49 | AJ35: =IF(L35="Yes",AI35*Tab_Data_Flows[[#This Row],[Flow_Py]]*Tab_Data_Flows[[#This Row],[DM_'[%']]],"N.A.") -> 1829.538 | AK35: =Tab_Data_Flows[[#This Row],[UoM_Flow_Py]] -> Mg
A36: =ROW()-1 -> 35 | B36: =_xlfn.XLOOKUP(C36,Tab_Def_Flows[Name(EN)],Tab_Def_Flows[Flow_ID],,0,) -> F_04_01 | C36: Cow-Manure | D36: =_xlfn.XLOOKUP(C36,Tab_Def_Flows[Name(EN)],Tab_Def_Flows[Type_Biomass],,0,) -> 0 | E36: =_xlfn.XLOOKUP(C36,Tab_Def_Flows[Name(EN)],Tab_Def_Flows[Output_Process],,0,) -> Cow-Manure_Production | F36: =_xlfn.XLOOKUP(C36,Tab_Def_Flows[Name(EN)],Tab_Def_Flows[Process_ID_O],,0,) -> 04_Cow_BB | G36: =_xlfn.XLOOKUP(C36,Tab_Def_Flows[Name(EN)],Tab_Def_Flows[Input_Process],,0,) -> Biogas_Production | H36: =_xlfn.XLOOKUP(C36,Tab_Def_Flows[Name(EN)],Tab_Def_Flows[Process_ID_I],,0,) -> 01_Bio_BB | I36: =_xlfn.XLOOKUP(C36,Tab_Def_Flows[Name(EN)],Tab_Def_Flows[Value_Source],,0,) -> 0 | J36: =_xlfn.XLOOKUP(C36,Tab_Def_Flows[Name(EN)],Tab_Def_Flows[WC?],,0,) -> Yes | K36: =_xlfn.XLOOKUP(C36,Tab_Def_Flows[Name(EN)],Tab_Def_Flows[DM?],,0,) -> Yes | L36: =_xlfn.XLOOKUP(C36,Tab_Def_Flows[Name(EN)],Tab_Def_Flows[CC?],,0,) -> Yes | M36: 2027 | N36: BB | O36: =O35*1.02 -> 61426.225 | P36: Mg/a | X36: No | AA36: =IF(X36="no",O36,O36*Y36) -> 61426.225 | AB36: Mg | AC36: =INDEX(Tab_Def_Flows[[Flow_ID]:[CC_DM_source]],MATCH(Tab_Data_Flows[[#This Row],[Name(EN)]],Tab_Def_Flows[Name(EN)],0),16) -> 0.938 | AD36: =IF(J36="Yes",AA36*Tab_Data_Flows[[#This Row],[WC_'[%']]],"N.A.") -> 57617.799 | AE36: =Tab_Data_Flows[[#This Row],[UoM_Flow_Py]] -> Mg | AF36: =INDEX(Tab_Def_Flows[[Flow_ID]:[CC_DM_source]],MATCH(Tab_Data_Flows[[#This Row],[Name(EN)]],Tab_Def_Flows[Name(EN)],0),18) -> 0.062 | AG36: =IF(K36="Yes",AF36*Tab_Data_Flows[[#This Row],[Flow_Py]],"N.A.") -> 3808.426 | AH36: =Tab_Data_Flows[[#This Row],[UoM_Flow_Py]] -> Mg | AI36: =INDEX(Tab_Def_Flows[[Flow_ID]:[CC_DM_source]],MATCH(Tab_Data_Flows[[#This Row],[Name(EN)]],Tab_Def_Flows[Name(EN)],0),20) -> 0.49 | AJ36: =IF(L36="Yes",AI36*Tab_Data_Flows[[#This Row],[Flow_Py]]*Tab_Data_Flows[[#This Row],[DM_'[%']]],"N.A.") -> 1866.1287 | AK36: =Tab_Data_Flows[[#This Row],[UoM_Flow_Py]] -> Mg
A37: =ROW()-1 -> 36 | B37: =_xlfn.XLOOKUP(C37,Tab_Def_Flows[Name(EN)],Tab_Def_Flows[Flow_ID],,0,) -> F_04_01 | C37: Cow-Manure | D37: =_xlfn.XLOOKUP(C37,Tab_Def_Flows[Name(EN)],Tab_Def_Flows[Type_Biomass],,0,) -> 0 | E37: =_xlfn.XLOOKUP(C37,Tab_Def_Flows[Name(EN)],Tab_Def_Flows[Output_Process],,0,) -> Cow-Manure_Production | F37: =_xlfn.XLOOKUP(C37,Tab_Def_Flows[Name(EN)],Tab_Def_Flows[Process_ID_O],,0,) -> 04_Cow_BB | G37: =_xlfn.XLOOKUP(C37,Tab_Def_Flows[Name(EN)],Tab_Def_Flows[Input_Process],,0,) -> Biogas_Production | H37: =_xlfn.XLOOKUP(C37,Tab_Def_Flows[Name(EN)],Tab_Def_Flows[Process_ID_I],,0,) -> 01_Bio_BB | I37: =_xlfn.XLOOKUP(C37,Tab_Def_Flows[Name(EN)],Tab_Def_Flows[Value_Source],,0,) -> 0 | J37: =_xlfn.XLOOKUP(C37,Tab_Def_Flows[Name(EN)],Tab_Def_Flows[WC?],,0,) -> Yes | K37: =_xlfn.XLOOKUP(C37,Tab_Def_Flows[Name(EN)],Tab_Def_Flows[DM?],,0,) -> Yes | L37: =_xlfn.XLOOKUP(C37,Tab_Def_Flows[Name(EN)],Tab_Def_Flows[CC?],,0,) -> Yes | M37: 2028 | N37: BB | O37: =O36*1.02 -> 62654.75 | P37: Mg/a | X37: No | AA37: =IF(X37="no",O37,O37*Y37) -> 62654.75 | AB37: Mg | AC37: =INDEX(Tab_Def_Flows[[Flow_ID]:[CC_DM_source]],MATCH(Tab_Data_Flows[[#This Row],[Name(EN)]],Tab_Def_Flows[Name(EN)],0),16) -> 0.938 | AD37: =IF(J37="Yes",AA37*Tab_Data_Flows[[#This Row],[WC_'[%']]],"N.A.") -> 58770.155 | AE37: =Tab_Data_Flows[[#This Row],[UoM_Flow_Py]] -> Mg | AF37: =INDEX(Tab_Def_Flows[[Flow_ID]:[CC_DM_source]],MATCH(Tab_Data_Flows[[#This Row],[Name(EN)]],Tab_Def_Flows[Name(EN)],0),18) -> 0.062 | AG37: =IF(K37="Yes",AF37*Tab_Data_Flows[[#This Row],[Flow_Py]],"N.A.") -> 3884.5945 | AH37: =Tab_Data_Flows[[#This Row],[UoM_Flow_Py]] -> Mg | AI37: =INDEX(Tab_Def_Flows[[Flow_ID]:[CC_DM_source]],MATCH(Tab_Data_Flows[[#This Row],[Name(EN)]],Tab_Def_Flows[Name(EN)],0),20) -> 0.49 | AJ37: =IF(L37="Yes",AI37*Tab_Data_Flows[[#This Row],[Flow_Py]]*Tab_Data_Flows[[#This Row],[DM_'[%']]],"N.A.") -> 1903.4513 | AK37: =Tab_Data_Flows[[#This Row],[UoM_Flow_Py]] -> Mg
B38: =_xlfn.XLOOKUP(C38,Tab_Def_Flows[Name(EN)],Tab_Def_Flows[Flow_ID],,0,) -> F_04_01 | C38: Cow-Manure | E38: =_xlfn.XLOOKUP(C38,Tab_Def_Flows[Name(EN)],Tab_Def_Flows[Output_Process],,0,) -> Cow-Manure_Production | F38: =_xlfn.XLOOKUP(C38,Tab_Def_Flows[Name(EN)],Tab_Def_Flows[Process_ID_O],,0,) -> 04_Cow_BB | G38: =_xlfn.XLOOKUP(C38,Tab_Def_Flows[Name(EN)],Tab_Def_Flows[Input_Process],,0,) -> Biogas_Production | H38: =_xlfn.XLOOKUP(C38,Tab_Def_Flows[Name(EN)],Tab_Def_Flows[Process_ID_I],,0,) -> 01_Bio_BB | I38: =_xlfn.XLOOKUP(C38,Tab_Def_Flows[Name(EN)],Tab_Def_Flows[Value_Source],,0,) -> 0 | J38: =_xlfn.XLOOKUP(C38,Tab_Def_Flows[Name(EN)],Tab_Def_Flows[WC?],,0,) -> Yes | K38: =_xlfn.XLOOKUP(C38,Tab_Def_Flows[Name(EN)],Tab_Def_Flows[DM?],,0,) -> Yes | L38: =_xlfn.XLOOKUP(C38,Tab_Def_Flows[Name(EN)],Tab_Def_Flows[CC?],,0,) -> Yes | M38: 2029 | O38: =O37*1.02 -> 63907.845 | R38: =INDEX(Tab_WC_DM_CC[[Flow_ID]:[CC_source]],MATCH(Tab_Data_Flows[[#This Row],[Name(EN)]],Tab_WC_DM_CC[Name(EN)],0),12) -> #N/A | S38: =MATCH(Tab_Data_Flows[[#This Row],[Name(EN)]],Tab_WC_DM_CC[Name(EN)],0) -> #N/A | X38: No | Z38: ='3_1_Calculation_factors (Wood)'!$A$14 -> Mittelwert | AA38: =IF(X38="no",O38,O38*Y38) -> 63907.845 | AB38: Mg | AC38: =INDEX(Tab_Def_Flows[[Flow_ID]:[CC_DM_source]],MATCH(Tab_Data_Flows[[#This Row],[Name(EN)]],Tab_Def_Flows[Name(EN)],0),16) -> 0.938 | AD38: =IF(J38="Yes",AA38*Tab_Data_Flows[[#This Row],[WC_'[%']]],"N.A.") -> 59945.559 | AE38: =Tab_Data_Flows[[#This Row],[UoM_Flow_Py]] -> Mg | AF38: =INDEX(Tab_Def_Flows[[Flow_ID]:[CC_DM_source]],MATCH(Tab_Data_Flows[[#This Row],[Name(EN)]],Tab_Def_Flows[Name(EN)],0),18) -> 0.062 | AG38: =IF(K38="Yes",AF38*Tab_Data_Flows[[#This Row],[Flow_Py]],"N.A.") -> 3962.2864 | AH38: =Tab_Data_Flows[[#This Row],[UoM_Flow_Py]] -> Mg | AI38: =INDEX(Tab_Def_Flows[[Flow_ID]:[CC_DM_source]],MATCH(Tab_Data_Flows[[#This Row],[Name(EN)]],Tab_Def_Flows[Name(EN)],0),20) -> 0.49 | AJ38: =IF(L38="Yes",AI38*Tab_Data_Flows[[#This Row],[Flow_Py]]*Tab_Data_Flows[[#This Row],[DM_'[%']]],"N.A.") -> 1941.5203 | AK38: =Tab_Data_Flows[[#This Row],[UoM_Flow_Py]] -> Mg
B39: =_xlfn.XLOOKUP(C39,Tab_Def_Flows[Name(EN)],Tab_Def_Flows[Flow_ID],,0,) -> F_04_01 | C39: Cow-Manure | E39: =_xlfn.XLOOKUP(C39,Tab_Def_Flows[Name(EN)],Tab_Def_Flows[Output_Process],,0,) -> Cow-Manure_Production | F39: =_xlfn.XLOOKUP(C39,Tab_Def_Flows[Name(EN)],Tab_Def_Flows[Process_ID_O],,0,) -> 04_Cow_BB | G39: =_xlfn.XLOOKUP(C39,Tab_Def_Flows[Name(EN)],Tab_Def_Flows[Input_Process],,0,) -> Biogas_Production | H39: =_xlfn.XLOOKUP(C39,Tab_Def_Flows[Name(EN)],Tab_Def_Flows[Process_ID_I],,0,) -> 01_Bio_BB | I39: =_xlfn.XLOOKUP(C39,Tab_Def_Flows[Name(EN)],Tab_Def_Flows[Value_Source],,0,) -> 0 | J39: =_xlfn.XLOOKUP(C39,Tab_Def_Flows[Name(EN)],Tab_Def_Flows[WC?],,0,) -> Yes | K39: =_xlfn.XLOOKUP(C39,Tab_Def_Flows[Name(EN)],Tab_Def_Flows[DM?],,0,) -> Yes | L39: =_xlfn.XLOOKUP(C39,Tab_Def_Flows[Name(EN)],Tab_Def_Flows[CC?],,0,) -> Yes | M39: 2030 | O39: =O38*1.02 -> 65186.002 | R39: =INDEX(Tab_WC_DM_CC[[Flow_ID]:[CC_source]],MATCH(Tab_Data_Flows[[#This Row],[Name(EN)]],Tab_WC_DM_CC[Name(EN)],0),12) -> #N/A | S39: =MATCH(Tab_Data_Flows[[#This Row],[Name(EN)]],Tab_WC_DM_CC[Name(EN)],0) -> #N/A | X39: No | Z39: ='3_1_Calculation_factors (Wood)'!$A$14 -> Mittelwert | AA39: =IF(X39="no",O39,O39*Y39) -> 65186.002 | AB39: Mg | AC39: =INDEX(Tab_Def_Flows[[Flow_ID]:[CC_DM_source]],MATCH(Tab_Data_Flows[[#This Row],[Name(EN)]],Tab_Def_Flows[Name(EN)],0),16) -> 0.938 | AD39: =IF(J39="Yes",AA39*Tab_Data_Flows[[#This Row],[WC_'[%']]],"N.A.") -> 61144.47 | AE39: =Tab_Data_Flows[[#This Row],[UoM_Flow_Py]] -> Mg | AF39: =INDEX(Tab_Def_Flows[[Flow_ID]:[CC_DM_source]],MATCH(Tab_Data_Flows[[#This Row],[Name(EN)]],Tab_Def_Flows[Name(EN)],0),18) -> 0.062 | AG39: =IF(K39="Yes",AF39*Tab_Data_Flows[[#This Row],[Flow_Py]],"N.A.") -> 4041.5321 | AH39: =Tab_Data_Flows[[#This Row],[UoM_Flow_Py]] -> Mg | AI39: =INDEX(Tab_Def_Flows[[Flow_ID]:[CC_DM_source]],MATCH(Tab_Data_Flows[[#This Row],[Name(EN)]],Tab_Def_Flows[Name(EN)],0),20) -> 0.49 | AJ39: =IF(L39="Yes",AI39*Tab_Data_Flows[[#This Row],[Flow_Py]]*Tab_Data_Flows[[#This Row],[DM_'[%']]],"N.A.") -> 1980.3507 | AK39: =Tab_Data_Flows[[#This Row],[UoM_Flow_Py]] -> Mg
B40: =_xlfn.XLOOKUP(C40,Tab_Def_Flows[Name(EN)],Tab_Def_Flows[Flow_ID],,0,) -> F_04_01 | C40: Cow-Manure | E40: =_xlfn.XLOOKUP(C40,Tab_Def_Flows[Name(EN)],Tab_Def_Flows[Output_Process],,0,) -> Cow-Manure_Production | F40: =_xlfn.XLOOKUP(C40,Tab_Def_Flows[Name(EN)],Tab_Def_Flows[Process_ID_O],,0,) -> 04_Cow_BB | G40: =_xlfn.XLOOKUP(C40,Tab_Def_Flows[Name(EN)],Tab_Def_Flows[Input_Process],,0,) -> Biogas_Production | H40: =_xlfn.XLOOKUP(C40,Tab_Def_Flows[Name(EN)],Tab_Def_Flows[Process_ID_I],,0,) -> 01_Bio_BB | I40: =_xlfn.XLOOKUP(C40,Tab_Def_Flows[Name(EN)],Tab_Def_Flows[Value_Source],,0,) -> 0 | J40: =_xlfn.XLOOKUP(C40,Tab_Def_Flows[Name(EN)],Tab_Def_Flows[WC?],,0,) -> Yes | K40: =_xlfn.XLOOKUP(C40,Tab_Def_Flows[Name(EN)],Tab_Def_Flows[DM?],,0,) -> Yes | L40: =_xlfn.XLOOKUP(C40,Tab_Def_Flows[Name(EN)],Tab_Def_Flows[CC?],,0,) -> Yes | M40: 2031 | O40: =O39*1.02 -> 66489.722 | R40: =INDEX(Tab_WC_DM_CC[[Flow_ID]:[CC_source]],MATCH(Tab_Data_Flows[[#This Row],[Name(EN)]],Tab_WC_DM_CC[Name(EN)],0),12) -> #N/A | S40: =MATCH(Tab_Data_Flows[[#This Row],[Name(EN)]],Tab_WC_DM_CC[Name(EN)],0) -> #N/A | X40: No | Z40: ='3_1_Calculation_factors (Wood)'!$A$14 -> Mittelwert | AA40: =IF(X40="no",O40,O40*Y40) -> 66489.722 | AB40: Mg | AC40: =INDEX(Tab_Def_Flows[[Flow_ID]:[CC_DM_source]],MATCH(Tab_Data_Flows[[#This Row],[Name(EN)]],Tab_Def_Flows[Name(EN)],0),16) -> 0.938 | AD40: =IF(J40="Yes",AA40*Tab_Data_Flows[[#This Row],[WC_'[%']]],"N.A.") -> 62367.359 | AE40: =Tab_Data_Flows[[#This Row],[UoM_Flow_Py]] -> Mg | AF40: =INDEX(Tab_Def_Flows[[Flow_ID]:[CC_DM_source]],MATCH(Tab_Data_Flows[[#This Row],[Name(EN)]],Tab_Def_Flows[Name(EN)],0),18) -> 0.062 | AG40: =IF(K40="Yes",AF40*Tab_Data_Flows[[#This Row],[Flow_Py]],"N.A.") -> 4122.3628 | AH40: =Tab_Data_Flows[[#This Row],[UoM_Flow_Py]] -> Mg | AI40: =INDEX(Tab_Def_Flows[[Flow_ID]:[CC_DM_source]],MATCH(Tab_Data_Flows[[#This Row],[Name(EN)]],Tab_Def_Flows[Name(EN)],0),20) -> 0.49 | AJ40: =IF(L40="Yes",AI40*Tab_Data_Flows[[#This Row],[Flow_Py]]*Tab_Data_Flows[[#This Row],[DM_'[%']]],"N.A.") -> 2019.9578 | AK40: =Tab_Data_Flows[[#This Row],[UoM_Flow_Py]] -> Mg
B41: =_xlfn.XLOOKUP(C41,Tab_Def_Flows[Name(EN)],Tab_Def_Flows[Flow_ID],,0,) -> F_04_01 | C41: Cow-Manure | E41: =_xlfn.XLOOKUP(C41,Tab_Def_Flows[Name(EN)],Tab_Def_Flows[Output_Process],,0,) -> Cow-Manure_Production | F41: =_xlfn.XLOOKUP(C41,Tab_Def_Flows[Name(EN)],Tab_Def_Flows[Process_ID_O],,0,) -> 04_Cow_BB | G41: =_xlfn.XLOOKUP(C41,Tab_Def_Flows[Name(EN)],Tab_Def_Flows[Input_Process],,0,) -> Biogas_Production | H41: =_xlfn.XLOOKUP(C41,Tab_Def_Flows[Name(EN)],Tab_Def_Flows[Process_ID_I],,0,) -> 01_Bio_BB | I41: =_xlfn.XLOOKUP(C41,Tab_Def_Flows[Name(EN)],Tab_Def_Flows[Value_Source],,0,) -> 0 | J41: =_xlfn.XLOOKUP(C41,Tab_Def_Flows[Name(EN)],Tab_Def_Flows[WC?],,0,) -> Yes | K41: =_xlfn.XLOOKUP(C41,Tab_Def_Flows[Name(EN)],Tab_Def_Flows[DM?],,0,) -> Yes | L41: =_xlfn.XLOOKUP(C41,Tab_Def_Flows[Name(EN)],Tab_Def_Flows[CC?],,0,) -> Yes | M41: 2032 | O41: =O40*1.02 -> 67819.516 | R41: =INDEX(Tab_WC_DM_CC[[Flow_ID]:[CC_source]],MATCH(Tab_Data_Flows[[#This Row],[Name(EN)]],Tab_WC_DM_CC[Name(EN)],0),12) -> #N/A | S41: =MATCH(Tab_Data_Flows[[#This Row],[Name(EN)]],Tab_WC_DM_CC[Name(EN)],0) -> #N/A | X41: No | Z41: ='3_1_Calculation_factors (Wood)'!$A$14 -> Mittelwert | AA41: =IF(X41="no",O41,O41*Y41) -> 67819.516 | AB41: Mg | AC41: =INDEX(Tab_Def_Flows[[Flow_ID]:[CC_DM_source]],MATCH(Tab_Data_Flows[[#This Row],[Name(EN)]],Tab_Def_Flows[Name(EN)],0),16) -> 0.938 | AD41: =IF(J41="Yes",AA41*Tab_Data_Flows[[#This Row],[WC_'[%']]],"N.A.") -> 63614.706 | AE41: =Tab_Data_Flows[[#This Row],[UoM_Flow_Py]] -> Mg | AF41: =INDEX(Tab_Def_Flows[[Flow_ID]:[CC_DM_source]],MATCH(Tab_Data_Flows[[#This Row],[Name(EN)]],Tab_Def_Flows[Name(EN)],0),18) -> 0.062 | AG41: =IF(K41="Yes",AF41*Tab_Data_Flows[[#This Row],[Flow_Py]],"N.A.") -> 4204.81 | AH41: =Tab_Data_Flows[[#This Row],[UoM_Flow_Py]] -> Mg | AI41: =INDEX(Tab_Def_Flows[[Flow_ID]:[CC_DM_source]],MATCH(Tab_Data_Flows[[#This Row],[Name(EN)]],Tab_Def_Flows[Name(EN)],0),20) -> 0.49 | AJ41: =IF(L41="Yes",AI41*Tab_Data_Flows[[#This Row],[Flow_Py]]*Tab_Data_Flows[[#This Row],[DM_'[%']]],"N.A.") -> 2060.3569 | AK41: =Tab_Data_Flows[[#This Row],[UoM_Flow_Py]] -> Mg
B42: =_xlfn.XLOOKUP(C42,Tab_Def_Flows[Name(EN)],Tab_Def_Flows[Flow_ID],,0,) -> F_04_01 | C42: Cow-Manure | E42: =_xlfn.XLOOKUP(C42,Tab_Def_Flows[Name(EN)],Tab_Def_Flows[Output_Process],,0,) -> Cow-Manure_Production | F42: =_xlfn.XLOOKUP(C42,Tab_Def_Flows[Name(EN)],Tab_Def_Flows[Process_ID_O],,0,) -> 04_Cow_BB | G42: =_xlfn.XLOOKUP(C42,Tab_Def_Flows[Name(EN)],Tab_Def_Flows[Input_Process],,0,) -> Biogas_Production | H42: =_xlfn.XLOOKUP(C42,Tab_Def_Flows[Name(EN)],Tab_Def_Flows[Process_ID_I],,0,) -> 01_Bio_BB | I42: =_xlfn.XLOOKUP(C42,Tab_Def_Flows[Name(EN)],Tab_Def_Flows[Value_Source],,0,) -> 0 | J42: =_xlfn.XLOOKUP(C42,Tab_Def_Flows[Name(EN)],Tab_Def_Flows[WC?],,0,) -> Yes | K42: =_xlfn.XLOOKUP(C42,Tab_Def_Flows[Name(EN)],Tab_Def_Flows[DM?],,0,) -> Yes | L42: =_xlfn.XLOOKUP(C42,Tab_Def_Flows[Name(EN)],Tab_Def_Flows[CC?],,0,) -> Yes | M42: 2033 | O42: =O41*1.02 -> 69175.907 | R42: =INDEX(Tab_WC_DM_CC[[Flow_ID]:[CC_source]],MATCH(Tab_Data_Flows[[#This Row],[Name(EN)]],Tab_WC_DM_CC[Name(EN)],0),12) -> #N/A | S42: =MATCH(Tab_Data_Flows[[#This Row],[Name(EN)]],Tab_WC_DM_CC[Name(EN)],0) -> #N/A | X42: No | Z42: ='3_1_Calculation_factors (Wood)'!$A$14 -> Mittelwert | AA42: =IF(X42="no",O42,O42*Y42) -> 69175.907 | AB42: Mg | AC42: =INDEX(Tab_Def_Flows[[Flow_ID]:[CC_DM_source]],MATCH(Tab_Data_Flows[[#This Row],[Name(EN)]],Tab_Def_Flows[Name(EN)],0),16) -> 0.938 | AD42: =IF(J42="Yes",AA42*Tab_Data_Flows[[#This Row],[WC_'[%']]],"N.A.") -> 64887 | AE42: =Tab_Data_Flows[[#This Row],[UoM_Flow_Py]] -> Mg | AF42: =INDEX(Tab_Def_Flows[[Flow_ID]:[CC_DM_source]],MATCH(Tab_Data_Flows[[#This Row],[Name(EN)]],Tab_Def_Flows[Name(EN)],0),18) -> 0.062 | AG42: =IF(K42="Yes",AF42*Tab_Data_Flows[[#This Row],[Flow_Py]],"N.A.") -> 4288.9062 | AH42: =Tab_Data_Flows[[#This Row],[UoM_Flow_Py]] -> Mg | AI42: =INDEX(Tab_Def_Flows[[Flow_ID]:[CC_DM_source]],MATCH(Tab_Data_Flows[[#This Row],[Name(EN)]],Tab_Def_Flows[Name(EN)],0),20) -> 0.49 | AJ42: =IF(L42="Yes",AI42*Tab_Data_Flows[[#This Row],[Flow_Py]]*Tab_Data_Flows[[#This Row],[DM_'[%']]],"N.A.") -> 2101.564 | AK42: =Tab_Data_Flows[[#This Row],[UoM_Flow_Py]] -> Mg
B43: =_xlfn.XLOOKUP(C43,Tab_Def_Flows[Name(EN)],Tab_Def_Flows[Flow_ID],,0,) -> F_04_01 | C43: Cow-Manure | E43: =_xlfn.XLOOKUP(C43,Tab_Def_Flows[Name(EN)],Tab_Def_Flows[Output_Process],,0,) -> Cow-Manure_Production | F43: =_xlfn.XLOOKUP(C43,Tab_Def_Flows[Name(EN)],Tab_Def_Flows[Process_ID_O],,0,) -> 04_Cow_BB | G43: =_xlfn.XLOOKUP(C43,Tab_Def_Flows[Name(EN)],Tab_Def_Flows[Input_Process],,0,) -> Biogas_Production | H43: =_xlfn.XLOOKUP(C43,Tab_Def_Flows[Name(EN)],Tab_Def_Flows[Process_ID_I],,0,) -> 01_Bio_BB | I43: =_xlfn.XLOOKUP(C43,Tab_Def_Flows[Name(EN)],Tab_Def_Flows[Value_Source],,0,) -> 0 | J43: =_xlfn.XLOOKUP(C43,Tab_Def_Flows[Name(EN)],Tab_Def_Flows[WC?],,0,) -> Yes | K43: =_xlfn.XLOOKUP(C43,Tab_Def_Flows[Name(EN)],Tab_Def_Flows[DM?],,0,) -> Yes | L43: =_xlfn.XLOOKUP(C43,Tab_Def_Flows[Name(EN)],Tab_Def_Flows[CC?],,0,) -> Yes | M43: 2034 | O43: =O42*1.02 -> 70559.425 | R43: =INDEX(Tab_WC_DM_CC[[Flow_ID]:[CC_source]],MATCH(Tab_Data_Flows[[#This Row],[Name(EN)]],Tab_WC_DM_CC[Name(EN)],0),12) -> #N/A | S43: =MATCH(Tab_Data_Flows[[#This Row],[Name(EN)]],Tab_WC_DM_CC[Name(EN)],0) -> #N/A | X43: No | Z43: ='3_1_Calculation_factors (Wood)'!$A$14 -> Mittelwert | AA43: =IF(X43="no",O43,O43*Y43) -> 70559.425 | AB43: Mg | AC43: =INDEX(Tab_Def_Flows[[Flow_ID]:[CC_DM_source]],MATCH(Tab_Data_Flows[[#This Row],[Name(EN)]],Tab_Def_Flows[Name(EN)],0),16) -> 0.938 | AD43: =IF(J43="Yes",AA43*Tab_Data_Flows[[#This Row],[WC_'[%']]],"N.A.") -> 66184.74 | AE43: =Tab_Data_Flows[[#This Row],[UoM_Flow_Py]] -> Mg | AF43: =INDEX(Tab_Def_Flows[[Flow_ID]:[CC_DM_source]],MATCH(Tab_Data_Flows[[#This Row],[Name(EN)]],Tab_Def_Flows[Name(EN)],0),18) -> 0.062 | AG43: =IF(K43="Yes",AF43*Tab_Data_Flows[[#This Row],[Flow_Py]],"N.A.") -> 4374.6843 | AH43: =Tab_Data_Flows[[#This Row],[UoM_Flow_Py]] -> Mg | AI43: =INDEX(Tab_Def_Flows[[Flow_ID]:[CC_DM_source]],MATCH(Tab_Data_Flows[[#This Row],[Name(EN)]],Tab_Def_Flows[Name(EN)],0),20) -> 0.49 | AJ43: =IF(L43="Yes",AI43*Tab_Data_Flows[[#This Row],[Flow_Py]]*Tab_Data_Flows[[#This Row],[DM_'[%']]],"N.A.") -> 2143.5953 | AK43: =Tab_Data_Flows[[#This Row],[UoM_Flow_Py]] -> Mg
B44: =_xlfn.XLOOKUP(C44,Tab_Def_Flows[Name(EN)],Tab_Def_Flows[Flow_ID],,0,) -> F_04_01 | C44: Cow-Manure | E44: =_xlfn.XLOOKUP(C44,Tab_Def_Flows[Name(EN)],Tab_Def_Flows[Output_Process],,0,) -> Cow-Manure_Production | F44: =_xlfn.XLOOKUP(C44,Tab_Def_Flows[Name(EN)],Tab_Def_Flows[Process_ID_O],,0,) -> 04_Cow_BB | G44: =_xlfn.XLOOKUP(C44,Tab_Def_Flows[Name(EN)],Tab_Def_Flows[Input_Process],,0,) -> Biogas_Production | H44: =_xlfn.XLOOKUP(C44,Tab_Def_Flows[Name(EN)],Tab_Def_Flows[Process_ID_I],,0,) -> 01_Bio_BB | I44: =_xlfn.XLOOKUP(C44,Tab_Def_Flows[Name(EN)],Tab_Def_Flows[Value_Source],,0,) -> 0 | J44: =_xlfn.XLOOKUP(C44,Tab_Def_Flows[Name(EN)],Tab_Def_Flows[WC?],,0,) -> Yes | K44: =_xlfn.XLOOKUP(C44,Tab_Def_Flows[Name(EN)],Tab_Def_Flows[DM?],,0,) -> Yes | L44: =_xlfn.XLOOKUP(C44,Tab_Def_Flows[Name(EN)],Tab_Def_Flows[CC?],,0,) -> Yes | M44: 2035 | O44: =O43*1.02 -> 71970.613 | R44: =INDEX(Tab_WC_DM_CC[[Flow_ID]:[CC_source]],MATCH(Tab_Data_Flows[[#This Row],[Name(EN)]],Tab_WC_DM_CC[Name(EN)],0),12) -> #N/A | S44: =MATCH(Tab_Data_Flows[[#This Row],[Name(EN)]],Tab_WC_DM_CC[Name(EN)],0) -> #N/A | X44: No | Z44: ='3_1_Calculation_factors (Wood)'!$A$14 -> Mittelwert | AA44: =IF(X44="no",O44,O44*Y44) -> 71970.613 | AB44: Mg | AC44: =INDEX(Tab_Def_Flows[[Flow_ID]:[CC_DM_source]],MATCH(Tab_Data_Flows[[#This Row],[Name(EN)]],Tab_Def_Flows[Name(EN)],0),16) -> 0.938 | AD44: =IF(J44="Yes",AA44*Tab_Data_Flows[[#This Row],[WC_'[%']]],"N.A.") -> 67508.435 | AE44: =Tab_Data_Flows[[#This Row],[UoM_Flow_Py]] -> Mg | AF44: =INDEX(Tab_Def_Flows[[Flow_ID]:[CC_DM_source]],MATCH(Tab_Data_Flows[[#This Row],[Name(EN)]],Tab_Def_Flows[Name(EN)],0),18) -> 0.062 | AG44: =IF(K44="Yes",AF44*Tab_Data_Flows[[#This Row],[Flow_Py]],"N.A.") -> 4462.178 | AH44: =Tab_Data_Flows[[#This Row],[UoM_Flow_Py]] -> Mg | AI44: =INDEX(Tab_Def_Flows[[Flow_ID]:[CC_DM_source]],MATCH(Tab_Data_Flows[[#This Row],[Name(EN)]],Tab_Def_Flows[Name(EN)],0),20) -> 0.49 | AJ44: =IF(L44="Yes",AI44*Tab_Data_Flows[[#This Row],[Flow_Py]]*Tab_Data_Flows[[#This Row],[DM_'[%']]],"N.A.") -> 2186.4672 | AK44: =Tab_Data_Flows[[#This Row],[UoM_Flow_Py]] -> Mg
B45: =_xlfn.XLOOKUP(C45,Tab_Def_Flows[Name(EN)],Tab_Def_Flows[Flow_ID],,0,) -> F_04_01 | C45: Cow-Manure | E45: =_xlfn.XLOOKUP(C45,Tab_Def_Flows[Name(EN)],Tab_Def_Flows[Output_Process],,0,) -> Cow-Manure_Production | F45: =_xlfn.XLOOKUP(C45,Tab_Def_Flows[Name(EN)],Tab_Def_Flows[Process_ID_O],,0,) -> 04_Cow_BB | G45: =_xlfn.XLOOKUP(C45,Tab_Def_Flows[Name(EN)],Tab_Def_Flows[Input_Process],,0,) -> Biogas_Production | H45: =_xlfn.XLOOKUP(C45,Tab_Def_Flows[Name(EN)],Tab_Def_Flows[Process_ID_I],,0,) -> 01_Bio_BB | I45: =_xlfn.XLOOKUP(C45,Tab_Def_Flows[Name(EN)],Tab_Def_Flows[Value_Source],,0,) -> 0 | J45: =_xlfn.XLOOKUP(C45,Tab_Def_Flows[Name(EN)],Tab_Def_Flows[WC?],,0,) -> Yes | K45: =_xlfn.XLOOKUP(C45,Tab_Def_Flows[Name(EN)],Tab_Def_Flows[DM?],,0,) -> Yes | L45: =_xlfn.XLOOKUP(C45,Tab_Def_Flows[Name(EN)],Tab_Def_Flows[CC?],,0,) -> Yes | M45: 2036 | O45: =O44*1.02 -> 73410.026 | R45: =INDEX(Tab_WC_DM_CC[[Flow_ID]:[CC_source]],MATCH(Tab_Data_Flows[[#This Row],[Name(EN)]],Tab_WC_DM_CC[Name(EN)],0),12) -> #N/A | S45: =MATCH(Tab_Data_Flows[[#This Row],[Name(EN)]],Tab_WC_DM_CC[Name(EN)],0) -> #N/A | X45: No | Z45: ='3_1_Calculation_factors (Wood)'!$A$14 -> Mittelwert | AA45: =IF(X45="no",O45,O45*Y45) -> 73410.026 | AB45: Mg | AC45: =INDEX(Tab_Def_Flows[[Flow_ID]:[CC_DM_source]],MATCH(Tab_Data_Flows[[#This Row],[Name(EN)]],Tab_Def_Flows[Name(EN)],0),16) -> 0.938 | AD45: =IF(J45="Yes",AA45*Tab_Data_Flows[[#This Row],[WC_'[%']]],"N.A.") -> 68858.604 | AE45: =Tab_Data_Flows[[#This Row],[UoM_Flow_Py]] -> Mg | AF45: =INDEX(Tab_Def_Flows[[Flow_ID]:[CC_DM_source]],MATCH(Tab_Data_Flows[[#This Row],[Name(EN)]],Tab_Def_Flows[Name(EN)],0),18) -> 0.062 | AG45: =IF(K45="Yes",AF45*Tab_Data_Flows[[#This Row],[Flow_Py]],"N.A.") -> 4551.4216 | AH45: =Tab_Data_Flows[[#This Row],[UoM_Flow_Py]] -> Mg | AI45: =INDEX(Tab_Def_Flows[[Flow_ID]:[CC_DM_source]],MATCH(Tab_Data_Flows[[#This Row],[Name(EN)]],Tab_Def_Flows[Name(EN)],0),20) -> 0.49 | AJ45: =IF(L45="Yes",AI45*Tab_Data_Flows[[#This Row],[Flow_Py]]*Tab_Data_Flows[[#This Row],[DM_'[%']]],"N.A.") -> 2230.1966 | AK45: =Tab_Data_Flows[[#This Row],[UoM_Flow_Py]] -> Mg
B46: =_xlfn.XLOOKUP(C46,Tab_Def_Flows[Name(EN)],Tab_Def_Flows[Flow_ID],,0,) -> F_04_01 | C46: Cow-Manure | E46: =_xlfn.XLOOKUP(C46,Tab_Def_Flows[Name(EN)],Tab_Def_Flows[Output_Process],,0,) -> Cow-Manure_Production | F46: =_xlfn.XLOOKUP(C46,Tab_Def_Flows[Name(EN)],Tab_Def_Flows[Process_ID_O],,0,) -> 04_Cow_BB | G46: =_xlfn.XLOOKUP(C46,Tab_Def_Flows[Name(EN)],Tab_Def_Flows[Input_Process],,0,) -> Biogas_Production | H46: =_xlfn.XLOOKUP(C46,Tab_Def_Flows[Name(EN)],Tab_Def_Flows[Process_ID_I],,0,) -> 01_Bio_BB | I46: =_xlfn.XLOOKUP(C46,Tab_Def_Flows[Name(EN)],Tab_Def_Flows[Value_Source],,0,) -> 0 | J46: =_xlfn.XLOOKUP(C46,Tab_Def_Flows[Name(EN)],Tab_Def_Flows[WC?],,0,) -> Yes | K46: =_xlfn.XLOOKUP(C46,Tab_Def_Flows[Name(EN)],Tab_Def_Flows[DM?],,0,) -> Yes | L46: =_xlfn.XLOOKUP(C46,Tab_Def_Flows[Name(EN)],Tab_Def_Flows[CC?],,0,) -> Yes | M46: 2037 | O46: =O45*1.02 -> 74878.226 | R46: =INDEX(Tab_WC_DM_CC[[Flow_ID]:[CC_source]],MATCH(Tab_Data_Flows[[#This Row],[Name(EN)]],Tab_WC_DM_CC[Name(EN)],0),12) -> #N/A | S46: =MATCH(Tab_Data_Flows[[#This Row],[Name(EN)]],Tab_WC_DM_CC[Name(EN)],0) -> #N/A | X46: No | Z46: ='3_1_Calculation_factors (Wood)'!$A$14 -> Mittelwert | AA46: =IF(X46="no",O46,O46*Y46) -> 74878.226 | AB46: Mg | AC46: =INDEX(Tab_Def_Flows[[Flow_ID]:[CC_DM_source]],MATCH(Tab_Data_Flows[[#This Row],[Name(EN)]],Tab_Def_Flows[Name(EN)],0),16) -> 0.938 | AD46: =IF(J46="Yes",AA46*Tab_Data_Flows[[#This Row],[WC_'[%']]],"N.A.") -> 70235.776 | AE46: =Tab_Data_Flows[[#This Row],[UoM_Flow_Py]] -> Mg | AF46: =INDEX(Tab_Def_Flows[[Flow_ID]:[CC_DM_source]],MATCH(Tab_Data_Flows[[#This Row],[Name(EN)]],Tab_Def_Flows[Name(EN)],0),18) -> 0.062 | AG46: =IF(K46="Yes",AF46*Tab_Data_Flows[[#This Row],[Flow_Py]],"N.A.") -> 4642.45 | AH46: =Tab_Data_Flows[[#This Row],[UoM_Flow_Py]] -> Mg | AI46: =INDEX(Tab_Def_Flows[[Flow_ID]:[CC_DM_source]],MATCH(Tab_Data_Flows[[#This Row],[Name(EN)]],Tab_Def_Flows[Name(EN)],0),20) -> 0.49 | AJ46: =IF(L46="Yes",AI46*Tab_Data_Flows[[#This Row],[Flow_Py]]*Tab_Data_Flows[[#This Row],[DM_'[%']]],"N.A.") -> 2274.8005 | AK46: =Tab_Data_Flows[[#This Row],[UoM_Flow_Py]] -> Mg
B47: =_xlfn.XLOOKUP(C47,Tab_Def_Flows[Name(EN)],Tab_Def_Flows[Flow_ID],,0,) -> F_04_01 | C47: Cow-Manure | E47: =_xlfn.XLOOKUP(C47,Tab_Def_Flows[Name(EN)],Tab_Def_Flows[Output_Process],,0,) -> Cow-Manure_Production | F47: =_xlfn.XLOOKUP(C47,Tab_Def_Flows[Name(EN)],Tab_Def_Flows[Process_ID_O],,0,) -> 04_Cow_BB | G47: =_xlfn.XLOOKUP(C47,Tab_Def_Flows[Name(EN)],Tab_Def_Flows[Input_Process],,0,) -> Biogas_Production | H47: =_xlfn.XLOOKUP(C47,Tab_Def_Flows[Name(EN)],Tab_Def_Flows[Process_ID_I],,0,) -> 01_Bio_BB | I47: =_xlfn.XLOOKUP(C47,Tab_Def_Flows[Name(EN)],Tab_Def_Flows[Value_Source],,0,) -> 0 | J47: =_xlfn.XLOOKUP(C47,Tab_Def_Flows[Name(EN)],Tab_Def_Flows[WC?],,0,) -> Yes | K47: =_xlfn.XLOOKUP(C47,Tab_Def_Flows[Name(EN)],Tab_Def_Flows[DM?],,0,) -> Yes | L47: =_xlfn.XLOOKUP(C47,Tab_Def_Flows[Name(EN)],Tab_Def_Flows[CC?],,0,) -> Yes | M47: 2038 | O47: =O46*1.02 -> 76375.791 | R47: =INDEX(Tab_WC_DM_CC[[Flow_ID]:[CC_source]],MATCH(Tab_Data_Flows[[#This Row],[Name(EN)]],Tab_WC_DM_CC[Name(EN)],0),12) -> #N/A | S47: =MATCH(Tab_Data_Flows[[#This Row],[Name(EN)]],Tab_WC_DM_CC[Name(EN)],0) -> #N/A | X47: No | Z47: ='3_1_Calculation_factors (Wood)'!$A$14 -> Mittelwert | AA47: =IF(X47="no",O47,O47*Y47) -> 76375.791 | AB47: Mg | AC47: =INDEX(Tab_Def_Flows[[Flow_ID]:[CC_DM_source]],MATCH(Tab_Data_Flows[[#This Row],[Name(EN)]],Tab_Def_Flows[Name(EN)],0),16) -> 0.938 | AD47: =IF(J47="Yes",AA47*Tab_Data_Flows[[#This Row],[WC_'[%']]],"N.A.") -> 71640.492 | AE47: =Tab_Data_Flows[[#This Row],[UoM_Flow_Py]] -> Mg | AF47: =INDEX(Tab_Def_Flows[[Flow_ID]:[CC_DM_source]],MATCH(Tab_Data_Flows[[#This Row],[Name(EN)]],Tab_Def_Flows[Name(EN)],0),18) -> 0.062 | AG47: =IF(K47="Yes",AF47*Tab_Data_Flows[[#This Row],[Flow_Py]],"N.A.") -> 4735.299 | AH47: =Tab_Data_Flows[[#This Row],[UoM_Flow_Py]] -> Mg | AI47: =INDEX(Tab_Def_Flows[[Flow_ID]:[CC_DM_source]],MATCH(Tab_Data_Flows[[#This Row],[Name(EN)]],Tab_Def_Flows[Name(EN)],0),20) -> 0.49 | AJ47: =IF(L47="Yes",AI47*Tab_Data_Flows[[#This Row],[Flow_Py]]*Tab_Data_Flows[[#This Row],[DM_'[%']]],"N.A.") -> 2320.2965 | AK47: =Tab_Data_Flows[[#This Row],[UoM_Flow_Py]] -> Mg
B48: =_xlfn.XLOOKUP(C48,Tab_Def_Flows[Name(EN)],Tab_Def_Flows[Flow_ID],,0,) -> F_04_01 | C48: Cow-Manure | E48: =_xlfn.XLOOKUP(C48,Tab_Def_Flows[Name(EN)],Tab_Def_Flows[Output_Process],,0,) -> Cow-Manure_Production | F48: =_xlfn.XLOOKUP(C48,Tab_Def_Flows[Name(EN)],Tab_Def_Flows[Process_ID_O],,0,) -> 04_Cow_BB | G48: =_xlfn.XLOOKUP(C48,Tab_Def_Flows[Name(EN)],Tab_Def_Flows[Input_Process],,0,) -> Biogas_Production | H48: =_xlfn.XLOOKUP(C48,Tab_Def_Flows[Name(EN)],Tab_Def_Flows[Process_ID_I],,0,) -> 01_Bio_BB | I48: =_xlfn.XLOOKUP(C48,Tab_Def_Flows[Name(EN)],Tab_Def_Flows[Value_Source],,0,) -> 0 | J48: =_xlfn.XLOOKUP(C48,Tab_Def_Flows[Name(EN)],Tab_Def_Flows[WC?],,0,) -> Yes | K48: =_xlfn.XLOOKUP(C48,Tab_Def_Flows[Name(EN)],Tab_Def_Flows[DM?],,0,) -> Yes | L48: =_xlfn.XLOOKUP(C48,Tab_Def_Flows[Name(EN)],Tab_Def_Flows[CC?],,0,) -> Yes | M48: 2039 | O48: =O47*1.02 -> 77903.306 | R48: =INDEX(Tab_WC_DM_CC[[Flow_ID]:[CC_source]],MATCH(Tab_Data_Flows[[#This Row],[Name(EN)]],Tab_WC_DM_CC[Name(EN)],0),12) -> #N/A | S48: =MATCH(Tab_Data_Flows[[#This Row],[Name(EN)]],Tab_WC_DM_CC[Name(EN)],0) -> #N/A | X48: No | Z48: ='3_1_Calculation_factors (Wood)'!$A$14 -> Mittelwert | AA48: =IF(X48="no",O48,O48*Y48) -> 77903.306 | AB48: Mg | AC48: =INDEX(Tab_Def_Flows[[Flow_ID]:[CC_DM_source]],MATCH(Tab_Data_Flows[[#This Row],[Name(EN)]],Tab_Def_Flows[Name(EN)],0),16) -> 0.938 | AD48: =IF(J48="Yes",AA48*Tab_Data_Flows[[#This Row],[WC_'[%']]],"N.A.") -> 73073.301 | AE48: =Tab_Data_Flows[[#This Row],[UoM_Flow_Py]] -> Mg | AF48: =INDEX(Tab_Def_Flows[[Flow_ID]:[CC_DM_source]],MATCH(Tab_Data_Flows[[#This Row],[Name(EN)]],Tab_Def_Flows[Name(EN)],0),18) -> 0.062 | AG48: =IF(K48="Yes",AF48*Tab_Data_Flows[[#This Row],[Flow_Py]],"N.A.") -> 4830.005 | AH48: =Tab_Data_Flows[[#This Row],[UoM_Flow_Py]] -> Mg | AI48: =INDEX(Tab_Def_Flows[[Flow_ID]:[CC_DM_source]],MATCH(Tab_Data_Flows[[#This Row],[Name(EN)]],Tab_Def_Flows[Name(EN)],0),20) -> 0.49 | AJ48: =IF(L48="Yes",AI48*Tab_Data_Flows[[#This Row],[Flow_Py]]*Tab_Data_Flows[[#This Row],[DM_'[%']]],"N.A.") -> 2366.7024 | AK48: =Tab_Data_Flows[[#This Row],[UoM_Flow_Py]] -> Mg
B49: =_xlfn.XLOOKUP(C49,Tab_Def_Flows[Name(EN)],Tab_Def_Flows[Flow_ID],,0,) -> F_04_01 | C49: Cow-Manure | E49: =_xlfn.XLOOKUP(C49,Tab_Def_Flows[Name(EN)],Tab_Def_Flows[Output_Process],,0,) -> Cow-Manure_Production | F49: =_xlfn.XLOOKUP(C49,Tab_Def_Flows[Name(EN)],Tab_Def_Flows[Process_ID_O],,0,) -> 04_Cow_BB | G49: =_xlfn.XLOOKUP(C49,Tab_Def_Flows[Name(EN)],Tab_Def_Flows[Input_Process],,0,) -> Biogas_Production | H49: =_xlfn.XLOOKUP(C49,Tab_Def_Flows[Name(EN)],Tab_Def_Flows[Process_ID_I],,0,) -> 01_Bio_BB | I49: =_xlfn.XLOOKUP(C49,Tab_Def_Flows[Name(EN)],Tab_Def_Flows[Value_Source],,0,) -> 0 | J49: =_xlfn.XLOOKUP(C49,Tab_Def_Flows[Name(EN)],Tab_Def_Flows[WC?],,0,) -> Yes | K49: =_xlfn.XLOOKUP(C49,Tab_Def_Flows[Name(EN)],Tab_Def_Flows[DM?],,0,) -> Yes | L49: =_xlfn.XLOOKUP(C49,Tab_Def_Flows[Name(EN)],Tab_Def_Flows[CC?],,0,) -> Yes | M49: 2040 | O49: =O48*1.02 -> 79461.372 | R49: =INDEX(Tab_WC_DM_CC[[Flow_ID]:[CC_source]],MATCH(Tab_Data_Flows[[#This Row],[Name(EN)]],Tab_WC_DM_CC[Name(EN)],0),12) -> #N/A | S49: =MATCH(Tab_Data_Flows[[#This Row],[Name(EN)]],Tab_WC_DM_CC[Name(EN)],0) -> #N/A | X49: No | Z49: ='3_1_Calculation_factors (Wood)'!$A$14 -> Mittelwert | AA49: =IF(X49="no",O49,O49*Y49) -> 79461.372 | AB49: Mg | AC49: =INDEX(Tab_Def_Flows[[Flow_ID]:[CC_DM_source]],MATCH(Tab_Data_Flows[[#This Row],[Name(EN)]],Tab_Def_Flows[Name(EN)],0),16) -> 0.938 | AD49: =IF(J49="Yes",AA49*Tab_Data_Flows[[#This Row],[WC_'[%']]],"N.A.") -> 74534.767 | AE49: =Tab_Data_Flows[[#This Row],[UoM_Flow_Py]] -> Mg | AF49: =INDEX(Tab_Def_Flows[[Flow_ID]:[CC_DM_source]],MATCH(Tab_Data_Flows[[#This Row],[Name(EN)]],Tab_Def_Flows[Name(EN)],0),18) -> 0.062 | AG49: =IF(K49="Yes",AF49*Tab_Data_Flows[[#This Row],[Flow_Py]],"N.A.") -> 4926.6051 | AH49: =Tab_Data_Flows[[#This Row],[UoM_Flow_Py]] -> Mg | AI49: =INDEX(Tab_Def_Flows[[Flow_ID]:[CC_DM_source]],MATCH(Tab_Data_Flows[[#This Row],[Name(EN)]],Tab_Def_Flows[Name(EN)],0),20) -> 0.49 | AJ49: =IF(L49="Yes",AI49*Tab_Data_Flows[[#This Row],[Flow_Py]]*Tab_Data_Flows[[#This Row],[DM_'[%']]],"N.A.") -> 2414.0365 | AK49: =Tab_Data_Flows[[#This Row],[UoM_Flow_Py]] -> Mg
... B59: =_xlfn.XLOOKUP(C59,Tab_Def_Flows[Name(EN)],Tab_Def_Flows[Flow_ID],,0,) -> F_04_01 | C59: Cow-Manure | E59: =_xlfn.XLOOKUP(C59,Tab_Def_Flows[Name(EN)],Tab_Def_Flows[Output_Process],,0,) -> Cow-Manure_Production | F59: =_xlfn.XLOOKUP(C59,Tab_Def_Flows[Name(EN)],Tab_Def_Flows[Process_ID_O],,0,) -> 04_Cow_BB | G59: =_xlfn.XLOOKUP(C59,Tab_Def_Flows[Name(EN)],Tab_Def_Flows[Input_Process],,0,) -> Biogas_Production | H59: =_xlfn.XLOOKUP(C59,Tab_Def_Flows[Name(EN)],Tab_Def_Flows[Process_ID_I],,0,) -> 01_Bio_BB | I59: =_xlfn.XLOOKUP(C59,Tab_Def_Flows[Name(EN)],Tab_Def_Flows[Value_Source],,0,) -> 0 | J59: =_xlfn.XLOOKUP(C59,Tab_Def_Flows[Name(EN)],Tab_Def_Flows[WC?],,0,) -> Yes | K59: =_xlfn.XLOOKUP(C59,Tab_Def_Flows[Name(EN)],Tab_Def_Flows[DM?],,0,) -> Yes | L59: =_xlfn.XLOOKUP(C59,Tab_Def_Flows[Name(EN)],Tab_Def_Flows[CC?],,0,) -> Yes | M59: 2050 | O59: =O58*1.02 -> 96862.97 | R59: =INDEX(Tab_WC_DM_CC[[Flow_ID]:[CC_source]],MATCH(Tab_Data_Flows[[#This Row],[Name(EN)]],Tab_WC_DM_CC[Name(EN)],0),12) -> #N/A | S59: =MATCH(Tab_Data_Flows[[#This Row],[Name(EN)]],Tab_WC_DM_CC[Name(EN)],0) -> #N/A | X59: No | Z59: ='3_1_Calculation_factors (Wood)'!$A$14 -> Mittelwert | AA59: =IF(X59="no",O59,O59*Y59) -> 96862.97 | AB59: Mg | AC59: =INDEX(Tab_Def_Flows[[Flow_ID]:[CC_DM_source]],MATCH(Tab_Data_Flows[[#This Row],[Name(EN)]],Tab_Def_Flows[Name(EN)],0),16) -> 0.938 | AD59: =IF(J59="Yes",AA59*Tab_Data_Flows[[#This Row],[WC_'[%']]],"N.A.") -> 90857.466 | AE59: =Tab_Data_Flows[[#This Row],[UoM_Flow_Py]] -> Mg | AF59: =INDEX(Tab_Def_Flows[[Flow_ID]:[CC_DM_source]],MATCH(Tab_Data_Flows[[#This Row],[Name(EN)]],Tab_Def_Flows[Name(EN)],0),18) -> 0.062 | AG59: =IF(K59="Yes",AF59*Tab_Data_Flows[[#This Row],[Flow_Py]],"N.A.") -> 6005.5041 | AH59: =Tab_Data_Flows[[#This Row],[UoM_Flow_Py]] -> Mg | AI59: =INDEX(Tab_Def_Flows[[Flow_ID]:[CC_DM_source]],MATCH(Tab_Data_Flows[[#This Row],[Name(EN)]],Tab_Def_Flows[Name(EN)],0),20) -> 0.49 | AJ59: =IF(L59="Yes",AI59*Tab_Data_Flows[[#This Row],[Flow_Py]]*Tab_Data_Flows[[#This Row],[DM_'[%']]],"N.A.") -> 2942.697 | AK59: =Tab_Data_Flows[[#This Row],[UoM_Flow_Py]] -> Mg
A60: =ROW()-1 -> 59 | B60: =_xlfn.XLOOKUP(C60,Tab_Def_Flows[Name(EN)],Tab_Def_Flows[Flow_ID],,0,) -> F_11_02 | C60: Millet-Grain | D60: =_xlfn.XLOOKUP(C60,Tab_Def_Flows[Name(EN)],Tab_Def_Flows[Type_Biomass],,0,) -> 0 | E60: =_xlfn.XLOOKUP(C60,Tab_Def_Flows[Name(EN)],Tab_Def_Flows[Output_Process],,0,) -> Millet_Production | F60: =_xlfn.XLOOKUP(C60,Tab_Def_Flows[Name(EN)],Tab_Def_Flows[Process_ID_O],,0,) -> 11_Mil_BB | G60: =_xlfn.XLOOKUP(C60,Tab_Def_Flows[Name(EN)],Tab_Def_Flows[Input_Process],,0,) -> MBC_Production | H60: =_xlfn.XLOOKUP(C60,Tab_Def_Flows[Name(EN)],Tab_Def_Flows[Process_ID_I],,0,) -> 02_MBC_BB | I60: =_xlfn.XLOOKUP(C60,Tab_Def_Flows[Name(EN)],Tab_Def_Flows[Value_Source],,0,) -> 0 | J60: =_xlfn.XLOOKUP(C60,Tab_Def_Flows[Name(EN)],Tab_Def_Flows[WC?],,0,) -> Yes | K60: =_xlfn.XLOOKUP(C60,Tab_Def_Flows[Name(EN)],Tab_Def_Flows[DM?],,0,) -> Yes | L60: =_xlfn.XLOOKUP(C60,Tab_Def_Flows[Name(EN)],Tab_Def_Flows[CC?],,0,) -> Yes | M60: 2022 | N60: BB | O60: 2707.6004 | P60: Mg/a | X60: No | AA60: =IF(X60="no",O60,O60*Y60) -> 2707.6004 | AB60: Mg | AC60: =INDEX(Tab_Def_Flows[[Flow_ID]:[CC_DM_source]],MATCH(Tab_Data_Flows[[#This Row],[Name(EN)]],Tab_Def_Flows[Name(EN)],0),16) -> 0.08805 | AD60: =IF(J60="Yes",AA60*Tab_Data_Flows[[#This Row],[WC_'[%']]],"N.A.") -> 238.40422 | AE60: =Tab_Data_Flows[[#This Row],[UoM_Flow_Py]] -> Mg | AF60: =INDEX(Tab_Def_Flows[[Flow_ID]:[CC_DM_source]],MATCH(Tab_Data_Flows[[#This Row],[Name(EN)]],Tab_Def_Flows[Name(EN)],0),18) -> 0.91195 | AG60: =IF(K60="Yes",AF60*Tab_Data_Flows[[#This Row],[Flow_Py]],"N.A.") -> 2469.1962 | AH60: =Tab_Data_Flows[[#This Row],[UoM_Flow_Py]] -> Mg | AI60: =INDEX(Tab_Def_Flows[[Flow_ID]:[CC_DM_source]],MATCH(Tab_Data_Flows[[#This Row],[Name(EN)]],Tab_Def_Flows[Name(EN)],0),20) -> 0.462 | AJ60: =IF(L60="Yes",AI60*Tab_Data_Flows[[#This Row],[Flow_Py]]*Tab_Data_Flows[[#This Row],[DM_'[%']]],"N.A.") -> 1140.7686 | AK60: =Tab_Data_Flows[[#This Row],[UoM_Flow_Py]] -> Mg
A61: =ROW()-1 -> 60 | B61: =_xlfn.XLOOKUP(C61,Tab_Def_Flows[Name(EN)],Tab_Def_Flows[Flow_ID],,0,) -> F_11_02 | C61: Millet-Grain | D61: =_xlfn.XLOOKUP(C61,Tab_Def_Flows[Name(EN)],Tab_Def_Flows[Type_Biomass],,0,) -> 0 | E61: =_xlfn.XLOOKUP(C61,Tab_Def_Flows[Name(EN)],Tab_Def_Flows[Output_Process],,0,) -> Millet_Production | F61: =_xlfn.XLOOKUP(C61,Tab_Def_Flows[Name(EN)],Tab_Def_Flows[Process_ID_O],,0,) -> 11_Mil_BB | G61: =_xlfn.XLOOKUP(C61,Tab_Def_Flows[Name(EN)],Tab_Def_Flows[Input_Process],,0,) -> MBC_Production | H61: =_xlfn.XLOOKUP(C61,Tab_Def_Flows[Name(EN)],Tab_Def_Flows[Process_ID_I],,0,) -> 02_MBC_BB | I61: =_xlfn.XLOOKUP(C61,Tab_Def_Flows[Name(EN)],Tab_Def_Flows[Value_Source],,0,) -> 0 | J61: =_xlfn.XLOOKUP(C61,Tab_Def_Flows[Name(EN)],Tab_Def_Flows[WC?],,0,) -> Yes | K61: =_xlfn.XLOOKUP(C61,Tab_Def_Flows[Name(EN)],Tab_Def_Flows[DM?],,0,) -> Yes | L61: =_xlfn.XLOOKUP(C61,Tab_Def_Flows[Name(EN)],Tab_Def_Flows[CC?],,0,) -> Yes | M61: 2023 | N61: BB | O61: =O60*1.02 -> 2761.7524 | P61: Mg/a | X61: No | AA61: =IF(X61="no",O61,O61*Y61) -> 2761.7524 | AB61: Mg | AC61: =INDEX(Tab_Def_Flows[[Flow_ID]:[CC_DM_source]],MATCH(Tab_Data_Flows[[#This Row],[Name(EN)]],Tab_Def_Flows[Name(EN)],0),16) -> 0.08805 | AD61: =IF(J61="Yes",AA61*Tab_Data_Flows[[#This Row],[WC_'[%']]],"N.A.") -> 243.1723 | AE61: =Tab_Data_Flows[[#This Row],[UoM_Flow_Py]] -> Mg | AF61: =INDEX(Tab_Def_Flows[[Flow_ID]:[CC_DM_source]],MATCH(Tab_Data_Flows[[#This Row],[Name(EN)]],Tab_Def_Flows[Name(EN)],0),18) -> 0.91195 | AG61: =IF(K61="Yes",AF61*Tab_Data_Flows[[#This Row],[Flow_Py]],"N.A.") -> 2518.5801 | AH61: =Tab_Data_Flows[[#This Row],[UoM_Flow_Py]] -> Mg | AI61: =INDEX(Tab_Def_Flows[[Flow_ID]:[CC_DM_source]],MATCH(Tab_Data_Flows[[#This Row],[Name(EN)]],Tab_Def_Flows[Name(EN)],0),20) -> 0.462 | AJ61: =IF(L61="Yes",AI61*Tab_Data_Flows[[#This Row],[Flow_Py]]*Tab_Data_Flows[[#This Row],[DM_'[%']]],"N.A.") -> 1163.584 | AK61: =Tab_Data_Flows[[#This Row],[UoM_Flow_Py]] -> Mg
A62: =ROW()-1 -> 61 | B62: =_xlfn.XLOOKUP(C62,Tab_Def_Flows[Name(EN)],Tab_Def_Flows[Flow_ID],,0,) -> F_11_02 | C62: Millet-Grain | D62: =_xlfn.XLOOKUP(C62,Tab_Def_Flows[Name(EN)],Tab_Def_Flows[Type_Biomass],,0,) -> 0 | E62: =_xlfn.XLOOKUP(C62,Tab_Def_Flows[Name(EN)],Tab_Def_Flows[Output_Process],,0,) -> Millet_Production | F62: =_xlfn.XLOOKUP(C62,Tab_Def_Flows[Name(EN)],Tab_Def_Flows[Process_ID_O],,0,) -> 11_Mil_BB | G62: =_xlfn.XLOOKUP(C62,Tab_Def_Flows[Name(EN)],Tab_Def_Flows[Input_Process],,0,) -> MBC_Production | H62: =_xlfn.XLOOKUP(C62,Tab_Def_Flows[Name(EN)],Tab_Def_Flows[Process_ID_I],,0,) -> 02_MBC_BB | I62: =_xlfn.XLOOKUP(C62,Tab_Def_Flows[Name(EN)],Tab_Def_Flows[Value_Source],,0,) -> 0 | J62: =_xlfn.XLOOKUP(C62,Tab_Def_Flows[Name(EN)],Tab_Def_Flows[WC?],,0,) -> Yes | K62: =_xlfn.XLOOKUP(C62,Tab_Def_Flows[Name(EN)],Tab_Def_Flows[DM?],,0,) -> Yes | L62: =_xlfn.XLOOKUP(C62,Tab_Def_Flows[Name(EN)],Tab_Def_Flows[CC?],,0,) -> Yes | M62: 2024 | N62: BB | O62: =O61*1.02 -> 2816.9875 | P62: Mg/a | X62: No | AA62: =IF(X62="no",O62,O62*Y62) -> 2816.9875 | AB62: Mg | AC62: =INDEX(Tab_Def_Flows[[Flow_ID]:[CC_DM_source]],MATCH(Tab_Data_Flows[[#This Row],[Name(EN)]],Tab_Def_Flows[Name(EN)],0),16) -> 0.08805 | AD62: =IF(J62="Yes",AA62*Tab_Data_Flows[[#This Row],[WC_'[%']]],"N.A.") -> 248.03575 | AE62: =Tab_Data_Flows[[#This Row],[UoM_Flow_Py]] -> Mg | AF62: =INDEX(Tab_Def_Flows[[Flow_ID]:[CC_DM_source]],MATCH(Tab_Data_Flows[[#This Row],[Name(EN)]],Tab_Def_Flows[Name(EN)],0),18) -> 0.91195 | AG62: =IF(K62="Yes",AF62*Tab_Data_Flows[[#This Row],[Flow_Py]],"N.A.") -> 2568.9517 | AH62: =Tab_Data_Flows[[#This Row],[UoM_Flow_Py]] -> Mg | AI62: =INDEX(Tab_Def_Flows[[Flow_ID]:[CC_DM_source]],MATCH(Tab_Data_Flows[[#This Row],[Name(EN)]],Tab_Def_Flows[Name(EN)],0),20) -> 0.462 | AJ62: =IF(L62="Yes",AI62*Tab_Data_Flows[[#This Row],[Flow_Py]]*Tab_Data_Flows[[#This Row],[DM_'[%']]],"N.A.") -> 1186.8557 | AK62: =Tab_Data_Flows[[#This Row],[UoM_Flow_Py]] -> Mg
A63: =ROW()-1 -> 62 | B63: =_xlfn.XLOOKUP(C63,Tab_Def_Flows[Name(EN)],Tab_Def_Flows[Flow_ID],,0,) -> F_11_02 | C63: Millet-Grain | D63: =_xlfn.XLOOKUP(C63,Tab_Def_Flows[Name(EN)],Tab_Def_Flows[Type_Biomass],,0,) -> 0 | E63: =_xlfn.XLOOKUP(C63,Tab_Def_Flows[Name(EN)],Tab_Def_Flows[Output_Process],,0,) -> Millet_Production | F63: =_xlfn.XLOOKUP(C63,Tab_Def_Flows[Name(EN)],Tab_Def_Flows[Process_ID_O],,0,) -> 11_Mil_BB | G63: =_xlfn.XLOOKUP(C63,Tab_Def_Flows[Name(EN)],Tab_Def_Flows[Input_Process],,0,) -> MBC_Production | H63: =_xlfn.XLOOKUP(C63,Tab_Def_Flows[Name(EN)],Tab_Def_Flows[Process_ID_I],,0,) -> 02_MBC_BB | I63: =_xlfn.XLOOKUP(C63,Tab_Def_Flows[Name(EN)],Tab_Def_Flows[Value_Source],,0,) -> 0 | J63: =_xlfn.XLOOKUP(C63,Tab_Def_Flows[Name(EN)],Tab_Def_Flows[WC?],,0,) -> Yes | K63: =_xlfn.XLOOKUP(C63,Tab_Def_Flows[Name(EN)],Tab_Def_Flows[DM?],,0,) -> Yes | L63: =_xlfn.XLOOKUP(C63,Tab_Def_Flows[Name(EN)],Tab_Def_Flows[CC?],,0,) -> Yes | M63: 2025 | N63: BB | O63: =O62*1.02 -> 2873.3272 | P63: Mg/a | X63: No | AA63: =IF(X63="no",O63,O63*Y63) -> 2873.3272 | AB63: Mg | AC63: =INDEX(Tab_Def_Flows[[Flow_ID]:[CC_DM_source]],MATCH(Tab_Data_Flows[[#This Row],[Name(EN)]],Tab_Def_Flows[Name(EN)],0),16) -> 0.08805 | AD63: =IF(J63="Yes",AA63*Tab_Data_Flows[[#This Row],[WC_'[%']]],"N.A.") -> 252.99646 | AE63: =Tab_Data_Flows[[#This Row],[UoM_Flow_Py]] -> Mg | AF63: =INDEX(Tab_Def_Flows[[Flow_ID]:[CC_DM_source]],MATCH(Tab_Data_Flows[[#This Row],[Name(EN)]],Tab_Def_Flows[Name(EN)],0),18) -> 0.91195 | AG63: =IF(K63="Yes",AF63*Tab_Data_Flows[[#This Row],[Flow_Py]],"N.A.") -> 2620.3308 | AH63: =Tab_Data_Flows[[#This Row],[UoM_Flow_Py]] -> Mg | AI63: =INDEX(Tab_Def_Flows[[Flow_ID]:[CC_DM_source]],MATCH(Tab_Data_Flows[[#This Row],[Name(EN)]],Tab_Def_Flows[Name(EN)],0),20) -> 0.462 | AJ63: =IF(L63="Yes",AI63*Tab_Data_Flows[[#This Row],[Flow_Py]]*Tab_Data_Flows[[#This Row],[DM_'[%']]],"N.A.") -> 1210.5928 | AK63: =Tab_Data_Flows[[#This Row],[UoM_Flow_Py]] -> Mg
A64: =ROW()-1 -> 63 | B64: =_xlfn.XLOOKUP(C64,Tab_Def_Flows[Name(EN)],Tab_Def_Flows[Flow_ID],,0,) -> F_11_02 | C64: Millet-Grain | D64: =_xlfn.XLOOKUP(C64,Tab_Def_Flows[Name(EN)],Tab_Def_Flows[Type_Biomass],,0,) -> 0 | E64: =_xlfn.XLOOKUP(C64,Tab_Def_Flows[Name(EN)],Tab_Def_Flows[Output_Process],,0,) -> Millet_Production | F64: =_xlfn.XLOOKUP(C64,Tab_Def_Flows[Name(EN)],Tab_Def_Flows[Process_ID_O],,0,) -> 11_Mil_BB | G64: =_xlfn.XLOOKUP(C64,Tab_Def_Flows[Name(EN)],Tab_Def_Flows[Input_Process],,0,) -> MBC_Production | H64: =_xlfn.XLOOKUP(C64,Tab_Def_Flows[Name(EN)],Tab_Def_Flows[Process_ID_I],,0,) -> 02_MBC_BB | I64: =_xlfn.XLOOKUP(C64,Tab_Def_Flows[Name(EN)],Tab_Def_Flows[Value_Source],,0,) -> 0 | J64: =_xlfn.XLOOKUP(C64,Tab_Def_Flows[Name(EN)],Tab_Def_Flows[WC?],,0,) -> Yes | K64: =_xlfn.XLOOKUP(C64,Tab_Def_Flows[Name(EN)],Tab_Def_Flows[DM?],,0,) -> Yes | L64: =_xlfn.XLOOKUP(C64,Tab_Def_Flows[Name(EN)],Tab_Def_Flows[CC?],,0,) -> Yes | M64: 2026 | N64: BB | O64: =O63*1.02 -> 2930.7938 | P64: Mg/a | X64: No | AA64: =IF(X64="no",O64,O64*Y64) -> 2930.7938 | AB64: Mg | AC64: =INDEX(Tab_Def_Flows[[Flow_ID]:[CC_DM_source]],MATCH(Tab_Data_Flows[[#This Row],[Name(EN)]],Tab_Def_Flows[Name(EN)],0),16) -> 0.08805 | AD64: =IF(J64="Yes",AA64*Tab_Data_Flows[[#This Row],[WC_'[%']]],"N.A.") -> 258.05639 | AE64: =Tab_Data_Flows[[#This Row],[UoM_Flow_Py]] -> Mg | AF64: =INDEX(Tab_Def_Flows[[Flow_ID]:[CC_DM_source]],MATCH(Tab_Data_Flows[[#This Row],[Name(EN)]],Tab_Def_Flows[Name(EN)],0),18) -> 0.91195 | AG64: =IF(K64="Yes",AF64*Tab_Data_Flows[[#This Row],[Flow_Py]],"N.A.") -> 2672.7374 | AH64: =Tab_Data_Flows[[#This Row],[UoM_Flow_Py]] -> Mg | AI64: =INDEX(Tab_Def_Flows[[Flow_ID]:[CC_DM_source]],MATCH(Tab_Data_Flows[[#This Row],[Name(EN)]],Tab_Def_Flows[Name(EN)],0),20) -> 0.462 | AJ64: =IF(L64="Yes",AI64*Tab_Data_Flows[[#This Row],[Flow_Py]]*Tab_Data_Flows[[#This Row],[DM_'[%']]],"N.A.") -> 1234.8047 | AK64: =Tab_Data_Flows[[#This Row],[UoM_Flow_Py]] -> Mg
A65: =ROW()-1 -> 64 | B65: =_xlfn.XLOOKUP(C65,Tab_Def_Flows[Name(EN)],Tab_Def_Flows[Flow_ID],,0,) -> F_11_02 | C65: Millet-Grain | D65: =_xlfn.XLOOKUP(C65,Tab_Def_Flows[Name(EN)],Tab_Def_Flows[Type_Biomass],,0,) -> 0 | E65: =_xlfn.XLOOKUP(C65,Tab_Def_Flows[Name(EN)],Tab_Def_Flows[Output_Process],,0,) -> Millet_Production | F65: =_xlfn.XLOOKUP(C65,Tab_Def_Flows[Name(EN)],Tab_Def_Flows[Process_ID_O],,0,) -> 11_Mil_BB | G65: =_xlfn.XLOOKUP(C65,Tab_Def_Flows[Name(EN)],Tab_Def_Flows[Input_Process],,0,) -> MBC_Production | H65: =_xlfn.XLOOKUP(C65,Tab_Def_Flows[Name(EN)],Tab_Def_Flows[Process_ID_I],,0,) -> 02_MBC_BB | I65: =_xlfn.XLOOKUP(C65,Tab_Def_Flows[Name(EN)],Tab_Def_Flows[Value_Source],,0,) -> 0 | J65: =_xlfn.XLOOKUP(C65,Tab_Def_Flows[Name(EN)],Tab_Def_Flows[WC?],,0,) -> Yes | K65: =_xlfn.XLOOKUP(C65,Tab_Def_Flows[Name(EN)],Tab_Def_Flows[DM?],,0,) -> Yes | L65: =_xlfn.XLOOKUP(C65,Tab_Def_Flows[Name(EN)],Tab_Def_Flows[CC?],,0,) -> Yes | M65: 2027 | N65: BB | O65: =O64*1.02 -> 2989.4096 | P65: Mg/a | X65: No | AA65: =IF(X65="no",O65,O65*Y65) -> 2989.4096 | AB65: Mg | AC65: =INDEX(Tab_Def_Flows[[Flow_ID]:[CC_DM_source]],MATCH(Tab_Data_Flows[[#This Row],[Name(EN)]],Tab_Def_Flows[Name(EN)],0),16) -> 0.08805 | AD65: =IF(J65="Yes",AA65*Tab_Data_Flows[[#This Row],[WC_'[%']]],"N.A.") -> 263.21752 | AE65: =Tab_Data_Flows[[#This Row],[UoM_Flow_Py]] -> Mg | AF65: =INDEX(Tab_Def_Flows[[Flow_ID]:[CC_DM_source]],MATCH(Tab_Data_Flows[[#This Row],[Name(EN)]],Tab_Def_Flows[Name(EN)],0),18) -> 0.91195 | AG65: =IF(K65="Yes",AF65*Tab_Data_Flows[[#This Row],[Flow_Py]],"N.A.") -> 2726.1921 | AH65: =Tab_Data_Flows[[#This Row],[UoM_Flow_Py]] -> Mg | AI65: =INDEX(Tab_Def_Flows[[Flow_ID]:[CC_DM_source]],MATCH(Tab_Data_Flows[[#This Row],[Name(EN)]],Tab_Def_Flows[Name(EN)],0),20) -> 0.462 | AJ65: =IF(L65="Yes",AI65*Tab_Data_Flows[[#This Row],[Flow_Py]]*Tab_Data_Flows[[#This Row],[DM_'[%']]],"N.A.") -> 1259.5008 | AK65: =Tab_Data_Flows[[#This Row],[UoM_Flow_Py]] -> Mg
A66: =ROW()-1 -> 65 | B66: =_xlfn.XLOOKUP(C66,Tab_Def_Flows[Name(EN)],Tab_Def_Flows[Flow_ID],,0,) -> F_11_02 | C66: Millet-Grain | D66: =_xlfn.XLOOKUP(C66,Tab_Def_Flows[Name(EN)],Tab_Def_Flows[Type_Biomass],,0,) -> 0 | E66: =_xlfn.XLOOKUP(C66,Tab_Def_Flows[Name(EN)],Tab_Def_Flows[Output_Process],,0,) -> Millet_Production | F66: =_xlfn.XLOOKUP(C66,Tab_Def_Flows[Name(EN)],Tab_Def_Flows[Process_ID_O],,0,) -> 11_Mil_BB | G66: =_xlfn.XLOOKUP(C66,Tab_Def_Flows[Name(EN)],Tab_Def_Flows[Input_Process],,0,) -> MBC_Production | H66: =_xlfn.XLOOKUP(C66,Tab_Def_Flows[Name(EN)],Tab_Def_Flows[Process_ID_I],,0,) -> 02_MBC_BB | I66: =_xlfn.XLOOKUP(C66,Tab_Def_Flows[Name(EN)],Tab_Def_Flows[Value_Source],,0,) -> 0 | J66: =_xlfn.XLOOKUP(C66,Tab_Def_Flows[Name(EN)],Tab_Def_Flows[WC?],,0,) -> Yes | K66: =_xlfn.XLOOKUP(C66,Tab_Def_Flows[Name(EN)],Tab_Def_Flows[DM?],,0,) -> Yes | L66: =_xlfn.XLOOKUP(C66,Tab_Def_Flows[Name(EN)],Tab_Def_Flows[CC?],,0,) -> Yes | M66: 2028 | N66: BB | O66: =O65*1.02 -> 3049.1978 | P66: Mg/a | X66: No | AA66: =IF(X66="no",O66,O66*Y66) -> 3049.1978 | AB66: Mg | AC66: =INDEX(Tab_Def_Flows[[Flow_ID]:[CC_DM_source]],MATCH(Tab_Data_Flows[[#This Row],[Name(EN)]],Tab_Def_Flows[Name(EN)],0),16) -> 0.08805 | AD66: =IF(J66="Yes",AA66*Tab_Data_Flows[[#This Row],[WC_'[%']]],"N.A.") -> 268.48187 | AE66: =Tab_Data_Flows[[#This Row],[UoM_Flow_Py]] -> Mg | AF66: =INDEX(Tab_Def_Flows[[Flow_ID]:[CC_DM_source]],MATCH(Tab_Data_Flows[[#This Row],[Name(EN)]],Tab_Def_Flows[Name(EN)],0),18) -> 0.91195 | AG66: =IF(K66="Yes",AF66*Tab_Data_Flows[[#This Row],[Flow_Py]],"N.A.") -> 2780.716 | AH66: =Tab_Data_Flows[[#This Row],[UoM_Flow_Py]] -> Mg | AI66: =INDEX(Tab_Def_Flows[[Flow_ID]:[CC_DM_source]],MATCH(Tab_Data_Flows[[#This Row],[Name(EN)]],Tab_Def_Flows[Name(EN)],0),20) -> 0.462 | AJ66: =IF(L66="Yes",AI66*Tab_Data_Flows[[#This Row],[Flow_Py]]*Tab_Data_Flows[[#This Row],[DM_'[%']]],"N.A.") -> 1284.6908 | AK66: =Tab_Data_Flows[[#This Row],[UoM_Flow_Py]] -> Mg
B67: =_xlfn.XLOOKUP(C67,Tab_Def_Flows[Name(EN)],Tab_Def_Flows[Flow_ID],,0,) -> F_11_02 | C67: Millet-Grain | E67: =_xlfn.XLOOKUP(C67,Tab_Def_Flows[Name(EN)],Tab_Def_Flows[Output_Process],,0,) -> Millet_Production | F67: =_xlfn.XLOOKUP(C67,Tab_Def_Flows[Name(EN)],Tab_Def_Flows[Process_ID_O],,0,) -> 11_Mil_BB | G67: =_xlfn.XLOOKUP(C67,Tab_Def_Flows[Name(EN)],Tab_Def_Flows[Input_Process],,0,) -> MBC_Production | H67: =_xlfn.XLOOKUP(C67,Tab_Def_Flows[Name(EN)],Tab_Def_Flows[Process_ID_I],,0,) -> 02_MBC_BB | I67: =_xlfn.XLOOKUP(C67,Tab_Def_Flows[Name(EN)],Tab_Def_Flows[Value_Source],,0,) -> 0 | J67: =_xlfn.XLOOKUP(C67,Tab_Def_Flows[Name(EN)],Tab_Def_Flows[WC?],,0,) -> Yes | K67: =_xlfn.XLOOKUP(C67,Tab_Def_Flows[Name(EN)],Tab_Def_Flows[DM?],,0,) -> Yes | L67: =_xlfn.XLOOKUP(C67,Tab_Def_Flows[Name(EN)],Tab_Def_Flows[CC?],,0,) -> Yes | M67: 2029 | O67: =O66*1.02 -> 3110.1818 | R67: =INDEX(Tab_WC_DM_CC[[Flow_ID]:[CC_source]],MATCH(Tab_Data_Flows[[#This Row],[Name(EN)]],Tab_WC_DM_CC[Name(EN)],0),12) -> #N/A | S67: =MATCH(Tab_Data_Flows[[#This Row],[Name(EN)]],Tab_WC_DM_CC[Name(EN)],0) -> #N/A | X67: No | Z67: ='3_1_Calculation_factors (Wood)'!$A$14 -> Mittelwert | AA67: =IF(X67="no",O67,O67*Y67) -> 3110.1818 | AB67: Mg | AC67: =INDEX(Tab_Def_Flows[[Flow_ID]:[CC_DM_source]],MATCH(Tab_Data_Flows[[#This Row],[Name(EN)]],Tab_Def_Flows[Name(EN)],0),16) -> 0.08805 | AD67: =IF(J67="Yes",AA67*Tab_Data_Flows[[#This Row],[WC_'[%']]],"N.A.") -> 273.85151 | AE67: =Tab_Data_Flows[[#This Row],[UoM_Flow_Py]] -> Mg | AF67: =INDEX(Tab_Def_Flows[[Flow_ID]:[CC_DM_source]],MATCH(Tab_Data_Flows[[#This Row],[Name(EN)]],Tab_Def_Flows[Name(EN)],0),18) -> 0.91195 | AG67: =IF(K67="Yes",AF67*Tab_Data_Flows[[#This Row],[Flow_Py]],"N.A.") -> 2836.3303 | AH67: =Tab_Data_Flows[[#This Row],[UoM_Flow_Py]] -> Mg | AI67: =INDEX(Tab_Def_Flows[[Flow_ID]:[CC_DM_source]],MATCH(Tab_Data_Flows[[#This Row],[Name(EN)]],Tab_Def_Flows[Name(EN)],0),20) -> 0.462 | AJ67: =IF(L67="Yes",AI67*Tab_Data_Flows[[#This Row],[Flow_Py]]*Tab_Data_Flows[[#This Row],[DM_'[%']]],"N.A.") -> 1310.3846 | AK67: =Tab_Data_Flows[[#This Row],[UoM_Flow_Py]] -> Mg
B68: =_xlfn.XLOOKUP(C68,Tab_Def_Flows[Name(EN)],Tab_Def_Flows[Flow_ID],,0,) -> F_11_02 | C68: Millet-Grain | E68: =_xlfn.XLOOKUP(C68,Tab_Def_Flows[Name(EN)],Tab_Def_Flows[Output_Process],,0,) -> Millet_Production | F68: =_xlfn.XLOOKUP(C68,Tab_Def_Flows[Name(EN)],Tab_Def_Flows[Process_ID_O],,0,) -> 11_Mil_BB | G68: =_xlfn.XLOOKUP(C68,Tab_Def_Flows[Name(EN)],Tab_Def_Flows[Input_Process],,0,) -> MBC_Production | H68: =_xlfn.XLOOKUP(C68,Tab_Def_Flows[Name(EN)],Tab_Def_Flows[Process_ID_I],,0,) -> 02_MBC_BB | I68: =_xlfn.XLOOKUP(C68,Tab_Def_Flows[Name(EN)],Tab_Def_Flows[Value_Source],,0,) -> 0 | J68: =_xlfn.XLOOKUP(C68,Tab_Def_Flows[Name(EN)],Tab_Def_Flows[WC?],,0,) -> Yes | K68: =_xlfn.XLOOKUP(C68,Tab_Def_Flows[Name(EN)],Tab_Def_Flows[DM?],,0,) -> Yes | L68: =_xlfn.XLOOKUP(C68,Tab_Def_Flows[Name(EN)],Tab_Def_Flows[CC?],,0,) -> Yes | M68: 2030 | O68: =O67*1.02 -> 3172.3854 | R68: =INDEX(Tab_WC_DM_CC[[Flow_ID]:[CC_source]],MATCH(Tab_Data_Flows[[#This Row],[Name(EN)]],Tab_WC_DM_CC[Name(EN)],0),12) -> #N/A | S68: =MATCH(Tab_Data_Flows[[#This Row],[Name(EN)]],Tab_WC_DM_CC[Name(EN)],0) -> #N/A | X68: No | Z68: ='3_1_Calculation_factors (Wood)'!$A$14 -> Mittelwert | AA68: =IF(X68="no",O68,O68*Y68) -> 3172.3854 | AB68: Mg | AC68: =INDEX(Tab_Def_Flows[[Flow_ID]:[CC_DM_source]],MATCH(Tab_Data_Flows[[#This Row],[Name(EN)]],Tab_Def_Flows[Name(EN)],0),16) -> 0.08805 | AD68: =IF(J68="Yes",AA68*Tab_Data_Flows[[#This Row],[WC_'[%']]],"N.A.") -> 279.32854 | AE68: =Tab_Data_Flows[[#This Row],[UoM_Flow_Py]] -> Mg | AF68: =INDEX(Tab_Def_Flows[[Flow_ID]:[CC_DM_source]],MATCH(Tab_Data_Flows[[#This Row],[Name(EN)]],Tab_Def_Flows[Name(EN)],0),18) -> 0.91195 | AG68: =IF(K68="Yes",AF68*Tab_Data_Flows[[#This Row],[Flow_Py]],"N.A.") -> 2893.0569 | AH68: =Tab_Data_Flows[[#This Row],[UoM_Flow_Py]] -> Mg | AI68: =INDEX(Tab_Def_Flows[[Flow_ID]:[CC_DM_source]],MATCH(Tab_Data_Flows[[#This Row],[Name(EN)]],Tab_Def_Flows[Name(EN)],0),20) -> 0.462 | AJ68: =IF(L68="Yes",AI68*Tab_Data_Flows[[#This Row],[Flow_Py]]*Tab_Data_Flows[[#This Row],[DM_'[%']]],"N.A.") -> 1336.5923 | AK68: =Tab_Data_Flows[[#This Row],[UoM_Flow_Py]] -> Mg
B69: =_xlfn.XLOOKUP(C69,Tab_Def_Flows[Name(EN)],Tab_Def_Flows[Flow_ID],,0,) -> F_11_02 | C69: Millet-Grain | E69: =_xlfn.XLOOKUP(C69,Tab_Def_Flows[Name(EN)],Tab_Def_Flows[Output_Process],,0,) -> Millet_Production | F69: =_xlfn.XLOOKUP(C69,Tab_Def_Flows[Name(EN)],Tab_Def_Flows[Process_ID_O],,0,) -> 11_Mil_BB | G69: =_xlfn.XLOOKUP(C69,Tab_Def_Flows[Name(EN)],Tab_Def_Flows[Input_Process],,0,) -> MBC_Production | H69: =_xlfn.XLOOKUP(C69,Tab_Def_Flows[Name(EN)],Tab_Def_Flows[Process_ID_I],,0,) -> 02_MBC_BB | I69: =_xlfn.XLOOKUP(C69,Tab_Def_Flows[Name(EN)],Tab_Def_Flows[Value_Source],,0,) -> 0 | J69: =_xlfn.XLOOKUP(C69,Tab_Def_Flows[Name(EN)],Tab_Def_Flows[WC?],,0,) -> Yes | K69: =_xlfn.XLOOKUP(C69,Tab_Def_Flows[Name(EN)],Tab_Def_Flows[DM?],,0,) -> Yes | L69: =_xlfn.XLOOKUP(C69,Tab_Def_Flows[Name(EN)],Tab_Def_Flows[CC?],,0,) -> Yes | M69: 2031 | O69: =O68*1.02 -> 3235.8331 | R69: =INDEX(Tab_WC_DM_CC[[Flow_ID]:[CC_source]],MATCH(Tab_Data_Flows[[#This Row],[Name(EN)]],Tab_WC_DM_CC[Name(EN)],0),12) -> #N/A | S69: =MATCH(Tab_Data_Flows[[#This Row],[Name(EN)]],Tab_WC_DM_CC[Name(EN)],0) -> #N/A | X69: No | Z69: ='3_1_Calculation_factors (Wood)'!$A$14 -> Mittelwert | AA69: =IF(X69="no",O69,O69*Y69) -> 3235.8331 | AB69: Mg | AC69: =INDEX(Tab_Def_Flows[[Flow_ID]:[CC_DM_source]],MATCH(Tab_Data_Flows[[#This Row],[Name(EN)]],Tab_Def_Flows[Name(EN)],0),16) -> 0.08805 | AD69: =IF(J69="Yes",AA69*Tab_Data_Flows[[#This Row],[WC_'[%']]],"N.A.") -> 284.91511 | AE69: =Tab_Data_Flows[[#This Row],[UoM_Flow_Py]] -> Mg | AF69: =INDEX(Tab_Def_Flows[[Flow_ID]:[CC_DM_source]],MATCH(Tab_Data_Flows[[#This Row],[Name(EN)]],Tab_Def_Flows[Name(EN)],0),18) -> 0.91195 | AG69: =IF(K69="Yes",AF69*Tab_Data_Flows[[#This Row],[Flow_Py]],"N.A.") -> 2950.918 | AH69: =Tab_Data_Flows[[#This Row],[UoM_Flow_Py]] -> Mg | AI69: =INDEX(Tab_Def_Flows[[Flow_ID]:[CC_DM_source]],MATCH(Tab_Data_Flows[[#This Row],[Name(EN)]],Tab_Def_Flows[Name(EN)],0),20) -> 0.462 | AJ69: =IF(L69="Yes",AI69*Tab_Data_Flows[[#This Row],[Flow_Py]]*Tab_Data_Flows[[#This Row],[DM_'[%']]],"N.A.") -> 1363.3241 | AK69: =Tab_Data_Flows[[#This Row],[UoM_Flow_Py]] -> Mg
B70: =_xlfn.XLOOKUP(C70,Tab_Def_Flows[Name(EN)],Tab_Def_Flows[Flow_ID],,0,) -> F_11_02 | C70: Millet-Grain | E70: =_xlfn.XLOOKUP(C70,Tab_Def_Flows[Name(EN)],Tab_Def_Flows[Output_Process],,0,) -> Millet_Production | F70: =_xlfn.XLOOKUP(C70,Tab_Def_Flows[Name(EN)],Tab_Def_Flows[Process_ID_O],,0,) -> 11_Mil_BB | G70: =_xlfn.XLOOKUP(C70,Tab_Def_Flows[Name(EN)],Tab_Def_Flows[Input_Process],,0,) -> MBC_Production | H70: =_xlfn.XLOOKUP(C70,Tab_Def_Flows[Name(EN)],Tab_Def_Flows[Process_ID_I],,0,) -> 02_MBC_BB | I70: =_xlfn.XLOOKUP(C70,Tab_Def_Flows[Name(EN)],Tab_Def_Flows[Value_Source],,0,) -> 0 | J70: =_xlfn.XLOOKUP(C70,Tab_Def_Flows[Name(EN)],Tab_Def_Flows[WC?],,0,) -> Yes | K70: =_xlfn.XLOOKUP(C70,Tab_Def_Flows[Name(EN)],Tab_Def_Flows[DM?],,0,) -> Yes | L70: =_xlfn.XLOOKUP(C70,Tab_Def_Flows[Name(EN)],Tab_Def_Flows[CC?],,0,) -> Yes | M70: 2032 | O70: =O69*1.02 -> 3300.5498 | R70: =INDEX(Tab_WC_DM_CC[[Flow_ID]:[CC_source]],MATCH(Tab_Data_Flows[[#This Row],[Name(EN)]],Tab_WC_DM_CC[Name(EN)],0),12) -> #N/A | S70: =MATCH(Tab_Data_Flows[[#This Row],[Name(EN)]],Tab_WC_DM_CC[Name(EN)],0) -> #N/A | X70: No | Z70: ='3_1_Calculation_factors (Wood)'!$A$14 -> Mittelwert | AA70: =IF(X70="no",O70,O70*Y70) -> 3300.5498 | AB70: Mg | AC70: =INDEX(Tab_Def_Flows[[Flow_ID]:[CC_DM_source]],MATCH(Tab_Data_Flows[[#This Row],[Name(EN)]],Tab_Def_Flows[Name(EN)],0),16) -> 0.08805 | AD70: =IF(J70="Yes",AA70*Tab_Data_Flows[[#This Row],[WC_'[%']]],"N.A.") -> 290.61341 | AE70: =Tab_Data_Flows[[#This Row],[UoM_Flow_Py]] -> Mg | AF70: =INDEX(Tab_Def_Flows[[Flow_ID]:[CC_DM_source]],MATCH(Tab_Data_Flows[[#This Row],[Name(EN)]],Tab_Def_Flows[Name(EN)],0),18) -> 0.91195 | AG70: =IF(K70="Yes",AF70*Tab_Data_Flows[[#This Row],[Flow_Py]],"N.A.") -> 3009.9364 | AH70: =Tab_Data_Flows[[#This Row],[UoM_Flow_Py]] -> Mg | AI70: =INDEX(Tab_Def_Flows[[Flow_ID]:[CC_DM_source]],MATCH(Tab_Data_Flows[[#This Row],[Name(EN)]],Tab_Def_Flows[Name(EN)],0),20) -> 0.462 | AJ70: =IF(L70="Yes",AI70*Tab_Data_Flows[[#This Row],[Flow_Py]]*Tab_Data_Flows[[#This Row],[DM_'[%']]],"N.A.") -> 1390.5906 | AK70: =Tab_Data_Flows[[#This Row],[UoM_Flow_Py]] -> Mg
B71: =_xlfn.XLOOKUP(C71,Tab_Def_Flows[Name(EN)],Tab_Def_Flows[Flow_ID],,0,) -> F_11_02 | C71: Millet-Grain | E71: =_xlfn.XLOOKUP(C71,Tab_Def_Flows[Name(EN)],Tab_Def_Flows[Output_Process],,0,) -> Millet_Production | F71: =_xlfn.XLOOKUP(C71,Tab_Def_Flows[Name(EN)],Tab_Def_Flows[Process_ID_O],,0,) -> 11_Mil_BB | G71: =_xlfn.XLOOKUP(C71,Tab_Def_Flows[Name(EN)],Tab_Def_Flows[Input_Process],,0,) -> MBC_Production | H71: =_xlfn.XLOOKUP(C71,Tab_Def_Flows[Name(EN)],Tab_Def_Flows[Process_ID_I],,0,) -> 02_MBC_BB | I71: =_xlfn.XLOOKUP(C71,Tab_Def_Flows[Name(EN)],Tab_Def_Flows[Value_Source],,0,) -> 0 | J71: =_xlfn.XLOOKUP(C71,Tab_Def_Flows[Name(EN)],Tab_Def_Flows[WC?],,0,) -> Yes | K71: =_xlfn.XLOOKUP(C71,Tab_Def_Flows[Name(EN)],Tab_Def_Flows[DM?],,0,) -> Yes | L71: =_xlfn.XLOOKUP(C71,Tab_Def_Flows[Name(EN)],Tab_Def_Flows[CC?],,0,) -> Yes | M71: 2033 | O71: =O70*1.02 -> 3366.5608 | R71: =INDEX(Tab_WC_DM_CC[[Flow_ID]:[CC_source]],MATCH(Tab_Data_Flows[[#This Row],[Name(EN)]],Tab_WC_DM_CC[Name(EN)],0),12) -> #N/A | S71: =MATCH(Tab_Data_Flows[[#This Row],[Name(EN)]],Tab_WC_DM_CC[Name(EN)],0) -> #N/A | X71: No | Z71: ='3_1_Calculation_factors (Wood)'!$A$14 -> Mittelwert | AA71: =IF(X71="no",O71,O71*Y71) -> 3366.5608 | AB71: Mg | AC71: =INDEX(Tab_Def_Flows[[Flow_ID]:[CC_DM_source]],MATCH(Tab_Data_Flows[[#This Row],[Name(EN)]],Tab_Def_Flows[Name(EN)],0),16) -> 0.08805 | AD71: =IF(J71="Yes",AA71*Tab_Data_Flows[[#This Row],[WC_'[%']]],"N.A.") -> 296.42568 | AE71: =Tab_Data_Flows[[#This Row],[UoM_Flow_Py]] -> Mg | AF71: =INDEX(Tab_Def_Flows[[Flow_ID]:[CC_DM_source]],MATCH(Tab_Data_Flows[[#This Row],[Name(EN)]],Tab_Def_Flows[Name(EN)],0),18) -> 0.91195 | AG71: =IF(K71="Yes",AF71*Tab_Data_Flows[[#This Row],[Flow_Py]],"N.A.") -> 3070.1351 | AH71: =Tab_Data_Flows[[#This Row],[UoM_Flow_Py]] -> Mg | AI71: =INDEX(Tab_Def_Flows[[Flow_ID]:[CC_DM_source]],MATCH(Tab_Data_Flows[[#This Row],[Name(EN)]],Tab_Def_Flows[Name(EN)],0),20) -> 0.462 | AJ71: =IF(L71="Yes",AI71*Tab_Data_Flows[[#This Row],[Flow_Py]]*Tab_Data_Flows[[#This Row],[DM_'[%']]],"N.A.") -> 1418.4024 | AK71: =Tab_Data_Flows[[#This Row],[UoM_Flow_Py]] -> Mg
B72: =_xlfn.XLOOKUP(C72,Tab_Def_Flows[Name(EN)],Tab_Def_Flows[Flow_ID],,0,) -> F_11_02 | C72: Millet-Grain | E72: =_xlfn.XLOOKUP(C72,Tab_Def_Flows[Name(EN)],Tab_Def_Flows[Output_Process],,0,) -> Millet_Production | F72: =_xlfn.XLOOKUP(C72,Tab_Def_Flows[Name(EN)],Tab_Def_Flows[Process_ID_O],,0,) -> 11_Mil_BB | G72: =_xlfn.XLOOKUP(C72,Tab_Def_Flows[Name(EN)],Tab_Def_Flows[Input_Process],,0,) -> MBC_Production | H72: =_xlfn.XLOOKUP(C72,Tab_Def_Flows[Name(EN)],Tab_Def_Flows[Process_ID_I],,0,) -> 02_MBC_BB | I72: =_xlfn.XLOOKUP(C72,Tab_Def_Flows[Name(EN)],Tab_Def_Flows[Value_Source],,0,) -> 0 | J72: =_xlfn.XLOOKUP(C72,Tab_Def_Flows[Name(EN)],Tab_Def_Flows[WC?],,0,) -> Yes | K72: =_xlfn.XLOOKUP(C72,Tab_Def_Flows[Name(EN)],Tab_Def_Flows[DM?],,0,) -> Yes | L72: =_xlfn.XLOOKUP(C72,Tab_Def_Flows[Name(EN)],Tab_Def_Flows[CC?],,0,) -> Yes | M72: 2034 | O72: =O71*1.02 -> 3433.892 | R72: =INDEX(Tab_WC_DM_CC[[Flow_ID]:[CC_source]],MATCH(Tab_Data_Flows[[#This Row],[Name(EN)]],Tab_WC_DM_CC[Name(EN)],0),12) -> #N/A | S72: =MATCH(Tab_Data_Flows[[#This Row],[Name(EN)]],Tab_WC_DM_CC[Name(EN)],0) -> #N/A | X72: No | Z72: ='3_1_Calculation_factors (Wood)'!$A$14 -> Mittelwert | AA72: =IF(X72="no",O72,O72*Y72) -> 3433.892 | AB72: Mg | AC72: =INDEX(Tab_Def_Flows[[Flow_ID]:[CC_DM_source]],MATCH(Tab_Data_Flows[[#This Row],[Name(EN)]],Tab_Def_Flows[Name(EN)],0),16) -> 0.08805 | AD72: =IF(J72="Yes",AA72*Tab_Data_Flows[[#This Row],[WC_'[%']]],"N.A.") -> 302.35419 | AE72: =Tab_Data_Flows[[#This Row],[UoM_Flow_Py]] -> Mg | AF72: =INDEX(Tab_Def_Flows[[Flow_ID]:[CC_DM_source]],MATCH(Tab_Data_Flows[[#This Row],[Name(EN)]],Tab_Def_Flows[Name(EN)],0),18) -> 0.91195 | AG72: =IF(K72="Yes",AF72*Tab_Data_Flows[[#This Row],[Flow_Py]],"N.A.") -> 3131.5378 | AH72: =Tab_Data_Flows[[#This Row],[UoM_Flow_Py]] -> Mg | AI72: =INDEX(Tab_Def_Flows[[Flow_ID]:[CC_DM_source]],MATCH(Tab_Data_Flows[[#This Row],[Name(EN)]],Tab_Def_Flows[Name(EN)],0),20) -> 0.462 | AJ72: =IF(L72="Yes",AI72*Tab_Data_Flows[[#This Row],[Flow_Py]]*Tab_Data_Flows[[#This Row],[DM_'[%']]],"N.A.") -> 1446.7705 | AK72: =Tab_Data_Flows[[#This Row],[UoM_Flow_Py]] -> Mg
B73: =_xlfn.XLOOKUP(C73,Tab_Def_Flows[Name(EN)],Tab_Def_Flows[Flow_ID],,0,) -> F_11_02 | C73: Millet-Grain | E73: =_xlfn.XLOOKUP(C73,Tab_Def_Flows[Name(EN)],Tab_Def_Flows[Output_Process],,0,) -> Millet_Production | F73: =_xlfn.XLOOKUP(C73,Tab_Def_Flows[Name(EN)],Tab_Def_Flows[Process_ID_O],,0,) -> 11_Mil_BB | G73: =_xlfn.XLOOKUP(C73,Tab_Def_Flows[Name(EN)],Tab_Def_Flows[Input_Process],,0,) -> MBC_Production | H73: =_xlfn.XLOOKUP(C73,Tab_Def_Flows[Name(EN)],Tab_Def_Flows[Process_ID_I],,0,) -> 02_MBC_BB | I73: =_xlfn.XLOOKUP(C73,Tab_Def_Flows[Name(EN)],Tab_Def_Flows[Value_Source],,0,) -> 0 | J73: =_xlfn.XLOOKUP(C73,Tab_Def_Flows[Name(EN)],Tab_Def_Flows[WC?],,0,) -> Yes | K73: =_xlfn.XLOOKUP(C73,Tab_Def_Flows[Name(EN)],Tab_Def_Flows[DM?],,0,) -> Yes | L73: =_xlfn.XLOOKUP(C73,Tab_Def_Flows[Name(EN)],Tab_Def_Flows[CC?],,0,) -> Yes | M73: 2035 | O73: =O72*1.02 -> 3502.5698 | R73: =INDEX(Tab_WC_DM_CC[[Flow_ID]:[CC_source]],MATCH(Tab_Data_Flows[[#This Row],[Name(EN)]],Tab_WC_DM_CC[Name(EN)],0),12) -> #N/A | S73: =MATCH(Tab_Data_Flows[[#This Row],[Name(EN)]],Tab_WC_DM_CC[Name(EN)],0) -> #N/A | X73: No | Z73: ='3_1_Calculation_factors (Wood)'!$A$14 -> Mittelwert | AA73: =IF(X73="no",O73,O73*Y73) -> 3502.5698 | AB73: Mg | AC73: =INDEX(Tab_Def_Flows[[Flow_ID]:[CC_DM_source]],MATCH(Tab_Data_Flows[[#This Row],[Name(EN)]],Tab_Def_Flows[Name(EN)],0),16) -> 0.08805 | AD73: =IF(J73="Yes",AA73*Tab_Data_Flows[[#This Row],[WC_'[%']]],"N.A.") -> 308.40127 | AE73: =Tab_Data_Flows[[#This Row],[UoM_Flow_Py]] -> Mg | AF73: =INDEX(Tab_Def_Flows[[Flow_ID]:[CC_DM_source]],MATCH(Tab_Data_Flows[[#This Row],[Name(EN)]],Tab_Def_Flows[Name(EN)],0),18) -> 0.91195 | AG73: =IF(K73="Yes",AF73*Tab_Data_Flows[[#This Row],[Flow_Py]],"N.A.") -> 3194.1686 | AH73: =Tab_Data_Flows[[#This Row],[UoM_Flow_Py]] -> Mg | AI73: =INDEX(Tab_Def_Flows[[Flow_ID]:[CC_DM_source]],MATCH(Tab_Data_Flows[[#This Row],[Name(EN)]],Tab_Def_Flows[Name(EN)],0),20) -> 0.462 | AJ73: =IF(L73="Yes",AI73*Tab_Data_Flows[[#This Row],[Flow_Py]]*Tab_Data_Flows[[#This Row],[DM_'[%']]],"N.A.") -> 1475.7059 | AK73: =Tab_Data_Flows[[#This Row],[UoM_Flow_Py]] -> Mg
B74: =_xlfn.XLOOKUP(C74,Tab_Def_Flows[Name(EN)],Tab_Def_Flows[Flow_ID],,0,) -> F_11_02 | C74: Millet-Grain | E74: =_xlfn.XLOOKUP(C74,Tab_Def_Flows[Name(EN)],Tab_Def_Flows[Output_Process],,0,) -> Millet_Production | F74: =_xlfn.XLOOKUP(C74,Tab_Def_Flows[Name(EN)],Tab_Def_Flows[Process_ID_O],,0,) -> 11_Mil_BB | G74: =_xlfn.XLOOKUP(C74,Tab_Def_Flows[Name(EN)],Tab_Def_Flows[Input_Process],,0,) -> MBC_Production | H74: =_xlfn.XLOOKUP(C74,Tab_Def_Flows[Name(EN)],Tab_Def_Flows[Process_ID_I],,0,) -> 02_MBC_BB | I74: =_xlfn.XLOOKUP(C74,Tab_Def_Flows[Name(EN)],Tab_Def_Flows[Value_Source],,0,) -> 0 | J74: =_xlfn.XLOOKUP(C74,Tab_Def_Flows[Name(EN)],Tab_Def_Flows[WC?],,0,) -> Yes | K74: =_xlfn.XLOOKUP(C74,Tab_Def_Flows[Name(EN)],Tab_Def_Flows[DM?],,0,) -> Yes | L74: =_xlfn.XLOOKUP(C74,Tab_Def_Flows[Name(EN)],Tab_Def_Flows[CC?],,0,) -> Yes | M74: 2036 | O74: =O73*1.02 -> 3572.6212 | R74: =INDEX(Tab_WC_DM_CC[[Flow_ID]:[CC_source]],MATCH(Tab_Data_Flows[[#This Row],[Name(EN)]],Tab_WC_DM_CC[Name(EN)],0),12) -> #N/A | S74: =MATCH(Tab_Data_Flows[[#This Row],[Name(EN)]],Tab_WC_DM_CC[Name(EN)],0) -> #N/A | X74: No | Z74: ='3_1_Calculation_factors (Wood)'!$A$14 -> Mittelwert | AA74: =IF(X74="no",O74,O74*Y74) -> 3572.6212 | AB74: Mg | AC74: =INDEX(Tab_Def_Flows[[Flow_ID]:[CC_DM_source]],MATCH(Tab_Data_Flows[[#This Row],[Name(EN)]],Tab_Def_Flows[Name(EN)],0),16) -> 0.08805 | AD74: =IF(J74="Yes",AA74*Tab_Data_Flows[[#This Row],[WC_'[%']]],"N.A.") -> 314.5693 | AE74: =Tab_Data_Flows[[#This Row],[UoM_Flow_Py]] -> Mg | AF74: =INDEX(Tab_Def_Flows[[Flow_ID]:[CC_DM_source]],MATCH(Tab_Data_Flows[[#This Row],[Name(EN)]],Tab_Def_Flows[Name(EN)],0),18) -> 0.91195 | AG74: =IF(K74="Yes",AF74*Tab_Data_Flows[[#This Row],[Flow_Py]],"N.A.") -> 3258.0519 | AH74: =Tab_Data_Flows[[#This Row],[UoM_Flow_Py]] -> Mg | AI74: =INDEX(Tab_Def_Flows[[Flow_ID]:[CC_DM_source]],MATCH(Tab_Data_Flows[[#This Row],[Name(EN)]],Tab_Def_Flows[Name(EN)],0),20) -> 0.462 | AJ74: =IF(L74="Yes",AI74*Tab_Data_Flows[[#This Row],[Flow_Py]]*Tab_Data_Flows[[#This Row],[DM_'[%']]],"N.A.") -> 1505.22 | AK74: =Tab_Data_Flows[[#This Row],[UoM_Flow_Py]] -> Mg
B75: =_xlfn.XLOOKUP(C75,Tab_Def_Flows[Name(EN)],Tab_Def_Flows[Flow_ID],,0,) -> F_11_02 | C75: Millet-Grain | E75: =_xlfn.XLOOKUP(C75,Tab_Def_Flows[Name(EN)],Tab_Def_Flows[Output_Process],,0,) -> Millet_Production | F75: =_xlfn.XLOOKUP(C75,Tab_Def_Flows[Name(EN)],Tab_Def_Flows[Process_ID_O],,0,) -> 11_Mil_BB | G75: =_xlfn.XLOOKUP(C75,Tab_Def_Flows[Name(EN)],Tab_Def_Flows[Input_Process],,0,) -> MBC_Production | H75: =_xlfn.XLOOKUP(C75,Tab_Def_Flows[Name(EN)],Tab_Def_Flows[Process_ID_I],,0,) -> 02_MBC_BB | I75: =_xlfn.XLOOKUP(C75,Tab_Def_Flows[Name(EN)],Tab_Def_Flows[Value_Source],,0,) -> 0 | J75: =_xlfn.XLOOKUP(C75,Tab_Def_Flows[Name(EN)],Tab_Def_Flows[WC?],,0,) -> Yes | K75: =_xlfn.XLOOKUP(C75,Tab_Def_Flows[Name(EN)],Tab_Def_Flows[DM?],,0,) -> Yes | L75: =_xlfn.XLOOKUP(C75,Tab_Def_Flows[Name(EN)],Tab_Def_Flows[CC?],,0,) -> Yes | M75: 2037 | O75: =O74*1.02 -> 3644.0737 | R75: =INDEX(Tab_WC_DM_CC[[Flow_ID]:[CC_source]],MATCH(Tab_Data_Flows[[#This Row],[Name(EN)]],Tab_WC_DM_CC[Name(EN)],0),12) -> #N/A | S75: =MATCH(Tab_Data_Flows[[#This Row],[Name(EN)]],Tab_WC_DM_CC[Name(EN)],0) -> #N/A | X75: No | Z75: ='3_1_Calculation_factors (Wood)'!$A$14 -> Mittelwert | AA75: =IF(X75="no",O75,O75*Y75) -> 3644.0737 | AB75: Mg | AC75: =INDEX(Tab_Def_Flows[[Flow_ID]:[CC_DM_source]],MATCH(Tab_Data_Flows[[#This Row],[Name(EN)]],Tab_Def_Flows[Name(EN)],0),16) -> 0.08805 | AD75: =IF(J75="Yes",AA75*Tab_Data_Flows[[#This Row],[WC_'[%']]],"N.A.") -> 320.86069 | AE75: =Tab_Data_Flows[[#This Row],[UoM_Flow_Py]] -> Mg | AF75: =INDEX(Tab_Def_Flows[[Flow_ID]:[CC_DM_source]],MATCH(Tab_Data_Flows[[#This Row],[Name(EN)]],Tab_Def_Flows[Name(EN)],0),18) -> 0.91195 | AG75: =IF(K75="Yes",AF75*Tab_Data_Flows[[#This Row],[Flow_Py]],"N.A.") -> 3323.213 | AH75: =Tab_Data_Flows[[#This Row],[UoM_Flow_Py]] -> Mg | AI75: =INDEX(Tab_Def_Flows[[Flow_ID]:[CC_DM_source]],MATCH(Tab_Data_Flows[[#This Row],[Name(EN)]],Tab_Def_Flows[Name(EN)],0),20) -> 0.462 | AJ75: =IF(L75="Yes",AI75*Tab_Data_Flows[[#This Row],[Flow_Py]]*Tab_Data_Flows[[#This Row],[DM_'[%']]],"N.A.") -> 1535.3244 | AK75: =Tab_Data_Flows[[#This Row],[UoM_Flow_Py]] -> Mg
B76: =_xlfn.XLOOKUP(C76,Tab_Def_Flows[Name(EN)],Tab_Def_Flows[Flow_ID],,0,) -> F_11_02 | C76: Millet-Grain | E76: =_xlfn.XLOOKUP(C76,Tab_Def_Flows[Name(EN)],Tab_Def_Flows[Output_Process],,0,) -> Millet_Production | F76: =_xlfn.XLOOKUP(C76,Tab_Def_Flows[Name(EN)],Tab_Def_Flows[Process_ID_O],,0,) -> 11_Mil_BB | G76: =_xlfn.XLOOKUP(C76,Tab_Def_Flows[Name(EN)],Tab_Def_Flows[Input_Process],,0,) -> MBC_Production | H76: =_xlfn.XLOOKUP(C76,Tab_Def_Flows[Name(EN)],Tab_Def_Flows[Process_ID_I],,0,) -> 02_MBC_BB | I76: =_xlfn.XLOOKUP(C76,Tab_Def_Flows[Name(EN)],Tab_Def_Flows[Value_Source],,0,) -> 0 | J76: =_xlfn.XLOOKUP(C76,Tab_Def_Flows[Name(EN)],Tab_Def_Flows[WC?],,0,) -> Yes | K76: =_xlfn.XLOOKUP(C76,Tab_Def_Flows[Name(EN)],Tab_Def_Flows[DM?],,0,) -> Yes | L76: =_xlfn.XLOOKUP(C76,Tab_Def_Flows[Name(EN)],Tab_Def_Flows[CC?],,0,) -> Yes | M76: 2038 | O76: =O75*1.02 -> 3716.9551 | R76: =INDEX(Tab_WC_DM_CC[[Flow_ID]:[CC_source]],MATCH(Tab_Data_Flows[[#This Row],[Name(EN)]],Tab_WC_DM_CC[Name(EN)],0),12) -> #N/A | S76: =MATCH(Tab_Data_Flows[[#This Row],[Name(EN)]],Tab_WC_DM_CC[Name(EN)],0) -> #N/A | X76: No | Z76: ='3_1_Calculation_factors (Wood)'!$A$14 -> Mittelwert | AA76: =IF(X76="no",O76,O76*Y76) -> 3716.9551 | AB76: Mg | AC76: =INDEX(Tab_Def_Flows[[Flow_ID]:[CC_DM_source]],MATCH(Tab_Data_Flows[[#This Row],[Name(EN)]],Tab_Def_Flows[Name(EN)],0),16) -> 0.08805 | AD76: =IF(J76="Yes",AA76*Tab_Data_Flows[[#This Row],[WC_'[%']]],"N.A.") -> 327.2779 | AE76: =Tab_Data_Flows[[#This Row],[UoM_Flow_Py]] -> Mg | AF76: =INDEX(Tab_Def_Flows[[Flow_ID]:[CC_DM_source]],MATCH(Tab_Data_Flows[[#This Row],[Name(EN)]],Tab_Def_Flows[Name(EN)],0),18) -> 0.91195 | AG76: =IF(K76="Yes",AF76*Tab_Data_Flows[[#This Row],[Flow_Py]],"N.A.") -> 3389.6772 | AH76: =Tab_Data_Flows[[#This Row],[UoM_Flow_Py]] -> Mg | AI76: =INDEX(Tab_Def_Flows[[Flow_ID]:[CC_DM_source]],MATCH(Tab_Data_Flows[[#This Row],[Name(EN)]],Tab_Def_Flows[Name(EN)],0),20) -> 0.462 | AJ76: =IF(L76="Yes",AI76*Tab_Data_Flows[[#This Row],[Flow_Py]]*Tab_Data_Flows[[#This Row],[DM_'[%']]],"N.A.") -> 1566.0309 | AK76: =Tab_Data_Flows[[#This Row],[UoM_Flow_Py]] -> Mg
B77: =_xlfn.XLOOKUP(C77,Tab_Def_Flows[Name(EN)],Tab_Def_Flows[Flow_ID],,0,) -> F_11_02 | C77: Millet-Grain | E77: =_xlfn.XLOOKUP(C77,Tab_Def_Flows[Name(EN)],Tab_Def_Flows[Output_Process],,0,) -> Millet_Production | F77: =_xlfn.XLOOKUP(C77,Tab_Def_Flows[Name(EN)],Tab_Def_Flows[Process_ID_O],,0,) -> 11_Mil_BB | G77: =_xlfn.XLOOKUP(C77,Tab_Def_Flows[Name(EN)],Tab_Def_Flows[Input_Process],,0,) -> MBC_Production | H77: =_xlfn.XLOOKUP(C77,Tab_Def_Flows[Name(EN)],Tab_Def_Flows[Process_ID_I],,0,) -> 02_MBC_BB | I77: =_xlfn.XLOOKUP(C77,Tab_Def_Flows[Name(EN)],Tab_Def_Flows[Value_Source],,0,) -> 0 | J77: =_xlfn.XLOOKUP(C77,Tab_Def_Flows[Name(EN)],Tab_Def_Flows[WC?],,0,) -> Yes | K77: =_xlfn.XLOOKUP(C77,Tab_Def_Flows[Name(EN)],Tab_Def_Flows[DM?],,0,) -> Yes | L77: =_xlfn.XLOOKUP(C77,Tab_Def_Flows[Name(EN)],Tab_Def_Flows[CC?],,0,) -> Yes | M77: 2039 | O77: =O76*1.02 -> 3791.2942 | R77: =INDEX(Tab_WC_DM_CC[[Flow_ID]:[CC_source]],MATCH(Tab_Data_Flows[[#This Row],[Name(EN)]],Tab_WC_DM_CC[Name(EN)],0),12) -> #N/A | S77: =MATCH(Tab_Data_Flows[[#This Row],[Name(EN)]],Tab_WC_DM_CC[Name(EN)],0) -> #N/A | X77: No | Z77: ='3_1_Calculation_factors (Wood)'!$A$14 -> Mittelwert | AA77: =IF(X77="no",O77,O77*Y77) -> 3791.2942 | AB77: Mg | AC77: =INDEX(Tab_Def_Flows[[Flow_ID]:[CC_DM_source]],MATCH(Tab_Data_Flows[[#This Row],[Name(EN)]],Tab_Def_Flows[Name(EN)],0),16) -> 0.08805 | AD77: =IF(J77="Yes",AA77*Tab_Data_Flows[[#This Row],[WC_'[%']]],"N.A.") -> 333.82346 | AE77: =Tab_Data_Flows[[#This Row],[UoM_Flow_Py]] -> Mg | AF77: =INDEX(Tab_Def_Flows[[Flow_ID]:[CC_DM_source]],MATCH(Tab_Data_Flows[[#This Row],[Name(EN)]],Tab_Def_Flows[Name(EN)],0),18) -> 0.91195 | AG77: =IF(K77="Yes",AF77*Tab_Data_Flows[[#This Row],[Flow_Py]],"N.A.") -> 3457.4708 | AH77: =Tab_Data_Flows[[#This Row],[UoM_Flow_Py]] -> Mg | AI77: =INDEX(Tab_Def_Flows[[Flow_ID]:[CC_DM_source]],MATCH(Tab_Data_Flows[[#This Row],[Name(EN)]],Tab_Def_Flows[Name(EN)],0),20) -> 0.462 | AJ77: =IF(L77="Yes",AI77*Tab_Data_Flows[[#This Row],[Flow_Py]]*Tab_Data_Flows[[#This Row],[DM_'[%']]],"N.A.") -> 1597.3515 | AK77: =Tab_Data_Flows[[#This Row],[UoM_Flow_Py]] -> Mg
B78: =_xlfn.XLOOKUP(C78,Tab_Def_Flows[Name(EN)],Tab_Def_Flows[Flow_ID],,0,) -> F_11_02 | C78: Millet-Grain | E78: =_xlfn.XLOOKUP(C78,Tab_Def_Flows[Name(EN)],Tab_Def_Flows[Output_Process],,0,) -> Millet_Production | F78: =_xlfn.XLOOKUP(C78,Tab_Def_Flows[Name(EN)],Tab_Def_Flows[Process_ID_O],,0,) -> 11_Mil_BB | G78: =_xlfn.XLOOKUP(C78,Tab_Def_Flows[Name(EN)],Tab_Def_Flows[Input_Process],,0,) -> MBC_Production | H78: =_xlfn.XLOOKUP(C78,Tab_Def_Flows[Name(EN)],Tab_Def_Flows[Process_ID_I],,0,) -> 02_MBC_BB | I78: =_xlfn.XLOOKUP(C78,Tab_Def_Flows[Name(EN)],Tab_Def_Flows[Value_Source],,0,) -> 0 | J78: =_xlfn.XLOOKUP(C78,Tab_Def_Flows[Name(EN)],Tab_Def_Flows[WC?],,0,) -> Yes | K78: =_xlfn.XLOOKUP(C78,Tab_Def_Flows[Name(EN)],Tab_Def_Flows[DM?],,0,) -> Yes | L78: =_xlfn.XLOOKUP(C78,Tab_Def_Flows[Name(EN)],Tab_Def_Flows[CC?],,0,) -> Yes | M78: 2040 | O78: =O77*1.02 -> 3867.1201 | R78: =INDEX(Tab_WC_DM_CC[[Flow_ID]:[CC_source]],MATCH(Tab_Data_Flows[[#This Row],[Name(EN)]],Tab_WC_DM_CC[Name(EN)],0),12) -> #N/A | S78: =MATCH(Tab_Data_Flows[[#This Row],[Name(EN)]],Tab_WC_DM_CC[Name(EN)],0) -> #N/A | X78: No | Z78: ='3_1_Calculation_factors (Wood)'!$A$14 -> Mittelwert | AA78: =IF(X78="no",O78,O78*Y78) -> 3867.1201 | AB78: Mg | AC78: =INDEX(Tab_Def_Flows[[Flow_ID]:[CC_DM_source]],MATCH(Tab_Data_Flows[[#This Row],[Name(EN)]],Tab_Def_Flows[Name(EN)],0),16) -> 0.08805 | AD78: =IF(J78="Yes",AA78*Tab_Data_Flows[[#This Row],[WC_'[%']]],"N.A.") -> 340.49993 | AE78: =Tab_Data_Flows[[#This Row],[UoM_Flow_Py]] -> Mg | AF78: =INDEX(Tab_Def_Flows[[Flow_ID]:[CC_DM_source]],MATCH(Tab_Data_Flows[[#This Row],[Name(EN)]],Tab_Def_Flows[Name(EN)],0),18) -> 0.91195 | AG78: =IF(K78="Yes",AF78*Tab_Data_Flows[[#This Row],[Flow_Py]],"N.A.") -> 3526.6202 | AH78: =Tab_Data_Flows[[#This Row],[UoM_Flow_Py]] -> Mg | AI78: =INDEX(Tab_Def_Flows[[Flow_ID]:[CC_DM_source]],MATCH(Tab_Data_Flows[[#This Row],[Name(EN)]],Tab_Def_Flows[Name(EN)],0),20) -> 0.462 | AJ78: =IF(L78="Yes",AI78*Tab_Data_Flows[[#This Row],[Flow_Py]]*Tab_Data_Flows[[#This Row],[DM_'[%']]],"N.A.") -> 1629.2985 | AK78: =Tab_Data_Flows[[#This Row],[UoM_Flow_Py]] -> Mg
... B88: =_xlfn.XLOOKUP(C88,Tab_Def_Flows[Name(EN)],Tab_Def_Flows[Flow_ID],,0,) -> F_11_02 | C88: Millet-Grain | E88: =_xlfn.XLOOKUP(C88,Tab_Def_Flows[Name(EN)],Tab_Def_Flows[Output_Process],,0,) -> Millet_Production | F88: =_xlfn.XLOOKUP(C88,Tab_Def_Flows[Name(EN)],Tab_Def_Flows[Process_ID_O],,0,) -> 11_Mil_BB | G88: =_xlfn.XLOOKUP(C88,Tab_Def_Flows[Name(EN)],Tab_Def_Flows[Input_Process],,0,) -> MBC_Production | H88: =_xlfn.XLOOKUP(C88,Tab_Def_Flows[Name(EN)],Tab_Def_Flows[Process_ID_I],,0,) -> 02_MBC_BB | I88: =_xlfn.XLOOKUP(C88,Tab_Def_Flows[Name(EN)],Tab_Def_Flows[Value_Source],,0,) -> 0 | J88: =_xlfn.XLOOKUP(C88,Tab_Def_Flows[Name(EN)],Tab_Def_Flows[WC?],,0,) -> Yes | K88: =_xlfn.XLOOKUP(C88,Tab_Def_Flows[Name(EN)],Tab_Def_Flows[DM?],,0,) -> Yes | L88: =_xlfn.XLOOKUP(C88,Tab_Def_Flows[Name(EN)],Tab_Def_Flows[CC?],,0,) -> Yes | M88: 2050 | O88: =O87*1.02 -> 4713.9979 | R88: =INDEX(Tab_WC_DM_CC[[Flow_ID]:[CC_source]],MATCH(Tab_Data_Flows[[#This Row],[Name(EN)]],Tab_WC_DM_CC[Name(EN)],0),12) -> #N/A | S88: =MATCH(Tab_Data_Flows[[#This Row],[Name(EN)]],Tab_WC_DM_CC[Name(EN)],0) -> #N/A | X88: No | Z88: ='3_1_Calculation_factors (Wood)'!$A$14 -> Mittelwert | AA88: =IF(X88="no",O88,O88*Y88) -> 4713.9979 | AB88: Mg | AC88: =INDEX(Tab_Def_Flows[[Flow_ID]:[CC_DM_source]],MATCH(Tab_Data_Flows[[#This Row],[Name(EN)]],Tab_Def_Flows[Name(EN)],0),16) -> 0.08805 | AD88: =IF(J88="Yes",AA88*Tab_Data_Flows[[#This Row],[WC_'[%']]],"N.A.") -> 415.06751 | AE88: =Tab_Data_Flows[[#This Row],[UoM_Flow_Py]] -> Mg | AF88: =INDEX(Tab_Def_Flows[[Flow_ID]:[CC_DM_source]],MATCH(Tab_Data_Flows[[#This Row],[Name(EN)]],Tab_Def_Flows[Name(EN)],0),18) -> 0.91195 | AG88: =IF(K88="Yes",AF88*Tab_Data_Flows[[#This Row],[Flow_Py]],"N.A.") -> 4298.9303 | AH88: =Tab_Data_Flows[[#This Row],[UoM_Flow_Py]] -> Mg | AI88: =INDEX(Tab_Def_Flows[[Flow_ID]:[CC_DM_source]],MATCH(Tab_Data_Flows[[#This Row],[Name(EN)]],Tab_Def_Flows[Name(EN)],0),20) -> 0.462 | AJ88: =IF(L88="Yes",AI88*Tab_Data_Flows[[#This Row],[Flow_Py]]*Tab_Data_Flows[[#This Row],[DM_'[%']]],"N.A.") -> 1986.1058 | AK88: =Tab_Data_Flows[[#This Row],[UoM_Flow_Py]] -> Mg
A89: =ROW()-1 -> 88 | B89: =_xlfn.XLOOKUP(C89,Tab_Def_Flows[Name(EN)],Tab_Def_Flows[Flow_ID],,0,) -> F_08_02 | C89: Water-Import | D89: =_xlfn.XLOOKUP(C89,Tab_Def_Flows[Name(EN)],Tab_Def_Flows[Type_Biomass],,0,) -> 0 | E89: =_xlfn.XLOOKUP(C89,Tab_Def_Flows[Name(EN)],Tab_Def_Flows[Output_Process],,0,) -> Water_Import | F89: =_xlfn.XLOOKUP(C89,Tab_Def_Flows[Name(EN)],Tab_Def_Flows[Process_ID_O],,0,) -> 08_Wat_BB | G89: =_xlfn.XLOOKUP(C89,Tab_Def_Flows[Name(EN)],Tab_Def_Flows[Input_Process],,0,) -> MBC_Production | H89: =_xlfn.XLOOKUP(C89,Tab_Def_Flows[Name(EN)],Tab_Def_Flows[Process_ID_I],,0,) -> 02_MBC_BB | I89: =_xlfn.XLOOKUP(C89,Tab_Def_Flows[Name(EN)],Tab_Def_Flows[Value_Source],,0,) -> 0 | J89: =_xlfn.XLOOKUP(C89,Tab_Def_Flows[Name(EN)],Tab_Def_Flows[WC?],,0,) -> Yes | K89: =_xlfn.XLOOKUP(C89,Tab_Def_Flows[Name(EN)],Tab_Def_Flows[DM?],,0,) -> Yes | L89: =_xlfn.XLOOKUP(C89,Tab_Def_Flows[Name(EN)],Tab_Def_Flows[CC?],,0,) -> Yes | M89: 2022 | N89: BB | O89: 33826.46 | P89: Mg/a | X89: No | AA89: =IF(X89="no",O89,O89*Y89) -> 33826.46 | AB89: Mg | AC89: =INDEX(Tab_Def_Flows[[Flow_ID]:[CC_DM_source]],MATCH(Tab_Data_Flows[[#This Row],[Name(EN)]],Tab_Def_Flows[Name(EN)],0),16) -> 1 | AD89: =IF(J89="Yes",AA89*Tab_Data_Flows[[#This Row],[WC_'[%']]],"N.A.") -> 33826.46 | AE89: =Tab_Data_Flows[[#This Row],[UoM_Flow_Py]] -> Mg | AF89: =INDEX(Tab_Def_Flows[[Flow_ID]:[CC_DM_source]],MATCH(Tab_Data_Flows[[#This Row],[Name(EN)]],Tab_Def_Flows[Name(EN)],0),18) -> 0 | AG89: =IF(K89="Yes",AF89*Tab_Data_Flows[[#This Row],[Flow_Py]],"N.A.") -> 0 | AH89: =Tab_Data_Flows[[#This Row],[UoM_Flow_Py]] -> Mg | AI89: =INDEX(Tab_Def_Flows[[Flow_ID]:[CC_DM_source]],MATCH(Tab_Data_Flows[[#This Row],[Name(EN)]],Tab_Def_Flows[Name(EN)],0),20) -> 0 | AJ89: =IF(L89="Yes",AI89*Tab_Data_Flows[[#This Row],[Flow_Py]]*Tab_Data_Flows[[#This Row],[DM_'[%']]],"N.A.") -> 0 | AK89: =Tab_Data_Flows[[#This Row],[UoM_Flow_Py]] -> Mg
A90: =ROW()-1 -> 89 | B90: =_xlfn.XLOOKUP(C90,Tab_Def_Flows[Name(EN)],Tab_Def_Flows[Flow_ID],,0,) -> F_08_02 | C90: Water-Import | D90: =_xlfn.XLOOKUP(C90,Tab_Def_Flows[Name(EN)],Tab_Def_Flows[Type_Biomass],,0,) -> 0 | E90: =_xlfn.XLOOKUP(C90,Tab_Def_Flows[Name(EN)],Tab_Def_Flows[Output_Process],,0,) -> Water_Import | F90: =_xlfn.XLOOKUP(C90,Tab_Def_Flows[Name(EN)],Tab_Def_Flows[Process_ID_O],,0,) -> 08_Wat_BB | G90: =_xlfn.XLOOKUP(C90,Tab_Def_Flows[Name(EN)],Tab_Def_Flows[Input_Process],,0,) -> MBC_Production | H90: =_xlfn.XLOOKUP(C90,Tab_Def_Flows[Name(EN)],Tab_Def_Flows[Process_ID_I],,0,) -> 02_MBC_BB | I90: =_xlfn.XLOOKUP(C90,Tab_Def_Flows[Name(EN)],Tab_Def_Flows[Value_Source],,0,) -> 0 | J90: =_xlfn.XLOOKUP(C90,Tab_Def_Flows[Name(EN)],Tab_Def_Flows[WC?],,0,) -> Yes | K90: =_xlfn.XLOOKUP(C90,Tab_Def_Flows[Name(EN)],Tab_Def_Flows[DM?],,0,) -> Yes | L90: =_xlfn.XLOOKUP(C90,Tab_Def_Flows[Name(EN)],Tab_Def_Flows[CC?],,0,) -> Yes | M90: 2023 | N90: BB | O90: =O89*1.02 -> 34502.989 | P90: Mg/a | X90: No | AA90: =IF(X90="no",O90,O90*Y90) -> 34502.989 | AB90: Mg | AC90: =INDEX(Tab_Def_Flows[[Flow_ID]:[CC_DM_source]],MATCH(Tab_Data_Flows[[#This Row],[Name(EN)]],Tab_Def_Flows[Name(EN)],0),16) -> 1 | AD90: =IF(J90="Yes",AA90*Tab_Data_Flows[[#This Row],[WC_'[%']]],"N.A.") -> 34502.989 | AE90: =Tab_Data_Flows[[#This Row],[UoM_Flow_Py]] -> Mg | AF90: =INDEX(Tab_Def_Flows[[Flow_ID]:[CC_DM_source]],MATCH(Tab_Data_Flows[[#This Row],[Name(EN)]],Tab_Def_Flows[Name(EN)],0),18) -> 0 | AG90: =IF(K90="Yes",AF90*Tab_Data_Flows[[#This Row],[Flow_Py]],"N.A.") -> 0 | AH90: =Tab_Data_Flows[[#This Row],[UoM_Flow_Py]] -> Mg | AI90: =INDEX(Tab_Def_Flows[[Flow_ID]:[CC_DM_source]],MATCH(Tab_Data_Flows[[#This Row],[Name(EN)]],Tab_Def_Flows[Name(EN)],0),20) -> 0 | AJ90: =IF(L90="Yes",AI90*Tab_Data_Flows[[#This Row],[Flow_Py]]*Tab_Data_Flows[[#This Row],[DM_'[%']]],"N.A.") -> 0 | AK90: =Tab_Data_Flows[[#This Row],[UoM_Flow_Py]] -> Mg
A91: =ROW()-1 -> 90 | B91: =_xlfn.XLOOKUP(C91,Tab_Def_Flows[Name(EN)],Tab_Def_Flows[Flow_ID],,0,) -> F_08_02 | C91: Water-Import | D91: =_xlfn.XLOOKUP(C91,Tab_Def_Flows[Name(EN)],Tab_Def_Flows[Type_Biomass],,0,) -> 0 | E91: =_xlfn.XLOOKUP(C91,Tab_Def_Flows[Name(EN)],Tab_Def_Flows[Output_Process],,0,) -> Water_Import | F91: =_xlfn.XLOOKUP(C91,Tab_Def_Flows[Name(EN)],Tab_Def_Flows[Process_ID_O],,0,) -> 08_Wat_BB | G91: =_xlfn.XLOOKUP(C91,Tab_Def_Flows[Name(EN)],Tab_Def_Flows[Input_Process],,0,) -> MBC_Production | H91: =_xlfn.XLOOKUP(C91,Tab_Def_Flows[Name(EN)],Tab_Def_Flows[Process_ID_I],,0,) -> 02_MBC_BB | I91: =_xlfn.XLOOKUP(C91,Tab_Def_Flows[Name(EN)],Tab_Def_Flows[Value_Source],,0,) -> 0 | J91: =_xlfn.XLOOKUP(C91,Tab_Def_Flows[Name(EN)],Tab_Def_Flows[WC?],,0,) -> Yes | K91: =_xlfn.XLOOKUP(C91,Tab_Def_Flows[Name(EN)],Tab_Def_Flows[DM?],,0,) -> Yes | L91: =_xlfn.XLOOKUP(C91,Tab_Def_Flows[Name(EN)],Tab_Def_Flows[CC?],,0,) -> Yes | M91: 2024 | N91: BB | O91: =O90*1.02 -> 35193.049 | P91: Mg/a | X91: No | AA91: =IF(X91="no",O91,O91*Y91) -> 35193.049 | AB91: Mg | AC91: =INDEX(Tab_Def_Flows[[Flow_ID]:[CC_DM_source]],MATCH(Tab_Data_Flows[[#This Row],[Name(EN)]],Tab_Def_Flows[Name(EN)],0),16) -> 1 | AD91: =IF(J91="Yes",AA91*Tab_Data_Flows[[#This Row],[WC_'[%']]],"N.A.") -> 35193.049 | AE91: =Tab_Data_Flows[[#This Row],[UoM_Flow_Py]] -> Mg | AF91: =INDEX(Tab_Def_Flows[[Flow_ID]:[CC_DM_source]],MATCH(Tab_Data_Flows[[#This Row],[Name(EN)]],Tab_Def_Flows[Name(EN)],0),18) -> 0 | AG91: =IF(K91="Yes",AF91*Tab_Data_Flows[[#This Row],[Flow_Py]],"N.A.") -> 0 | AH91: =Tab_Data_Flows[[#This Row],[UoM_Flow_Py]] -> Mg | AI91: =INDEX(Tab_Def_Flows[[Flow_ID]:[CC_DM_source]],MATCH(Tab_Data_Flows[[#This Row],[Name(EN)]],Tab_Def_Flows[Name(EN)],0),20) -> 0 | AJ91: =IF(L91="Yes",AI91*Tab_Data_Flows[[#This Row],[Flow_Py]]*Tab_Data_Flows[[#This Row],[DM_'[%']]],"N.A.") -> 0 | AK91: =Tab_Data_Flows[[#This Row],[UoM_Flow_Py]] -> Mg
A92: =ROW()-1 -> 91 | B92: =_xlfn.XLOOKUP(C92,Tab_Def_Flows[Name(EN)],Tab_Def_Flows[Flow_ID],,0,) -> F_08_02 | C92: Water-Import | D92: =_xlfn.XLOOKUP(C92,Tab_Def_Flows[Name(EN)],Tab_Def_Flows[Type_Biomass],,0,) -> 0 | E92: =_xlfn.XLOOKUP(C92,Tab_Def_Flows[Name(EN)],Tab_Def_Flows[Output_Process],,0,) -> Water_Import | F92: =_xlfn.XLOOKUP(C92,Tab_Def_Flows[Name(EN)],Tab_Def_Flows[Process_ID_O],,0,) -> 08_Wat_BB | G92: =_xlfn.XLOOKUP(C92,Tab_Def_Flows[Name(EN)],Tab_Def_Flows[Input_Process],,0,) -> MBC_Production | H92: =_xlfn.XLOOKUP(C92,Tab_Def_Flows[Name(EN)],Tab_Def_Flows[Process_ID_I],,0,) -> 02_MBC_BB | I92: =_xlfn.XLOOKUP(C92,Tab_Def_Flows[Name(EN)],Tab_Def_Flows[Value_Source],,0,) -> 0 | J92: =_xlfn.XLOOKUP(C92,Tab_Def_Flows[Name(EN)],Tab_Def_Flows[WC?],,0,) -> Yes | K92: =_xlfn.XLOOKUP(C92,Tab_Def_Flows[Name(EN)],Tab_Def_Flows[DM?],,0,) -> Yes | L92: =_xlfn.XLOOKUP(C92,Tab_Def_Flows[Name(EN)],Tab_Def_Flows[CC?],,0,) -> Yes | M92: 2025 | N92: BB | O92: =O91*1.02 -> 35896.91 | P92: Mg/a | X92: No | AA92: =IF(X92="no",O92,O92*Y92) -> 35896.91 | AB92: Mg | AC92: =INDEX(Tab_Def_Flows[[Flow_ID]:[CC_DM_source]],MATCH(Tab_Data_Flows[[#This Row],[Name(EN)]],Tab_Def_Flows[Name(EN)],0),16) -> 1 | AD92: =IF(J92="Yes",AA92*Tab_Data_Flows[[#This Row],[WC_'[%']]],"N.A.") -> 35896.91 | AE92: =Tab_Data_Flows[[#This Row],[UoM_Flow_Py]] -> Mg | AF92: =INDEX(Tab_Def_Flows[[Flow_ID]:[CC_DM_source]],MATCH(Tab_Data_Flows[[#This Row],[Name(EN)]],Tab_Def_Flows[Name(EN)],0),18) -> 0 | AG92: =IF(K92="Yes",AF92*Tab_Data_Flows[[#This Row],[Flow_Py]],"N.A.") -> 0 | AH92: =Tab_Data_Flows[[#This Row],[UoM_Flow_Py]] -> Mg | AI92: =INDEX(Tab_Def_Flows[[Flow_ID]:[CC_DM_source]],MATCH(Tab_Data_Flows[[#This Row],[Name(EN)]],Tab_Def_Flows[Name(EN)],0),20) -> 0 | AJ92: =IF(L92="Yes",AI92*Tab_Data_Flows[[#This Row],[Flow_Py]]*Tab_Data_Flows[[#This Row],[DM_'[%']]],"N.A.") -> 0 | AK92: =Tab_Data_Flows[[#This Row],[UoM_Flow_Py]] -> Mg
A93: =ROW()-1 -> 92 | B93: =_xlfn.XLOOKUP(C93,Tab_Def_Flows[Name(EN)],Tab_Def_Flows[Flow_ID],,0,) -> F_08_02 | C93: Water-Import | D93: =_xlfn.XLOOKUP(C93,Tab_Def_Flows[Name(EN)],Tab_Def_Flows[Type_Biomass],,0,) -> 0 | E93: =_xlfn.XLOOKUP(C93,Tab_Def_Flows[Name(EN)],Tab_Def_Flows[Output_Process],,0,) -> Water_Import | F93: =_xlfn.XLOOKUP(C93,Tab_Def_Flows[Name(EN)],Tab_Def_Flows[Process_ID_O],,0,) -> 08_Wat_BB | G93: =_xlfn.XLOOKUP(C93,Tab_Def_Flows[Name(EN)],Tab_Def_Flows[Input_Process],,0,) -> MBC_Production | H93: =_xlfn.XLOOKUP(C93,Tab_Def_Flows[Name(EN)],Tab_Def_Flows[Process_ID_I],,0,) -> 02_MBC_BB | I93: =_xlfn.XLOOKUP(C93,Tab_Def_Flows[Name(EN)],Tab_Def_Flows[Value_Source],,0,) -> 0 | J93: =_xlfn.XLOOKUP(C93,Tab_Def_Flows[Name(EN)],Tab_Def_Flows[WC?],,0,) -> Yes | K93: =_xlfn.XLOOKUP(C93,Tab_Def_Flows[Name(EN)],Tab_Def_Flows[DM?],,0,) -> Yes | L93: =_xlfn.XLOOKUP(C93,Tab_Def_Flows[Name(EN)],Tab_Def_Flows[CC?],,0,) -> Yes | M93: 2026 | N93: BB | O93: =O92*1.02 -> 36614.848 | P93: Mg/a | X93: No | AA93: =IF(X93="no",O93,O93*Y93) -> 36614.848 | AB93: Mg | AC93: =INDEX(Tab_Def_Flows[[Flow_ID]:[CC_DM_source]],MATCH(Tab_Data_Flows[[#This Row],[Name(EN)]],Tab_Def_Flows[Name(EN)],0),16) -> 1 | AD93: =IF(J93="Yes",AA93*Tab_Data_Flows[[#This Row],[WC_'[%']]],"N.A.") -> 36614.848 | AE93: =Tab_Data_Flows[[#This Row],[UoM_Flow_Py]] -> Mg | AF93: =INDEX(Tab_Def_Flows[[Flow_ID]:[CC_DM_source]],MATCH(Tab_Data_Flows[[#This Row],[Name(EN)]],Tab_Def_Flows[Name(EN)],0),18) -> 0 | AG93: =IF(K93="Yes",AF93*Tab_Data_Flows[[#This Row],[Flow_Py]],"N.A.") -> 0 | AH93: =Tab_Data_Flows[[#This Row],[UoM_Flow_Py]] -> Mg | AI93: =INDEX(Tab_Def_Flows[[Flow_ID]:[CC_DM_source]],MATCH(Tab_Data_Flows[[#This Row],[Name(EN)]],Tab_Def_Flows[Name(EN)],0),20) -> 0 | AJ93: =IF(L93="Yes",AI93*Tab_Data_Flows[[#This Row],[Flow_Py]]*Tab_Data_Flows[[#This Row],[DM_'[%']]],"N.A.") -> 0 | AK93: =Tab_Data_Flows[[#This Row],[UoM_Flow_Py]] -> Mg
A94: =ROW()-1 -> 93 | B94: =_xlfn.XLOOKUP(C94,Tab_Def_Flows[Name(EN)],Tab_Def_Flows[Flow_ID],,0,) -> F_08_02 | C94: Water-Import | D94: =_xlfn.XLOOKUP(C94,Tab_Def_Flows[Name(EN)],Tab_Def_Flows[Type_Biomass],,0,) -> 0 | E94: =_xlfn.XLOOKUP(C94,Tab_Def_Flows[Name(EN)],Tab_Def_Flows[Output_Process],,0,) -> Water_Import | F94: =_xlfn.XLOOKUP(C94,Tab_Def_Flows[Name(EN)],Tab_Def_Flows[Process_ID_O],,0,) -> 08_Wat_BB | G94: =_xlfn.XLOOKUP(C94,Tab_Def_Flows[Name(EN)],Tab_Def_Flows[Input_Process],,0,) -> MBC_Production | H94: =_xlfn.XLOOKUP(C94,Tab_Def_Flows[Name(EN)],Tab_Def_Flows[Process_ID_I],,0,) -> 02_MBC_BB | I94: =_xlfn.XLOOKUP(C94,Tab_Def_Flows[Name(EN)],Tab_Def_Flows[Value_Source],,0,) -> 0 | J94: =_xlfn.XLOOKUP(C94,Tab_Def_Flows[Name(EN)],Tab_Def_Flows[WC?],,0,) -> Yes | K94: =_xlfn.XLOOKUP(C94,Tab_Def_Flows[Name(EN)],Tab_Def_Flows[DM?],,0,) -> Yes | L94: =_xlfn.XLOOKUP(C94,Tab_Def_Flows[Name(EN)],Tab_Def_Flows[CC?],,0,) -> Yes | M94: 2027 | N94: BB | O94: =O93*1.02 -> 37347.145 | P94: Mg/a | X94: No | AA94: =IF(X94="no",O94,O94*Y94) -> 37347.145 | AB94: Mg | AC94: =INDEX(Tab_Def_Flows[[Flow_ID]:[CC_DM_source]],MATCH(Tab_Data_Flows[[#This Row],[Name(EN)]],Tab_Def_Flows[Name(EN)],0),16) -> 1 | AD94: =IF(J94="Yes",AA94*Tab_Data_Flows[[#This Row],[WC_'[%']]],"N.A.") -> 37347.145 | AE94: =Tab_Data_Flows[[#This Row],[UoM_Flow_Py]] -> Mg | AF94: =INDEX(Tab_Def_Flows[[Flow_ID]:[CC_DM_source]],MATCH(Tab_Data_Flows[[#This Row],[Name(EN)]],Tab_Def_Flows[Name(EN)],0),18) -> 0 | AG94: =IF(K94="Yes",AF94*Tab_Data_Flows[[#This Row],[Flow_Py]],"N.A.") -> 0 | AH94: =Tab_Data_Flows[[#This Row],[UoM_Flow_Py]] -> Mg | AI94: =INDEX(Tab_Def_Flows[[Flow_ID]:[CC_DM_source]],MATCH(Tab_Data_Flows[[#This Row],[Name(EN)]],Tab_Def_Flows[Name(EN)],0),20) -> 0 | AJ94: =IF(L94="Yes",AI94*Tab_Data_Flows[[#This Row],[Flow_Py]]*Tab_Data_Flows[[#This Row],[DM_'[%']]],"N.A.") -> 0 | AK94: =Tab_Data_Flows[[#This Row],[UoM_Flow_Py]] -> Mg
A95: =ROW()-1 -> 94 | B95: =_xlfn.XLOOKUP(C95,Tab_Def_Flows[Name(EN)],Tab_Def_Flows[Flow_ID],,0,) -> F_08_02 | C95: Water-Import | D95: =_xlfn.XLOOKUP(C95,Tab_Def_Flows[Name(EN)],Tab_Def_Flows[Type_Biomass],,0,) -> 0 | E95: =_xlfn.XLOOKUP(C95,Tab_Def_Flows[Name(EN)],Tab_Def_Flows[Output_Process],,0,) -> Water_Import | F95: =_xlfn.XLOOKUP(C95,Tab_Def_Flows[Name(EN)],Tab_Def_Flows[Process_ID_O],,0,) -> 08_Wat_BB | G95: =_xlfn.XLOOKUP(C95,Tab_Def_Flows[Name(EN)],Tab_Def_Flows[Input_Process],,0,) -> MBC_Production | H95: =_xlfn.XLOOKUP(C95,Tab_Def_Flows[Name(EN)],Tab_Def_Flows[Process_ID_I],,0,) -> 02_MBC_BB | I95: =_xlfn.XLOOKUP(C95,Tab_Def_Flows[Name(EN)],Tab_Def_Flows[Value_Source],,0,) -> 0 | J95: =_xlfn.XLOOKUP(C95,Tab_Def_Flows[Name(EN)],Tab_Def_Flows[WC?],,0,) -> Yes | K95: =_xlfn.XLOOKUP(C95,Tab_Def_Flows[Name(EN)],Tab_Def_Flows[DM?],,0,) -> Yes | L95: =_xlfn.XLOOKUP(C95,Tab_Def_Flows[Name(EN)],Tab_Def_Flows[CC?],,0,) -> Yes | M95: 2028 | N95: BB | O95: =O94*1.02 -> 38094.088 | P95: Mg/a | X95: No | AA95: =IF(X95="no",O95,O95*Y95) -> 38094.088 | AB95: Mg | AC95: =INDEX(Tab_Def_Flows[[Flow_ID]:[CC_DM_source]],MATCH(Tab_Data_Flows[[#This Row],[Name(EN)]],Tab_Def_Flows[Name(EN)],0),16) -> 1 | AD95: =IF(J95="Yes",AA95*Tab_Data_Flows[[#This Row],[WC_'[%']]],"N.A.") -> 38094.088 | AE95: =Tab_Data_Flows[[#This Row],[UoM_Flow_Py]] -> Mg | AF95: =INDEX(Tab_Def_Flows[[Flow_ID]:[CC_DM_source]],MATCH(Tab_Data_Flows[[#This Row],[Name(EN)]],Tab_Def_Flows[Name(EN)],0),18) -> 0 | AG95: =IF(K95="Yes",AF95*Tab_Data_Flows[[#This Row],[Flow_Py]],"N.A.") -> 0 | AH95: =Tab_Data_Flows[[#This Row],[UoM_Flow_Py]] -> Mg | AI95: =INDEX(Tab_Def_Flows[[Flow_ID]:[CC_DM_source]],MATCH(Tab_Data_Flows[[#This Row],[Name(EN)]],Tab_Def_Flows[Name(EN)],0),20) -> 0 | AJ95: =IF(L95="Yes",AI95*Tab_Data_Flows[[#This Row],[Flow_Py]]*Tab_Data_Flows[[#This Row],[DM_'[%']]],"N.A.") -> 0 | AK95: =Tab_Data_Flows[[#This Row],[UoM_Flow_Py]] -> Mg
B96: =_xlfn.XLOOKUP(C96,Tab_Def_Flows[Name(EN)],Tab_Def_Flows[Flow_ID],,0,) -> F_08_02 | C96: Water-Import | E96: =_xlfn.XLOOKUP(C96,Tab_Def_Flows[Name(EN)],Tab_Def_Flows[Output_Process],,0,) -> Water_Import | F96: =_xlfn.XLOOKUP(C96,Tab_Def_Flows[Name(EN)],Tab_Def_Flows[Process_ID_O],,0,) -> 08_Wat_BB | G96: =_xlfn.XLOOKUP(C96,Tab_Def_Flows[Name(EN)],Tab_Def_Flows[Input_Process],,0,) -> MBC_Production | H96: =_xlfn.XLOOKUP(C96,Tab_Def_Flows[Name(EN)],Tab_Def_Flows[Process_ID_I],,0,) -> 02_MBC_BB | I96: =_xlfn.XLOOKUP(C96,Tab_Def_Flows[Name(EN)],Tab_Def_Flows[Value_Source],,0,) -> 0 | J96: =_xlfn.XLOOKUP(C96,Tab_Def_Flows[Name(EN)],Tab_Def_Flows[WC?],,0,) -> Yes | K96: =_xlfn.XLOOKUP(C96,Tab_Def_Flows[Name(EN)],Tab_Def_Flows[DM?],,0,) -> Yes | L96: =_xlfn.XLOOKUP(C96,Tab_Def_Flows[Name(EN)],Tab_Def_Flows[CC?],,0,) -> Yes | M96: 2029 | O96: =O95*1.02 -> 38855.97 | R96: =INDEX(Tab_WC_DM_CC[[Flow_ID]:[CC_source]],MATCH(Tab_Data_Flows[[#This Row],[Name(EN)]],Tab_WC_DM_CC[Name(EN)],0),12) -> #N/A | S96: =MATCH(Tab_Data_Flows[[#This Row],[Name(EN)]],Tab_WC_DM_CC[Name(EN)],0) -> #N/A | X96: No | Z96: ='3_1_Calculation_factors (Wood)'!$A$14 -> Mittelwert | AA96: =IF(X96="no",O96,O96*Y96) -> 38855.97 | AB96: Mg | AC96: =INDEX(Tab_Def_Flows[[Flow_ID]:[CC_DM_source]],MATCH(Tab_Data_Flows[[#This Row],[Name(EN)]],Tab_Def_Flows[Name(EN)],0),16) -> 1 | AD96: =IF(J96="Yes",AA96*Tab_Data_Flows[[#This Row],[WC_'[%']]],"N.A.") -> 38855.97 | AE96: =Tab_Data_Flows[[#This Row],[UoM_Flow_Py]] -> Mg | AF96: =INDEX(Tab_Def_Flows[[Flow_ID]:[CC_DM_source]],MATCH(Tab_Data_Flows[[#This Row],[Name(EN)]],Tab_Def_Flows[Name(EN)],0),18) -> 0 | AG96: =IF(K96="Yes",AF96*Tab_Data_Flows[[#This Row],[Flow_Py]],"N.A.") -> 0 | AH96: =Tab_Data_Flows[[#This Row],[UoM_Flow_Py]] -> Mg | AI96: =INDEX(Tab_Def_Flows[[Flow_ID]:[CC_DM_source]],MATCH(Tab_Data_Flows[[#This Row],[Name(EN)]],Tab_Def_Flows[Name(EN)],0),20) -> 0 | AJ96: =IF(L96="Yes",AI96*Tab_Data_Flows[[#This Row],[Flow_Py]]*Tab_Data_Flows[[#This Row],[DM_'[%']]],"N.A.") -> 0 | AK96: =Tab_Data_Flows[[#This Row],[UoM_Flow_Py]] -> Mg
B97: =_xlfn.XLOOKUP(C97,Tab_Def_Flows[Name(EN)],Tab_Def_Flows[Flow_ID],,0,) -> F_08_02 | C97: Water-Import | E97: =_xlfn.XLOOKUP(C97,Tab_Def_Flows[Name(EN)],Tab_Def_Flows[Output_Process],,0,) -> Water_Import | F97: =_xlfn.XLOOKUP(C97,Tab_Def_Flows[Name(EN)],Tab_Def_Flows[Process_ID_O],,0,) -> 08_Wat_BB | G97: =_xlfn.XLOOKUP(C97,Tab_Def_Flows[Name(EN)],Tab_Def_Flows[Input_Process],,0,) -> MBC_Production | H97: =_xlfn.XLOOKUP(C97,Tab_Def_Flows[Name(EN)],Tab_Def_Flows[Process_ID_I],,0,) -> 02_MBC_BB | I97: =_xlfn.XLOOKUP(C97,Tab_Def_Flows[Name(EN)],Tab_Def_Flows[Value_Source],,0,) -> 0 | J97: =_xlfn.XLOOKUP(C97,Tab_Def_Flows[Name(EN)],Tab_Def_Flows[WC?],,0,) -> Yes | K97: =_xlfn.XLOOKUP(C97,Tab_Def_Flows[Name(EN)],Tab_Def_Flows[DM?],,0,) -> Yes | L97: =_xlfn.XLOOKUP(C97,Tab_Def_Flows[Name(EN)],Tab_Def_Flows[CC?],,0,) -> Yes | M97: 2030 | O97: =O96*1.02 -> 39633.089 | R97: =INDEX(Tab_WC_DM_CC[[Flow_ID]:[CC_source]],MATCH(Tab_Data_Flows[[#This Row],[Name(EN)]],Tab_WC_DM_CC[Name(EN)],0),12) -> #N/A | S97: =MATCH(Tab_Data_Flows[[#This Row],[Name(EN)]],Tab_WC_DM_CC[Name(EN)],0) -> #N/A | X97: No | Z97: ='3_1_Calculation_factors (Wood)'!$A$14 -> Mittelwert | AA97: =IF(X97="no",O97,O97*Y97) -> 39633.089 | AB97: Mg | AC97: =INDEX(Tab_Def_Flows[[Flow_ID]:[CC_DM_source]],MATCH(Tab_Data_Flows[[#This Row],[Name(EN)]],Tab_Def_Flows[Name(EN)],0),16) -> 1 | AD97: =IF(J97="Yes",AA97*Tab_Data_Flows[[#This Row],[WC_'[%']]],"N.A.") -> 39633.089 | AE97: =Tab_Data_Flows[[#This Row],[UoM_Flow_Py]] -> Mg | AF97: =INDEX(Tab_Def_Flows[[Flow_ID]:[CC_DM_source]],MATCH(Tab_Data_Flows[[#This Row],[Name(EN)]],Tab_Def_Flows[Name(EN)],0),18) -> 0 | AG97: =IF(K97="Yes",AF97*Tab_Data_Flows[[#This Row],[Flow_Py]],"N.A.") -> 0 | AH97: =Tab_Data_Flows[[#This Row],[UoM_Flow_Py]] -> Mg | AI97: =INDEX(Tab_Def_Flows[[Flow_ID]:[CC_DM_source]],MATCH(Tab_Data_Flows[[#This Row],[Name(EN)]],Tab_Def_Flows[Name(EN)],0),20) -> 0 | AJ97: =IF(L97="Yes",AI97*Tab_Data_Flows[[#This Row],[Flow_Py]]*Tab_Data_Flows[[#This Row],[DM_'[%']]],"N.A.") -> 0 | AK97: =Tab_Data_Flows[[#This Row],[UoM_Flow_Py]] -> Mg
B98: =_xlfn.XLOOKUP(C98,Tab_Def_Flows[Name(EN)],Tab_Def_Flows[Flow_ID],,0,) -> F_08_02 | C98: Water-Import | E98: =_xlfn.XLOOKUP(C98,Tab_Def_Flows[Name(EN)],Tab_Def_Flows[Output_Process],,0,) -> Water_Import | F98: =_xlfn.XLOOKUP(C98,Tab_Def_Flows[Name(EN)],Tab_Def_Flows[Process_ID_O],,0,) -> 08_Wat_BB | G98: =_xlfn.XLOOKUP(C98,Tab_Def_Flows[Name(EN)],Tab_Def_Flows[Input_Process],,0,) -> MBC_Production | H98: =_xlfn.XLOOKUP(C98,Tab_Def_Flows[Name(EN)],Tab_Def_Flows[Process_ID_I],,0,) -> 02_MBC_BB | I98: =_xlfn.XLOOKUP(C98,Tab_Def_Flows[Name(EN)],Tab_Def_Flows[Value_Source],,0,) -> 0 | J98: =_xlfn.XLOOKUP(C98,Tab_Def_Flows[Name(EN)],Tab_Def_Flows[WC?],,0,) -> Yes | K98: =_xlfn.XLOOKUP(C98,Tab_Def_Flows[Name(EN)],Tab_Def_Flows[DM?],,0,) -> Yes | L98: =_xlfn.XLOOKUP(C98,Tab_Def_Flows[Name(EN)],Tab_Def_Flows[CC?],,0,) -> Yes | M98: 2031 | O98: =O97*1.02 -> 40425.751 | R98: =INDEX(Tab_WC_DM_CC[[Flow_ID]:[CC_source]],MATCH(Tab_Data_Flows[[#This Row],[Name(EN)]],Tab_WC_DM_CC[Name(EN)],0),12) -> #N/A | S98: =MATCH(Tab_Data_Flows[[#This Row],[Name(EN)]],Tab_WC_DM_CC[Name(EN)],0) -> #N/A | X98: No | Z98: ='3_1_Calculation_factors (Wood)'!$A$14 -> Mittelwert | AA98: =IF(X98="no",O98,O98*Y98) -> 40425.751 | AB98: Mg | AC98: =INDEX(Tab_Def_Flows[[Flow_ID]:[CC_DM_source]],MATCH(Tab_Data_Flows[[#This Row],[Name(EN)]],Tab_Def_Flows[Name(EN)],0),16) -> 1 | AD98: =IF(J98="Yes",AA98*Tab_Data_Flows[[#This Row],[WC_'[%']]],"N.A.") -> 40425.751 | AE98: =Tab_Data_Flows[[#This Row],[UoM_Flow_Py]] -> Mg | AF98: =INDEX(Tab_Def_Flows[[Flow_ID]:[CC_DM_source]],MATCH(Tab_Data_Flows[[#This Row],[Name(EN)]],Tab_Def_Flows[Name(EN)],0),18) -> 0 | AG98: =IF(K98="Yes",AF98*Tab_Data_Flows[[#This Row],[Flow_Py]],"N.A.") -> 0 | AH98: =Tab_Data_Flows[[#This Row],[UoM_Flow_Py]] -> Mg | AI98: =INDEX(Tab_Def_Flows[[Flow_ID]:[CC_DM_source]],MATCH(Tab_Data_Flows[[#This Row],[Name(EN)]],Tab_Def_Flows[Name(EN)],0),20) -> 0 | AJ98: =IF(L98="Yes",AI98*Tab_Data_Flows[[#This Row],[Flow_Py]]*Tab_Data_Flows[[#This Row],[DM_'[%']]],"N.A.") -> 0 | AK98: =Tab_Data_Flows[[#This Row],[UoM_Flow_Py]] -> Mg
B99: =_xlfn.XLOOKUP(C99,Tab_Def_Flows[Name(EN)],Tab_Def_Flows[Flow_ID],,0,) -> F_08_02 | C99: Water-Import | E99: =_xlfn.XLOOKUP(C99,Tab_Def_Flows[Name(EN)],Tab_Def_Flows[Output_Process],,0,) -> Water_Import | F99: =_xlfn.XLOOKUP(C99,Tab_Def_Flows[Name(EN)],Tab_Def_Flows[Process_ID_O],,0,) -> 08_Wat_BB | G99: =_xlfn.XLOOKUP(C99,Tab_Def_Flows[Name(EN)],Tab_Def_Flows[Input_Process],,0,) -> MBC_Production | H99: =_xlfn.XLOOKUP(C99,Tab_Def_Flows[Name(EN)],Tab_Def_Flows[Process_ID_I],,0,) -> 02_MBC_BB | I99: =_xlfn.XLOOKUP(C99,Tab_Def_Flows[Name(EN)],Tab_Def_Flows[Value_Source],,0,) -> 0 | J99: =_xlfn.XLOOKUP(C99,Tab_Def_Flows[Name(EN)],Tab_Def_Flows[WC?],,0,) -> Yes | K99: =_xlfn.XLOOKUP(C99,Tab_Def_Flows[Name(EN)],Tab_Def_Flows[DM?],,0,) -> Yes | L99: =_xlfn.XLOOKUP(C99,Tab_Def_Flows[Name(EN)],Tab_Def_Flows[CC?],,0,) -> Yes | M99: 2032 | O99: =O98*1.02 -> 41234.266 | R99: =INDEX(Tab_WC_DM_CC[[Flow_ID]:[CC_source]],MATCH(Tab_Data_Flows[[#This Row],[Name(EN)]],Tab_WC_DM_CC[Name(EN)],0),12) -> #N/A | S99: =MATCH(Tab_Data_Flows[[#This Row],[Name(EN)]],Tab_WC_DM_CC[Name(EN)],0) -> #N/A | X99: No | Z99: ='3_1_Calculation_factors (Wood)'!$A$14 -> Mittelwert | AA99: =IF(X99="no",O99,O99*Y99) -> 41234.266 | AB99: Mg | AC99: =INDEX(Tab_Def_Flows[[Flow_ID]:[CC_DM_source]],MATCH(Tab_Data_Flows[[#This Row],[Name(EN)]],Tab_Def_Flows[Name(EN)],0),16) -> 1 | AD99: =IF(J99="Yes",AA99*Tab_Data_Flows[[#This Row],[WC_'[%']]],"N.A.") -> 41234.266 | AE99: =Tab_Data_Flows[[#This Row],[UoM_Flow_Py]] -> Mg | AF99: =INDEX(Tab_Def_Flows[[Flow_ID]:[CC_DM_source]],MATCH(Tab_Data_Flows[[#This Row],[Name(EN)]],Tab_Def_Flows[Name(EN)],0),18) -> 0 | AG99: =IF(K99="Yes",AF99*Tab_Data_Flows[[#This Row],[Flow_Py]],"N.A.") -> 0 | AH99: =Tab_Data_Flows[[#This Row],[UoM_Flow_Py]] -> Mg | AI99: =INDEX(Tab_Def_Flows[[Flow_ID]:[CC_DM_source]],MATCH(Tab_Data_Flows[[#This Row],[Name(EN)]],Tab_Def_Flows[Name(EN)],0),20) -> 0 | AJ99: =IF(L99="Yes",AI99*Tab_Data_Flows[[#This Row],[Flow_Py]]*Tab_Data_Flows[[#This Row],[DM_'[%']]],"N.A.") -> 0 | AK99: =Tab_Data_Flows[[#This Row],[UoM_Flow_Py]] -> Mg
B100: =_xlfn.XLOOKUP(C100,Tab_Def_Flows[Name(EN)],Tab_Def_Flows[Flow_ID],,0,) -> F_08_02 | C100: Water-Import | E100: =_xlfn.XLOOKUP(C100,Tab_Def_Flows[Name(EN)],Tab_Def_Flows[Output_Process],,0,) -> Water_Import | F100: =_xlfn.XLOOKUP(C100,Tab_Def_Flows[Name(EN)],Tab_Def_Flows[Process_ID_O],,0,) -> 08_Wat_BB | G100: =_xlfn.XLOOKUP(C100,Tab_Def_Flows[Name(EN)],Tab_Def_Flows[Input_Process],,0,) -> MBC_Production | H100: =_xlfn.XLOOKUP(C100,Tab_Def_Flows[Name(EN)],Tab_Def_Flows[Process_ID_I],,0,) -> 02_MBC_BB | I100: =_xlfn.XLOOKUP(C100,Tab_Def_Flows[Name(EN)],Tab_Def_Flows[Value_Source],,0,) -> 0 | J100: =_xlfn.XLOOKUP(C100,Tab_Def_Flows[Name(EN)],Tab_Def_Flows[WC?],,0,) -> Yes | K100: =_xlfn.XLOOKUP(C100,Tab_Def_Flows[Name(EN)],Tab_Def_Flows[DM?],,0,) -> Yes | L100: =_xlfn.XLOOKUP(C100,Tab_Def_Flows[Name(EN)],Tab_Def_Flows[CC?],,0,) -> Yes | M100: 2033 | O100: =O99*1.02 -> 42058.951 | R100: =INDEX(Tab_WC_DM_CC[[Flow_ID]:[CC_source]],MATCH(Tab_Data_Flows[[#This Row],[Name(EN)]],Tab_WC_DM_CC[Name(EN)],0),12) -> #N/A | S100: =MATCH(Tab_Data_Flows[[#This Row],[Name(EN)]],Tab_WC_DM_CC[Name(EN)],0) -> #N/A | X100: No | Z100: ='3_1_Calculation_factors (Wood)'!$A$14 -> Mittelwert | AA100: =IF(X100="no",O100,O100*Y100) -> 42058.951 | AB100: Mg | AC100: =INDEX(Tab_Def_Flows[[Flow_ID]:[CC_DM_source]],MATCH(Tab_Data_Flows[[#This Row],[Name(EN)]],Tab_Def_Flows[Name(EN)],0),16) -> 1 | AD100: =IF(J100="Yes",AA100*Tab_Data_Flows[[#This Row],[WC_'[%']]],"N.A.") -> 42058.951 | AE100: =Tab_Data_Flows[[#This Row],[UoM_Flow_Py]] -> Mg | AF100: =INDEX(Tab_Def_Flows[[Flow_ID]:[CC_DM_source]],MATCH(Tab_Data_Flows[[#This Row],[Name(EN)]],Tab_Def_Flows[Name(EN)],0),18) -> 0 | AG100: =IF(K100="Yes",AF100*Tab_Data_Flows[[#This Row],[Flow_Py]],"N.A.") -> 0 | AH100: =Tab_Data_Flows[[#This Row],[UoM_Flow_Py]] -> Mg | AI100: =INDEX(Tab_Def_Flows[[Flow_ID]:[CC_DM_source]],MATCH(Tab_Data_Flows[[#This Row],[Name(EN)]],Tab_Def_Flows[Name(EN)],0),20) -> 0 | AJ100: =IF(L100="Yes",AI100*Tab_Data_Flows[[#This Row],[Flow_Py]]*Tab_Data_Flows[[#This Row],[DM_'[%']]],"N.A.") -> 0 | AK100: =Tab_Data_Flows[[#This Row],[UoM_Flow_Py]] -> Mg
B101: =_xlfn.XLOOKUP(C101,Tab_Def_Flows[Name(EN)],Tab_Def_Flows[Flow_ID],,0,) -> F_08_02 | C101: Water-Import | E101: =_xlfn.XLOOKUP(C101,Tab_Def_Flows[Name(EN)],Tab_Def_Flows[Output_Process],,0,) -> Water_Import | F101: =_xlfn.XLOOKUP(C101,Tab_Def_Flows[Name(EN)],Tab_Def_Flows[Process_ID_O],,0,) -> 08_Wat_BB | G101: =_xlfn.XLOOKUP(C101,Tab_Def_Flows[Name(EN)],Tab_Def_Flows[Input_Process],,0,) -> MBC_Production | H101: =_xlfn.XLOOKUP(C101,Tab_Def_Flows[Name(EN)],Tab_Def_Flows[Process_ID_I],,0,) -> 02_MBC_BB | I101: =_xlfn.XLOOKUP(C101,Tab_Def_Flows[Name(EN)],Tab_Def_Flows[Value_Source],,0,) -> 0 | J101: =_xlfn.XLOOKUP(C101,Tab_Def_Flows[Name(EN)],Tab_Def_Flows[WC?],,0,) -> Yes | K101: =_xlfn.XLOOKUP(C101,Tab_Def_Flows[Name(EN)],Tab_Def_Flows[DM?],,0,) -> Yes | L101: =_xlfn.XLOOKUP(C101,Tab_Def_Flows[Name(EN)],Tab_Def_Flows[CC?],,0,) -> Yes | M101: 2034 | O101: =O100*1.02 -> 42900.13 | R101: =INDEX(Tab_WC_DM_CC[[Flow_ID]:[CC_source]],MATCH(Tab_Data_Flows[[#This Row],[Name(EN)]],Tab_WC_DM_CC[Name(EN)],0),12) -> #N/A | S101: =MATCH(Tab_Data_Flows[[#This Row],[Name(EN)]],Tab_WC_DM_CC[Name(EN)],0) -> #N/A | X101: No | Z101: ='3_1_Calculation_factors (Wood)'!$A$14 -> Mittelwert | AA101: =IF(X101="no",O101,O101*Y101) -> 42900.13 | AB101: Mg | AC101: =INDEX(Tab_Def_Flows[[Flow_ID]:[CC_DM_source]],MATCH(Tab_Data_Flows[[#This Row],[Name(EN)]],Tab_Def_Flows[Name(EN)],0),16) -> 1 | AD101: =IF(J101="Yes",AA101*Tab_Data_Flows[[#This Row],[WC_'[%']]],"N.A.") -> 42900.13 | AE101: =Tab_Data_Flows[[#This Row],[UoM_Flow_Py]] -> Mg | AF101: =INDEX(Tab_Def_Flows[[Flow_ID]:[CC_DM_source]],MATCH(Tab_Data_Flows[[#This Row],[Name(EN)]],Tab_Def_Flows[Name(EN)],0),18) -> 0 | AG101: =IF(K101="Yes",AF101*Tab_Data_Flows[[#This Row],[Flow_Py]],"N.A.") -> 0 | AH101: =Tab_Data_Flows[[#This Row],[UoM_Flow_Py]] -> Mg | AI101: =INDEX(Tab_Def_Flows[[Flow_ID]:[CC_DM_source]],MATCH(Tab_Data_Flows[[#This Row],[Name(EN)]],Tab_Def_Flows[Name(EN)],0),20) -> 0 | AJ101: =IF(L101="Yes",AI101*Tab_Data_Flows[[#This Row],[Flow_Py]]*Tab_Data_Flows[[#This Row],[DM_'[%']]],"N.A.") -> 0 | AK101: =Tab_Data_Flows[[#This Row],[UoM_Flow_Py]] -> Mg
B102: =_xlfn.XLOOKUP(C102,Tab_Def_Flows[Name(EN)],Tab_Def_Flows[Flow_ID],,0,) -> F_08_02 | C102: Water-Import | E102: =_xlfn.XLOOKUP(C102,Tab_Def_Flows[Name(EN)],Tab_Def_Flows[Output_Process],,0,) -> Water_Import | F102: =_xlfn.XLOOKUP(C102,Tab_Def_Flows[Name(EN)],Tab_Def_Flows[Process_ID_O],,0,) -> 08_Wat_BB | G102: =_xlfn.XLOOKUP(C102,Tab_Def_Flows[Name(EN)],Tab_Def_Flows[Input_Process],,0,) -> MBC_Production | H102: =_xlfn.XLOOKUP(C102,Tab_Def_Flows[Name(EN)],Tab_Def_Flows[Process_ID_I],,0,) -> 02_MBC_BB | I102: =_xlfn.XLOOKUP(C102,Tab_Def_Flows[Name(EN)],Tab_Def_Flows[Value_Source],,0,) -> 0 | J102: =_xlfn.XLOOKUP(C102,Tab_Def_Flows[Name(EN)],Tab_Def_Flows[WC?],,0,) -> Yes | K102: =_xlfn.XLOOKUP(C102,Tab_Def_Flows[Name(EN)],Tab_Def_Flows[DM?],,0,) -> Yes | L102: =_xlfn.XLOOKUP(C102,Tab_Def_Flows[Name(EN)],Tab_Def_Flows[CC?],,0,) -> Yes | M102: 2035 | O102: =O101*1.02 -> 43758.133 | R102: =INDEX(Tab_WC_DM_CC[[Flow_ID]:[CC_source]],MATCH(Tab_Data_Flows[[#This Row],[Name(EN)]],Tab_WC_DM_CC[Name(EN)],0),12) -> #N/A | S102: =MATCH(Tab_Data_Flows[[#This Row],[Name(EN)]],Tab_WC_DM_CC[Name(EN)],0) -> #N/A | X102: No | Z102: ='3_1_Calculation_factors (Wood)'!$A$14 -> Mittelwert | AA102: =IF(X102="no",O102,O102*Y102) -> 43758.133 | AB102: Mg | AC102: =INDEX(Tab_Def_Flows[[Flow_ID]:[CC_DM_source]],MATCH(Tab_Data_Flows[[#This Row],[Name(EN)]],Tab_Def_Flows[Name(EN)],0),16) -> 1 | AD102: =IF(J102="Yes",AA102*Tab_Data_Flows[[#This Row],[WC_'[%']]],"N.A.") -> 43758.133 | AE102: =Tab_Data_Flows[[#This Row],[UoM_Flow_Py]] -> Mg | AF102: =INDEX(Tab_Def_Flows[[Flow_ID]:[CC_DM_source]],MATCH(Tab_Data_Flows[[#This Row],[Name(EN)]],Tab_Def_Flows[Name(EN)],0),18) -> 0 | AG102: =IF(K102="Yes",AF102*Tab_Data_Flows[[#This Row],[Flow_Py]],"N.A.") -> 0 | AH102: =Tab_Data_Flows[[#This Row],[UoM_Flow_Py]] -> Mg | AI102: =INDEX(Tab_Def_Flows[[Flow_ID]:[CC_DM_source]],MATCH(Tab_Data_Flows[[#This Row],[Name(EN)]],Tab_Def_Flows[Name(EN)],0),20) -> 0 | AJ102: =IF(L102="Yes",AI102*Tab_Data_Flows[[#This Row],[Flow_Py]]*Tab_Data_Flows[[#This Row],[DM_'[%']]],"N.A.") -> 0 | AK102: =Tab_Data_Flows[[#This Row],[UoM_Flow_Py]] -> Mg
B103: =_xlfn.XLOOKUP(C103,Tab_Def_Flows[Name(EN)],Tab_Def_Flows[Flow_ID],,0,) -> F_08_02 | C103: Water-Import | E103: =_xlfn.XLOOKUP(C103,Tab_Def_Flows[Name(EN)],Tab_Def_Flows[Output_Process],,0,) -> Water_Import | F103: =_xlfn.XLOOKUP(C103,Tab_Def_Flows[Name(EN)],Tab_Def_Flows[Process_ID_O],,0,) -> 08_Wat_BB | G103: =_xlfn.XLOOKUP(C103,Tab_Def_Flows[Name(EN)],Tab_Def_Flows[Input_Process],,0,) -> MBC_Production | H103: =_xlfn.XLOOKUP(C103,Tab_Def_Flows[Name(EN)],Tab_Def_Flows[Process_ID_I],,0,) -> 02_MBC_BB | I103: =_xlfn.XLOOKUP(C103,Tab_Def_Flows[Name(EN)],Tab_Def_Flows[Value_Source],,0,) -> 0 | J103: =_xlfn.XLOOKUP(C103,Tab_Def_Flows[Name(EN)],Tab_Def_Flows[WC?],,0,) -> Yes | K103: =_xlfn.XLOOKUP(C103,Tab_Def_Flows[Name(EN)],Tab_Def_Flows[DM?],,0,) -> Yes | L103: =_xlfn.XLOOKUP(C103,Tab_Def_Flows[Name(EN)],Tab_Def_Flows[CC?],,0,) -> Yes | M103: 2036 | O103: =O102*1.02 -> 44633.296 | R103: =INDEX(Tab_WC_DM_CC[[Flow_ID]:[CC_source]],MATCH(Tab_Data_Flows[[#This Row],[Name(EN)]],Tab_WC_DM_CC[Name(EN)],0),12) -> #N/A | S103: =MATCH(Tab_Data_Flows[[#This Row],[Name(EN)]],Tab_WC_DM_CC[Name(EN)],0) -> #N/A | X103: No | Z103: ='3_1_Calculation_factors (Wood)'!$A$14 -> Mittelwert | AA103: =IF(X103="no",O103,O103*Y103) -> 44633.296 | AB103: Mg | AC103: =INDEX(Tab_Def_Flows[[Flow_ID]:[CC_DM_source]],MATCH(Tab_Data_Flows[[#This Row],[Name(EN)]],Tab_Def_Flows[Name(EN)],0),16) -> 1 | AD103: =IF(J103="Yes",AA103*Tab_Data_Flows[[#This Row],[WC_'[%']]],"N.A.") -> 44633.296 | AE103: =Tab_Data_Flows[[#This Row],[UoM_Flow_Py]] -> Mg | AF103: =INDEX(Tab_Def_Flows[[Flow_ID]:[CC_DM_source]],MATCH(Tab_Data_Flows[[#This Row],[Name(EN)]],Tab_Def_Flows[Name(EN)],0),18) -> 0 | AG103: =IF(K103="Yes",AF103*Tab_Data_Flows[[#This Row],[Flow_Py]],"N.A.") -> 0 | AH103: =Tab_Data_Flows[[#This Row],[UoM_Flow_Py]] -> Mg | AI103: =INDEX(Tab_Def_Flows[[Flow_ID]:[CC_DM_source]],MATCH(Tab_Data_Flows[[#This Row],[Name(EN)]],Tab_Def_Flows[Name(EN)],0),20) -> 0 | AJ103: =IF(L103="Yes",AI103*Tab_Data_Flows[[#This Row],[Flow_Py]]*Tab_Data_Flows[[#This Row],[DM_'[%']]],"N.A.") -> 0 | AK103: =Tab_Data_Flows[[#This Row],[UoM_Flow_Py]] -> Mg
B104: =_xlfn.XLOOKUP(C104,Tab_Def_Flows[Name(EN)],Tab_Def_Flows[Flow_ID],,0,) -> F_08_02 | C104: Water-Import | E104: =_xlfn.XLOOKUP(C104,Tab_Def_Flows[Name(EN)],Tab_Def_Flows[Output_Process],,0,) -> Water_Import | F104: =_xlfn.XLOOKUP(C104,Tab_Def_Flows[Name(EN)],Tab_Def_Flows[Process_ID_O],,0,) -> 08_Wat_BB | G104: =_xlfn.XLOOKUP(C104,Tab_Def_Flows[Name(EN)],Tab_Def_Flows[Input_Process],,0,) -> MBC_Production | H104: =_xlfn.XLOOKUP(C104,Tab_Def_Flows[Name(EN)],Tab_Def_Flows[Process_ID_I],,0,) -> 02_MBC_BB | I104: =_xlfn.XLOOKUP(C104,Tab_Def_Flows[Name(EN)],Tab_Def_Flows[Value_Source],,0,) -> 0 | J104: =_xlfn.XLOOKUP(C104,Tab_Def_Flows[Name(EN)],Tab_Def_Flows[WC?],,0,) -> Yes | K104: =_xlfn.XLOOKUP(C104,Tab_Def_Flows[Name(EN)],Tab_Def_Flows[DM?],,0,) -> Yes | L104: =_xlfn.XLOOKUP(C104,Tab_Def_Flows[Name(EN)],Tab_Def_Flows[CC?],,0,) -> Yes | M104: 2037 | O104: =O103*1.02 -> 45525.961 | R104: =INDEX(Tab_WC_DM_CC[[Flow_ID]:[CC_source]],MATCH(Tab_Data_Flows[[#This Row],[Name(EN)]],Tab_WC_DM_CC[Name(EN)],0),12) -> #N/A | S104: =MATCH(Tab_Data_Flows[[#This Row],[Name(EN)]],Tab_WC_DM_CC[Name(EN)],0) -> #N/A | X104: No | Z104: ='3_1_Calculation_factors (Wood)'!$A$14 -> Mittelwert | AA104: =IF(X104="no",O104,O104*Y104) -> 45525.961 | AB104: Mg | AC104: =INDEX(Tab_Def_Flows[[Flow_ID]:[CC_DM_source]],MATCH(Tab_Data_Flows[[#This Row],[Name(EN)]],Tab_Def_Flows[Name(EN)],0),16) -> 1 | AD104: =IF(J104="Yes",AA104*Tab_Data_Flows[[#This Row],[WC_'[%']]],"N.A.") -> 45525.961 | AE104: =Tab_Data_Flows[[#This Row],[UoM_Flow_Py]] -> Mg | AF104: =INDEX(Tab_Def_Flows[[Flow_ID]:[CC_DM_source]],MATCH(Tab_Data_Flows[[#This Row],[Name(EN)]],Tab_Def_Flows[Name(EN)],0),18) -> 0 | AG104: =IF(K104="Yes",AF104*Tab_Data_Flows[[#This Row],[Flow_Py]],"N.A.") -> 0 | AH104: =Tab_Data_Flows[[#This Row],[UoM_Flow_Py]] -> Mg | AI104: =INDEX(Tab_Def_Flows[[Flow_ID]:[CC_DM_source]],MATCH(Tab_Data_Flows[[#This Row],[Name(EN)]],Tab_Def_Flows[Name(EN)],0),20) -> 0 | AJ104: =IF(L104="Yes",AI104*Tab_Data_Flows[[#This Row],[Flow_Py]]*Tab_Data_Flows[[#This Row],[DM_'[%']]],"N.A.") -> 0 | AK104: =Tab_Data_Flows[[#This Row],[UoM_Flow_Py]] -> Mg
B105: =_xlfn.XLOOKUP(C105,Tab_Def_Flows[Name(EN)],Tab_Def_Flows[Flow_ID],,0,) -> F_08_02 | C105: Water-Import | E105: =_xlfn.XLOOKUP(C105,Tab_Def_Flows[Name(EN)],Tab_Def_Flows[Output_Process],,0,) -> Water_Import | F105: =_xlfn.XLOOKUP(C105,Tab_Def_Flows[Name(EN)],Tab_Def_Flows[Process_ID_O],,0,) -> 08_Wat_BB | G105: =_xlfn.XLOOKUP(C105,Tab_Def_Flows[Name(EN)],Tab_Def_Flows[Input_Process],,0,) -> MBC_Production | H105: =_xlfn.XLOOKUP(C105,Tab_Def_Flows[Name(EN)],Tab_Def_Flows[Process_ID_I],,0,) -> 02_MBC_BB | I105: =_xlfn.XLOOKUP(C105,Tab_Def_Flows[Name(EN)],Tab_Def_Flows[Value_Source],,0,) -> 0 | J105: =_xlfn.XLOOKUP(C105,Tab_Def_Flows[Name(EN)],Tab_Def_Flows[WC?],,0,) -> Yes | K105: =_xlfn.XLOOKUP(C105,Tab_Def_Flows[Name(EN)],Tab_Def_Flows[DM?],,0,) -> Yes | L105: =_xlfn.XLOOKUP(C105,Tab_Def_Flows[Name(EN)],Tab_Def_Flows[CC?],,0,) -> Yes | M105: 2038 | O105: =O104*1.02 -> 46436.481 | R105: =INDEX(Tab_WC_DM_CC[[Flow_ID]:[CC_source]],MATCH(Tab_Data_Flows[[#This Row],[Name(EN)]],Tab_WC_DM_CC[Name(EN)],0),12) -> #N/A | S105: =MATCH(Tab_Data_Flows[[#This Row],[Name(EN)]],Tab_WC_DM_CC[Name(EN)],0) -> #N/A | X105: No | Z105: ='3_1_Calculation_factors (Wood)'!$A$14 -> Mittelwert | AA105: =IF(X105="no",O105,O105*Y105) -> 46436.481 | AB105: Mg | AC105: =INDEX(Tab_Def_Flows[[Flow_ID]:[CC_DM_source]],MATCH(Tab_Data_Flows[[#This Row],[Name(EN)]],Tab_Def_Flows[Name(EN)],0),16) -> 1 | AD105: =IF(J105="Yes",AA105*Tab_Data_Flows[[#This Row],[WC_'[%']]],"N.A.") -> 46436.481 | AE105: =Tab_Data_Flows[[#This Row],[UoM_Flow_Py]] -> Mg | AF105: =INDEX(Tab_Def_Flows[[Flow_ID]:[CC_DM_source]],MATCH(Tab_Data_Flows[[#This Row],[Name(EN)]],Tab_Def_Flows[Name(EN)],0),18) -> 0 | AG105: =IF(K105="Yes",AF105*Tab_Data_Flows[[#This Row],[Flow_Py]],"N.A.") -> 0 | AH105: =Tab_Data_Flows[[#This Row],[UoM_Flow_Py]] -> Mg | AI105: =INDEX(Tab_Def_Flows[[Flow_ID]:[CC_DM_source]],MATCH(Tab_Data_Flows[[#This Row],[Name(EN)]],Tab_Def_Flows[Name(EN)],0),20) -> 0 | AJ105: =IF(L105="Yes",AI105*Tab_Data_Flows[[#This Row],[Flow_Py]]*Tab_Data_Flows[[#This Row],[DM_'[%']]],"N.A.") -> 0 | AK105: =Tab_Data_Flows[[#This Row],[UoM_Flow_Py]] -> Mg
