Workbook
Name Baumart_: '3_1_Calculation_factors (Wood)'!#REF!
Name Baumart_: #REF!
Name Cluster_: '3_1_Calculation_factors (Wood)'!#REF!
Name Cluster_: #REF!
Name einheit: '3_1_Calculation_factors (Wood)'!#REF!
Name einheit: #REF!
Name Erhebungsart_: '3_1_Calculation_factors (Wood)'!#REF!
Name Erhebungsart_: #REF!
Name Herkunft_: '3_1_Calculation_factors (Wood)'!#REF!
Name Herkunft_: #REF!
Name Holzstrom_: '3_1_Calculation_factors (Wood)'!#REF!
Name Holzstrom_: #REF!
Name In_Out_: '3_1_Calculation_factors (Wood)'!#REF!
Name In_Out_: #REF!
Name Inhaltsverzeichnis: "MTRANS(ERSETZEN(Inhalt;1;FINDEN(""]"";Inhalt);""))"
Name Klassifizierung: '3_1_Calculation_factors (Wood)'!#REF!
Name Klassifizierung: #REF!
Name Ort_: '3_1_Calculation_factors (Wood)'!#REF!
Name Ort_: #REF!
Name Tab_Process_TCs_dyn: Tab_Process_TCs2527[]
Name Tab_Process_TCs_dyn: #REF!
Name Ziel_: '3_1_Calculation_factors (Wood)'!#REF!
Name Ziel_: #REF!

Sheet Intro
B2: Title:
B4: Der angehängte Datensatz beinhalten Informationen über Materialflüsse, Prozesse sowie Lager in der Region Brandenburg. Der Datensatz bezieht sich dabei auf verschiedene Quellen und Dokumente.
B6: Definition der Systemgrenzen: | T6: {=_xlfn.SEQUENCE(I7-H7+1,1,H7,1)} -> 2025
C7: Beobachtungszeitraum: | F7: 2010 - 2020 | H7: 2025 | I7: 2050 | T7: 2026
C8: Beobachtungsgebiet: | F8: Berlin | T8: 2027
F9: Brandenburg | T9: 2028
T10: 2029
T11: 2030
B12: Für die Anfertigung der Materialflussanalyse werden die folgenden Daten benötigt. Die Daten werden in seperaten Tabellenblättern dargestellt. Für jeden Datensatz werden spezifische Anforderungen definiert. Diese lassen sich einem Systemübergreifenden Fließbild zuordnen. Dieses Fließbild beinhaltet die relevanten Flüsse, Prozesse und Lager. | T12: 2031
T13: 2032
T14: 2033
B15: Prozesse bilden die Grundlage für das System. Prozesse können Transferkoefizienten und Lager beinhalten. Prozesse haben einen oder mehrere Flüsse als Input sowie einen oder mehrere Flüsse als Output. | T15: 2034
T16: 2035
T17: 2036
T18: 2037
T19: 2038
T20: 2039
T21: 2040
B22: Flüsse: | T22: 2041
T23: 2042
C24: Flüsse müssen in Mg umgerechnet werden | T24: 2043
T25: 2044
T26: 2045
T27: 2046
T28: 2047
T29: 2048
T30: 2049
T31: 2050
B33: Prozesse:
B34: Lager
B35: Transferkoeffizienten
B36: Umrechnungsfaktoren:
B37: Codelisten:
B40: Autoren: | C40: Johannes Roland Scholz
C41: Lukas Hoppe

Sheet Version_CS1_16.06.

Sheet 1_Flows>>>>

Sheet 1_1_Definition_Flows
A1: Complete? | B1: ID | C1: Flow_ID | D1: Name(EN) | E1: Region | F1: Type_Biomass | G1: Comment | H1: Output_Process | I1: Process_ID_O | J1: Input_Process | K1: Process_ID_I | L1: Value_Source | M1: WC? | N1: DM? | O1: CC? | P1: WC | Q1: WC_source | R1: DM | S1: DM_source | T1: CC_DM[%] | U1: CC_DM_source | V1: CC | W1: CC_FM_source
A2: TRUE | B2: 0 | C2: ="F_"&LEFT(I2,2)&"_"&LEFT(K2,2) -> F_00_01 | D2: Wood | H2: Biosphere | I2: =_xlfn.XLOOKUP(H2,Tab_Def_Processes[Name(EN)],Tab_Def_Processes[Process_ID],,0,) -> 00_Bio_ | J2: Raw Material Extraction | K2: =_xlfn.XLOOKUP(J2,Tab_Def_Processes[Name(EN)],Tab_Def_Processes[Process_ID],,0,) -> 01_Raw_ | M2: Yes | N2: Yes | O2: Yes | P2: 0 | Q2: Assumption | R2: 1 | S2: Assumption | T2: 0.5 | U2: Assumption | V2: =Tab_Def_Flows[[#This Row],[CC_DM'[%']]]*Tab_Def_Flows[[#This Row],[DM]] -> 0.5 | W2: Caclualtion
A3: TRUE | B3: 1 | C3: ="F_"&LEFT(I3,2)&"_"&LEFT(K3,2) -> F_01_02 | D3: Logs | H3: Raw Material Extraction | I3: =_xlfn.XLOOKUP(H3,Tab_Def_Processes[Name(EN)],Tab_Def_Processes[Process_ID],,0,) -> 01_Raw_ | J3: Processing | K3: =_xlfn.XLOOKUP(J3,Tab_Def_Processes[Name(EN)],Tab_Def_Processes[Process_ID],,0,) -> 02_Pro_ | M3: Yes | N3: Yes | O3: Yes | P3: 0 | Q3: Assumption | R3: 1 | S3: Assumption | T3: 0.5 | U3: Assumption | V3: =Tab_Def_Flows[[#This Row],[CC_DM'[%']]]*Tab_Def_Flows[[#This Row],[DM]] -> 0.5 | W3: Caclualtion
A4: TRUE | B4: 2 | C4: ="F_"&LEFT(I4,2)&"_"&LEFT(K4,2) -> F_01_00 | D4: Forestry Resiudes | H4: Raw Material Extraction | I4: =_xlfn.XLOOKUP(H4,Tab_Def_Processes[Name(EN)],Tab_Def_Processes[Process_ID],,0,) -> 01_Raw_ | J4: Biosphere | K4: =_xlfn.XLOOKUP(J4,Tab_Def_Processes[Name(EN)],Tab_Def_Processes[Process_ID],,0,) -> 00_Bio_ | M4: Yes | N4: Yes | O4: Yes | P4: 0 | Q4: Assumption | R4: 1 | S4: Assumption | T4: 0.5 | U4: Assumption | V4: 0.5 | W4: Caclualtion
A5: TRUE | B5: 3 | C5: ="F_"&LEFT(I5,2)&"_"&LEFT(K5,2) -> F_02_03 | D5: Timber Truss | H5: Processing | I5: =_xlfn.XLOOKUP(H5,Tab_Def_Processes[Name(EN)],Tab_Def_Processes[Process_ID],,0,) -> 02_Pro_ | J5: Use | K5: =_xlfn.XLOOKUP(J5,Tab_Def_Processes[Name(EN)],Tab_Def_Processes[Process_ID],,0,) -> 03_Use_ | M5: Yes | N5: Yes | O5: Yes | P5: 0 | Q5: Assumption | R5: 1 | S5: Assumption | T5: 0.5 | U5: Assumption | V5: =Tab_Def_Flows[[#This Row],[CC_DM'[%']]]*Tab_Def_Flows[[#This Row],[DM]] -> 0.5 | W5: Caclualtion
A6: TRUE | B6: 4 | C6: ="F_"&LEFT(I6,2)&"_"&LEFT(K6,2) -> F_03_04 | D6: Wood Beam for Reuse | H6: Use | I6: =_xlfn.XLOOKUP(H6,Tab_Def_Processes[Name(EN)],Tab_Def_Processes[Process_ID],,0,) -> 03_Use_ | J6: Refurbishment | K6: =_xlfn.XLOOKUP(J6,Tab_Def_Processes[Name(EN)],Tab_Def_Processes[Process_ID],,0,) -> 04_Ref_ | M6: Yes | N6: Yes | O6: Yes | P6: 0 | Q6: Assumption | R6: 1 | S6: Assumption | T6: 0.5 | U6: Assumption | V6: =Tab_Def_Flows[[#This Row],[CC_DM'[%']]]*Tab_Def_Flows[[#This Row],[DM]] -> 0.5 | W6: Caclualtion
A7: TRUE | B7: 5 | C7: ="F_"&LEFT(I7,2)&"_"&LEFT(K7,2) -> F_04_03 | D7: Refurbished wood | H7: Refurbishment | I7: =_xlfn.XLOOKUP(H7,Tab_Def_Processes[Name(EN)],Tab_Def_Processes[Process_ID],,0,) -> 04_Ref_ | J7: Use | K7: =_xlfn.XLOOKUP(J7,Tab_Def_Processes[Name(EN)],Tab_Def_Processes[Process_ID],,0,) -> 03_Use_ | M7: Yes | N7: Yes | O7: Yes | P7: 0 | Q7: Assumption | R7: 1 | S7: Assumption | T7: 0.5 | U7: Assumption | V7: =Tab_Def_Flows[[#This Row],[CC_DM'[%']]]*Tab_Def_Flows[[#This Row],[DM]] -> 0.5 | W7: Caclualtion
A8: TRUE | B8: 6 | C8: ="F_"&LEFT(I8,2)&"_"&LEFT(K8,2) -> F_03_05 | D8: Waste Wood | H8: Use | I8: =_xlfn.XLOOKUP(H8,Tab_Def_Processes[Name(EN)],Tab_Def_Processes[Process_ID],,0,) -> 03_Use_ | J8: Degredation | K8: =_xlfn.XLOOKUP(J8,Tab_Def_Processes[Name(EN)],Tab_Def_Processes[Process_ID],,0,) -> 05_Deg_ | M8: Yes | N8: Yes | O8: Yes | P8: 0 | Q8: Assumption | R8: 1 | S8: Assumption | T8: 0.5 | U8: Assumption | V8: =Tab_Def_Flows[[#This Row],[CC_DM'[%']]]*Tab_Def_Flows[[#This Row],[DM]] -> 0.5 | W8: Caclualtion
A9: TRUE | B9: 7 | C9: ="F_"&LEFT(I9,2)&"_"&LEFT(K9,2) -> F_03_06 | D9: Timber Truss | H9: Use | I9: =_xlfn.XLOOKUP(H9,Tab_Def_Processes[Name(EN)],Tab_Def_Processes[Process_ID],,0,) -> 03_Use_ | J9: Incineration | K9: =_xlfn.XLOOKUP(J9,Tab_Def_Processes[Name(EN)],Tab_Def_Processes[Process_ID],,0,) -> 06_Inc_ | M9: Yes | N9: Yes | O9: Yes | P9: 0 | Q9: Assumption | R9: 1 | S9: Assumption | T9: 0.5 | U9: Assumption | V9: =Tab_Def_Flows[[#This Row],[CC_DM'[%']]]*Tab_Def_Flows[[#This Row],[DM]] -> 0.5 | W9: Caclualtion
A10: TRUE | B10: 8 | C10: ="F_"&LEFT(I10,2)&"_"&LEFT(K10,2) -> F_05_07 | D10: Deg_Atm_Carbon | H10: Degredation | I10: =_xlfn.XLOOKUP(H10,Tab_Def_Processes[Name(EN)],Tab_Def_Processes[Process_ID],,0,) -> 05_Deg_ | J10: Atmosphere | K10: =_xlfn.XLOOKUP(J10,Tab_Def_Processes[Name(EN)],Tab_Def_Processes[Process_ID],,0,) -> 07_Atm_ | M10: Yes | N10: Yes | O10: Yes | P10: 0 | Q10: Assumption | R10: 1 | S10: Assumption | T10: 0.5 | U10: Assumption | V10: =Tab_Def_Flows[[#This Row],[CC_DM'[%']]]*Tab_Def_Flows[[#This Row],[DM]] -> 0.5 | W10: Caclualtion
A11: TRUE | B11: 9 | C11: ="F_"&LEFT(I11,2)&"_"&LEFT(K11,2) -> F_05_00 | D11: Deg_Bio | H11: Degredation | I11: =_xlfn.XLOOKUP(H11,Tab_Def_Processes[Name(EN)],Tab_Def_Processes[Process_ID],,0,) -> 05_Deg_ | J11: Biosphere | K11: =_xlfn.XLOOKUP(J11,Tab_Def_Processes[Name(EN)],Tab_Def_Processes[Process_ID],,0,) -> 00_Bio_ | M11: Yes | N11: Yes | O11: Yes | P11: 0 | Q11: Assumption | R11: 1 | S11: Assumption | T11: 0.5 | U11: Assumption | V11: =Tab_Def_Flows[[#This Row],[CC_DM'[%']]]*Tab_Def_Flows[[#This Row],[DM]] -> 0.5 | W11: Caclualtion
A12: TRUE | B12: 10 | C12: ="F_"&LEFT(I12,2)&"_"&LEFT(K12,2) -> F_06_07 | D12: Inc_Carbon_Atm | H12: Incineration | I12: =_xlfn.XLOOKUP(H12,Tab_Def_Processes[Name(EN)],Tab_Def_Processes[Process_ID],,0,) -> 06_Inc_ | J12: Atmosphere | K12: =_xlfn.XLOOKUP(J12,Tab_Def_Processes[Name(EN)],Tab_Def_Processes[Process_ID],,0,) -> 07_Atm_ | M12: Yes | N12: Yes | O12: Yes | P12: 0 | Q12: Assumption | R12: 1 | S12: Assumption | T12: 0.5 | U12: Assumption | V12: =Tab_Def_Flows[[#This Row],[CC_DM'[%']]]*Tab_Def_Flows[[#This Row],[DM]] -> 0.5 | W12: Caclualtion
A13: TRUE | B13: 11 | C13: ="F_"&LEFT(I13,2)&"_"&LEFT(K13,2) -> F_06_08 | D13: Inc_Ash_Ant | H13: Incineration | I13: =_xlfn.XLOOKUP(H13,Tab_Def_Processes[Name(EN)],Tab_Def_Processes[Process_ID],,0,) -> 06_Inc_ | J13: Anthroposphere | K13: =_xlfn.XLOOKUP(J13,Tab_Def_Processes[Name(EN)],Tab_Def_Processes[Process_ID],,0,) -> 08_Ant_ | M13: Yes | N13: Yes | O13: Yes | P13: 0 | Q13: Assumption | R13: 1 | S13: Assumption | T13: 0.5 | U13: Assumption | V13: =Tab_Def_Flows[[#This Row],[CC_DM'[%']]]*Tab_Def_Flows[[#This Row],[DM]] -> 0.5 | W13: Caclualtion
A14: TRUE | B14: 12 | C14: ="F_"&LEFT(I14,2)&"_"&LEFT(K14,2) -> F_02_08 | D14: Proc_Wood Cuttings | H14: Processing | I14: =_xlfn.XLOOKUP(H14,Tab_Def_Processes[Name(EN)],Tab_Def_Processes[Process_ID],,0,) -> 02_Pro_ | J14: Anthroposphere | K14: =_xlfn.XLOOKUP(J14,Tab_Def_Processes[Name(EN)],Tab_Def_Processes[Process_ID],,0,) -> 08_Ant_ | M14: Yes | N14: Yes | O14: Yes | P14: 0 | Q14: Assumption | R14: 1 | S14: Assumption | T14: 0.5 | U14: Assumption | V14: =Tab_Def_Flows[[#This Row],[CC_DM'[%']]]*Tab_Def_Flows[[#This Row],[DM]] -> 0.5 | W14: Caclualtion
A15: TRUE | B15: 13 | C15: ="F_"&LEFT(I15,2)&"_"&LEFT(K15,2) -> F_04_08 | D15: SecMaterial | H15: Refurbishment | I15: =_xlfn.XLOOKUP(H15,Tab_Def_Processes[Name(EN)],Tab_Def_Processes[Process_ID],,0,) -> 04_Ref_ | J15: Anthroposphere | K15: =_xlfn.XLOOKUP(J15,Tab_Def_Processes[Name(EN)],Tab_Def_Processes[Process_ID],,0,) -> 08_Ant_ | M15: Yes | N15: Yes | O15: Yes | P15: 0 | Q15: Assumption | R15: 1 | S15: Assumption | T15: 0.5 | U15: Assumption | V15: =Tab_Def_Flows[[#This Row],[CC_DM'[%']]]*Tab_Def_Flows[[#This Row],[DM]] -> 0.5 | W15: Caclualtion
A16: TRUE | B16: 14 | C16: ="F_"&LEFT(I16,2)&"_"&LEFT(K16,2) -> F_07_00 | D16: Atm_Bio | H16: Atmosphere | I16: =_xlfn.XLOOKUP(H16,Tab_Def_Processes[Name(EN)],Tab_Def_Processes[Process_ID],,0,) -> 07_Atm_ | J16: Biosphere | K16: =_xlfn.XLOOKUP(J16,Tab_Def_Processes[Name(EN)],Tab_Def_Processes[Process_ID],,0,) -> 00_Bio_ | M16: Yes | N16: Yes | O16: Yes | P16: 0 | Q16: Assumption | R16: 1 | S16: Assumption | T16: 0.5 | U16: Assumption | V16: =Tab_Def_Flows[[#This Row],[CC_DM'[%']]]*Tab_Def_Flows[[#This Row],[DM]] -> 0.5 | W16: Caclualtion

Sheet 1_2_Data_Flows
A1: ID | B1: Flow_ID | C1: Name(EN) | D1: Type_Biomass | E1: Output_Process | F1: Process_ID_O | G1: Input_Process | H1: Process_ID_I | I1: TC? | J1: WC? | K1: DM? | L1: CC? | M1: Year_Flow | N1: Region_Flow | O1: Flow_Source | P1: UoM_Source | Q1: Name_Source | R1: AVV | S1: Titel_Source | T1: Year_Source | U1: Author_Source | V1: Type_Source | W1: URL | X1: CF_required? | Y1: CF | Z1: Name_CF | AA1: Flow_Py | AB1: UoM_Flow_Py | AC1: WC_[%] | AD1: WC_Flow_Py | AE1: UoM_WC_Flow_Py | AF1: DM_[%] | AG1: DM_Flow_Py2 | AH1: UoM_DM_Flow_Py | AI1: CC_[%] | AJ1: CC_Flow_Py | AK1: UoM_CC_Flow_Py
A2: =ROW()-1 -> 1 | B2: =_xlfn.XLOOKUP(C2,Tab_Def_Flows[Name(EN)],Tab_Def_Flows[Flow_ID],,0,) -> F_00_01 | C2: Wood | D2: =_xlfn.XLOOKUP(C2,Tab_Def_Flows[Name(EN)],Tab_Def_Flows[Type_Biomass],,0,) -> 0 | E2: =_xlfn.XLOOKUP(C2,Tab_Def_Flows[Name(EN)],Tab_Def_Flows[Output_Process],,0,) -> Biosphere | F2: =_xlfn.XLOOKUP(C2,Tab_Def_Flows[Name(EN)],Tab_Def_Flows[Process_ID_O],,0,) -> 00_Bio_ | G2: =_xlfn.XLOOKUP(C2,Tab_Def_Flows[Name(EN)],Tab_Def_Flows[Input_Process],,0,) -> Raw Material Extraction | H2: =_xlfn.XLOOKUP(C2,Tab_Def_Flows[Name(EN)],Tab_Def_Flows[Process_ID_I],,0,) -> 01_Raw_ | I2: =_xlfn.XLOOKUP(C2,Tab_Def_Flows[Name(EN)],Tab_Def_Flows[Value_Source],,0,) -> 0 | J2: =_xlfn.XLOOKUP(C2,Tab_Def_Flows[Name(EN)],Tab_Def_Flows[WC?],,0,) -> Yes | K2: =_xlfn.XLOOKUP(C2,Tab_Def_Flows[Name(EN)],Tab_Def_Flows[DM?],,0,) -> Yes | L2: =_xlfn.XLOOKUP(C2,Tab_Def_Flows[Name(EN)],Tab_Def_Flows[CC?],,0,) -> Yes | M2: 1920 | N2: BB | O2: 1857.6 | P2: Mg | Q2: Stramento | X2: No | AA2: =IF(X2="no",O2,O2*Y2) -> 1857.6 | AB2: Mg | AC2: =INDEX(Tab_Def_Flows[[Flow_ID]:[CC_DM_source]],MATCH(Tab_Data_Flows[[#This Row],[Name(EN)]],Tab_Def_Flows[Name(EN)],0),14) -> 0 | AD2: =IF(J2="Yes",AA2*Tab_Data_Flows[[#This Row],[WC_'[%']]],"N.A.") -> 0 | AE2: =Tab_Data_Flows[[#This Row],[UoM_Flow_Py]] -> Mg | AF2: =INDEX(Tab_Def_Flows[[Flow_ID]:[CC_DM_source]],MATCH(Tab_Data_Flows[[#This Row],[Name(EN)]],Tab_Def_Flows[Name(EN)],0),16) -> 1 | AG2: =IF(K2="Yes",AF2*Tab_Data_Flows[[#This Row],[Flow_Py]],"N.A.") -> 1857.6 | AH2: =Tab_Data_Flows[[#This Row],[UoM_Flow_Py]] -> Mg | AI2: =INDEX(Tab_Def_Flows[[Flow_ID]:[CC_DM_source]],MATCH(Tab_Data_Flows[[#This Row],[Name(EN)]],Tab_Def_Flows[Name(EN)],0),18) -> 0.5 | AJ2: =IF(L2="Yes",AI2*Tab_Data_Flows[[#This Row],[Flow_Py]]*Tab_Data_Flows[[#This Row],[DM_'[%']]],"N.A.") -> 928.8 | AK2: =Tab_Data_Flows[[#This Row],[UoM_Flow_Py]] -> Mg
A3: =ROW()-1 -> 2 | B3: =_xlfn.XLOOKUP(C3,Tab_Def_Flows[Name(EN)],Tab_Def_Flows[Flow_ID],,0,) -> F_00_01 | C3: Wood | D3: =_xlfn.XLOOKUP(C3,Tab_Def_Flows[Name(EN)],Tab_Def_Flows[Type_Biomass],,0,) -> 0 | E3: =_xlfn.XLOOKUP(C3,Tab_Def_Flows[Name(EN)],Tab_Def_Flows[Output_Process],,0,) -> Biosphere | F3: =_xlfn.XLOOKUP(C3,Tab_Def_Flows[Name(EN)],Tab_Def_Flows[Process_ID_O],,0,) -> 00_Bio_ | G3: =_xlfn.XLOOKUP(C3,Tab_Def_Flows[Name(EN)],Tab_Def_Flows[Input_Process],,0,) -> Raw Material Extraction | H3: =_xlfn.XLOOKUP(C3,Tab_Def_Flows[Name(EN)],Tab_Def_Flows[Process_ID_I],,0,) -> 01_Raw_ | I3: =_xlfn.XLOOKUP(C3,Tab_Def_Flows[Name(EN)],Tab_Def_Flows[Value_Source],,0,) -> 0 | J3: =_xlfn.XLOOKUP(C3,Tab_Def_Flows[Name(EN)],Tab_Def_Flows[WC?],,0,) -> Yes | K3: =_xlfn.XLOOKUP(C3,Tab_Def_Flows[Name(EN)],Tab_Def_Flows[DM?],,0,) -> Yes | L3: =_xlfn.XLOOKUP(C3,Tab_Def_Flows[Name(EN)],Tab_Def_Flows[CC?],,0,) -> Yes | M3: 1921 | O3: 173.6 | P3: Mg | Q3: Stramento | X3: No | AA3: =IF(X3="no",O3,O3*Y3) -> 173.6 | AB3: Mg | AC3: =INDEX(Tab_Def_Flows[[Flow_ID]:[CC_DM_source]],MATCH(Tab_Data_Flows[[#This Row],[Name(EN)]],Tab_Def_Flows[Name(EN)],0),14) -> 0 | AD3: =IF(J3="Yes",AA3*Tab_Data_Flows[[#This Row],[WC_'[%']]],"N.A.") -> 0 | AE3: =Tab_Data_Flows[[#This Row],[UoM_Flow_Py]] -> Mg | AF3: =INDEX(Tab_Def_Flows[[Flow_ID]:[CC_DM_source]],MATCH(Tab_Data_Flows[[#This Row],[Name(EN)]],Tab_Def_Flows[Name(EN)],0),16) -> 1 | AG3: =IF(K3="Yes",AF3*Tab_Data_Flows[[#This Row],[Flow_Py]],"N.A.") -> 173.6 | AH3: =Tab_Data_Flows[[#This Row],[UoM_Flow_Py]] -> Mg | AI3: =INDEX(Tab_Def_Flows[[Flow_ID]:[CC_DM_source]],MATCH(Tab_Data_Flows[[#This Row],[Name(EN)]],Tab_Def_Flows[Name(EN)],0),18) -> 0.5 | AJ3: =IF(L3="Yes",AI3*Tab_Data_Flows[[#This Row],[Flow_Py]]*Tab_Data_Flows[[#This Row],[DM_'[%']]],"N.A.") -> 86.8 | AK3: =Tab_Data_Flows[[#This Row],[UoM_Flow_Py]] -> Mg
A4: =ROW()-1 -> 3 | B4: =_xlfn.XLOOKUP(C4,Tab_Def_Flows[Name(EN)],Tab_Def_Flows[Flow_ID],,0,) -> F_00_01 | C4: Wood | D4: =_xlfn.XLOOKUP(C4,Tab_Def_Flows[Name(EN)],Tab_Def_Flows[Type_Biomass],,0,) -> 0 | E4: =_xlfn.XLOOKUP(C4,Tab_Def_Flows[Name(EN)],Tab_Def_Flows[Output_Process],,0,) -> Biosphere | F4: =_xlfn.XLOOKUP(C4,Tab_Def_Flows[Name(EN)],Tab_Def_Flows[Process_ID_O],,0,) -> 00_Bio_ | G4: =_xlfn.XLOOKUP(C4,Tab_Def_Flows[Name(EN)],Tab_Def_Flows[Input_Process],,0,) -> Raw Material Extraction | H4: =_xlfn.XLOOKUP(C4,Tab_Def_Flows[Name(EN)],Tab_Def_Flows[Process_ID_I],,0,) -> 01_Raw_ | I4: =_xlfn.XLOOKUP(C4,Tab_Def_Flows[Name(EN)],Tab_Def_Flows[Value_Source],,0,) -> 0 | J4: =_xlfn.XLOOKUP(C4,Tab_Def_Flows[Name(EN)],Tab_Def_Flows[WC?],,0,) -> Yes | K4: =_xlfn.XLOOKUP(C4,Tab_Def_Flows[Name(EN)],Tab_Def_Flows[DM?],,0,) -> Yes | L4: =_xlfn.XLOOKUP(C4,Tab_Def_Flows[Name(EN)],Tab_Def_Flows[CC?],,0,) -> Yes | M4: 1922 | O4: 186.4 | P4: Mg | Q4: Stramento | X4: No | AA4: =IF(X4="no",O4,O4*Y4) -> 186.4 | AB4: Mg | AC4: =INDEX(Tab_Def_Flows[[Flow_ID]:[CC_DM_source]],MATCH(Tab_Data_Flows[[#This Row],[Name(EN)]],Tab_Def_Flows[Name(EN)],0),14) -> 0 | AD4: =IF(J4="Yes",AA4*Tab_Data_Flows[[#This Row],[WC_'[%']]],"N.A.") -> 0 | AE4: =Tab_Data_Flows[[#This Row],[UoM_Flow_Py]] -> Mg | AF4: =INDEX(Tab_Def_Flows[[Flow_ID]:[CC_DM_source]],MATCH(Tab_Data_Flows[[#This Row],[Name(EN)]],Tab_Def_Flows[Name(EN)],0),16) -> 1 | AG4: =IF(K4="Yes",AF4*Tab_Data_Flows[[#This Row],[Flow_Py]],"N.A.") -> 186.4 | AH4: =Tab_Data_Flows[[#This Row],[UoM_Flow_Py]] -> Mg | AI4: =INDEX(Tab_Def_Flows[[Flow_ID]:[CC_DM_source]],MATCH(Tab_Data_Flows[[#This Row],[Name(EN)]],Tab_Def_Flows[Name(EN)],0),18) -> 0.5 | AJ4: =IF(L4="Yes",AI4*Tab_Data_Flows[[#This Row],[Flow_Py]]*Tab_Data_Flows[[#This Row],[DM_'[%']]],"N.A.") -> 93.2 | AK4: =Tab_Data_Flows[[#This Row],[UoM_Flow_Py]] -> Mg
A5: =ROW()-1 -> 4 | B5: =_xlfn.XLOOKUP(C5,Tab_Def_Flows[Name(EN)],Tab_Def_Flows[Flow_ID],,0,) -> F_00_01 | C5: Wood | D5: =_xlfn.XLOOKUP(C5,Tab_Def_Flows[Name(EN)],Tab_Def_Flows[Type_Biomass],,0,) -> 0 | E5: =_xlfn.XLOOKUP(C5,Tab_Def_Flows[Name(EN)],Tab_Def_Flows[Output_Process],,0,) -> Biosphere | F5: =_xlfn.XLOOKUP(C5,Tab_Def_Flows[Name(EN)],Tab_Def_Flows[Process_ID_O],,0,) -> 00_Bio_ | G5: =_xlfn.XLOOKUP(C5,Tab_Def_Flows[Name(EN)],Tab_Def_Flows[Input_Process],,0,) -> Raw Material Extraction | H5: =_xlfn.XLOOKUP(C5,Tab_Def_Flows[Name(EN)],Tab_Def_Flows[Process_ID_I],,0,) -> 01_Raw_ | I5: =_xlfn.XLOOKUP(C5,Tab_Def_Flows[Name(EN)],Tab_Def_Flows[Value_Source],,0,) -> 0 | J5: =_xlfn.XLOOKUP(C5,Tab_Def_Flows[Name(EN)],Tab_Def_Flows[WC?],,0,) -> Yes | K5: =_xlfn.XLOOKUP(C5,Tab_Def_Flows[Name(EN)],Tab_Def_Flows[DM?],,0,) -> Yes | L5: =_xlfn.XLOOKUP(C5,Tab_Def_Flows[Name(EN)],Tab_Def_Flows[CC?],,0,) -> Yes | M5: 1923 | O5: 173.6 | P5: Mg | Q5: Stramento | X5: No | AA5: =IF(X5="no",O5,O5*Y5) -> 173.6 | AB5: Mg | AC5: =INDEX(Tab_Def_Flows[[Flow_ID]:[CC_DM_source]],MATCH(Tab_Data_Flows[[#This Row],[Name(EN)]],Tab_Def_Flows[Name(EN)],0),14) -> 0 | AD5: =IF(J5="Yes",AA5*Tab_Data_Flows[[#This Row],[WC_'[%']]],"N.A.") -> 0 | AE5: =Tab_Data_Flows[[#This Row],[UoM_Flow_Py]] -> Mg | AF5: =INDEX(Tab_Def_Flows[[Flow_ID]:[CC_DM_source]],MATCH(Tab_Data_Flows[[#This Row],[Name(EN)]],Tab_Def_Flows[Name(EN)],0),16) -> 1 | AG5: =IF(K5="Yes",AF5*Tab_Data_Flows[[#This Row],[Flow_Py]],"N.A.") -> 173.6 | AH5: =Tab_Data_Flows[[#This Row],[UoM_Flow_Py]] -> Mg | AI5: =INDEX(Tab_Def_Flows[[Flow_ID]:[CC_DM_source]],MATCH(Tab_Data_Flows[[#This Row],[Name(EN)]],Tab_Def_Flows[Name(EN)],0),18) -> 0.5 | AJ5: =IF(L5="Yes",AI5*Tab_Data_Flows[[#This Row],[Flow_Py]]*Tab_Data_Flows[[#This Row],[DM_'[%']]],"N.A.") -> 86.8 | AK5: =Tab_Data_Flows[[#This Row],[UoM_Flow_Py]] -> Mg
A6: =ROW()-1 -> 5 | B6: =_xlfn.XLOOKUP(C6,Tab_Def_Flows[Name(EN)],Tab_Def_Flows[Flow_ID],,0,) -> F_00_01 | C6: Wood | D6: =_xlfn.XLOOKUP(C6,Tab_Def_Flows[Name(EN)],Tab_Def_Flows[Type_Biomass],,0,) -> 0 | E6: =_xlfn.XLOOKUP(C6,Tab_Def_Flows[Name(EN)],Tab_Def_Flows[Output_Process],,0,) -> Biosphere | F6: =_xlfn.XLOOKUP(C6,Tab_Def_Flows[Name(EN)],Tab_Def_Flows[Process_ID_O],,0,) -> 00_Bio_ | G6: =_xlfn.XLOOKUP(C6,Tab_Def_Flows[Name(EN)],Tab_Def_Flows[Input_Process],,0,) -> Raw Material Extraction | H6: =_xlfn.XLOOKUP(C6,Tab_Def_Flows[Name(EN)],Tab_Def_Flows[Process_ID_I],,0,) -> 01_Raw_ | I6: =_xlfn.XLOOKUP(C6,Tab_Def_Flows[Name(EN)],Tab_Def_Flows[Value_Source],,0,) -> 0 | J6: =_xlfn.XLOOKUP(C6,Tab_Def_Flows[Name(EN)],Tab_Def_Flows[WC?],,0,) -> Yes | K6: =_xlfn.XLOOKUP(C6,Tab_Def_Flows[Name(EN)],Tab_Def_Flows[DM?],,0,) -> Yes | L6: =_xlfn.XLOOKUP(C6,Tab_Def_Flows[Name(EN)],Tab_Def_Flows[CC?],,0,) -> Yes | M6: 1924 | O6: 115.8 | P6: Mg | Q6: Stramento | X6: No | AA6: =IF(X6="no",O6,O6*Y6) -> 115.8 | AB6: Mg | AC6: =INDEX(Tab_Def_Flows[[Flow_ID]:[CC_DM_source]],MATCH(Tab_Data_Flows[[#This Row],[Name(EN)]],Tab_Def_Flows[Name(EN)],0),14) -> 0 | AD6: =IF(J6="Yes",AA6*Tab_Data_Flows[[#This Row],[WC_'[%']]],"N.A.") -> 0 | AE6: =Tab_Data_Flows[[#This Row],[UoM_Flow_Py]] -> Mg | AF6: =INDEX(Tab_Def_Flows[[Flow_ID]:[CC_DM_source]],MATCH(Tab_Data_Flows[[#This Row],[Name(EN)]],Tab_Def_Flows[Name(EN)],0),16) -> 1 | AG6: =IF(K6="Yes",AF6*Tab_Data_Flows[[#This Row],[Flow_Py]],"N.A.") -> 115.8 | AH6: =Tab_Data_Flows[[#This Row],[UoM_Flow_Py]] -> Mg | AI6: =INDEX(Tab_Def_Flows[[Flow_ID]:[CC_DM_source]],MATCH(Tab_Data_Flows[[#This Row],[Name(EN)]],Tab_Def_Flows[Name(EN)],0),18) -> 0.5 | AJ6: =IF(L6="Yes",AI6*Tab_Data_Flows[[#This Row],[Flow_Py]]*Tab_Data_Flows[[#This Row],[DM_'[%']]],"N.A.") -> 57.9 | AK6: =Tab_Data_Flows[[#This Row],[UoM_Flow_Py]] -> Mg
A7: =ROW()-1 -> 6 | B7: =_xlfn.XLOOKUP(C7,Tab_Def_Flows[Name(EN)],Tab_Def_Flows[Flow_ID],,0,) -> F_00_01 | C7: Wood | D7: =_xlfn.XLOOKUP(C7,Tab_Def_Flows[Name(EN)],Tab_Def_Flows[Type_Biomass],,0,) -> 0 | E7: =_xlfn.XLOOKUP(C7,Tab_Def_Flows[Name(EN)],Tab_Def_Flows[Output_Process],,0,) -> Biosphere | F7: =_xlfn.XLOOKUP(C7,Tab_Def_Flows[Name(EN)],Tab_Def_Flows[Process_ID_O],,0,) -> 00_Bio_ | G7: =_xlfn.XLOOKUP(C7,Tab_Def_Flows[Name(EN)],Tab_Def_Flows[Input_Process],,0,) -> Raw Material Extraction | H7: =_xlfn.XLOOKUP(C7,Tab_Def_Flows[Name(EN)],Tab_Def_Flows[Process_ID_I],,0,) -> 01_Raw_ | I7: =_xlfn.XLOOKUP(C7,Tab_Def_Flows[Name(EN)],Tab_Def_Flows[Value_Source],,0,) -> 0 | J7: =_xlfn.XLOOKUP(C7,Tab_Def_Flows[Name(EN)],Tab_Def_Flows[WC?],,0,) -> Yes | K7: =_xlfn.XLOOKUP(C7,Tab_Def_Flows[Name(EN)],Tab_Def_Flows[DM?],,0,) -> Yes | L7: =_xlfn.XLOOKUP(C7,Tab_Def_Flows[Name(EN)],Tab_Def_Flows[CC?],,0,) -> Yes | M7: 1925 | O7: 147.8 | P7: Mg | R7: =INDEX(Tab_WC_DM_CC[[Flow_ID]:[CC_source]],MATCH(Tab_Data_Flows[[#This Row],[Name(EN)]],Tab_WC_DM_CC[Name(EN)],0),12) -> #N/A | S7: =MATCH(Tab_Data_Flows[[#This Row],[Name(EN)]],Tab_WC_DM_CC[Name(EN)],0) -> #N/A | X7: No | AA7: =IF(X7="no",O7,O7*Y7) -> 147.8 | AB7: Mg | AC7: =INDEX(Tab_Def_Flows[[Flow_ID]:[CC_DM_source]],MATCH(Tab_Data_Flows[[#This Row],[Name(EN)]],Tab_Def_Flows[Name(EN)],0),14) -> 0 | AD7: =IF(J7="Yes",AA7*Tab_Data_Flows[[#This Row],[WC_'[%']]],"N.A.") -> 0 | AE7: =Tab_Data_Flows[[#This Row],[UoM_Flow_Py]] -> Mg | AF7: =INDEX(Tab_Def_Flows[[Flow_ID]:[CC_DM_source]],MATCH(Tab_Data_Flows[[#This Row],[Name(EN)]],Tab_Def_Flows[Name(EN)],0),16) -> 1 | AG7: =IF(K7="Yes",AF7*Tab_Data_Flows[[#This Row],[Flow_Py]],"N.A.") -> 147.8 | AH7: =Tab_Data_Flows[[#This Row],[UoM_Flow_Py]] -> Mg | AI7: =INDEX(Tab_Def_Flows[[Flow_ID]:[CC_DM_source]],MATCH(Tab_Data_Flows[[#This Row],[Name(EN)]],Tab_Def_Flows[Name(EN)],0),18) -> 0.5 | AJ7: =IF(L7="Yes",AI7*Tab_Data_Flows[[#This Row],[Flow_Py]]*Tab_Data_Flows[[#This Row],[DM_'[%']]],"N.A.") -> 73.9 | AK7: =Tab_Data_Flows[[#This Row],[UoM_Flow_Py]] -> Mg
A8: =ROW()-1 -> 7 | B8: =_xlfn.XLOOKUP(C8,Tab_Def_Flows[Name(EN)],Tab_Def_Flows[Flow_ID],,0,) -> F_00_01 | C8: Wood | D8: =_xlfn.XLOOKUP(C8,Tab_Def_Flows[Name(EN)],Tab_Def_Flows[Type_Biomass],,0,) -> 0 | E8: =_xlfn.XLOOKUP(C8,Tab_Def_Flows[Name(EN)],Tab_Def_Flows[Output_Process],,0,) -> Biosphere | F8: =_xlfn.XLOOKUP(C8,Tab_Def_Flows[Name(EN)],Tab_Def_Flows[Process_ID_O],,0,) -> 00_Bio_ | G8: =_xlfn.XLOOKUP(C8,Tab_Def_Flows[Name(EN)],Tab_Def_Flows[Input_Process],,0,) -> Raw Material Extraction | H8: =_xlfn.XLOOKUP(C8,Tab_Def_Flows[Name(EN)],Tab_Def_Flows[Process_ID_I],,0,) -> 01_Raw_ | I8: =_xlfn.XLOOKUP(C8,Tab_Def_Flows[Name(EN)],Tab_Def_Flows[Value_Source],,0,) -> 0 | J8: =_xlfn.XLOOKUP(C8,Tab_Def_Flows[Name(EN)],Tab_Def_Flows[WC?],,0,) -> Yes | K8: =_xlfn.XLOOKUP(C8,Tab_Def_Flows[Name(EN)],Tab_Def_Flows[DM?],,0,) -> Yes | L8: =_xlfn.XLOOKUP(C8,Tab_Def_Flows[Name(EN)],Tab_Def_Flows[CC?],,0,) -> Yes | M8: 1926 | O8: 103 | P8: Mg | R8: =INDEX(Tab_WC_DM_CC[[Flow_ID]:[CC_source]],MATCH(Tab_Data_Flows[[#This Row],[Name(EN)]],Tab_WC_DM_CC[Name(EN)],0),12) -> #N/A | S8: =MATCH(Tab_Data_Flows[[#This Row],[Name(EN)]],Tab_WC_DM_CC[Name(EN)],0) -> #N/A | X8: No | AA8: =IF(X8="no",O8,O8*Y8) -> 103 | AB8: Mg | AC8: =INDEX(Tab_Def_Flows[[Flow_ID]:[CC_DM_source]],MATCH(Tab_Data_Flows[[#This Row],[Name(EN)]],Tab_Def_Flows[Name(EN)],0),14) -> 0 | AD8: =IF(J8="Yes",AA8*Tab_Data_Flows[[#This Row],[WC_'[%']]],"N.A.") -> 0 | AE8: =Tab_Data_Flows[[#This Row],[UoM_Flow_Py]] -> Mg | AF8: =INDEX(Tab_Def_Flows[[Flow_ID]:[CC_DM_source]],MATCH(Tab_Data_Flows[[#This Row],[Name(EN)]],Tab_Def_Flows[Name(EN)],0),16) -> 1 | AG8: =IF(K8="Yes",AF8*Tab_Data_Flows[[#This Row],[Flow_Py]],"N.A.") -> 103 | AH8: =Tab_Data_Flows[[#This Row],[UoM_Flow_Py]] -> Mg | AI8: =INDEX(Tab_Def_Flows[[Flow_ID]:[CC_DM_source]],MATCH(Tab_Data_Flows[[#This Row],[Name(EN)]],Tab_Def_Flows[Name(EN)],0),18) -> 0.5 | AJ8: =IF(L8="Yes",AI8*Tab_Data_Flows[[#This Row],[Flow_Py]]*Tab_Data_Flows[[#This Row],[DM_'[%']]],"N.A.") -> 51.5 | AK8: =Tab_Data_Flows[[#This Row],[UoM_Flow_Py]] -> Mg
A9: =ROW()-1 -> 8 | B9: =_xlfn.XLOOKUP(C9,Tab_Def_Flows[Name(EN)],Tab_Def_Flows[Flow_ID],,0,) -> F_00_01 | C9: Wood | D9: =_xlfn.XLOOKUP(C9,Tab_Def_Flows[Name(EN)],Tab_Def_Flows[Type_Biomass],,0,) -> 0 | E9: =_xlfn.XLOOKUP(C9,Tab_Def_Flows[Name(EN)],Tab_Def_Flows[Output_Process],,0,) -> Biosphere | F9: =_xlfn.XLOOKUP(C9,Tab_Def_Flows[Name(EN)],Tab_Def_Flows[Process_ID_O],,0,) -> 00_Bio_ | G9: =_xlfn.XLOOKUP(C9,Tab_Def_Flows[Name(EN)],Tab_Def_Flows[Input_Process],,0,) -> Raw Material Extraction | H9: =_xlfn.XLOOKUP(C9,Tab_Def_Flows[Name(EN)],Tab_Def_Flows[Process_ID_I],,0,) -> 01_Raw_ | I9: =_xlfn.XLOOKUP(C9,Tab_Def_Flows[Name(EN)],Tab_Def_Flows[Value_Source],,0,) -> 0 | J9: =_xlfn.XLOOKUP(C9,Tab_Def_Flows[Name(EN)],Tab_Def_Flows[WC?],,0,) -> Yes | K9: =_xlfn.XLOOKUP(C9,Tab_Def_Flows[Name(EN)],Tab_Def_Flows[DM?],,0,) -> Yes | L9: =_xlfn.XLOOKUP(C9,Tab_Def_Flows[Name(EN)],Tab_Def_Flows[CC?],,0,) -> Yes | M9: 1927 | O9: 109.2 | P9: Mg | R9: =INDEX(Tab_WC_DM_CC[[Flow_ID]:[CC_source]],MATCH(Tab_Data_Flows[[#This Row],[Name(EN)]],Tab_WC_DM_CC[Name(EN)],0),12) -> #N/A | S9: =MATCH(Tab_Data_Flows[[#This Row],[Name(EN)]],Tab_WC_DM_CC[Name(EN)],0) -> #N/A | X9: No | AA9: =IF(X9="no",O9,O9*Y9) -> 109.2 | AB9: Mg | AC9: =INDEX(Tab_Def_Flows[[Flow_ID]:[CC_DM_source]],MATCH(Tab_Data_Flows[[#This Row],[Name(EN)]],Tab_Def_Flows[Name(EN)],0),14) -> 0 | AD9: =IF(J9="Yes",AA9*Tab_Data_Flows[[#This Row],[WC_'[%']]],"N.A.") -> 0 | AE9: =Tab_Data_Flows[[#This Row],[UoM_Flow_Py]] -> Mg | AF9: =INDEX(Tab_Def_Flows[[Flow_ID]:[CC_DM_source]],MATCH(Tab_Data_Flows[[#This Row],[Name(EN)]],Tab_Def_Flows[Name(EN)],0),16) -> 1 | AG9: =IF(K9="Yes",AF9*Tab_Data_Flows[[#This Row],[Flow_Py]],"N.A.") -> 109.2 | AH9: =Tab_Data_Flows[[#This Row],[UoM_Flow_Py]] -> Mg | AI9: =INDEX(Tab_Def_Flows[[Flow_ID]:[CC_DM_source]],MATCH(Tab_Data_Flows[[#This Row],[Name(EN)]],Tab_Def_Flows[Name(EN)],0),18) -> 0.5 | AJ9: =IF(L9="Yes",AI9*Tab_Data_Flows[[#This Row],[Flow_Py]]*Tab_Data_Flows[[#This Row],[DM_'[%']]],"N.A.") -> 54.6 | AK9: =Tab_Data_Flows[[#This Row],[UoM_Flow_Py]] -> Mg
A10: =ROW()-1 -> 9 | B10: =_xlfn.XLOOKUP(C10,Tab_Def_Flows[Name(EN)],Tab_Def_Flows[Flow_ID],,0,) -> F_00_01 | C10: Wood | D10: =_xlfn.XLOOKUP(C10,Tab_Def_Flows[Name(EN)],Tab_Def_Flows[Type_Biomass],,0,) -> 0 | E10: =_xlfn.XLOOKUP(C10,Tab_Def_Flows[Name(EN)],Tab_Def_Flows[Output_Process],,0,) -> Biosphere | F10: =_xlfn.XLOOKUP(C10,Tab_Def_Flows[Name(EN)],Tab_Def_Flows[Process_ID_O],,0,) -> 00_Bio_ | G10: =_xlfn.XLOOKUP(C10,Tab_Def_Flows[Name(EN)],Tab_Def_Flows[Input_Process],,0,) -> Raw Material Extraction | H10: =_xlfn.XLOOKUP(C10,Tab_Def_Flows[Name(EN)],Tab_Def_Flows[Process_ID_I],,0,) -> 01_Raw_ | I10: =_xlfn.XLOOKUP(C10,Tab_Def_Flows[Name(EN)],Tab_Def_Flows[Value_Source],,0,) -> 0 | J10: =_xlfn.XLOOKUP(C10,Tab_Def_Flows[Name(EN)],Tab_Def_Flows[WC?],,0,) -> Yes | K10: =_xlfn.XLOOKUP(C10,Tab_Def_Flows[Name(EN)],Tab_Def_Flows[DM?],,0,) -> Yes | L10: =_xlfn.XLOOKUP(C10,Tab_Def_Flows[Name(EN)],Tab_Def_Flows[CC?],,0,) -> Yes | M10: 1928 | O10: 77.2 | P10: Mg | R10: =INDEX(Tab_WC_DM_CC[[Flow_ID]:[CC_source]],MATCH(Tab_Data_Flows[[#This Row],[Name(EN)]],Tab_WC_DM_CC[Name(EN)],0),12) -> #N/A | S10: =MATCH(Tab_Data_Flows[[#This Row],[Name(EN)]],Tab_WC_DM_CC[Name(EN)],0) -> #N/A | X10: No | AA10: =IF(X10="no",O10,O10*Y10) -> 77.2 | AB10: Mg | AC10: =INDEX(Tab_Def_Flows[[Flow_ID]:[CC_DM_source]],MATCH(Tab_Data_Flows[[#This Row],[Name(EN)]],Tab_Def_Flows[Name(EN)],0),14) -> 0 | AD10: =IF(J10="Yes",AA10*Tab_Data_Flows[[#This Row],[WC_'[%']]],"N.A.") -> 0 | AE10: =Tab_Data_Flows[[#This Row],[UoM_Flow_Py]] -> Mg | AF10: =INDEX(Tab_Def_Flows[[Flow_ID]:[CC_DM_source]],MATCH(Tab_Data_Flows[[#This Row],[Name(EN)]],Tab_Def_Flows[Name(EN)],0),16) -> 1 | AG10: =IF(K10="Yes",AF10*Tab_Data_Flows[[#This Row],[Flow_Py]],"N.A.") -> 77.2 | AH10: =Tab_Data_Flows[[#This Row],[UoM_Flow_Py]] -> Mg | AI10: =INDEX(Tab_Def_Flows[[Flow_ID]:[CC_DM_source]],MATCH(Tab_Data_Flows[[#This Row],[Name(EN)]],Tab_Def_Flows[Name(EN)],0),18) -> 0.5 | AJ10: =IF(L10="Yes",AI10*Tab_Data_Flows[[#This Row],[Flow_Py]]*Tab_Data_Flows[[#This Row],[DM_'[%']]],"N.A.") -> 38.6 | AK10: =Tab_Data_Flows[[#This Row],[UoM_Flow_Py]] -> Mg
A11: =ROW()-1 -> 10 | B11: =_xlfn.XLOOKUP(C11,Tab_Def_Flows[Name(EN)],Tab_Def_Flows[Flow_ID],,0,) -> F_00_01 | C11: Wood | D11: =_xlfn.XLOOKUP(C11,Tab_Def_Flows[Name(EN)],Tab_Def_Flows[Type_Biomass],,0,) -> 0 | E11: =_xlfn.XLOOKUP(C11,Tab_Def_Flows[Name(EN)],Tab_Def_Flows[Output_Process],,0,) -> Biosphere | F11: =_xlfn.XLOOKUP(C11,Tab_Def_Flows[Name(EN)],Tab_Def_Flows[Process_ID_O],,0,) -> 00_Bio_ | G11: =_xlfn.XLOOKUP(C11,Tab_Def_Flows[Name(EN)],Tab_Def_Flows[Input_Process],,0,) -> Raw Material Extraction | H11: =_xlfn.XLOOKUP(C11,Tab_Def_Flows[Name(EN)],Tab_Def_Flows[Process_ID_I],,0,) -> 01_Raw_ | I11: =_xlfn.XLOOKUP(C11,Tab_Def_Flows[Name(EN)],Tab_Def_Flows[Value_Source],,0,) -> 0 | J11: =_xlfn.XLOOKUP(C11,Tab_Def_Flows[Name(EN)],Tab_Def_Flows[WC?],,0,) -> Yes | K11: =_xlfn.XLOOKUP(C11,Tab_Def_Flows[Name(EN)],Tab_Def_Flows[DM?],,0,) -> Yes | L11: =_xlfn.XLOOKUP(C11,Tab_Def_Flows[Name(EN)],Tab_Def_Flows[CC?],,0,) -> Yes | M11: 1929 | O11: 83.6 | P11: Mg | R11: =INDEX(Tab_WC_DM_CC[[Flow_ID]:[CC_source]],MATCH(Tab_Data_Flows[[#This Row],[Name(EN)]],Tab_WC_DM_CC[Name(EN)],0),12) -> #N/A | S11: =MATCH(Tab_Data_Flows[[#This Row],[Name(EN)]],Tab_WC_DM_CC[Name(EN)],0) -> #N/A | X11: No | AA11: =IF(X11="no",O11,O11*Y11) -> 83.6 | AB11: Mg | AC11: =INDEX(Tab_Def_Flows[[Flow_ID]:[CC_DM_source]],MATCH(Tab_Data_Flows[[#This Row],[Name(EN)]],Tab_Def_Flows[Name(EN)],0),14) -> 0 | AD11: =IF(J11="Yes",AA11*Tab_Data_Flows[[#This Row],[WC_'[%']]],"N.A.") -> 0 | AE11: =Tab_Data_Flows[[#This Row],[UoM_Flow_Py]] -> Mg | AF11: =INDEX(Tab_Def_Flows[[Flow_ID]:[CC_DM_source]],MATCH(Tab_Data_Flows[[#This Row],[Name(EN)]],Tab_Def_Flows[Name(EN)],0),16) -> 1 | AG11: =IF(K11="Yes",AF11*Tab_Data_Flows[[#This Row],[Flow_Py]],"N.A.") -> 83.6 | AH11: =Tab_Data_Flows[[#This Row],[UoM_Flow_Py]] -> Mg | AI11: =INDEX(Tab_Def_Flows[[Flow_ID]:[CC_DM_source]],MATCH(Tab_Data_Flows[[#This Row],[Name(EN)]],Tab_Def_Flows[Name(EN)],0),18) -> 0.5 | AJ11: =IF(L11="Yes",AI11*Tab_Data_Flows[[#This Row],[Flow_Py]]*Tab_Data_Flows[[#This Row],[DM_'[%']]],"N.A.") -> 41.8 | AK11: =Tab_Data_Flows[[#This Row],[UoM_Flow_Py]] -> Mg
A12: =ROW()-1 -> 11 | B12: =_xlfn.XLOOKUP(C12,Tab_Def_Flows[Name(EN)],Tab_Def_Flows[Flow_ID],,0,) -> F_00_01 | C12: Wood | D12: =_xlfn.XLOOKUP(C12,Tab_Def_Flows[Name(EN)],Tab_Def_Flows[Type_Biomass],,0,) -> 0 | E12: =_xlfn.XLOOKUP(C12,Tab_Def_Flows[Name(EN)],Tab_Def_Flows[Output_Process],,0,) -> Biosphere | F12: =_xlfn.XLOOKUP(C12,Tab_Def_Flows[Name(EN)],Tab_Def_Flows[Process_ID_O],,0,) -> 00_Bio_ | G12: =_xlfn.XLOOKUP(C12,Tab_Def_Flows[Name(EN)],Tab_Def_Flows[Input_Process],,0,) -> Raw Material Extraction | H12: =_xlfn.XLOOKUP(C12,Tab_Def_Flows[Name(EN)],Tab_Def_Flows[Process_ID_I],,0,) -> 01_Raw_ | I12: =_xlfn.XLOOKUP(C12,Tab_Def_Flows[Name(EN)],Tab_Def_Flows[Value_Source],,0,) -> 0 | J12: =_xlfn.XLOOKUP(C12,Tab_Def_Flows[Name(EN)],Tab_Def_Flows[WC?],,0,) -> Yes | K12: =_xlfn.XLOOKUP(C12,Tab_Def_Flows[Name(EN)],Tab_Def_Flows[DM?],,0,) -> Yes | L12: =_xlfn.XLOOKUP(C12,Tab_Def_Flows[Name(EN)],Tab_Def_Flows[CC?],,0,) -> Yes | M12: 1930 | O12: 64.4 | P12: Mg | R12: =INDEX(Tab_WC_DM_CC[[Flow_ID]:[CC_source]],MATCH(Tab_Data_Flows[[#This Row],[Name(EN)]],Tab_WC_DM_CC[Name(EN)],0),12) -> #N/A | S12: =MATCH(Tab_Data_Flows[[#This Row],[Name(EN)]],Tab_WC_DM_CC[Name(EN)],0) -> #N/A | X12: No | AA12: =IF(X12="no",O12,O12*Y12) -> 64.4 | AB12: Mg | AC12: =INDEX(Tab_Def_Flows[[Flow_ID]:[CC_DM_source]],MATCH(Tab_Data_Flows[[#This Row],[Name(EN)]],Tab_Def_Flows[Name(EN)],0),14) -> 0 | AD12: =IF(J12="Yes",AA12*Tab_Data_Flows[[#This Row],[WC_'[%']]],"N.A.") -> 0 | AE12: =Tab_Data_Flows[[#This Row],[UoM_Flow_Py]] -> Mg | AF12: =INDEX(Tab_Def_Flows[[Flow_ID]:[CC_DM_source]],MATCH(Tab_Data_Flows[[#This Row],[Name(EN)]],Tab_Def_Flows[Name(EN)],0),16) -> 1 | AG12: =IF(K12="Yes",AF12*Tab_Data_Flows[[#This Row],[Flow_Py]],"N.A.") -> 64.4 | AH12: =Tab_Data_Flows[[#This Row],[UoM_Flow_Py]] -> Mg | AI12: =INDEX(Tab_Def_Flows[[Flow_ID]:[CC_DM_source]],MATCH(Tab_Data_Flows[[#This Row],[Name(EN)]],Tab_Def_Flows[Name(EN)],0),18) -> 0.5 | AJ12: =IF(L12="Yes",AI12*Tab_Data_Flows[[#This Row],[Flow_Py]]*Tab_Data_Flows[[#This Row],[DM_'[%']]],"N.A.") -> 32.2 | AK12: =Tab_Data_Flows[[#This Row],[UoM_Flow_Py]] -> Mg
A13: =ROW()-1 -> 12 | B13: =_xlfn.XLOOKUP(C13,Tab_Def_Flows[Name(EN)],Tab_Def_Flows[Flow_ID],,0,) -> F_00_01 | C13: Wood | D13: =_xlfn.XLOOKUP(C13,Tab_Def_Flows[Name(EN)],Tab_Def_Flows[Type_Biomass],,0,) -> 0 | E13: =_xlfn.XLOOKUP(C13,Tab_Def_Flows[Name(EN)],Tab_Def_Flows[Output_Process],,0,) -> Biosphere | F13: =_xlfn.XLOOKUP(C13,Tab_Def_Flows[Name(EN)],Tab_Def_Flows[Process_ID_O],,0,) -> 00_Bio_ | G13: =_xlfn.XLOOKUP(C13,Tab_Def_Flows[Name(EN)],Tab_Def_Flows[Input_Process],,0,) -> Raw Material Extraction | H13: =_xlfn.XLOOKUP(C13,Tab_Def_Flows[Name(EN)],Tab_Def_Flows[Process_ID_I],,0,) -> 01_Raw_ | I13: =_xlfn.XLOOKUP(C13,Tab_Def_Flows[Name(EN)],Tab_Def_Flows[Value_Source],,0,) -> 0 | J13: =_xlfn.XLOOKUP(C13,Tab_Def_Flows[Name(EN)],Tab_Def_Flows[WC?],,0,) -> Yes | K13: =_xlfn.XLOOKUP(C13,Tab_Def_Flows[Name(EN)],Tab_Def_Flows[DM?],,0,) -> Yes | L13: =_xlfn.XLOOKUP(C13,Tab_Def_Flows[Name(EN)],Tab_Def_Flows[CC?],,0,) -> Yes | M13: 1931 | O13: 83.6 | P13: Mg | R13: =INDEX(Tab_WC_DM_CC[[Flow_ID]:[CC_source]],MATCH(Tab_Data_Flows[[#This Row],[Name(EN)]],Tab_WC_DM_CC[Name(EN)],0),12) -> #N/A | S13: =MATCH(Tab_Data_Flows[[#This Row],[Name(EN)]],Tab_WC_DM_CC[Name(EN)],0) -> #N/A | X13: No | AA13: =IF(X13="no",O13,O13*Y13) -> 83.6 | AB13: Mg | AC13: =INDEX(Tab_Def_Flows[[Flow_ID]:[CC_DM_source]],MATCH(Tab_Data_Flows[[#This Row],[Name(EN)]],Tab_Def_Flows[Name(EN)],0),14) -> 0 | AD13: =IF(J13="Yes",AA13*Tab_Data_Flows[[#This Row],[WC_'[%']]],"N.A.") -> 0 | AE13: =Tab_Data_Flows[[#This Row],[UoM_Flow_Py]] -> Mg | AF13: =INDEX(Tab_Def_Flows[[Flow_ID]:[CC_DM_source]],MATCH(Tab_Data_Flows[[#This Row],[Name(EN)]],Tab_Def_Flows[Name(EN)],0),16) -> 1 | AG13: =IF(K13="Yes",AF13*Tab_Data_Flows[[#This Row],[Flow_Py]],"N.A.") -> 83.6 | AH13: =Tab_Data_Flows[[#This Row],[UoM_Flow_Py]] -> Mg | AI13: =INDEX(Tab_Def_Flows[[Flow_ID]:[CC_DM_source]],MATCH(Tab_Data_Flows[[#This Row],[Name(EN)]],Tab_Def_Flows[Name(EN)],0),18) -> 0.5 | AJ13: =IF(L13="Yes",AI13*Tab_Data_Flows[[#This Row],[Flow_Py]]*Tab_Data_Flows[[#This Row],[DM_'[%']]],"N.A.") -> 41.8 | AK13: =Tab_Data_Flows[[#This Row],[UoM_Flow_Py]] -> Mg
A14: =ROW()-1 -> 13 | B14: =_xlfn.XLOOKUP(C14,Tab_Def_Flows[Name(EN)],Tab_Def_Flows[Flow_ID],,0,) -> F_00_01 | C14: Wood | D14: =_xlfn.XLOOKUP(C14,Tab_Def_Flows[Name(EN)],Tab_Def_Flows[Type_Biomass],,0,) -> 0 | E14: =_xlfn.XLOOKUP(C14,Tab_Def_Flows[Name(EN)],Tab_Def_Flows[Output_Process],,0,) -> Biosphere | F14: =_xlfn.XLOOKUP(C14,Tab_Def_Flows[Name(EN)],Tab_Def_Flows[Process_ID_O],,0,) -> 00_Bio_ | G14: =_xlfn.XLOOKUP(C14,Tab_Def_Flows[Name(EN)],Tab_Def_Flows[Input_Process],,0,) -> Raw Material Extraction | H14: =_xlfn.XLOOKUP(C14,Tab_Def_Flows[Name(EN)],Tab_Def_Flows[Process_ID_I],,0,) -> 01_Raw_ | I14: =_xlfn.XLOOKUP(C14,Tab_Def_Flows[Name(EN)],Tab_Def_Flows[Value_Source],,0,) -> 0 | J14: =_xlfn.XLOOKUP(C14,Tab_Def_Flows[Name(EN)],Tab_Def_Flows[WC?],,0,) -> Yes | K14: =_xlfn.XLOOKUP(C14,Tab_Def_Flows[Name(EN)],Tab_Def_Flows[DM?],,0,) -> Yes | L14: =_xlfn.XLOOKUP(C14,Tab_Def_Flows[Name(EN)],Tab_Def_Flows[CC?],,0,) -> Yes | M14: 1932 | O14: 70.8 | P14: Mg | R14: =INDEX(Tab_WC_DM_CC[[Flow_ID]:[CC_source]],MATCH(Tab_Data_Flows[[#This Row],[Name(EN)]],Tab_WC_DM_CC[Name(EN)],0),12) -> #N/A | S14: =MATCH(Tab_Data_Flows[[#This Row],[Name(EN)]],Tab_WC_DM_CC[Name(EN)],0) -> #N/A | X14: No | AA14: =IF(X14="no",O14,O14*Y14) -> 70.8 | AB14: Mg | AC14: =INDEX(Tab_Def_Flows[[Flow_ID]:[CC_DM_source]],MATCH(Tab_Data_Flows[[#This Row],[Name(EN)]],Tab_Def_Flows[Name(EN)],0),14) -> 0 | AD14: =IF(J14="Yes",AA14*Tab_Data_Flows[[#This Row],[WC_'[%']]],"N.A.") -> 0 | AE14: =Tab_Data_Flows[[#This Row],[UoM_Flow_Py]] -> Mg | AF14: =INDEX(Tab_Def_Flows[[Flow_ID]:[CC_DM_source]],MATCH(Tab_Data_Flows[[#This Row],[Name(EN)]],Tab_Def_Flows[Name(EN)],0),16) -> 1 | AG14: =IF(K14="Yes",AF14*Tab_Data_Flows[[#This Row],[Flow_Py]],"N.A.") -> 70.8 | AH14: =Tab_Data_Flows[[#This Row],[UoM_Flow_Py]] -> Mg | AI14: =INDEX(Tab_Def_Flows[[Flow_ID]:[CC_DM_source]],MATCH(Tab_Data_Flows[[#This Row],[Name(EN)]],Tab_Def_Flows[Name(EN)],0),18) -> 0.5 | AJ14: =IF(L14="Yes",AI14*Tab_Data_Flows[[#This Row],[Flow_Py]]*Tab_Data_Flows[[#This Row],[DM_'[%']]],"N.A.") -> 35.4 | AK14: =Tab_Data_Flows[[#This Row],[UoM_Flow_Py]] -> Mg
A15: =ROW()-1 -> 14 | B15: =_xlfn.XLOOKUP(C15,Tab_Def_Flows[Name(EN)],Tab_Def_Flows[Flow_ID],,0,) -> F_00_01 | C15: Wood | D15: =_xlfn.XLOOKUP(C15,Tab_Def_Flows[Name(EN)],Tab_Def_Flows[Type_Biomass],,0,) -> 0 | E15: =_xlfn.XLOOKUP(C15,Tab_Def_Flows[Name(EN)],Tab_Def_Flows[Output_Process],,0,) -> Biosphere | F15: =_xlfn.XLOOKUP(C15,Tab_Def_Flows[Name(EN)],Tab_Def_Flows[Process_ID_O],,0,) -> 00_Bio_ | G15: =_xlfn.XLOOKUP(C15,Tab_Def_Flows[Name(EN)],Tab_Def_Flows[Input_Process],,0,) -> Raw Material Extraction | H15: =_xlfn.XLOOKUP(C15,Tab_Def_Flows[Name(EN)],Tab_Def_Flows[Process_ID_I],,0,) -> 01_Raw_ | I15: =_xlfn.XLOOKUP(C15,Tab_Def_Flows[Name(EN)],Tab_Def_Flows[Value_Source],,0,) -> 0 | J15: =_xlfn.XLOOKUP(C15,Tab_Def_Flows[Name(EN)],Tab_Def_Flows[WC?],,0,) -> Yes | K15: =_xlfn.XLOOKUP(C15,Tab_Def_Flows[Name(EN)],Tab_Def_Flows[DM?],,0,) -> Yes | L15: =_xlfn.XLOOKUP(C15,Tab_Def_Flows[Name(EN)],Tab_Def_Flows[CC?],,0,) -> Yes | M15: 1933 | O15: 51.4 | P15: Mg | R15: =INDEX(Tab_WC_DM_CC[[Flow_ID]:[CC_source]],MATCH(Tab_Data_Flows[[#This Row],[Name(EN)]],Tab_WC_DM_CC[Name(EN)],0),12) -> #N/A | S15: =MATCH(Tab_Data_Flows[[#This Row],[Name(EN)]],Tab_WC_DM_CC[Name(EN)],0) -> #N/A | X15: No | AA15: =IF(X15="no",O15,O15*Y15) -> 51.4 | AB15: Mg | AC15: =INDEX(Tab_Def_Flows[[Flow_ID]:[CC_DM_source]],MATCH(Tab_Data_Flows[[#This Row],[Name(EN)]],Tab_Def_Flows[Name(EN)],0),14) -> 0 | AD15: =IF(J15="Yes",AA15*Tab_Data_Flows[[#This Row],[WC_'[%']]],"N.A.") -> 0 | AE15: =Tab_Data_Flows[[#This Row],[UoM_Flow_Py]] -> Mg | AF15: =INDEX(Tab_Def_Flows[[Flow_ID]:[CC_DM_source]],MATCH(Tab_Data_Flows[[#This Row],[Name(EN)]],Tab_Def_Flows[Name(EN)],0),16) -> 1 | AG15: =IF(K15="Yes",AF15*Tab_Data_Flows[[#This Row],[Flow_Py]],"N.A.") -> 51.4 | AH15: =Tab_Data_Flows[[#This Row],[UoM_Flow_Py]] -> Mg | AI15: =INDEX(Tab_Def_Flows[[Flow_ID]:[CC_DM_source]],MATCH(Tab_Data_Flows[[#This Row],[Name(EN)]],Tab_Def_Flows[Name(EN)],0),18) -> 0.5 | AJ15: =IF(L15="Yes",AI15*Tab_Data_Flows[[#This Row],[Flow_Py]]*Tab_Data_Flows[[#This Row],[DM_'[%']]],"N.A.") -> 25.7 | AK15: =Tab_Data_Flows[[#This Row],[UoM_Flow_Py]] -> Mg
A16: =ROW()-1 -> 15 | B16: =_xlfn.XLOOKUP(C16,Tab_Def_Flows[Name(EN)],Tab_Def_Flows[Flow_ID],,0,) -> F_00_01 | C16: Wood | D16: =_xlfn.XLOOKUP(C16,Tab_Def_Flows[Name(EN)],Tab_Def_Flows[Type_Biomass],,0,) -> 0 | E16: =_xlfn.XLOOKUP(C16,Tab_Def_Flows[Name(EN)],Tab_Def_Flows[Output_Process],,0,) -> Biosphere | F16: =_xlfn.XLOOKUP(C16,Tab_Def_Flows[Name(EN)],Tab_Def_Flows[Process_ID_O],,0,) -> 00_Bio_ | G16: =_xlfn.XLOOKUP(C16,Tab_Def_Flows[Name(EN)],Tab_Def_Flows[Input_Process],,0,) -> Raw Material Extraction | H16: =_xlfn.XLOOKUP(C16,Tab_Def_Flows[Name(EN)],Tab_Def_Flows[Process_ID_I],,0,) -> 01_Raw_ | I16: =_xlfn.XLOOKUP(C16,Tab_Def_Flows[Name(EN)],Tab_Def_Flows[Value_Source],,0,) -> 0 | J16: =_xlfn.XLOOKUP(C16,Tab_Def_Flows[Name(EN)],Tab_Def_Flows[WC?],,0,) -> Yes | K16: =_xlfn.XLOOKUP(C16,Tab_Def_Flows[Name(EN)],Tab_Def_Flows[DM?],,0,) -> Yes | L16: =_xlfn.XLOOKUP(C16,Tab_Def_Flows[Name(EN)],Tab_Def_Flows[CC?],,0,) -> Yes | M16: 1934 | O16: 32.2 | P16: Mg | R16: =INDEX(Tab_WC_DM_CC[[Flow_ID]:[CC_source]],MATCH(Tab_Data_Flows[[#This Row],[Name(EN)]],Tab_WC_DM_CC[Name(EN)],0),12) -> #N/A | S16: =MATCH(Tab_Data_Flows[[#This Row],[Name(EN)]],Tab_WC_DM_CC[Name(EN)],0) -> #N/A | X16: No | AA16: =IF(X16="no",O16,O16*Y16) -> 32.2 | AB16: Mg | AC16: =INDEX(Tab_Def_Flows[[Flow_ID]:[CC_DM_source]],MATCH(Tab_Data_Flows[[#This Row],[Name(EN)]],Tab_Def_Flows[Name(EN)],0),14) -> 0 | AD16: =IF(J16="Yes",AA16*Tab_Data_Flows[[#This Row],[WC_'[%']]],"N.A.") -> 0 | AE16: =Tab_Data_Flows[[#This Row],[UoM_Flow_Py]] -> Mg | AF16: =INDEX(Tab_Def_Flows[[Flow_ID]:[CC_DM_source]],MATCH(Tab_Data_Flows[[#This Row],[Name(EN)]],Tab_Def_Flows[Name(EN)],0),16) -> 1 | AG16: =IF(K16="Yes",AF16*Tab_Data_Flows[[#This Row],[Flow_Py]],"N.A.") -> 32.2 | AH16: =Tab_Data_Flows[[#This Row],[UoM_Flow_Py]] -> Mg | AI16: =INDEX(Tab_Def_Flows[[Flow_ID]:[CC_DM_source]],MATCH(Tab_Data_Flows[[#This Row],[Name(EN)]],Tab_Def_Flows[Name(EN)],0),18) -> 0.5 | AJ16: =IF(L16="Yes",AI16*Tab_Data_Flows[[#This Row],[Flow_Py]]*Tab_Data_Flows[[#This Row],[DM_'[%']]],"N.A.") -> 16.1 | AK16: =Tab_Data_Flows[[#This Row],[UoM_Flow_Py]] -> Mg
A17: =ROW()-1 -> 16 | B17: =_xlfn.XLOOKUP(C17,Tab_Def_Flows[Name(EN)],Tab_Def_Flows[Flow_ID],,0,) -> F_00_01 | C17: Wood | D17: =_xlfn.XLOOKUP(C17,Tab_Def_Flows[Name(EN)],Tab_Def_Flows[Type_Biomass],,0,) -> 0 | E17: =_xlfn.XLOOKUP(C17,Tab_Def_Flows[Name(EN)],Tab_Def_Flows[Output_Process],,0,) -> Biosphere | F17: =_xlfn.XLOOKUP(C17,Tab_Def_Flows[Name(EN)],Tab_Def_Flows[Process_ID_O],,0,) -> 00_Bio_ | G17: =_xlfn.XLOOKUP(C17,Tab_Def_Flows[Name(EN)],Tab_Def_Flows[Input_Process],,0,) -> Raw Material Extraction | H17: =_xlfn.XLOOKUP(C17,Tab_Def_Flows[Name(EN)],Tab_Def_Flows[Process_ID_I],,0,) -> 01_Raw_ | I17: =_xlfn.XLOOKUP(C17,Tab_Def_Flows[Name(EN)],Tab_Def_Flows[Value_Source],,0,) -> 0 | J17: =_xlfn.XLOOKUP(C17,Tab_Def_Flows[Name(EN)],Tab_Def_Flows[WC?],,0,) -> Yes | K17: =_xlfn.XLOOKUP(C17,Tab_Def_Flows[Name(EN)],Tab_Def_Flows[DM?],,0,) -> Yes | L17: =_xlfn.XLOOKUP(C17,Tab_Def_Flows[Name(EN)],Tab_Def_Flows[CC?],,0,) -> Yes | M17: 1935 | O17: 70.8 | P17: Mg | R17: =INDEX(Tab_WC_DM_CC[[Flow_ID]:[CC_source]],MATCH(Tab_Data_Flows[[#This Row],[Name(EN)]],Tab_WC_DM_CC[Name(EN)],0),12) -> #N/A | S17: =MATCH(Tab_Data_Flows[[#This Row],[Name(EN)]],Tab_WC_DM_CC[Name(EN)],0) -> #N/A | X17: No | AA17: =IF(X17="no",O17,O17*Y17) -> 70.8 | AB17: Mg | AC17: =INDEX(Tab_Def_Flows[[Flow_ID]:[CC_DM_source]],MATCH(Tab_Data_Flows[[#This Row],[Name(EN)]],Tab_Def_Flows[Name(EN)],0),14) -> 0 | AD17: =IF(J17="Yes",AA17*Tab_Data_Flows[[#This Row],[WC_'[%']]],"N.A.") -> 0 | AE17: =Tab_Data_Flows[[#This Row],[UoM_Flow_Py]] -> Mg | AF17: =INDEX(Tab_Def_Flows[[Flow_ID]:[CC_DM_source]],MATCH(Tab_Data_Flows[[#This Row],[Name(EN)]],Tab_Def_Flows[Name(EN)],0),16) -> 1 | AG17: =IF(K17="Yes",AF17*Tab_Data_Flows[[#This Row],[Flow_Py]],"N.A.") -> 70.8 | AH17: =Tab_Data_Flows[[#This Row],[UoM_Flow_Py]] -> Mg | AI17: =INDEX(Tab_Def_Flows[[Flow_ID]:[CC_DM_source]],MATCH(Tab_Data_Flows[[#This Row],[Name(EN)]],Tab_Def_Flows[Name(EN)],0),18) -> 0.5 | AJ17: =IF(L17="Yes",AI17*Tab_Data_Flows[[#This Row],[Flow_Py]]*Tab_Data_Flows[[#This Row],[DM_'[%']]],"N.A.") -> 35.4 | AK17: =Tab_Data_Flows[[#This Row],[UoM_Flow_Py]] -> Mg
A18: =ROW()-1 -> 17 | B18: =_xlfn.XLOOKUP(C18,Tab_Def_Flows[Name(EN)],Tab_Def_Flows[Flow_ID],,0,) -> F_00_01 | C18: Wood | D18: =_xlfn.XLOOKUP(C18,Tab_Def_Flows[Name(EN)],Tab_Def_Flows[Type_Biomass],,0,) -> 0 | E18: =_xlfn.XLOOKUP(C18,Tab_Def_Flows[Name(EN)],Tab_Def_Flows[Output_Process],,0,) -> Biosphere | F18: =_xlfn.XLOOKUP(C18,Tab_Def_Flows[Name(EN)],Tab_Def_Flows[Process_ID_O],,0,) -> 00_Bio_ | G18: =_xlfn.XLOOKUP(C18,Tab_Def_Flows[Name(EN)],Tab_Def_Flows[Input_Process],,0,) -> Raw Material Extraction | H18: =_xlfn.XLOOKUP(C18,Tab_Def_Flows[Name(EN)],Tab_Def_Flows[Process_ID_I],,0,) -> 01_Raw_ | I18: =_xlfn.XLOOKUP(C18,Tab_Def_Flows[Name(EN)],Tab_Def_Flows[Value_Source],,0,) -> 0 | J18: =_xlfn.XLOOKUP(C18,Tab_Def_Flows[Name(EN)],Tab_Def_Flows[WC?],,0,) -> Yes | K18: =_xlfn.XLOOKUP(C18,Tab_Def_Flows[Name(EN)],Tab_Def_Flows[DM?],,0,) -> Yes | L18: =_xlfn.XLOOKUP(C18,Tab_Def_Flows[Name(EN)],Tab_Def_Flows[CC?],,0,) -> Yes | M18: 1936 | O18: 25.8 | P18: Mg | R18: =INDEX(Tab_WC_DM_CC[[Flow_ID]:[CC_source]],MATCH(Tab_Data_Flows[[#This Row],[Name(EN)]],Tab_WC_DM_CC[Name(EN)],0),12) -> #N/A | S18: =MATCH(Tab_Data_Flows[[#This Row],[Name(EN)]],Tab_WC_DM_CC[Name(EN)],0) -> #N/A | X18: No | AA18: =IF(X18="no",O18,O18*Y18) -> 25.8 | AB18: Mg | AC18: =INDEX(Tab_Def_Flows[[Flow_ID]:[CC_DM_source]],MATCH(Tab_Data_Flows[[#This Row],[Name(EN)]],Tab_Def_Flows[Name(EN)],0),14) -> 0 | AD18: =IF(J18="Yes",AA18*Tab_Data_Flows[[#This Row],[WC_'[%']]],"N.A.") -> 0 | AE18: =Tab_Data_Flows[[#This Row],[UoM_Flow_Py]] -> Mg | AF18: =INDEX(Tab_Def_Flows[[Flow_ID]:[CC_DM_source]],MATCH(Tab_Data_Flows[[#This Row],[Name(EN)]],Tab_Def_Flows[Name(EN)],0),16) -> 1 | AG18: =IF(K18="Yes",AF18*Tab_Data_Flows[[#This Row],[Flow_Py]],"N.A.") -> 25.8 | AH18: =Tab_Data_Flows[[#This Row],[UoM_Flow_Py]] -> Mg | AI18: =INDEX(Tab_Def_Flows[[Flow_ID]:[CC_DM_source]],MATCH(Tab_Data_Flows[[#This Row],[Name(EN)]],Tab_Def_Flows[Name(EN)],0),18) -> 0.5 | AJ18: =IF(L18="Yes",AI18*Tab_Data_Flows[[#This Row],[Flow_Py]]*Tab_Data_Flows[[#This Row],[DM_'[%']]],"N.A.") -> 12.9 | AK18: =Tab_Data_Flows[[#This Row],[UoM_Flow_Py]] -> Mg
... A28: =ROW()-1 -> 27 | B28: =_xlfn.XLOOKUP(C28,Tab_Def_Flows[Name(EN)],Tab_Def_Flows[Flow_ID],,0,) -> F_00_01 | C28: Wood | D28: =_xlfn.XLOOKUP(C28,Tab_Def_Flows[Name(EN)],Tab_Def_Flows[Type_Biomass],,0,) -> 0 | E28: =_xlfn.XLOOKUP(C28,Tab_Def_Flows[Name(EN)],Tab_Def_Flows[Output_Process],,0,) -> Biosphere | F28: =_xlfn.XLOOKUP(C28,Tab_Def_Flows[Name(EN)],Tab_Def_Flows[Process_ID_O],,0,) -> 00_Bio_ | G28: =_xlfn.XLOOKUP(C28,Tab_Def_Flows[Name(EN)],Tab_Def_Flows[Input_Process],,0,) -> Raw Material Extraction | H28: =_xlfn.XLOOKUP(C28,Tab_Def_Flows[Name(EN)],Tab_Def_Flows[Process_ID_I],,0,) -> 01_Raw_ | I28: =_xlfn.XLOOKUP(C28,Tab_Def_Flows[Name(EN)],Tab_Def_Flows[Value_Source],,0,) -> 0 | J28: =_xlfn.XLOOKUP(C28,Tab_Def_Flows[Name(EN)],Tab_Def_Flows[WC?],,0,) -> Yes | K28: =_xlfn.XLOOKUP(C28,Tab_Def_Flows[Name(EN)],Tab_Def_Flows[DM?],,0,) -> Yes | L28: =_xlfn.XLOOKUP(C28,Tab_Def_Flows[Name(EN)],Tab_Def_Flows[CC?],,0,) -> Yes | M28: 1946 | O28: 90 | P28: Mg | R28: =INDEX(Tab_WC_DM_CC[[Flow_ID]:[CC_source]],MATCH(Tab_Data_Flows[[#This Row],[Name(EN)]],Tab_WC_DM_CC[Name(EN)],0),12) -> #N/A | S28: =MATCH(Tab_Data_Flows[[#This Row],[Name(EN)]],Tab_WC_DM_CC[Name(EN)],0) -> #N/A | X28: No | AA28: =IF(X28="no",O28,O28*Y28) -> 90 | AB28: Mg | AC28: =INDEX(Tab_Def_Flows[[Flow_ID]:[CC_DM_source]],MATCH(Tab_Data_Flows[[#This Row],[Name(EN)]],Tab_Def_Flows[Name(EN)],0),14) -> 0 | AD28: =IF(J28="Yes",AA28*Tab_Data_Flows[[#This Row],[WC_'[%']]],"N.A.") -> 0 | AE28: =Tab_Data_Flows[[#This Row],[UoM_Flow_Py]] -> Mg | AF28: =INDEX(Tab_Def_Flows[[Flow_ID]:[CC_DM_source]],MATCH(Tab_Data_Flows[[#This Row],[Name(EN)]],Tab_Def_Flows[Name(EN)],0),16) -> 1 | AG28: =IF(K28="Yes",AF28*Tab_Data_Flows[[#This Row],[Flow_Py]],"N.A.") -> 90 | AH28: =Tab_Data_Flows[[#This Row],[UoM_Flow_Py]] -> Mg | AI28: =INDEX(Tab_Def_Flows[[Flow_ID]:[CC_DM_source]],MATCH(Tab_Data_Flows[[#This Row],[Name(EN)]],Tab_Def_Flows[Name(EN)],0),18) -> 0.5 | AJ28: =IF(L28="Yes",AI28*Tab_Data_Flows[[#This Row],[Flow_Py]]*Tab_Data_Flows[[#This Row],[DM_'[%']]],"N.A.") -> 45 | AK28: =Tab_Data_Flows[[#This Row],[UoM_Flow_Py]] -> Mg
A29: =ROW()-1 -> 28 | B29: =_xlfn.XLOOKUP(C29,Tab_Def_Flows[Name(EN)],Tab_Def_Flows[Flow_ID],,0,) -> F_00_01 | C29: Wood | D29: =_xlfn.XLOOKUP(C29,Tab_Def_Flows[Name(EN)],Tab_Def_Flows[Type_Biomass],,0,) -> 0 | E29: =_xlfn.XLOOKUP(C29,Tab_Def_Flows[Name(EN)],Tab_Def_Flows[Output_Process],,0,) -> Biosphere | F29: =_xlfn.XLOOKUP(C29,Tab_Def_Flows[Name(EN)],Tab_Def_Flows[Process_ID_O],,0,) -> 00_Bio_ | G29: =_xlfn.XLOOKUP(C29,Tab_Def_Flows[Name(EN)],Tab_Def_Flows[Input_Process],,0,) -> Raw Material Extraction | H29: =_xlfn.XLOOKUP(C29,Tab_Def_Flows[Name(EN)],Tab_Def_Flows[Process_ID_I],,0,) -> 01_Raw_ | I29: =_xlfn.XLOOKUP(C29,Tab_Def_Flows[Name(EN)],Tab_Def_Flows[Value_Source],,0,) -> 0 | J29: =_xlfn.XLOOKUP(C29,Tab_Def_Flows[Name(EN)],Tab_Def_Flows[WC?],,0,) -> Yes | K29: =_xlfn.XLOOKUP(C29,Tab_Def_Flows[Name(EN)],Tab_Def_Flows[DM?],,0,) -> Yes | L29: =_xlfn.XLOOKUP(C29,Tab_Def_Flows[Name(EN)],Tab_Def_Flows[CC?],,0,) -> Yes | M29: 1947 | O29: 109.2 | P29: Mg | X29: No | AA29: =IF(X29="no",O29,O29*Y29) -> 109.2 | AB29: Mg | AC29: =INDEX(Tab_Def_Flows[[Flow_ID]:[CC_DM_source]],MATCH(Tab_Data_Flows[[#This Row],[Name(EN)]],Tab_Def_Flows[Name(EN)],0),14) -> 0 | AD29: =IF(J29="Yes",AA29*Tab_Data_Flows[[#This Row],[WC_'[%']]],"N.A.") -> 0 | AE29: =Tab_Data_Flows[[#This Row],[UoM_Flow_Py]] -> Mg | AF29: =INDEX(Tab_Def_Flows[[Flow_ID]:[CC_DM_source]],MATCH(Tab_Data_Flows[[#This Row],[Name(EN)]],Tab_Def_Flows[Name(EN)],0),16) -> 1 | AG29: =IF(K29="Yes",AF29*Tab_Data_Flows[[#This Row],[Flow_Py]],"N.A.") -> 109.2 | AH29: =Tab_Data_Flows[[#This Row],[UoM_Flow_Py]] -> Mg | AI29: =INDEX(Tab_Def_Flows[[Flow_ID]:[CC_DM_source]],MATCH(Tab_Data_Flows[[#This Row],[Name(EN)]],Tab_Def_Flows[Name(EN)],0),18) -> 0.5 | AJ29: =IF(L29="Yes",AI29*Tab_Data_Flows[[#This Row],[Flow_Py]]*Tab_Data_Flows[[#This Row],[DM_'[%']]],"N.A.") -> 54.6 | AK29: =Tab_Data_Flows[[#This Row],[UoM_Flow_Py]] -> Mg
A30: =ROW()-1 -> 29 | B30: =_xlfn.XLOOKUP(C30,Tab_Def_Flows[Name(EN)],Tab_Def_Flows[Flow_ID],,0,) -> F_00_01 | C30: Wood | D30: =_xlfn.XLOOKUP(C30,Tab_Def_Flows[Name(EN)],Tab_Def_Flows[Type_Biomass],,0,) -> 0 | E30: =_xlfn.XLOOKUP(C30,Tab_Def_Flows[Name(EN)],Tab_Def_Flows[Output_Process],,0,) -> Biosphere | F30: =_xlfn.XLOOKUP(C30,Tab_Def_Flows[Name(EN)],Tab_Def_Flows[Process_ID_O],,0,) -> 00_Bio_ | G30: =_xlfn.XLOOKUP(C30,Tab_Def_Flows[Name(EN)],Tab_Def_Flows[Input_Process],,0,) -> Raw Material Extraction | H30: =_xlfn.XLOOKUP(C30,Tab_Def_Flows[Name(EN)],Tab_Def_Flows[Process_ID_I],,0,) -> 01_Raw_ | I30: =_xlfn.XLOOKUP(C30,Tab_Def_Flows[Name(EN)],Tab_Def_Flows[Value_Source],,0,) -> 0 | J30: =_xlfn.XLOOKUP(C30,Tab_Def_Flows[Name(EN)],Tab_Def_Flows[WC?],,0,) -> Yes | K30: =_xlfn.XLOOKUP(C30,Tab_Def_Flows[Name(EN)],Tab_Def_Flows[DM?],,0,) -> Yes | L30: =_xlfn.XLOOKUP(C30,Tab_Def_Flows[Name(EN)],Tab_Def_Flows[CC?],,0,) -> Yes | M30: 1948 | O30: 141.4 | P30: Mg | X30: No | AA30: =IF(X30="no",O30,O30*Y30) -> 141.4 | AB30: Mg | AC30: =INDEX(Tab_Def_Flows[[Flow_ID]:[CC_DM_source]],MATCH(Tab_Data_Flows[[#This Row],[Name(EN)]],Tab_Def_Flows[Name(EN)],0),14) -> 0 | AD30: =IF(J30="Yes",AA30*Tab_Data_Flows[[#This Row],[WC_'[%']]],"N.A.") -> 0 | AE30: =Tab_Data_Flows[[#This Row],[UoM_Flow_Py]] -> Mg | AF30: =INDEX(Tab_Def_Flows[[Flow_ID]:[CC_DM_source]],MATCH(Tab_Data_Flows[[#This Row],[Name(EN)]],Tab_Def_Flows[Name(EN)],0),16) -> 1 | AG30: =IF(K30="Yes",AF30*Tab_Data_Flows[[#This Row],[Flow_Py]],"N.A.") -> 141.4 | AH30: =Tab_Data_Flows[[#This Row],[UoM_Flow_Py]] -> Mg | AI30: =INDEX(Tab_Def_Flows[[Flow_ID]:[CC_DM_source]],MATCH(Tab_Data_Flows[[#This Row],[Name(EN)]],Tab_Def_Flows[Name(EN)],0),18) -> 0.5 | AJ30: =IF(L30="Yes",AI30*Tab_Data_Flows[[#This Row],[Flow_Py]]*Tab_Data_Flows[[#This Row],[DM_'[%']]],"N.A.") -> 70.7 | AK30: =Tab_Data_Flows[[#This Row],[UoM_Flow_Py]] -> Mg
A31: =ROW()-1 -> 30 | B31: =_xlfn.XLOOKUP(C31,Tab_Def_Flows[Name(EN)],Tab_Def_Flows[Flow_ID],,0,) -> F_00_01 | C31: Wood | D31: =_xlfn.XLOOKUP(C31,Tab_Def_Flows[Name(EN)],Tab_Def_Flows[Type_Biomass],,0,) -> 0 | E31: =_xlfn.XLOOKUP(C31,Tab_Def_Flows[Name(EN)],Tab_Def_Flows[Output_Process],,0,) -> Biosphere | F31: =_xlfn.XLOOKUP(C31,Tab_Def_Flows[Name(EN)],Tab_Def_Flows[Process_ID_O],,0,) -> 00_Bio_ | G31: =_xlfn.XLOOKUP(C31,Tab_Def_Flows[Name(EN)],Tab_Def_Flows[Input_Process],,0,) -> Raw Material Extraction | H31: =_xlfn.XLOOKUP(C31,Tab_Def_Flows[Name(EN)],Tab_Def_Flows[Process_ID_I],,0,) -> 01_Raw_ | I31: =_xlfn.XLOOKUP(C31,Tab_Def_Flows[Name(EN)],Tab_Def_Flows[Value_Source],,0,) -> 0 | J31: =_xlfn.XLOOKUP(C31,Tab_Def_Flows[Name(EN)],Tab_Def_Flows[WC?],,0,) -> Yes | K31: =_xlfn.XLOOKUP(C31,Tab_Def_Flows[Name(EN)],Tab_Def_Flows[DM?],,0,) -> Yes | L31: =_xlfn.XLOOKUP(C31,Tab_Def_Flows[Name(EN)],Tab_Def_Flows[CC?],,0,) -> Yes | M31: 1949 | O31: 115.8 | P31: Mg | X31: No | AA31: =IF(X31="no",O31,O31*Y31) -> 115.8 | AB31: Mg | AC31: =INDEX(Tab_Def_Flows[[Flow_ID]:[CC_DM_source]],MATCH(Tab_Data_Flows[[#This Row],[Name(EN)]],Tab_Def_Flows[Name(EN)],0),14) -> 0 | AD31: =IF(J31="Yes",AA31*Tab_Data_Flows[[#This Row],[WC_'[%']]],"N.A.") -> 0 | AE31: =Tab_Data_Flows[[#This Row],[UoM_Flow_Py]] -> Mg | AF31: =INDEX(Tab_Def_Flows[[Flow_ID]:[CC_DM_source]],MATCH(Tab_Data_Flows[[#This Row],[Name(EN)]],Tab_Def_Flows[Name(EN)],0),16) -> 1 | AG31: =IF(K31="Yes",AF31*Tab_Data_Flows[[#This Row],[Flow_Py]],"N.A.") -> 115.8 | AH31: =Tab_Data_Flows[[#This Row],[UoM_Flow_Py]] -> Mg | AI31: =INDEX(Tab_Def_Flows[[Flow_ID]:[CC_DM_source]],MATCH(Tab_Data_Flows[[#This Row],[Name(EN)]],Tab_Def_Flows[Name(EN)],0),18) -> 0.5 | AJ31: =IF(L31="Yes",AI31*Tab_Data_Flows[[#This Row],[Flow_Py]]*Tab_Data_Flows[[#This Row],[DM_'[%']]],"N.A.") -> 57.9 | AK31: =Tab_Data_Flows[[#This Row],[UoM_Flow_Py]] -> Mg
A32: =ROW()-1 -> 31 | B32: =_xlfn.XLOOKUP(C32,Tab_Def_Flows[Name(EN)],Tab_Def_Flows[Flow_ID],,0,) -> F_00_01 | C32: Wood | D32: =_xlfn.XLOOKUP(C32,Tab_Def_Flows[Name(EN)],Tab_Def_Flows[Type_Biomass],,0,) -> 0 | E32: =_xlfn.XLOOKUP(C32,Tab_Def_Flows[Name(EN)],Tab_Def_Flows[Output_Process],,0,) -> Biosphere | F32: =_xlfn.XLOOKUP(C32,Tab_Def_Flows[Name(EN)],Tab_Def_Flows[Process_ID_O],,0,) -> 00_Bio_ | G32: =_xlfn.XLOOKUP(C32,Tab_Def_Flows[Name(EN)],Tab_Def_Flows[Input_Process],,0,) -> Raw Material Extraction | H32: =_xlfn.XLOOKUP(C32,Tab_Def_Flows[Name(EN)],Tab_Def_Flows[Process_ID_I],,0,) -> 01_Raw_ | I32: =_xlfn.XLOOKUP(C32,Tab_Def_Flows[Name(EN)],Tab_Def_Flows[Value_Source],,0,) -> 0 | J32: =_xlfn.XLOOKUP(C32,Tab_Def_Flows[Name(EN)],Tab_Def_Flows[WC?],,0,) -> Yes | K32: =_xlfn.XLOOKUP(C32,Tab_Def_Flows[Name(EN)],Tab_Def_Flows[DM?],,0,) -> Yes | L32: =_xlfn.XLOOKUP(C32,Tab_Def_Flows[Name(EN)],Tab_Def_Flows[CC?],,0,) -> Yes | M32: 1950 | O32: 77.2 | P32: Mg | X32: No | AA32: =IF(X32="no",O32,O32*Y32) -> 77.2 | AB32: Mg | AC32: =INDEX(Tab_Def_Flows[[Flow_ID]:[CC_DM_source]],MATCH(Tab_Data_Flows[[#This Row],[Name(EN)]],Tab_Def_Flows[Name(EN)],0),14) -> 0 | AD32: =IF(J32="Yes",AA32*Tab_Data_Flows[[#This Row],[WC_'[%']]],"N.A.") -> 0 | AE32: =Tab_Data_Flows[[#This Row],[UoM_Flow_Py]] -> Mg | AF32: =INDEX(Tab_Def_Flows[[Flow_ID]:[CC_DM_source]],MATCH(Tab_Data_Flows[[#This Row],[Name(EN)]],Tab_Def_Flows[Name(EN)],0),16) -> 1 | AG32: =IF(K32="Yes",AF32*Tab_Data_Flows[[#This Row],[Flow_Py]],"N.A.") -> 77.2 | AH32: =Tab_Data_Flows[[#This Row],[UoM_Flow_Py]] -> Mg | AI32: =INDEX(Tab_Def_Flows[[Flow_ID]:[CC_DM_source]],MATCH(Tab_Data_Flows[[#This Row],[Name(EN)]],Tab_Def_Flows[Name(EN)],0),18) -> 0.5 | AJ32: =IF(L32="Yes",AI32*Tab_Data_Flows[[#This Row],[Flow_Py]]*Tab_Data_Flows[[#This Row],[DM_'[%']]],"N.A.") -> 38.6 | AK32: =Tab_Data_Flows[[#This Row],[UoM_Flow_Py]] -> Mg
A33: =ROW()-1 -> 32 | B33: =_xlfn.XLOOKUP(C33,Tab_Def_Flows[Name(EN)],Tab_Def_Flows[Flow_ID],,0,) -> F_00_01 | C33: Wood | D33: =_xlfn.XLOOKUP(C33,Tab_Def_Flows[Name(EN)],Tab_Def_Flows[Type_Biomass],,0,) -> 0 | E33: =_xlfn.XLOOKUP(C33,Tab_Def_Flows[Name(EN)],Tab_Def_Flows[Output_Process],,0,) -> Biosphere | F33: =_xlfn.XLOOKUP(C33,Tab_Def_Flows[Name(EN)],Tab_Def_Flows[Process_ID_O],,0,) -> 00_Bio_ | G33: =_xlfn.XLOOKUP(C33,Tab_Def_Flows[Name(EN)],Tab_Def_Flows[Input_Process],,0,) -> Raw Material Extraction | H33: =_xlfn.XLOOKUP(C33,Tab_Def_Flows[Name(EN)],Tab_Def_Flows[Process_ID_I],,0,) -> 01_Raw_ | I33: =_xlfn.XLOOKUP(C33,Tab_Def_Flows[Name(EN)],Tab_Def_Flows[Value_Source],,0,) -> 0 | J33: =_xlfn.XLOOKUP(C33,Tab_Def_Flows[Name(EN)],Tab_Def_Flows[WC?],,0,) -> Yes | K33: =_xlfn.XLOOKUP(C33,Tab_Def_Flows[Name(EN)],Tab_Def_Flows[DM?],,0,) -> Yes | L33: =_xlfn.XLOOKUP(C33,Tab_Def_Flows[Name(EN)],Tab_Def_Flows[CC?],,0,) -> Yes | M33: 1951 | O33: 77.2 | P33: Mg | X33: No | AA33: =IF(X33="no",O33,O33*Y33) -> 77.2 | AB33: Mg | AC33: =INDEX(Tab_Def_Flows[[Flow_ID]:[CC_DM_source]],MATCH(Tab_Data_Flows[[#This Row],[Name(EN)]],Tab_Def_Flows[Name(EN)],0),14) -> 0 | AD33: =IF(J33="Yes",AA33*Tab_Data_Flows[[#This Row],[WC_'[%']]],"N.A.") -> 0 | AE33: =Tab_Data_Flows[[#This Row],[UoM_Flow_Py]] -> Mg | AF33: =INDEX(Tab_Def_Flows[[Flow_ID]:[CC_DM_source]],MATCH(Tab_Data_Flows[[#This Row],[Name(EN)]],Tab_Def_Flows[Name(EN)],0),16) -> 1 | AG33: =IF(K33="Yes",AF33*Tab_Data_Flows[[#This Row],[Flow_Py]],"N.A.") -> 77.2 | AH33: =Tab_Data_Flows[[#This Row],[UoM_Flow_Py]] -> Mg | AI33: =INDEX(Tab_Def_Flows[[Flow_ID]:[CC_DM_source]],MATCH(Tab_Data_Flows[[#This Row],[Name(EN)]],Tab_Def_Flows[Name(EN)],0),18) -> 0.5 | AJ33: =IF(L33="Yes",AI33*Tab_Data_Flows[[#This Row],[Flow_Py]]*Tab_Data_Flows[[#This Row],[DM_'[%']]],"N.A.") -> 38.6 | AK33: =Tab_Data_Flows[[#This Row],[UoM_Flow_Py]] -> Mg
A34: =ROW()-1 -> 33 | B34: =_xlfn.XLOOKUP(C34,Tab_Def_Flows[Name(EN)],Tab_Def_Flows[Flow_ID],,0,) -> F_00_01 | C34: Wood | D34: =_xlfn.XLOOKUP(C34,Tab_Def_Flows[Name(EN)],Tab_Def_Flows[Type_Biomass],,0,) -> 0 | E34: =_xlfn.XLOOKUP(C34,Tab_Def_Flows[Name(EN)],Tab_Def_Flows[Output_Process],,0,) -> Biosphere | F34: =_xlfn.XLOOKUP(C34,Tab_Def_Flows[Name(EN)],Tab_Def_Flows[Process_ID_O],,0,) -> 00_Bio_ | G34: =_xlfn.XLOOKUP(C34,Tab_Def_Flows[Name(EN)],Tab_Def_Flows[Input_Process],,0,) -> Raw Material Extraction | H34: =_xlfn.XLOOKUP(C34,Tab_Def_Flows[Name(EN)],Tab_Def_Flows[Process_ID_I],,0,) -> 01_Raw_ | I34: =_xlfn.XLOOKUP(C34,Tab_Def_Flows[Name(EN)],Tab_Def_Flows[Value_Source],,0,) -> 0 | J34: =_xlfn.XLOOKUP(C34,Tab_Def_Flows[Name(EN)],Tab_Def_Flows[WC?],,0,) -> Yes | K34: =_xlfn.XLOOKUP(C34,Tab_Def_Flows[Name(EN)],Tab_Def_Flows[DM?],,0,) -> Yes | L34: =_xlfn.XLOOKUP(C34,Tab_Def_Flows[Name(EN)],Tab_Def_Flows[CC?],,0,) -> Yes | M34: 1952 | O34: 77.2 | P34: Mg | X34: No | AA34: =IF(X34="no",O34,O34*Y34) -> 77.2 | AB34: Mg | AC34: =INDEX(Tab_Def_Flows[[Flow_ID]:[CC_DM_source]],MATCH(Tab_Data_Flows[[#This Row],[Name(EN)]],Tab_Def_Flows[Name(EN)],0),14) -> 0 | AD34: =IF(J34="Yes",AA34*Tab_Data_Flows[[#This Row],[WC_'[%']]],"N.A.") -> 0 | AE34: =Tab_Data_Flows[[#This Row],[UoM_Flow_Py]] -> Mg | AF34: =INDEX(Tab_Def_Flows[[Flow_ID]:[CC_DM_source]],MATCH(Tab_Data_Flows[[#This Row],[Name(EN)]],Tab_Def_Flows[Name(EN)],0),16) -> 1 | AG34: =IF(K34="Yes",AF34*Tab_Data_Flows[[#This Row],[Flow_Py]],"N.A.") -> 77.2 | AH34: =Tab_Data_Flows[[#This Row],[UoM_Flow_Py]] -> Mg | AI34: =INDEX(Tab_Def_Flows[[Flow_ID]:[CC_DM_source]],MATCH(Tab_Data_Flows[[#This Row],[Name(EN)]],Tab_Def_Flows[Name(EN)],0),18) -> 0.5 | AJ34: =IF(L34="Yes",AI34*Tab_Data_Flows[[#This Row],[Flow_Py]]*Tab_Data_Flows[[#This Row],[DM_'[%']]],"N.A.") -> 38.6 | AK34: =Tab_Data_Flows[[#This Row],[UoM_Flow_Py]] -> Mg
A35: =ROW()-1 -> 34 | B35: =_xlfn.XLOOKUP(C35,Tab_Def_Flows[Name(EN)],Tab_Def_Flows[Flow_ID],,0,) -> F_00_01 | C35: Wood | D35: =_xlfn.XLOOKUP(C35,Tab_Def_Flows[Name(EN)],Tab_Def_Flows[Type_Biomass],,0,) -> 0 | E35: =_xlfn.XLOOKUP(C35,Tab_Def_Flows[Name(EN)],Tab_Def_Flows[Output_Process],,0,) -> Biosphere | F35: =_xlfn.XLOOKUP(C35,Tab_Def_Flows[Name(EN)],Tab_Def_Flows[Process_ID_O],,0,) -> 00_Bio_ | G35: =_xlfn.XLOOKUP(C35,Tab_Def_Flows[Name(EN)],Tab_Def_Flows[Input_Process],,0,) -> Raw Material Extraction | H35: =_xlfn.XLOOKUP(C35,Tab_Def_Flows[Name(EN)],Tab_Def_Flows[Process_ID_I],,0,) -> 01_Raw_ | I35: =_xlfn.XLOOKUP(C35,Tab_Def_Flows[Name(EN)],Tab_Def_Flows[Value_Source],,0,) -> 0 | J35: =_xlfn.XLOOKUP(C35,Tab_Def_Flows[Name(EN)],Tab_Def_Flows[WC?],,0,) -> Yes | K35: =_xlfn.XLOOKUP(C35,Tab_Def_Flows[Name(EN)],Tab_Def_Flows[DM?],,0,) -> Yes | L35: =_xlfn.XLOOKUP(C35,Tab_Def_Flows[Name(EN)],Tab_Def_Flows[CC?],,0,) -> Yes | M35: 1953 | O35: 96.4 | P35: Mg | X35: No | AA35: =IF(X35="no",O35,O35*Y35) -> 96.4 | AB35: Mg | AC35: =INDEX(Tab_Def_Flows[[Flow_ID]:[CC_DM_source]],MATCH(Tab_Data_Flows[[#This Row],[Name(EN)]],Tab_Def_Flows[Name(EN)],0),14) -> 0 | AD35: =IF(J35="Yes",AA35*Tab_Data_Flows[[#This Row],[WC_'[%']]],"N.A.") -> 0 | AE35: =Tab_Data_Flows[[#This Row],[UoM_Flow_Py]] -> Mg | AF35: =INDEX(Tab_Def_Flows[[Flow_ID]:[CC_DM_source]],MATCH(Tab_Data_Flows[[#This Row],[Name(EN)]],Tab_Def_Flows[Name(EN)],0),16) -> 1 | AG35: =IF(K35="Yes",AF35*Tab_Data_Flows[[#This Row],[Flow_Py]],"N.A.") -> 96.4 | AH35: =Tab_Data_Flows[[#This Row],[UoM_Flow_Py]] -> Mg | AI35: =INDEX(Tab_Def_Flows[[Flow_ID]:[CC_DM_source]],MATCH(Tab_Data_Flows[[#This Row],[Name(EN)]],Tab_Def_Flows[Name(EN)],0),18) -> 0.5 | AJ35: =IF(L35="Yes",AI35*Tab_Data_Flows[[#This Row],[Flow_Py]]*Tab_Data_Flows[[#This Row],[DM_'[%']]],"N.A.") -> 48.2 | AK35: =Tab_Data_Flows[[#This Row],[UoM_Flow_Py]] -> Mg
A36: =ROW()-1 -> 35 | B36: =_xlfn.XLOOKUP(C36,Tab_Def_Flows[Name(EN)],Tab_Def_Flows[Flow_ID],,0,) -> F_00_01 | C36: Wood | E36: =_xlfn.XLOOKUP(C36,Tab_Def_Flows[Name(EN)],Tab_Def_Flows[Output_Process],,0,) -> Biosphere | F36: =_xlfn.XLOOKUP(C36,Tab_Def_Flows[Name(EN)],Tab_Def_Flows[Process_ID_O],,0,) -> 00_Bio_ | G36: =_xlfn.XLOOKUP(C36,Tab_Def_Flows[Name(EN)],Tab_Def_Flows[Input_Process],,0,) -> Raw Material Extraction | H36: =_xlfn.XLOOKUP(C36,Tab_Def_Flows[Name(EN)],Tab_Def_Flows[Process_ID_I],,0,) -> 01_Raw_ | I36: =_xlfn.XLOOKUP(C36,Tab_Def_Flows[Name(EN)],Tab_Def_Flows[Value_Source],,0,) -> 0 | J36: =_xlfn.XLOOKUP(C36,Tab_Def_Flows[Name(EN)],Tab_Def_Flows[WC?],,0,) -> Yes | K36: =_xlfn.XLOOKUP(C36,Tab_Def_Flows[Name(EN)],Tab_Def_Flows[DM?],,0,) -> Yes | L36: =_xlfn.XLOOKUP(C36,Tab_Def_Flows[Name(EN)],Tab_Def_Flows[CC?],,0,) -> Yes | M36: 1954 | O36: 90 | P36: Mg | R36: =INDEX(Tab_WC_DM_CC[[Flow_ID]:[CC_source]],MATCH(Tab_Data_Flows[[#This Row],[Name(EN)]],Tab_WC_DM_CC[Name(EN)],0),12) -> #N/A | S36: =MATCH(Tab_Data_Flows[[#This Row],[Name(EN)]],Tab_WC_DM_CC[Name(EN)],0) -> #N/A | X36: No | AA36: =IF(X36="no",O36,O36*Y36) -> 90 | AB36: Mg | AC36: =INDEX(Tab_Def_Flows[[Flow_ID]:[CC_DM_source]],MATCH(Tab_Data_Flows[[#This Row],[Name(EN)]],Tab_Def_Flows[Name(EN)],0),14) -> 0 | AD36: =IF(J36="Yes",AA36*Tab_Data_Flows[[#This Row],[WC_'[%']]],"N.A.") -> 0 | AE36: =Tab_Data_Flows[[#This Row],[UoM_Flow_Py]] -> Mg | AF36: =INDEX(Tab_Def_Flows[[Flow_ID]:[CC_DM_source]],MATCH(Tab_Data_Flows[[#This Row],[Name(EN)]],Tab_Def_Flows[Name(EN)],0),16) -> 1 | AG36: =IF(K36="Yes",AF36*Tab_Data_Flows[[#This Row],[Flow_Py]],"N.A.") -> 90 | AH36: =Tab_Data_Flows[[#This Row],[UoM_Flow_Py]] -> Mg | AI36: =INDEX(Tab_Def_Flows[[Flow_ID]:[CC_DM_source]],MATCH(Tab_Data_Flows[[#This Row],[Name(EN)]],Tab_Def_Flows[Name(EN)],0),18) -> 0.5 | AJ36: =IF(L36="Yes",AI36*Tab_Data_Flows[[#This Row],[Flow_Py]]*Tab_Data_Flows[[#This Row],[DM_'[%']]],"N.A.") -> 45 | AK36: =Tab_Data_Flows[[#This Row],[UoM_Flow_Py]] -> Mg
A37: =ROW()-1 -> 36 | B37: =_xlfn.XLOOKUP(C37,Tab_Def_Flows[Name(EN)],Tab_Def_Flows[Flow_ID],,0,) -> F_00_01 | C37: Wood | E37: =_xlfn.XLOOKUP(C37,Tab_Def_Flows[Name(EN)],Tab_Def_Flows[Output_Process],,0,) -> Biosphere | F37: =_xlfn.XLOOKUP(C37,Tab_Def_Flows[Name(EN)],Tab_Def_Flows[Process_ID_O],,0,) -> 00_Bio_ | G37: =_xlfn.XLOOKUP(C37,Tab_Def_Flows[Name(EN)],Tab_Def_Flows[Input_Process],,0,) -> Raw Material Extraction | H37: =_xlfn.XLOOKUP(C37,Tab_Def_Flows[Name(EN)],Tab_Def_Flows[Process_ID_I],,0,) -> 01_Raw_ | I37: =_xlfn.XLOOKUP(C37,Tab_Def_Flows[Name(EN)],Tab_Def_Flows[Value_Source],,0,) -> 0 | J37: =_xlfn.XLOOKUP(C37,Tab_Def_Flows[Name(EN)],Tab_Def_Flows[WC?],,0,) -> Yes | K37: =_xlfn.XLOOKUP(C37,Tab_Def_Flows[Name(EN)],Tab_Def_Flows[DM?],,0,) -> Yes | L37: =_xlfn.XLOOKUP(C37,Tab_Def_Flows[Name(EN)],Tab_Def_Flows[CC?],,0,) -> Yes | M37: 1955 | O37: 96.4 | P37: Mg | R37: =INDEX(Tab_WC_DM_CC[[Flow_ID]:[CC_source]],MATCH(Tab_Data_Flows[[#This Row],[Name(EN)]],Tab_WC_DM_CC[Name(EN)],0),12) -> #N/A | S37: =MATCH(Tab_Data_Flows[[#This Row],[Name(EN)]],Tab_WC_DM_CC[Name(EN)],0) -> #N/A | X37: No | AA37: =IF(X37="no",O37,O37*Y37) -> 96.4 | AB37: Mg | AC37: =INDEX(Tab_Def_Flows[[Flow_ID]:[CC_DM_source]],MATCH(Tab_Data_Flows[[#This Row],[Name(EN)]],Tab_Def_Flows[Name(EN)],0),14) -> 0 | AD37: =IF(J37="Yes",AA37*Tab_Data_Flows[[#This Row],[WC_'[%']]],"N.A.") -> 0 | AE37: =Tab_Data_Flows[[#This Row],[UoM_Flow_Py]] -> Mg | AF37: =INDEX(Tab_Def_Flows[[Flow_ID]:[CC_DM_source]],MATCH(Tab_Data_Flows[[#This Row],[Name(EN)]],Tab_Def_Flows[Name(EN)],0),16) -> 1 | AG37: =IF(K37="Yes",AF37*Tab_Data_Flows[[#This Row],[Flow_Py]],"N.A.") -> 96.4 | AH37: =Tab_Data_Flows[[#This Row],[UoM_Flow_Py]] -> Mg | AI37: =INDEX(Tab_Def_Flows[[Flow_ID]:[CC_DM_source]],MATCH(Tab_Data_Flows[[#This Row],[Name(EN)]],Tab_Def_Flows[Name(EN)],0),18) -> 0.5 | AJ37: =IF(L37="Yes",AI37*Tab_Data_Flows[[#This Row],[Flow_Py]]*Tab_Data_Flows[[#This Row],[DM_'[%']]],"N.A.") -> 48.2 | AK37: =Tab_Data_Flows[[#This Row],[UoM_Flow_Py]] -> Mg
A38: =ROW()-1 -> 37 | B38: =_xlfn.XLOOKUP(C38,Tab_Def_Flows[Name(EN)],Tab_Def_Flows[Flow_ID],,0,) -> F_00_01 | C38: Wood | E38: =_xlfn.XLOOKUP(C38,Tab_Def_Flows[Name(EN)],Tab_Def_Flows[Output_Process],,0,) -> Biosphere | F38: =_xlfn.XLOOKUP(C38,Tab_Def_Flows[Name(EN)],Tab_Def_Flows[Process_ID_O],,0,) -> 00_Bio_ | G38: =_xlfn.XLOOKUP(C38,Tab_Def_Flows[Name(EN)],Tab_Def_Flows[Input_Process],,0,) -> Raw Material Extraction | H38: =_xlfn.XLOOKUP(C38,Tab_Def_Flows[Name(EN)],Tab_Def_Flows[Process_ID_I],,0,) -> 01_Raw_ | I38: =_xlfn.XLOOKUP(C38,Tab_Def_Flows[Name(EN)],Tab_Def_Flows[Value_Source],,0,) -> 0 | J38: =_xlfn.XLOOKUP(C38,Tab_Def_Flows[Name(EN)],Tab_Def_Flows[WC?],,0,) -> Yes | K38: =_xlfn.XLOOKUP(C38,Tab_Def_Flows[Name(EN)],Tab_Def_Flows[DM?],,0,) -> Yes | L38: =_xlfn.XLOOKUP(C38,Tab_Def_Flows[Name(EN)],Tab_Def_Flows[CC?],,0,) -> Yes | M38: 1956 | O38: 38.6 | P38: Mg | R38: =INDEX(Tab_WC_DM_CC[[Flow_ID]:[CC_source]],MATCH(Tab_Data_Flows[[#This Row],[Name(EN)]],Tab_WC_DM_CC[Name(EN)],0),12) -> #N/A | S38: =MATCH(Tab_Data_Flows[[#This Row],[Name(EN)]],Tab_WC_DM_CC[Name(EN)],0) -> #N/A | X38: No | AA38: =IF(X38="no",O38,O38*Y38) -> 38.6 | AB38: Mg | AC38: =INDEX(Tab_Def_Flows[[Flow_ID]:[CC_DM_source]],MATCH(Tab_Data_Flows[[#This Row],[Name(EN)]],Tab_Def_Flows[Name(EN)],0),14) -> 0 | AD38: =IF(J38="Yes",AA38*Tab_Data_Flows[[#This Row],[WC_'[%']]],"N.A.") -> 0 | AE38: =Tab_Data_Flows[[#This Row],[UoM_Flow_Py]] -> Mg | AF38: =INDEX(Tab_Def_Flows[[Flow_ID]:[CC_DM_source]],MATCH(Tab_Data_Flows[[#This Row],[Name(EN)]],Tab_Def_Flows[Name(EN)],0),16) -> 1 | AG38: =IF(K38="Yes",AF38*Tab_Data_Flows[[#This Row],[Flow_Py]],"N.A.") -> 38.6 | AH38: =Tab_Data_Flows[[#This Row],[UoM_Flow_Py]] -> Mg | AI38: =INDEX(Tab_Def_Flows[[Flow_ID]:[CC_DM_source]],MATCH(Tab_Data_Flows[[#This Row],[Name(EN)]],Tab_Def_Flows[Name(EN)],0),18) -> 0.5 | AJ38: =IF(L38="Yes",AI38*Tab_Data_Flows[[#This Row],[Flow_Py]]*Tab_Data_Flows[[#This Row],[DM_'[%']]],"N.A.") -> 19.3 | AK38: =Tab_Data_Flows[[#This Row],[UoM_Flow_Py]] -> Mg
A39: =ROW()-1 -> 38 | B39: =_xlfn.XLOOKUP(C39,Tab_Def_Flows[Name(EN)],Tab_Def_Flows[Flow_ID],,0,) -> F_00_01 | C39: Wood | E39: =_xlfn.XLOOKUP(C39,Tab_Def_Flows[Name(EN)],Tab_Def_Flows[Output_Process],,0,) -> Biosphere | F39: =_xlfn.XLOOKUP(C39,Tab_Def_Flows[Name(EN)],Tab_Def_Flows[Process_ID_O],,0,) -> 00_Bio_ | G39: =_xlfn.XLOOKUP(C39,Tab_Def_Flows[Name(EN)],Tab_Def_Flows[Input_Process],,0,) -> Raw Material Extraction | H39: =_xlfn.XLOOKUP(C39,Tab_Def_Flows[Name(EN)],Tab_Def_Flows[Process_ID_I],,0,) -> 01_Raw_ | I39: =_xlfn.XLOOKUP(C39,Tab_Def_Flows[Name(EN)],Tab_Def_Flows[Value_Source],,0,) -> 0 | J39: =_xlfn.XLOOKUP(C39,Tab_Def_Flows[Name(EN)],Tab_Def_Flows[WC?],,0,) -> Yes | K39: =_xlfn.XLOOKUP(C39,Tab_Def_Flows[Name(EN)],Tab_Def_Flows[DM?],,0,) -> Yes | L39: =_xlfn.XLOOKUP(C39,Tab_Def_Flows[Name(EN)],Tab_Def_Flows[CC?],,0,) -> Yes | M39: 1957 | O39: 38.6 | P39: Mg | R39: =INDEX(Tab_WC_DM_CC[[Flow_ID]:[CC_source]],MATCH(Tab_Data_Flows[[#This Row],[Name(EN)]],Tab_WC_DM_CC[Name(EN)],0),12) -> #N/A | S39: =MATCH(Tab_Data_Flows[[#This Row],[Name(EN)]],Tab_WC_DM_CC[Name(EN)],0) -> #N/A | X39: No | AA39: =IF(X39="no",O39,O39*Y39) -> 38.6 | AB39: Mg | AC39: =INDEX(Tab_Def_Flows[[Flow_ID]:[CC_DM_source]],MATCH(Tab_Data_Flows[[#This Row],[Name(EN)]],Tab_Def_Flows[Name(EN)],0),14) -> 0 | AD39: =IF(J39="Yes",AA39*Tab_Data_Flows[[#This Row],[WC_'[%']]],"N.A.") -> 0 | AE39: =Tab_Data_Flows[[#This Row],[UoM_Flow_Py]] -> Mg | AF39: =INDEX(Tab_Def_Flows[[Flow_ID]:[CC_DM_source]],MATCH(Tab_Data_Flows[[#This Row],[Name(EN)]],Tab_Def_Flows[Name(EN)],0),16) -> 1 | AG39: =IF(K39="Yes",AF39*Tab_Data_Flows[[#This Row],[Flow_Py]],"N.A.") -> 38.6 | AH39: =Tab_Data_Flows[[#This Row],[UoM_Flow_Py]] -> Mg | AI39: =INDEX(Tab_Def_Flows[[Flow_ID]:[CC_DM_source]],MATCH(Tab_Data_Flows[[#This Row],[Name(EN)]],Tab_Def_Flows[Name(EN)],0),18) -> 0.5 | AJ39: =IF(L39="Yes",AI39*Tab_Data_Flows[[#This Row],[Flow_Py]]*Tab_Data_Flows[[#This Row],[DM_'[%']]],"N.A.") -> 19.3 | AK39: =Tab_Data_Flows[[#This Row],[UoM_Flow_Py]] -> Mg
A40: =ROW()-1 -> 39 | B40: =_xlfn.XLOOKUP(C40,Tab_Def_Flows[Name(EN)],Tab_Def_Flows[Flow_ID],,0,) -> F_00_01 | C40: Wood | E40: =_xlfn.XLOOKUP(C40,Tab_Def_Flows[Name(EN)],Tab_Def_Flows[Output_Process],,0,) -> Biosphere | F40: =_xlfn.XLOOKUP(C40,Tab_Def_Flows[Name(EN)],Tab_Def_Flows[Process_ID_O],,0,) -> 00_Bio_ | G40: =_xlfn.XLOOKUP(C40,Tab_Def_Flows[Name(EN)],Tab_Def_Flows[Input_Process],,0,) -> Raw Material Extraction | H40: =_xlfn.XLOOKUP(C40,Tab_Def_Flows[Name(EN)],Tab_Def_Flows[Process_ID_I],,0,) -> 01_Raw_ | I40: =_xlfn.XLOOKUP(C40,Tab_Def_Flows[Name(EN)],Tab_Def_Flows[Value_Source],,0,) -> 0 | J40: =_xlfn.XLOOKUP(C40,Tab_Def_Flows[Name(EN)],Tab_Def_Flows[WC?],,0,) -> Yes | K40: =_xlfn.XLOOKUP(C40,Tab_Def_Flows[Name(EN)],Tab_Def_Flows[DM?],,0,) -> Yes | L40: =_xlfn.XLOOKUP(C40,Tab_Def_Flows[Name(EN)],Tab_Def_Flows[CC?],,0,) -> Yes | M40: 1958 | O40: 51.4 | P40: Mg | R40: =INDEX(Tab_WC_DM_CC[[Flow_ID]:[CC_source]],MATCH(Tab_Data_Flows[[#This Row],[Name(EN)]],Tab_WC_DM_CC[Name(EN)],0),12) -> #N/A | S40: =MATCH(Tab_Data_Flows[[#This Row],[Name(EN)]],Tab_WC_DM_CC[Name(EN)],0) -> #N/A | X40: No | AA40: =IF(X40="no",O40,O40*Y40) -> 51.4 | AB40: Mg | AC40: =INDEX(Tab_Def_Flows[[Flow_ID]:[CC_DM_source]],MATCH(Tab_Data_Flows[[#This Row],[Name(EN)]],Tab_Def_Flows[Name(EN)],0),14) -> 0 | AD40: =IF(J40="Yes",AA40*Tab_Data_Flows[[#This Row],[WC_'[%']]],"N.A.") -> 0 | AE40: =Tab_Data_Flows[[#This Row],[UoM_Flow_Py]] -> Mg | AF40: =INDEX(Tab_Def_Flows[[Flow_ID]:[CC_DM_source]],MATCH(Tab_Data_Flows[[#This Row],[Name(EN)]],Tab_Def_Flows[Name(EN)],0),16) -> 1 | AG40: =IF(K40="Yes",AF40*Tab_Data_Flows[[#This Row],[Flow_Py]],"N.A.") -> 51.4 | AH40: =Tab_Data_Flows[[#This Row],[UoM_Flow_Py]] -> Mg | AI40: =INDEX(Tab_Def_Flows[[Flow_ID]:[CC_DM_source]],MATCH(Tab_Data_Flows[[#This Row],[Name(EN)]],Tab_Def_Flows[Name(EN)],0),18) -> 0.5 | AJ40: =IF(L40="Yes",AI40*Tab_Data_Flows[[#This Row],[Flow_Py]]*Tab_Data_Flows[[#This Row],[DM_'[%']]],"N.A.") -> 25.7 | AK40: =Tab_Data_Flows[[#This Row],[UoM_Flow_Py]] -> Mg
A41: =ROW()-1 -> 40 | B41: =_xlfn.XLOOKUP(C41,Tab_Def_Flows[Name(EN)],Tab_Def_Flows[Flow_ID],,0,) -> F_00_01 | C41: Wood | E41: =_xlfn.XLOOKUP(C41,Tab_Def_Flows[Name(EN)],Tab_Def_Flows[Output_Process],,0,) -> Biosphere | F41: =_xlfn.XLOOKUP(C41,Tab_Def_Flows[Name(EN)],Tab_Def_Flows[Process_ID_O],,0,) -> 00_Bio_ | G41: =_xlfn.XLOOKUP(C41,Tab_Def_Flows[Name(EN)],Tab_Def_Flows[Input_Process],,0,) -> Raw Material Extraction | H41: =_xlfn.XLOOKUP(C41,Tab_Def_Flows[Name(EN)],Tab_Def_Flows[Process_ID_I],,0,) -> 01_Raw_ | I41: =_xlfn.XLOOKUP(C41,Tab_Def_Flows[Name(EN)],Tab_Def_Flows[Value_Source],,0,) -> 0 | J41: =_xlfn.XLOOKUP(C41,Tab_Def_Flows[Name(EN)],Tab_Def_Flows[WC?],,0,) -> Yes | K41: =_xlfn.XLOOKUP(C41,Tab_Def_Flows[Name(EN)],Tab_Def_Flows[DM?],,0,) -> Yes | L41: =_xlfn.XLOOKUP(C41,Tab_Def_Flows[Name(EN)],Tab_Def_Flows[CC?],,0,) -> Yes | M41: 1959 | O41: 51.4 | P41: Mg | R41: =INDEX(Tab_WC_DM_CC[[Flow_ID]:[CC_source]],MATCH(Tab_Data_Flows[[#This Row],[Name(EN)]],Tab_WC_DM_CC[Name(EN)],0),12) -> #N/A | S41: =MATCH(Tab_Data_Flows[[#This Row],[Name(EN)]],Tab_WC_DM_CC[Name(EN)],0) -> #N/A | X41: No | AA41: =IF(X41="no",O41,O41*Y41) -> 51.4 | AB41: Mg | AC41: =INDEX(Tab_Def_Flows[[Flow_ID]:[CC_DM_source]],MATCH(Tab_Data_Flows[[#This Row],[Name(EN)]],Tab_Def_Flows[Name(EN)],0),14) -> 0 | AD41: =IF(J41="Yes",AA41*Tab_Data_Flows[[#This Row],[WC_'[%']]],"N.A.") -> 0 | AE41: =Tab_Data_Flows[[#This Row],[UoM_Flow_Py]] -> Mg | AF41: =INDEX(Tab_Def_Flows[[Flow_ID]:[CC_DM_source]],MATCH(Tab_Data_Flows[[#This Row],[Name(EN)]],Tab_Def_Flows[Name(EN)],0),16) -> 1 | AG41: =IF(K41="Yes",AF41*Tab_Data_Flows[[#This Row],[Flow_Py]],"N.A.") -> 51.4 | AH41: =Tab_Data_Flows[[#This Row],[UoM_Flow_Py]] -> Mg | AI41: =INDEX(Tab_Def_Flows[[Flow_ID]:[CC_DM_source]],MATCH(Tab_Data_Flows[[#This Row],[Name(EN)]],Tab_Def_Flows[Name(EN)],0),18) -> 0.5 | AJ41: =IF(L41="Yes",AI41*Tab_Data_Flows[[#This Row],[Flow_Py]]*Tab_Data_Flows[[#This Row],[DM_'[%']]],"N.A.") -> 25.7 | AK41: =Tab_Data_Flows[[#This Row],[UoM_Flow_Py]] -> Mg
A42: =ROW()-1 -> 41 | B42: =_xlfn.XLOOKUP(C42,Tab_Def_Flows[Name(EN)],Tab_Def_Flows[Flow_ID],,0,) -> F_00_01 | C42: Wood | E42: =_xlfn.XLOOKUP(C42,Tab_Def_Flows[Name(EN)],Tab_Def_Flows[Output_Process],,0,) -> Biosphere | F42: =_xlfn.XLOOKUP(C42,Tab_Def_Flows[Name(EN)],Tab_Def_Flows[Process_ID_O],,0,) -> 00_Bio_ | G42: =_xlfn.XLOOKUP(C42,Tab_Def_Flows[Name(EN)],Tab_Def_Flows[Input_Process],,0,) -> Raw Material Extraction | H42: =_xlfn.XLOOKUP(C42,Tab_Def_Flows[Name(EN)],Tab_Def_Flows[Process_ID_I],,0,) -> 01_Raw_ | I42: =_xlfn.XLOOKUP(C42,Tab_Def_Flows[Name(EN)],Tab_Def_Flows[Value_Source],,0,) -> 0 | J42: =_xlfn.XLOOKUP(C42,Tab_Def_Flows[Name(EN)],Tab_Def_Flows[WC?],,0,) -> Yes | K42: =_xlfn.XLOOKUP(C42,Tab_Def_Flows[Name(EN)],Tab_Def_Flows[DM?],,0,) -> Yes | L42: =_xlfn.XLOOKUP(C42,Tab_Def_Flows[Name(EN)],Tab_Def_Flows[CC?],,0,) -> Yes | M42: 1960 | O42: 45 | P42: Mg | R42: =INDEX(Tab_WC_DM_CC[[Flow_ID]:[CC_source]],MATCH(Tab_Data_Flows[[#This Row],[Name(EN)]],Tab_WC_DM_CC[Name(EN)],0),12) -> #N/A | S42: =MATCH(Tab_Data_Flows[[#This Row],[Name(EN)]],Tab_WC_DM_CC[Name(EN)],0) -> #N/A | X42: No | AA42: =IF(X42="no",O42,O42*Y42) -> 45 | AB42: Mg | AC42: =INDEX(Tab_Def_Flows[[Flow_ID]:[CC_DM_source]],MATCH(Tab_Data_Flows[[#This Row],[Name(EN)]],Tab_Def_Flows[Name(EN)],0),14) -> 0 | AD42: =IF(J42="Yes",AA42*Tab_Data_Flows[[#This Row],[WC_'[%']]],"N.A.") -> 0 | AE42: =Tab_Data_Flows[[#This Row],[UoM_Flow_Py]] -> Mg | AF42: =INDEX(Tab_Def_Flows[[Flow_ID]:[CC_DM_source]],MATCH(Tab_Data_Flows[[#This Row],[Name(EN)]],Tab_Def_Flows[Name(EN)],0),16) -> 1 | AG42: =IF(K42="Yes",AF42*Tab_Data_Flows[[#This Row],[Flow_Py]],"N.A.") -> 45 | AH42: =Tab_Data_Flows[[#This Row],[UoM_Flow_Py]] -> Mg | AI42: =INDEX(Tab_Def_Flows[[Flow_ID]:[CC_DM_source]],MATCH(Tab_Data_Flows[[#This Row],[Name(EN)]],Tab_Def_Flows[Name(EN)],0),18) -> 0.5 | AJ42: =IF(L42="Yes",AI42*Tab_Data_Flows[[#This Row],[Flow_Py]]*Tab_Data_Flows[[#This Row],[DM_'[%']]],"N.A.") -> 22.5 | AK42: =Tab_Data_Flows[[#This Row],[UoM_Flow_Py]] -> Mg
A43: =ROW()-1 -> 42 | B43: =_xlfn.XLOOKUP(C43,Tab_Def_Flows[Name(EN)],Tab_Def_Flows[Flow_ID],,0,) -> F_00_01 | C43: Wood | E43: =_xlfn.XLOOKUP(C43,Tab_Def_Flows[Name(EN)],Tab_Def_Flows[Output_Process],,0,) -> Biosphere | F43: =_xlfn.XLOOKUP(C43,Tab_Def_Flows[Name(EN)],Tab_Def_Flows[Process_ID_O],,0,) -> 00_Bio_ | G43: =_xlfn.XLOOKUP(C43,Tab_Def_Flows[Name(EN)],Tab_Def_Flows[Input_Process],,0,) -> Raw Material Extraction | H43: =_xlfn.XLOOKUP(C43,Tab_Def_Flows[Name(EN)],Tab_Def_Flows[Process_ID_I],,0,) -> 01_Raw_ | I43: =_xlfn.XLOOKUP(C43,Tab_Def_Flows[Name(EN)],Tab_Def_Flows[Value_Source],,0,) -> 0 | J43: =_xlfn.XLOOKUP(C43,Tab_Def_Flows[Name(EN)],Tab_Def_Flows[WC?],,0,) -> Yes | K43: =_xlfn.XLOOKUP(C43,Tab_Def_Flows[Name(EN)],Tab_Def_Flows[DM?],,0,) -> Yes | L43: =_xlfn.XLOOKUP(C43,Tab_Def_Flows[Name(EN)],Tab_Def_Flows[CC?],,0,) -> Yes | M43: 1961 | O43: 12.8 | P43: Mg | R43: =INDEX(Tab_WC_DM_CC[[Flow_ID]:[CC_source]],MATCH(Tab_Data_Flows[[#This Row],[Name(EN)]],Tab_WC_DM_CC[Name(EN)],0),12) -> #N/A | S43: =MATCH(Tab_Data_Flows[[#This Row],[Name(EN)]],Tab_WC_DM_CC[Name(EN)],0) -> #N/A | X43: No | AA43: =IF(X43="no",O43,O43*Y43) -> 12.8 | AB43: Mg | AC43: =INDEX(Tab_Def_Flows[[Flow_ID]:[CC_DM_source]],MATCH(Tab_Data_Flows[[#This Row],[Name(EN)]],Tab_Def_Flows[Name(EN)],0),14) -> 0 | AD43: =IF(J43="Yes",AA43*Tab_Data_Flows[[#This Row],[WC_'[%']]],"N.A.") -> 0 | AE43: =Tab_Data_Flows[[#This Row],[UoM_Flow_Py]] -> Mg | AF43: =INDEX(Tab_Def_Flows[[Flow_ID]:[CC_DM_source]],MATCH(Tab_Data_Flows[[#This Row],[Name(EN)]],Tab_Def_Flows[Name(EN)],0),16) -> 1 | AG43: =IF(K43="Yes",AF43*Tab_Data_Flows[[#This Row],[Flow_Py]],"N.A.") -> 12.8 | AH43: =Tab_Data_Flows[[#This Row],[UoM_Flow_Py]] -> Mg | AI43: =INDEX(Tab_Def_Flows[[Flow_ID]:[CC_DM_source]],MATCH(Tab_Data_Flows[[#This Row],[Name(EN)]],Tab_Def_Flows[Name(EN)],0),18) -> 0.5 | AJ43: =IF(L43="Yes",AI43*Tab_Data_Flows[[#This Row],[Flow_Py]]*Tab_Data_Flows[[#This Row],[DM_'[%']]],"N.A.") -> 6.4 | AK43: =Tab_Data_Flows[[#This Row],[UoM_Flow_Py]] -> Mg
A44: =ROW()-1 -> 43 | B44: =_xlfn.XLOOKUP(C44,Tab_Def_Flows[Name(EN)],Tab_Def_Flows[Flow_ID],,0,) -> F_00_01 | C44: Wood | E44: =_xlfn.XLOOKUP(C44,Tab_Def_Flows[Name(EN)],Tab_Def_Flows[Output_Process],,0,) -> Biosphere | F44: =_xlfn.XLOOKUP(C44,Tab_Def_Flows[Name(EN)],Tab_Def_Flows[Process_ID_O],,0,) -> 00_Bio_ | G44: =_xlfn.XLOOKUP(C44,Tab_Def_Flows[Name(EN)],Tab_Def_Flows[Input_Process],,0,) -> Raw Material Extraction | H44: =_xlfn.XLOOKUP(C44,Tab_Def_Flows[Name(EN)],Tab_Def_Flows[Process_ID_I],,0,) -> 01_Raw_ | I44: =_xlfn.XLOOKUP(C44,Tab_Def_Flows[Name(EN)],Tab_Def_Flows[Value_Source],,0,) -> 0 | J44: =_xlfn.XLOOKUP(C44,Tab_Def_Flows[Name(EN)],Tab_Def_Flows[WC?],,0,) -> Yes | K44: =_xlfn.XLOOKUP(C44,Tab_Def_Flows[Name(EN)],Tab_Def_Flows[DM?],,0,) -> Yes | L44: =_xlfn.XLOOKUP(C44,Tab_Def_Flows[Name(EN)],Tab_Def_Flows[CC?],,0,) -> Yes | M44: 1962 | O44: 25.8 | P44: Mg | R44: =INDEX(Tab_WC_DM_CC[[Flow_ID]:[CC_source]],MATCH(Tab_Data_Flows[[#This Row],[Name(EN)]],Tab_WC_DM_CC[Name(EN)],0),12) -> #N/A | S44: =MATCH(Tab_Data_Flows[[#This Row],[Name(EN)]],Tab_WC_DM_CC[Name(EN)],0) -> #N/A | X44: No | AA44: =IF(X44="no",O44,O44*Y44) -> 25.8 | AB44: Mg | AC44: =INDEX(Tab_Def_Flows[[Flow_ID]:[CC_DM_source]],MATCH(Tab_Data_Flows[[#This Row],[Name(EN)]],Tab_Def_Flows[Name(EN)],0),14) -> 0 | AD44: =IF(J44="Yes",AA44*Tab_Data_Flows[[#This Row],[WC_'[%']]],"N.A.") -> 0 | AE44: =Tab_Data_Flows[[#This Row],[UoM_Flow_Py]] -> Mg | AF44: =INDEX(Tab_Def_Flows[[Flow_ID]:[CC_DM_source]],MATCH(Tab_Data_Flows[[#This Row],[Name(EN)]],Tab_Def_Flows[Name(EN)],0),16) -> 1 | AG44: =IF(K44="Yes",AF44*Tab_Data_Flows[[#This Row],[Flow_Py]],"N.A.") -> 25.8 | AH44: =Tab_Data_Flows[[#This Row],[UoM_Flow_Py]] -> Mg | AI44: =INDEX(Tab_Def_Flows[[Flow_ID]:[CC_DM_source]],MATCH(Tab_Data_Flows[[#This Row],[Name(EN)]],Tab_Def_Flows[Name(EN)],0),18) -> 0.5 | AJ44: =IF(L44="Yes",AI44*Tab_Data_Flows[[#This Row],[Flow_Py]]*Tab_Data_Flows[[#This Row],[DM_'[%']]],"N.A.") -> 12.9 | AK44: =Tab_Data_Flows[[#This Row],[UoM_Flow_Py]] -> Mg
A45: =ROW()-1 -> 44 | B45: =_xlfn.XLOOKUP(C45,Tab_Def_Flows[Name(EN)],Tab_Def_Flows[Flow_ID],,0,) -> F_00_01 | C45: Wood | E45: =_xlfn.XLOOKUP(C45,Tab_Def_Flows[Name(EN)],Tab_Def_Flows[Output_Process],,0,) -> Biosphere | F45: =_xlfn.XLOOKUP(C45,Tab_Def_Flows[Name(EN)],Tab_Def_Flows[Process_ID_O],,0,) -> 00_Bio_ | G45: =_xlfn.XLOOKUP(C45,Tab_Def_Flows[Name(EN)],Tab_Def_Flows[Input_Process],,0,) -> Raw Material Extraction | H45: =_xlfn.XLOOKUP(C45,Tab_Def_Flows[Name(EN)],Tab_Def_Flows[Process_ID_I],,0,) -> 01_Raw_ | I45: =_xlfn.XLOOKUP(C45,Tab_Def_Flows[Name(EN)],Tab_Def_Flows[Value_Source],,0,) -> 0 | J45: =_xlfn.XLOOKUP(C45,Tab_Def_Flows[Name(EN)],Tab_Def_Flows[WC?],,0,) -> Yes | K45: =_xlfn.XLOOKUP(C45,Tab_Def_Flows[Name(EN)],Tab_Def_Flows[DM?],,0,) -> Yes | L45: =_xlfn.XLOOKUP(C45,Tab_Def_Flows[Name(EN)],Tab_Def_Flows[CC?],,0,) -> Yes | M45: 1963 | O45: 45 | P45: Mg | R45: =INDEX(Tab_WC_DM_CC[[Flow_ID]:[CC_source]],MATCH(Tab_Data_Flows[[#This Row],[Name(EN)]],Tab_WC_DM_CC[Name(EN)],0),12) -> #N/A | S45: =MATCH(Tab_Data_Flows[[#This Row],[Name(EN)]],Tab_WC_DM_CC[Name(EN)],0) -> #N/A | X45: No | AA45: =IF(X45="no",O45,O45*Y45) -> 45 | AB45: Mg | AC45: =INDEX(Tab_Def_Flows[[Flow_ID]:[CC_DM_source]],MATCH(Tab_Data_Flows[[#This Row],[Name(EN)]],Tab_Def_Flows[Name(EN)],0),14) -> 0 | AD45: =IF(J45="Yes",AA45*Tab_Data_Flows[[#This Row],[WC_'[%']]],"N.A.") -> 0 | AE45: =Tab_Data_Flows[[#This Row],[UoM_Flow_Py]] -> Mg | AF45: =INDEX(Tab_Def_Flows[[Flow_ID]:[CC_DM_source]],MATCH(Tab_Data_Flows[[#This Row],[Name(EN)]],Tab_Def_Flows[Name(EN)],0),16) -> 1 | AG45: =IF(K45="Yes",AF45*Tab_Data_Flows[[#This Row],[Flow_Py]],"N.A.") -> 45 | AH45: =Tab_Data_Flows[[#This Row],[UoM_Flow_Py]] -> Mg | AI45: =INDEX(Tab_Def_Flows[[Flow_ID]:[CC_DM_source]],MATCH(Tab_Data_Flows[[#This Row],[Name(EN)]],Tab_Def_Flows[Name(EN)],0),18) -> 0.5 | AJ45: =IF(L45="Yes",AI45*Tab_Data_Flows[[#This Row],[Flow_Py]]*Tab_Data_Flows[[#This Row],[DM_'[%']]],"N.A.") -> 22.5 | AK45: =Tab_Data_Flows[[#This Row],[UoM_Flow_Py]] -> Mg
A46: =ROW()-1 -> 45 | B46: =_xlfn.XLOOKUP(C46,Tab_Def_Flows[Name(EN)],Tab_Def_Flows[Flow_ID],,0,) -> F_00_01 | C46: Wood | E46: =_xlfn.XLOOKUP(C46,Tab_Def_Flows[Name(EN)],Tab_Def_Flows[Output_Process],,0,) -> Biosphere | F46: =_xlfn.XLOOKUP(C46,Tab_Def_Flows[Name(EN)],Tab_Def_Flows[Process_ID_O],,0,) -> 00_Bio_ | G46: =_xlfn.XLOOKUP(C46,Tab_Def_Flows[Name(EN)],Tab_Def_Flows[Input_Process],,0,) -> Raw Material Extraction | H46: =_xlfn.XLOOKUP(C46,Tab_Def_Flows[Name(EN)],Tab_Def_Flows[Process_ID_I],,0,) -> 01_Raw_ | I46: =_xlfn.XLOOKUP(C46,Tab_Def_Flows[Name(EN)],Tab_Def_Flows[Value_Source],,0,) -> 0 | J46: =_xlfn.XLOOKUP(C46,Tab_Def_Flows[Name(EN)],Tab_Def_Flows[WC?],,0,) -> Yes | K46: =_xlfn.XLOOKUP(C46,Tab_Def_Flows[Name(EN)],Tab_Def_Flows[DM?],,0,) -> Yes | L46: =_xlfn.XLOOKUP(C46,Tab_Def_Flows[Name(EN)],Tab_Def_Flows[CC?],,0,) -> Yes | M46: 1964 | O46: 57.8 | P46: Mg | R46: =INDEX(Tab_WC_DM_CC[[Flow_ID]:[CC_source]],MATCH(Tab_Data_Flows[[#This Row],[Name(EN)]],Tab_WC_DM_CC[Name(EN)],0),12) -> #N/A | S46: =MATCH(Tab_Data_Flows[[#This Row],[Name(EN)]],Tab_WC_DM_CC[Name(EN)],0) -> #N/A | X46: No | AA46: =IF(X46="no",O46,O46*Y46) -> 57.8 | AB46: Mg | AC46: =INDEX(Tab_Def_Flows[[Flow_ID]:[CC_DM_source]],MATCH(Tab_Data_Flows[[#This Row],[Name(EN)]],Tab_Def_Flows[Name(EN)],0),14) -> 0 | AD46: =IF(J46="Yes",AA46*Tab_Data_Flows[[#This Row],[WC_'[%']]],"N.A.") -> 0 | AE46: =Tab_Data_Flows[[#This Row],[UoM_Flow_Py]] -> Mg | AF46: =INDEX(Tab_Def_Flows[[Flow_ID]:[CC_DM_source]],MATCH(Tab_Data_Flows[[#This Row],[Name(EN)]],Tab_Def_Flows[Name(EN)],0),16) -> 1 | AG46: =IF(K46="Yes",AF46*Tab_Data_Flows[[#This Row],[Flow_Py]],"N.A.") -> 57.8 | AH46: =Tab_Data_Flows[[#This Row],[UoM_Flow_Py]] -> Mg | AI46: =INDEX(Tab_Def_Flows[[Flow_ID]:[CC_DM_source]],MATCH(Tab_Data_Flows[[#This Row],[Name(EN)]],Tab_Def_Flows[Name(EN)],0),18) -> 0.5 | AJ46: =IF(L46="Yes",AI46*Tab_Data_Flows[[#This Row],[Flow_Py]]*Tab_Data_Flows[[#This Row],[DM_'[%']]],"N.A.") -> 28.9 | AK46: =Tab_Data_Flows[[#This Row],[UoM_Flow_Py]] -> Mg
A47: =ROW()-1 -> 46 | B47: =_xlfn.XLOOKUP(C47,Tab_Def_Flows[Name(EN)],Tab_Def_Flows[Flow_ID],,0,) -> F_00_01 | C47: Wood | E47: =_xlfn.XLOOKUP(C47,Tab_Def_Flows[Name(EN)],Tab_Def_Flows[Output_Process],,0,) -> Biosphere | F47: =_xlfn.XLOOKUP(C47,Tab_Def_Flows[Name(EN)],Tab_Def_Flows[Process_ID_O],,0,) -> 00_Bio_ | G47: =_xlfn.XLOOKUP(C47,Tab_Def_Flows[Name(EN)],Tab_Def_Flows[Input_Process],,0,) -> Raw Material Extraction | H47: =_xlfn.XLOOKUP(C47,Tab_Def_Flows[Name(EN)],Tab_Def_Flows[Process_ID_I],,0,) -> 01_Raw_ | I47: =_xlfn.XLOOKUP(C47,Tab_Def_Flows[Name(EN)],Tab_Def_Flows[Value_Source],,0,) -> 0 | J47: =_xlfn.XLOOKUP(C47,Tab_Def_Flows[Name(EN)],Tab_Def_Flows[WC?],,0,) -> Yes | K47: =_xlfn.XLOOKUP(C47,Tab_Def_Flows[Name(EN)],Tab_Def_Flows[DM?],,0,) -> Yes | L47: =_xlfn.XLOOKUP(C47,Tab_Def_Flows[Name(EN)],Tab_Def_Flows[CC?],,0,) -> Yes | M47: 1965 | O47: 70.8 | P47: Mg | R47: =INDEX(Tab_WC_DM_CC[[Flow_ID]:[CC_source]],MATCH(Tab_Data_Flows[[#This Row],[Name(EN)]],Tab_WC_DM_CC[Name(EN)],0),12) -> #N/A | S47: =MATCH(Tab_Data_Flows[[#This Row],[Name(EN)]],Tab_WC_DM_CC[Name(EN)],0) -> #N/A | X47: No | AA47: =IF(X47="no",O47,O47*Y47) -> 70.8 | AB47: Mg | AC47: =INDEX(Tab_Def_Flows[[Flow_ID]:[CC_DM_source]],MATCH(Tab_Data_Flows[[#This Row],[Name(EN)]],Tab_Def_Flows[Name(EN)],0),14) -> 0 | AD47: =IF(J47="Yes",AA47*Tab_Data_Flows[[#This Row],[WC_'[%']]],"N.A.") -> 0 | AE47: =Tab_Data_Flows[[#This Row],[UoM_Flow_Py]] -> Mg | AF47: =INDEX(Tab_Def_Flows[[Flow_ID]:[CC_DM_source]],MATCH(Tab_Data_Flows[[#This Row],[Name(EN)]],Tab_Def_Flows[Name(EN)],0),16) -> 1 | AG47: =IF(K47="Yes",AF47*Tab_Data_Flows[[#This Row],[Flow_Py]],"N.A.") -> 70.8 | AH47: =Tab_Data_Flows[[#This Row],[UoM_Flow_Py]] -> Mg | AI47: =INDEX(Tab_Def_Flows[[Flow_ID]:[CC_DM_source]],MATCH(Tab_Data_Flows[[#This Row],[Name(EN)]],Tab_Def_Flows[Name(EN)],0),18) -> 0.5 | AJ47: =IF(L47="Yes",AI47*Tab_Data_Flows[[#This Row],[Flow_Py]]*Tab_Data_Flows[[#This Row],[DM_'[%']]],"N.A.") -> 35.4 | AK47: =Tab_Data_Flows[[#This Row],[UoM_Flow_Py]] -> Mg
... A57: =ROW()-1 -> 56 | B57: =_xlfn.XLOOKUP(C57,Tab_Def_Flows[Name(EN)],Tab_Def_Flows[Flow_ID],,0,) -> F_00_01 | C57: Wood | E57: =_xlfn.XLOOKUP(C57,Tab_Def_Flows[Name(EN)],Tab_Def_Flows[Output_Process],,0,) -> Biosphere | F57: =_xlfn.XLOOKUP(C57,Tab_Def_Flows[Name(EN)],Tab_Def_Flows[Process_ID_O],,0,) -> 00_Bio_ | G57: =_xlfn.XLOOKUP(C57,Tab_Def_Flows[Name(EN)],Tab_Def_Flows[Input_Process],,0,) -> Raw Material Extraction | H57: =_xlfn.XLOOKUP(C57,Tab_Def_Flows[Name(EN)],Tab_Def_Flows[Process_ID_I],,0,) -> 01_Raw_ | I57: =_xlfn.XLOOKUP(C57,Tab_Def_Flows[Name(EN)],Tab_Def_Flows[Value_Source],,0,) -> 0 | J57: =_xlfn.XLOOKUP(C57,Tab_Def_Flows[Name(EN)],Tab_Def_Flows[WC?],,0,) -> Yes | K57: =_xlfn.XLOOKUP(C57,Tab_Def_Flows[Name(EN)],Tab_Def_Flows[DM?],,0,) -> Yes | L57: =_xlfn.XLOOKUP(C57,Tab_Def_Flows[Name(EN)],Tab_Def_Flows[CC?],,0,) -> Yes | M57: 1975 | O57: 199.2 | P57: Mg | R57: =INDEX(Tab_WC_DM_CC[[Flow_ID]:[CC_source]],MATCH(Tab_Data_Flows[[#This Row],[Name(EN)]],Tab_WC_DM_CC[Name(EN)],0),12) -> #N/A | S57: =MATCH(Tab_Data_Flows[[#This Row],[Name(EN)]],Tab_WC_DM_CC[Name(EN)],0) -> #N/A | X57: No | AA57: =IF(X57="no",O57,O57*Y57) -> 199.2 | AB57: Mg | AC57: =INDEX(Tab_Def_Flows[[Flow_ID]:[CC_DM_source]],MATCH(Tab_Data_Flows[[#This Row],[Name(EN)]],Tab_Def_Flows[Name(EN)],0),14) -> 0 | AD57: =IF(J57="Yes",AA57*Tab_Data_Flows[[#This Row],[WC_'[%']]],"N.A.") -> 0 | AE57: =Tab_Data_Flows[[#This Row],[UoM_Flow_Py]] -> Mg | AF57: =INDEX(Tab_Def_Flows[[Flow_ID]:[CC_DM_source]],MATCH(Tab_Data_Flows[[#This Row],[Name(EN)]],Tab_Def_Flows[Name(EN)],0),16) -> 1 | AG57: =IF(K57="Yes",AF57*Tab_Data_Flows[[#This Row],[Flow_Py]],"N.A.") -> 199.2 | AH57: =Tab_Data_Flows[[#This Row],[UoM_Flow_Py]] -> Mg | AI57: =INDEX(Tab_Def_Flows[[Flow_ID]:[CC_DM_source]],MATCH(Tab_Data_Flows[[#This Row],[Name(EN)]],Tab_Def_Flows[Name(EN)],0),18) -> 0.5 | AJ57: =IF(L57="Yes",AI57*Tab_Data_Flows[[#This Row],[Flow_Py]]*Tab_Data_Flows[[#This Row],[DM_'[%']]],"N.A.") -> 99.6 | AK57: =Tab_Data_Flows[[#This Row],[UoM_Flow_Py]] -> Mg
A58: =ROW()-1 -> 57 | B58: =_xlfn.XLOOKUP(C58,Tab_Def_Flows[Name(EN)],Tab_Def_Flows[Flow_ID],,0,) -> F_00_01 | C58: Wood | D58: =_xlfn.XLOOKUP(C58,Tab_Def_Flows[Name(EN)],Tab_Def_Flows[Type_Biomass],,0,) -> 0 | E58: =_xlfn.XLOOKUP(C58,Tab_Def_Flows[Name(EN)],Tab_Def_Flows[Output_Process],,0,) -> Biosphere | F58: =_xlfn.XLOOKUP(C58,Tab_Def_Flows[Name(EN)],Tab_Def_Flows[Process_ID_O],,0,) -> 00_Bio_ | G58: =_xlfn.XLOOKUP(C58,Tab_Def_Flows[Name(EN)],Tab_Def_Flows[Input_Process],,0,) -> Raw Material Extraction | H58: =_xlfn.XLOOKUP(C58,Tab_Def_Flows[Name(EN)],Tab_Def_Flows[Process_ID_I],,0,) -> 01_Raw_ | I58: =_xlfn.XLOOKUP(C58,Tab_Def_Flows[Name(EN)],Tab_Def_Flows[Value_Source],,0,) -> 0 | J58: =_xlfn.XLOOKUP(C58,Tab_Def_Flows[Name(EN)],Tab_Def_Flows[WC?],,0,) -> Yes | K58: =_xlfn.XLOOKUP(C58,Tab_Def_Flows[Name(EN)],Tab_Def_Flows[DM?],,0,) -> Yes | L58: =_xlfn.XLOOKUP(C58,Tab_Def_Flows[Name(EN)],Tab_Def_Flows[CC?],,0,) -> Yes | M58: 1976 | N58: BB | O58: 141.4 | P58: Mg | X58: No | AA58: =IF(X58="no",O58,O58*Y58) -> 141.4 | AB58: Mg | AC58: =INDEX(Tab_Def_Flows[[Flow_ID]:[CC_DM_source]],MATCH(Tab_Data_Flows[[#This Row],[Name(EN)]],Tab_Def_Flows[Name(EN)],0),14) -> 0 | AD58: =IF(J58="Yes",AA58*Tab_Data_Flows[[#This Row],[WC_'[%']]],"N.A.") -> 0 | AE58: =Tab_Data_Flows[[#This Row],[UoM_Flow_Py]] -> Mg | AF58: =INDEX(Tab_Def_Flows[[Flow_ID]:[CC_DM_source]],MATCH(Tab_Data_Flows[[#This Row],[Name(EN)]],Tab_Def_Flows[Name(EN)],0),16) -> 1 | AG58: =IF(K58="Yes",AF58*Tab_Data_Flows[[#This Row],[Flow_Py]],"N.A.") -> 141.4 | AH58: =Tab_Data_Flows[[#This Row],[UoM_Flow_Py]] -> Mg | AI58: =INDEX(Tab_Def_Flows[[Flow_ID]:[CC_DM_source]],MATCH(Tab_Data_Flows[[#This Row],[Name(EN)]],Tab_Def_Flows[Name(EN)],0),18) -> 0.5 | AJ58: =IF(L58="Yes",AI58*Tab_Data_Flows[[#This Row],[Flow_Py]]*Tab_Data_Flows[[#This Row],[DM_'[%']]],"N.A.") -> 70.7 | AK58: =Tab_Data_Flows[[#This Row],[UoM_Flow_Py]] -> Mg
A59: =ROW()-1 -> 58 | B59: =_xlfn.XLOOKUP(C59,Tab_Def_Flows[Name(EN)],Tab_Def_Flows[Flow_ID],,0,) -> F_00_01 | C59: Wood | D59: =_xlfn.XLOOKUP(C59,Tab_Def_Flows[Name(EN)],Tab_Def_Flows[Type_Biomass],,0,) -> 0 | E59: =_xlfn.XLOOKUP(C59,Tab_Def_Flows[Name(EN)],Tab_Def_Flows[Output_Process],,0,) -> Biosphere | F59: =_xlfn.XLOOKUP(C59,Tab_Def_Flows[Name(EN)],Tab_Def_Flows[Process_ID_O],,0,) -> 00_Bio_ | G59: =_xlfn.XLOOKUP(C59,Tab_Def_Flows[Name(EN)],Tab_Def_Flows[Input_Process],,0,) -> Raw Material Extraction | H59: =_xlfn.XLOOKUP(C59,Tab_Def_Flows[Name(EN)],Tab_Def_Flows[Process_ID_I],,0,) -> 01_Raw_ | I59: =_xlfn.XLOOKUP(C59,Tab_Def_Flows[Name(EN)],Tab_Def_Flows[Value_Source],,0,) -> 0 | J59: =_xlfn.XLOOKUP(C59,Tab_Def_Flows[Name(EN)],Tab_Def_Flows[WC?],,0,) -> Yes | K59: =_xlfn.XLOOKUP(C59,Tab_Def_Flows[Name(EN)],Tab_Def_Flows[DM?],,0,) -> Yes | L59: =_xlfn.XLOOKUP(C59,Tab_Def_Flows[Name(EN)],Tab_Def_Flows[CC?],,0,) -> Yes | M59: 1977 | N59: BB | O59: 109.2 | P59: Mg | X59: No | AA59: =IF(X59="no",O59,O59*Y59) -> 109.2 | AB59: Mg | AC59: =INDEX(Tab_Def_Flows[[Flow_ID]:[CC_DM_source]],MATCH(Tab_Data_Flows[[#This Row],[Name(EN)]],Tab_Def_Flows[Name(EN)],0),14) -> 0 | AD59: =IF(J59="Yes",AA59*Tab_Data_Flows[[#This Row],[WC_'[%']]],"N.A.") -> 0 | AE59: =Tab_Data_Flows[[#This Row],[UoM_Flow_Py]] -> Mg | AF59: =INDEX(Tab_Def_Flows[[Flow_ID]:[CC_DM_source]],MATCH(Tab_Data_Flows[[#This Row],[Name(EN)]],Tab_Def_Flows[Name(EN)],0),16) -> 1 | AG59: =IF(K59="Yes",AF59*Tab_Data_Flows[[#This Row],[Flow_Py]],"N.A.") -> 109.2 | AH59: =Tab_Data_Flows[[#This Row],[UoM_Flow_Py]] -> Mg | AI59: =INDEX(Tab_Def_Flows[[Flow_ID]:[CC_DM_source]],MATCH(Tab_Data_Flows[[#This Row],[Name(EN)]],Tab_Def_Flows[Name(EN)],0),18) -> 0.5 | AJ59: =IF(L59="Yes",AI59*Tab_Data_Flows[[#This Row],[Flow_Py]]*Tab_Data_Flows[[#This Row],[DM_'[%']]],"N.A.") -> 54.6 | AK59: =Tab_Data_Flows[[#This Row],[UoM_Flow_Py]] -> Mg
A60: =ROW()-1 -> 59 | B60: =_xlfn.XLOOKUP(C60,Tab_Def_Flows[Name(EN)],Tab_Def_Flows[Flow_ID],,0,) -> F_00_01 | C60: Wood | D60: =_xlfn.XLOOKUP(C60,Tab_Def_Flows[Name(EN)],Tab_Def_Flows[Type_Biomass],,0,) -> 0 | E60: =_xlfn.XLOOKUP(C60,Tab_Def_Flows[Name(EN)],Tab_Def_Flows[Output_Process],,0,) -> Biosphere | F60: =_xlfn.XLOOKUP(C60,Tab_Def_Flows[Name(EN)],Tab_Def_Flows[Process_ID_O],,0,) -> 00_Bio_ | G60: =_xlfn.XLOOKUP(C60,Tab_Def_Flows[Name(EN)],Tab_Def_Flows[Input_Process],,0,) -> Raw Material Extraction | H60: =_xlfn.XLOOKUP(C60,Tab_Def_Flows[Name(EN)],Tab_Def_Flows[Process_ID_I],,0,) -> 01_Raw_ | I60: =_xlfn.XLOOKUP(C60,Tab_Def_Flows[Name(EN)],Tab_Def_Flows[Value_Source],,0,) -> 0 | J60: =_xlfn.XLOOKUP(C60,Tab_Def_Flows[Name(EN)],Tab_Def_Flows[WC?],,0,) -> Yes | K60: =_xlfn.XLOOKUP(C60,Tab_Def_Flows[Name(EN)],Tab_Def_Flows[DM?],,0,) -> Yes | L60: =_xlfn.XLOOKUP(C60,Tab_Def_Flows[Name(EN)],Tab_Def_Flows[CC?],,0,) -> Yes | M60: 1978 | N60: BB | O60: 103 | P60: Mg | X60: No | AA60: =IF(X60="no",O60,O60*Y60) -> 103 | AB60: Mg | AC60: =INDEX(Tab_Def_Flows[[Flow_ID]:[CC_DM_source]],MATCH(Tab_Data_Flows[[#This Row],[Name(EN)]],Tab_Def_Flows[Name(EN)],0),14) -> 0 | AD60: =IF(J60="Yes",AA60*Tab_Data_Flows[[#This Row],[WC_'[%']]],"N.A.") -> 0 | AE60: =Tab_Data_Flows[[#This Row],[UoM_Flow_Py]] -> Mg | AF60: =INDEX(Tab_Def_Flows[[Flow_ID]:[CC_DM_source]],MATCH(Tab_Data_Flows[[#This Row],[Name(EN)]],Tab_Def_Flows[Name(EN)],0),16) -> 1 | AG60: =IF(K60="Yes",AF60*Tab_Data_Flows[[#This Row],[Flow_Py]],"N.A.") -> 103 | AH60: =Tab_Data_Flows[[#This Row],[UoM_Flow_Py]] -> Mg | AI60: =INDEX(Tab_Def_Flows[[Flow_ID]:[CC_DM_source]],MATCH(Tab_Data_Flows[[#This Row],[Name(EN)]],Tab_Def_Flows[Name(EN)],0),18) -> 0.5 | AJ60: =IF(L60="Yes",AI60*Tab_Data_Flows[[#This Row],[Flow_Py]]*Tab_Data_Flows[[#This Row],[DM_'[%']]],"N.A.") -> 51.5 | AK60: =Tab_Data_Flows[[#This Row],[UoM_Flow_Py]] -> Mg
A61: =ROW()-1 -> 60 | B61: =_xlfn.XLOOKUP(C61,Tab_Def_Flows[Name(EN)],Tab_Def_Flows[Flow_ID],,0,) -> F_00_01 | C61: Wood | D61: =_xlfn.XLOOKUP(C61,Tab_Def_Flows[Name(EN)],Tab_Def_Flows[Type_Biomass],,0,) -> 0 | E61: =_xlfn.XLOOKUP(C61,Tab_Def_Flows[Name(EN)],Tab_Def_Flows[Output_Process],,0,) -> Biosphere | F61: =_xlfn.XLOOKUP(C61,Tab_Def_Flows[Name(EN)],Tab_Def_Flows[Process_ID_O],,0,) -> 00_Bio_ | G61: =_xlfn.XLOOKUP(C61,Tab_Def_Flows[Name(EN)],Tab_Def_Flows[Input_Process],,0,) -> Raw Material Extraction | H61: =_xlfn.XLOOKUP(C61,Tab_Def_Flows[Name(EN)],Tab_Def_Flows[Process_ID_I],,0,) -> 01_Raw_ | I61: =_xlfn.XLOOKUP(C61,Tab_Def_Flows[Name(EN)],Tab_Def_Flows[Value_Source],,0,) -> 0 | J61: =_xlfn.XLOOKUP(C61,Tab_Def_Flows[Name(EN)],Tab_Def_Flows[WC?],,0,) -> Yes | K61: =_xlfn.XLOOKUP(C61,Tab_Def_Flows[Name(EN)],Tab_Def_Flows[DM?],,0,) -> Yes | L61: =_xlfn.XLOOKUP(C61,Tab_Def_Flows[Name(EN)],Tab_Def_Flows[CC?],,0,) -> Yes | M61: 1979 | N61: BB | O61: 128.6 | P61: Mg | X61: No | AA61: =IF(X61="no",O61,O61*Y61) -> 128.6 | AB61: Mg | AC61: =INDEX(Tab_Def_Flows[[Flow_ID]:[CC_DM_source]],MATCH(Tab_Data_Flows[[#This Row],[Name(EN)]],Tab_Def_Flows[Name(EN)],0),14) -> 0 | AD61: =IF(J61="Yes",AA61*Tab_Data_Flows[[#This Row],[WC_'[%']]],"N.A.") -> 0 | AE61: =Tab_Data_Flows[[#This Row],[UoM_Flow_Py]] -> Mg | AF61: =INDEX(Tab_Def_Flows[[Flow_ID]:[CC_DM_source]],MATCH(Tab_Data_Flows[[#This Row],[Name(EN)]],Tab_Def_Flows[Name(EN)],0),16) -> 1 | AG61: =IF(K61="Yes",AF61*Tab_Data_Flows[[#This Row],[Flow_Py]],"N.A.") -> 128.6 | AH61: =Tab_Data_Flows[[#This Row],[UoM_Flow_Py]] -> Mg | AI61: =INDEX(Tab_Def_Flows[[Flow_ID]:[CC_DM_source]],MATCH(Tab_Data_Flows[[#This Row],[Name(EN)]],Tab_Def_Flows[Name(EN)],0),18) -> 0.5 | AJ61: =IF(L61="Yes",AI61*Tab_Data_Flows[[#This Row],[Flow_Py]]*Tab_Data_Flows[[#This Row],[DM_'[%']]],"N.A.") -> 64.3 | AK61: =Tab_Data_Flows[[#This Row],[UoM_Flow_Py]] -> Mg
A62: =ROW()-1 -> 61 | B62: =_xlfn.XLOOKUP(C62,Tab_Def_Flows[Name(EN)],Tab_Def_Flows[Flow_ID],,0,) -> F_00_01 | C62: Wood | D62: =_xlfn.XLOOKUP(C62,Tab_Def_Flows[Name(EN)],Tab_Def_Flows[Type_Biomass],,0,) -> 0 | E62: =_xlfn.XLOOKUP(C62,Tab_Def_Flows[Name(EN)],Tab_Def_Flows[Output_Process],,0,) -> Biosphere | F62: =_xlfn.XLOOKUP(C62,Tab_Def_Flows[Name(EN)],Tab_Def_Flows[Process_ID_O],,0,) -> 00_Bio_ | G62: =_xlfn.XLOOKUP(C62,Tab_Def_Flows[Name(EN)],Tab_Def_Flows[Input_Process],,0,) -> Raw Material Extraction | H62: =_xlfn.XLOOKUP(C62,Tab_Def_Flows[Name(EN)],Tab_Def_Flows[Process_ID_I],,0,) -> 01_Raw_ | I62: =_xlfn.XLOOKUP(C62,Tab_Def_Flows[Name(EN)],Tab_Def_Flows[Value_Source],,0,) -> 0 | J62: =_xlfn.XLOOKUP(C62,Tab_Def_Flows[Name(EN)],Tab_Def_Flows[WC?],,0,) -> Yes | K62: =_xlfn.XLOOKUP(C62,Tab_Def_Flows[Name(EN)],Tab_Def_Flows[DM?],,0,) -> Yes | L62: =_xlfn.XLOOKUP(C62,Tab_Def_Flows[Name(EN)],Tab_Def_Flows[CC?],,0,) -> Yes | M62: 1980 | N62: BB | O62: 128.6 | P62: Mg | X62: No | AA62: =IF(X62="no",O62,O62*Y62) -> 128.6 | AB62: Mg | AC62: =INDEX(Tab_Def_Flows[[Flow_ID]:[CC_DM_source]],MATCH(Tab_Data_Flows[[#This Row],[Name(EN)]],Tab_Def_Flows[Name(EN)],0),14) -> 0 | AD62: =IF(J62="Yes",AA62*Tab_Data_Flows[[#This Row],[WC_'[%']]],"N.A.") -> 0 | AE62: =Tab_Data_Flows[[#This Row],[UoM_Flow_Py]] -> Mg | AF62: =INDEX(Tab_Def_Flows[[Flow_ID]:[CC_DM_source]],MATCH(Tab_Data_Flows[[#This Row],[Name(EN)]],Tab_Def_Flows[Name(EN)],0),16) -> 1 | AG62: =IF(K62="Yes",AF62*Tab_Data_Flows[[#This Row],[Flow_Py]],"N.A.") -> 128.6 | AH62: =Tab_Data_Flows[[#This Row],[UoM_Flow_Py]] -> Mg | AI62: =INDEX(Tab_Def_Flows[[Flow_ID]:[CC_DM_source]],MATCH(Tab_Data_Flows[[#This Row],[Name(EN)]],Tab_Def_Flows[Name(EN)],0),18) -> 0.5 | AJ62: =IF(L62="Yes",AI62*Tab_Data_Flows[[#This Row],[Flow_Py]]*Tab_Data_Flows[[#This Row],[DM_'[%']]],"N.A.") -> 64.3 | AK62: =Tab_Data_Flows[[#This Row],[UoM_Flow_Py]] -> Mg
A63: =ROW()-1 -> 62 | B63: =_xlfn.XLOOKUP(C63,Tab_Def_Flows[Name(EN)],Tab_Def_Flows[Flow_ID],,0,) -> F_00_01 | C63: Wood | D63: =_xlfn.XLOOKUP(C63,Tab_Def_Flows[Name(EN)],Tab_Def_Flows[Type_Biomass],,0,) -> 0 | E63: =_xlfn.XLOOKUP(C63,Tab_Def_Flows[Name(EN)],Tab_Def_Flows[Output_Process],,0,) -> Biosphere | F63: =_xlfn.XLOOKUP(C63,Tab_Def_Flows[Name(EN)],Tab_Def_Flows[Process_ID_O],,0,) -> 00_Bio_ | G63: =_xlfn.XLOOKUP(C63,Tab_Def_Flows[Name(EN)],Tab_Def_Flows[Input_Process],,0,) -> Raw Material Extraction | H63: =_xlfn.XLOOKUP(C63,Tab_Def_Flows[Name(EN)],Tab_Def_Flows[Process_ID_I],,0,) -> 01_Raw_ | I63: =_xlfn.XLOOKUP(C63,Tab_Def_Flows[Name(EN)],Tab_Def_Flows[Value_Source],,0,) -> 0 | J63: =_xlfn.XLOOKUP(C63,Tab_Def_Flows[Name(EN)],Tab_Def_Flows[WC?],,0,) -> Yes | K63: =_xlfn.XLOOKUP(C63,Tab_Def_Flows[Name(EN)],Tab_Def_Flows[DM?],,0,) -> Yes | L63: =_xlfn.XLOOKUP(C63,Tab_Def_Flows[Name(EN)],Tab_Def_Flows[CC?],,0,) -> Yes | M63: 1981 | N63: BB | O63: 128.6 | P63: Mg | X63: No | AA63: =IF(X63="no",O63,O63*Y63) -> 128.6 | AB63: Mg | AC63: =INDEX(Tab_Def_Flows[[Flow_ID]:[CC_DM_source]],MATCH(Tab_Data_Flows[[#This Row],[Name(EN)]],Tab_Def_Flows[Name(EN)],0),14) -> 0 | AD63: =IF(J63="Yes",AA63*Tab_Data_Flows[[#This Row],[WC_'[%']]],"N.A.") -> 0 | AE63: =Tab_Data_Flows[[#This Row],[UoM_Flow_Py]] -> Mg | AF63: =INDEX(Tab_Def_Flows[[Flow_ID]:[CC_DM_source]],MATCH(Tab_Data_Flows[[#This Row],[Name(EN)]],Tab_Def_Flows[Name(EN)],0),16) -> 1 | AG63: =IF(K63="Yes",AF63*Tab_Data_Flows[[#This Row],[Flow_Py]],"N.A.") -> 128.6 | AH63: =Tab_Data_Flows[[#This Row],[UoM_Flow_Py]] -> Mg | AI63: =INDEX(Tab_Def_Flows[[Flow_ID]:[CC_DM_source]],MATCH(Tab_Data_Flows[[#This Row],[Name(EN)]],Tab_Def_Flows[Name(EN)],0),18) -> 0.5 | AJ63: =IF(L63="Yes",AI63*Tab_Data_Flows[[#This Row],[Flow_Py]]*Tab_Data_Flows[[#This Row],[DM_'[%']]],"N.A.") -> 64.3 | AK63: =Tab_Data_Flows[[#This Row],[UoM_Flow_Py]] -> Mg
A64: =ROW()-1 -> 63 | B64: =_xlfn.XLOOKUP(C64,Tab_Def_Flows[Name(EN)],Tab_Def_Flows[Flow_ID],,0,) -> F_00_01 | C64: Wood | D64: =_xlfn.XLOOKUP(C64,Tab_Def_Flows[Name(EN)],Tab_Def_Flows[Type_Biomass],,0,) -> 0 | E64: =_xlfn.XLOOKUP(C64,Tab_Def_Flows[Name(EN)],Tab_Def_Flows[Output_Process],,0,) -> Biosphere | F64: =_xlfn.XLOOKUP(C64,Tab_Def_Flows[Name(EN)],Tab_Def_Flows[Process_ID_O],,0,) -> 00_Bio_ | G64: =_xlfn.XLOOKUP(C64,Tab_Def_Flows[Name(EN)],Tab_Def_Flows[Input_Process],,0,) -> Raw Material Extraction | H64: =_xlfn.XLOOKUP(C64,Tab_Def_Flows[Name(EN)],Tab_Def_Flows[Process_ID_I],,0,) -> 01_Raw_ | I64: =_xlfn.XLOOKUP(C64,Tab_Def_Flows[Name(EN)],Tab_Def_Flows[Value_Source],,0,) -> 0 | J64: =_xlfn.XLOOKUP(C64,Tab_Def_Flows[Name(EN)],Tab_Def_Flows[WC?],,0,) -> Yes | K64: =_xlfn.XLOOKUP(C64,Tab_Def_Flows[Name(EN)],Tab_Def_Flows[DM?],,0,) -> Yes | L64: =_xlfn.XLOOKUP(C64,Tab_Def_Flows[Name(EN)],Tab_Def_Flows[CC?],,0,) -> Yes | M64: 1982 | N64: BB | O64: 70.8 | P64: Mg | X64: No | AA64: =IF(X64="no",O64,O64*Y64) -> 70.8 | AB64: Mg | AC64: =INDEX(Tab_Def_Flows[[Flow_ID]:[CC_DM_source]],MATCH(Tab_Data_Flows[[#This Row],[Name(EN)]],Tab_Def_Flows[Name(EN)],0),14) -> 0 | AD64: =IF(J64="Yes",AA64*Tab_Data_Flows[[#This Row],[WC_'[%']]],"N.A.") -> 0 | AE64: =Tab_Data_Flows[[#This Row],[UoM_Flow_Py]] -> Mg | AF64: =INDEX(Tab_Def_Flows[[Flow_ID]:[CC_DM_source]],MATCH(Tab_Data_Flows[[#This Row],[Name(EN)]],Tab_Def_Flows[Name(EN)],0),16) -> 1 | AG64: =IF(K64="Yes",AF64*Tab_Data_Flows[[#This Row],[Flow_Py]],"N.A.") -> 70.8 | AH64: =Tab_Data_Flows[[#This Row],[UoM_Flow_Py]] -> Mg | AI64: =INDEX(Tab_Def_Flows[[Flow_ID]:[CC_DM_source]],MATCH(Tab_Data_Flows[[#This Row],[Name(EN)]],Tab_Def_Flows[Name(EN)],0),18) -> 0.5 | AJ64: =IF(L64="Yes",AI64*Tab_Data_Flows[[#This Row],[Flow_Py]]*Tab_Data_Flows[[#This Row],[DM_'[%']]],"N.A.") -> 35.4 | AK64: =Tab_Data_Flows[[#This Row],[UoM_Flow_Py]] -> Mg
A65: =ROW()-1 -> 64 | B65: =_xlfn.XLOOKUP(C65,Tab_Def_Flows[Name(EN)],Tab_Def_Flows[Flow_ID],,0,) -> F_00_01 | C65: Wood | E65: =_xlfn.XLOOKUP(C65,Tab_Def_Flows[Name(EN)],Tab_Def_Flows[Output_Process],,0,) -> Biosphere | F65: =_xlfn.XLOOKUP(C65,Tab_Def_Flows[Name(EN)],Tab_Def_Flows[Process_ID_O],,0,) -> 00_Bio_ | G65: =_xlfn.XLOOKUP(C65,Tab_Def_Flows[Name(EN)],Tab_Def_Flows[Input_Process],,0,) -> Raw Material Extraction | H65: =_xlfn.XLOOKUP(C65,Tab_Def_Flows[Name(EN)],Tab_Def_Flows[Process_ID_I],,0,) -> 01_Raw_ | I65: =_xlfn.XLOOKUP(C65,Tab_Def_Flows[Name(EN)],Tab_Def_Flows[Value_Source],,0,) -> 0 | J65: =_xlfn.XLOOKUP(C65,Tab_Def_Flows[Name(EN)],Tab_Def_Flows[WC?],,0,) -> Yes | K65: =_xlfn.XLOOKUP(C65,Tab_Def_Flows[Name(EN)],Tab_Def_Flows[DM?],,0,) -> Yes | L65: =_xlfn.XLOOKUP(C65,Tab_Def_Flows[Name(EN)],Tab_Def_Flows[CC?],,0,) -> Yes | M65: 1983 | O65: 83.6 | P65: Mg | R65: =INDEX(Tab_WC_DM_CC[[Flow_ID]:[CC_source]],MATCH(Tab_Data_Flows[[#This Row],[Name(EN)]],Tab_WC_DM_CC[Name(EN)],0),12) -> #N/A | S65: =MATCH(Tab_Data_Flows[[#This Row],[Name(EN)]],Tab_WC_DM_CC[Name(EN)],0) -> #N/A | X65: No | AA65: =IF(X65="no",O65,O65*Y65) -> 83.6 | AB65: Mg | AC65: =INDEX(Tab_Def_Flows[[Flow_ID]:[CC_DM_source]],MATCH(Tab_Data_Flows[[#This Row],[Name(EN)]],Tab_Def_Flows[Name(EN)],0),14) -> 0 | AD65: =IF(J65="Yes",AA65*Tab_Data_Flows[[#This Row],[WC_'[%']]],"N.A.") -> 0 | AE65: =Tab_Data_Flows[[#This Row],[UoM_Flow_Py]] -> Mg | AF65: =INDEX(Tab_Def_Flows[[Flow_ID]:[CC_DM_source]],MATCH(Tab_Data_Flows[[#This Row],[Name(EN)]],Tab_Def_Flows[Name(EN)],0),16) -> 1 | AG65: =IF(K65="Yes",AF65*Tab_Data_Flows[[#This Row],[Flow_Py]],"N.A.") -> 83.6 | AH65: =Tab_Data_Flows[[#This Row],[UoM_Flow_Py]] -> Mg | AI65: =INDEX(Tab_Def_Flows[[Flow_ID]:[CC_DM_source]],MATCH(Tab_Data_Flows[[#This Row],[Name(EN)]],Tab_Def_Flows[Name(EN)],0),18) -> 0.5 | AJ65: =IF(L65="Yes",AI65*Tab_Data_Flows[[#This Row],[Flow_Py]]*Tab_Data_Flows[[#This Row],[DM_'[%']]],"N.A.") -> 41.8 | AK65: =Tab_Data_Flows[[#This Row],[UoM_Flow_Py]] -> Mg
A66: =ROW()-1 -> 65 | B66: =_xlfn.XLOOKUP(C66,Tab_Def_Flows[Name(EN)],Tab_Def_Flows[Flow_ID],,0,) -> F_00_01 | C66: Wood | E66: =_xlfn.XLOOKUP(C66,Tab_Def_Flows[Name(EN)],Tab_Def_Flows[Output_Process],,0,) -> Biosphere | F66: =_xlfn.XLOOKUP(C66,Tab_Def_Flows[Name(EN)],Tab_Def_Flows[Process_ID_O],,0,) -> 00_Bio_ | G66: =_xlfn.XLOOKUP(C66,Tab_Def_Flows[Name(EN)],Tab_Def_Flows[Input_Process],,0,) -> Raw Material Extraction | H66: =_xlfn.XLOOKUP(C66,Tab_Def_Flows[Name(EN)],Tab_Def_Flows[Process_ID_I],,0,) -> 01_Raw_ | I66: =_xlfn.XLOOKUP(C66,Tab_Def_Flows[Name(EN)],Tab_Def_Flows[Value_Source],,0,) -> 0 | J66: =_xlfn.XLOOKUP(C66,Tab_Def_Flows[Name(EN)],Tab_Def_Flows[WC?],,0,) -> Yes | K66: =_xlfn.XLOOKUP(C66,Tab_Def_Flows[Name(EN)],Tab_Def_Flows[DM?],,0,) -> Yes | L66: =_xlfn.XLOOKUP(C66,Tab_Def_Flows[Name(EN)],Tab_Def_Flows[CC?],,0,) -> Yes | M66: 1984 | O66: 115.8 | P66: Mg | R66: =INDEX(Tab_WC_DM_CC[[Flow_ID]:[CC_source]],MATCH(Tab_Data_Flows[[#This Row],[Name(EN)]],Tab_WC_DM_CC[Name(EN)],0),12) -> #N/A | S66: =MATCH(Tab_Data_Flows[[#This Row],[Name(EN)]],Tab_WC_DM_CC[Name(EN)],0) -> #N/A | X66: No | AA66: =IF(X66="no",O66,O66*Y66) -> 115.8 | AB66: Mg | AC66: =INDEX(Tab_Def_Flows[[Flow_ID]:[CC_DM_source]],MATCH(Tab_Data_Flows[[#This Row],[Name(EN)]],Tab_Def_Flows[Name(EN)],0),14) -> 0 | AD66: =IF(J66="Yes",AA66*Tab_Data_Flows[[#This Row],[WC_'[%']]],"N.A.") -> 0 | AE66: =Tab_Data_Flows[[#This Row],[UoM_Flow_Py]] -> Mg | AF66: =INDEX(Tab_Def_Flows[[Flow_ID]:[CC_DM_source]],MATCH(Tab_Data_Flows[[#This Row],[Name(EN)]],Tab_Def_Flows[Name(EN)],0),16) -> 1 | AG66: =IF(K66="Yes",AF66*Tab_Data_Flows[[#This Row],[Flow_Py]],"N.A.") -> 115.8 | AH66: =Tab_Data_Flows[[#This Row],[UoM_Flow_Py]] -> Mg | AI66: =INDEX(Tab_Def_Flows[[Flow_ID]:[CC_DM_source]],MATCH(Tab_Data_Flows[[#This Row],[Name(EN)]],Tab_Def_Flows[Name(EN)],0),18) -> 0.5 | AJ66: =IF(L66="Yes",AI66*Tab_Data_Flows[[#This Row],[Flow_Py]]*Tab_Data_Flows[[#This Row],[DM_'[%']]],"N.A.") -> 57.9 | AK66: =Tab_Data_Flows[[#This Row],[UoM_Flow_Py]] -> Mg
A67: =ROW()-1 -> 66 | B67: =_xlfn.XLOOKUP(C67,Tab_Def_Flows[Name(EN)],Tab_Def_Flows[Flow_ID],,0,) -> F_00_01 | C67: Wood | E67: =_xlfn.XLOOKUP(C67,Tab_Def_Flows[Name(EN)],Tab_Def_Flows[Output_Process],,0,) -> Biosphere | F67: =_xlfn.XLOOKUP(C67,Tab_Def_Flows[Name(EN)],Tab_Def_Flows[Process_ID_O],,0,) -> 00_Bio_ | G67: =_xlfn.XLOOKUP(C67,Tab_Def_Flows[Name(EN)],Tab_Def_Flows[Input_Process],,0,) -> Raw Material Extraction | H67: =_xlfn.XLOOKUP(C67,Tab_Def_Flows[Name(EN)],Tab_Def_Flows[Process_ID_I],,0,) -> 01_Raw_ | I67: =_xlfn.XLOOKUP(C67,Tab_Def_Flows[Name(EN)],Tab_Def_Flows[Value_Source],,0,) -> 0 | J67: =_xlfn.XLOOKUP(C67,Tab_Def_Flows[Name(EN)],Tab_Def_Flows[WC?],,0,) -> Yes | K67: =_xlfn.XLOOKUP(C67,Tab_Def_Flows[Name(EN)],Tab_Def_Flows[DM?],,0,) -> Yes | L67: =_xlfn.XLOOKUP(C67,Tab_Def_Flows[Name(EN)],Tab_Def_Flows[CC?],,0,) -> Yes | M67: 1985 | O67: 205.6 | P67: Mg | R67: =INDEX(Tab_WC_DM_CC[[Flow_ID]:[CC_source]],MATCH(Tab_Data_Flows[[#This Row],[Name(EN)]],Tab_WC_DM_CC[Name(EN)],0),12) -> #N/A | S67: =MATCH(Tab_Data_Flows[[#This Row],[Name(EN)]],Tab_WC_DM_CC[Name(EN)],0) -> #N/A | X67: No | AA67: =IF(X67="no",O67,O67*Y67) -> 205.6 | AB67: Mg | AC67: =INDEX(Tab_Def_Flows[[Flow_ID]:[CC_DM_source]],MATCH(Tab_Data_Flows[[#This Row],[Name(EN)]],Tab_Def_Flows[Name(EN)],0),14) -> 0 | AD67: =IF(J67="Yes",AA67*Tab_Data_Flows[[#This Row],[WC_'[%']]],"N.A.") -> 0 | AE67: =Tab_Data_Flows[[#This Row],[UoM_Flow_Py]] -> Mg | AF67: =INDEX(Tab_Def_Flows[[Flow_ID]:[CC_DM_source]],MATCH(Tab_Data_Flows[[#This Row],[Name(EN)]],Tab_Def_Flows[Name(EN)],0),16) -> 1 | AG67: =IF(K67="Yes",AF67*Tab_Data_Flows[[#This Row],[Flow_Py]],"N.A.") -> 205.6 | AH67: =Tab_Data_Flows[[#This Row],[UoM_Flow_Py]] -> Mg | AI67: =INDEX(Tab_Def_Flows[[Flow_ID]:[CC_DM_source]],MATCH(Tab_Data_Flows[[#This Row],[Name(EN)]],Tab_Def_Flows[Name(EN)],0),18) -> 0.5 | AJ67: =IF(L67="Yes",AI67*Tab_Data_Flows[[#This Row],[Flow_Py]]*Tab_Data_Flows[[#This Row],[DM_'[%']]],"N.A.") -> 102.8 | AK67: =Tab_Data_Flows[[#This Row],[UoM_Flow_Py]] -> Mg
A68: =ROW()-1 -> 67 | B68: =_xlfn.XLOOKUP(C68,Tab_Def_Flows[Name(EN)],Tab_Def_Flows[Flow_ID],,0,) -> F_00_01 | C68: Wood | E68: =_xlfn.XLOOKUP(C68,Tab_Def_Flows[Name(EN)],Tab_Def_Flows[Output_Process],,0,) -> Biosphere | F68: =_xlfn.XLOOKUP(C68,Tab_Def_Flows[Name(EN)],Tab_Def_Flows[Process_ID_O],,0,) -> 00_Bio_ | G68: =_xlfn.XLOOKUP(C68,Tab_Def_Flows[Name(EN)],Tab_Def_Flows[Input_Process],,0,) -> Raw Material Extraction | H68: =_xlfn.XLOOKUP(C68,Tab_Def_Flows[Name(EN)],Tab_Def_Flows[Process_ID_I],,0,) -> 01_Raw_ | I68: =_xlfn.XLOOKUP(C68,Tab_Def_Flows[Name(EN)],Tab_Def_Flows[Value_Source],,0,) -> 0 | J68: =_xlfn.XLOOKUP(C68,Tab_Def_Flows[Name(EN)],Tab_Def_Flows[WC?],,0,) -> Yes | K68: =_xlfn.XLOOKUP(C68,Tab_Def_Flows[Name(EN)],Tab_Def_Flows[DM?],,0,) -> Yes | L68: =_xlfn.XLOOKUP(C68,Tab_Def_Flows[Name(EN)],Tab_Def_Flows[CC?],,0,) -> Yes | M68: 1986 | O68: 70.8 | P68: Mg | R68: =INDEX(Tab_WC_DM_CC[[Flow_ID]:[CC_source]],MATCH(Tab_Data_Flows[[#This Row],[Name(EN)]],Tab_WC_DM_CC[Name(EN)],0),12) -> #N/A | S68: =MATCH(Tab_Data_Flows[[#This Row],[Name(EN)]],Tab_WC_DM_CC[Name(EN)],0) -> #N/A | X68: No | AA68: =IF(X68="no",O68,O68*Y68) -> 70.8 | AB68: Mg | AC68: =INDEX(Tab_Def_Flows[[Flow_ID]:[CC_DM_source]],MATCH(Tab_Data_Flows[[#This Row],[Name(EN)]],Tab_Def_Flows[Name(EN)],0),14) -> 0 | AD68: =IF(J68="Yes",AA68*Tab_Data_Flows[[#This Row],[WC_'[%']]],"N.A.") -> 0 | AE68: =Tab_Data_Flows[[#This Row],[UoM_Flow_Py]] -> Mg | AF68: =INDEX(Tab_Def_Flows[[Flow_ID]:[CC_DM_source]],MATCH(Tab_Data_Flows[[#This Row],[Name(EN)]],Tab_Def_Flows[Name(EN)],0),16) -> 1 | AG68: =IF(K68="Yes",AF68*Tab_Data_Flows[[#This Row],[Flow_Py]],"N.A.") -> 70.8 | AH68: =Tab_Data_Flows[[#This Row],[UoM_Flow_Py]] -> Mg | AI68: =INDEX(Tab_Def_Flows[[Flow_ID]:[CC_DM_source]],MATCH(Tab_Data_Flows[[#This Row],[Name(EN)]],Tab_Def_Flows[Name(EN)],0),18) -> 0.5 | AJ68: =IF(L68="Yes",AI68*Tab_Data_Flows[[#This Row],[Flow_Py]]*Tab_Data_Flows[[#This Row],[DM_'[%']]],"N.A.") -> 35.4 | AK68: =Tab_Data_Flows[[#This Row],[UoM_Flow_Py]] -> Mg
A69: =ROW()-1 -> 68 | B69: =_xlfn.XLOOKUP(C69,Tab_Def_Flows[Name(EN)],Tab_Def_Flows[Flow_ID],,0,) -> F_00_01 | C69: Wood | E69: =_xlfn.XLOOKUP(C69,Tab_Def_Flows[Name(EN)],Tab_Def_Flows[Output_Process],,0,) -> Biosphere | F69: =_xlfn.XLOOKUP(C69,Tab_Def_Flows[Name(EN)],Tab_Def_Flows[Process_ID_O],,0,) -> 00_Bio_ | G69: =_xlfn.XLOOKUP(C69,Tab_Def_Flows[Name(EN)],Tab_Def_Flows[Input_Process],,0,) -> Raw Material Extraction | H69: =_xlfn.XLOOKUP(C69,Tab_Def_Flows[Name(EN)],Tab_Def_Flows[Process_ID_I],,0,) -> 01_Raw_ | I69: =_xlfn.XLOOKUP(C69,Tab_Def_Flows[Name(EN)],Tab_Def_Flows[Value_Source],,0,) -> 0 | J69: =_xlfn.XLOOKUP(C69,Tab_Def_Flows[Name(EN)],Tab_Def_Flows[WC?],,0,) -> Yes | K69: =_xlfn.XLOOKUP(C69,Tab_Def_Flows[Name(EN)],Tab_Def_Flows[DM?],,0,) -> Yes | L69: =_xlfn.XLOOKUP(C69,Tab_Def_Flows[Name(EN)],Tab_Def_Flows[CC?],,0,) -> Yes | M69: 1987 | O69: 32.2 | P69: Mg | R69: =INDEX(Tab_WC_DM_CC[[Flow_ID]:[CC_source]],MATCH(Tab_Data_Flows[[#This Row],[Name(EN)]],Tab_WC_DM_CC[Name(EN)],0),12) -> #N/A | S69: =MATCH(Tab_Data_Flows[[#This Row],[Name(EN)]],Tab_WC_DM_CC[Name(EN)],0) -> #N/A | X69: No | AA69: =IF(X69="no",O69,O69*Y69) -> 32.2 | AB69: Mg | AC69: =INDEX(Tab_Def_Flows[[Flow_ID]:[CC_DM_source]],MATCH(Tab_Data_Flows[[#This Row],[Name(EN)]],Tab_Def_Flows[Name(EN)],0),14) -> 0 | AD69: =IF(J69="Yes",AA69*Tab_Data_Flows[[#This Row],[WC_'[%']]],"N.A.") -> 0 | AE69: =Tab_Data_Flows[[#This Row],[UoM_Flow_Py]] -> Mg | AF69: =INDEX(Tab_Def_Flows[[Flow_ID]:[CC_DM_source]],MATCH(Tab_Data_Flows[[#This Row],[Name(EN)]],Tab_Def_Flows[Name(EN)],0),16) -> 1 | AG69: =IF(K69="Yes",AF69*Tab_Data_Flows[[#This Row],[Flow_Py]],"N.A.") -> 32.2 | AH69: =Tab_Data_Flows[[#This Row],[UoM_Flow_Py]] -> Mg | AI69: =INDEX(Tab_Def_Flows[[Flow_ID]:[CC_DM_source]],MATCH(Tab_Data_Flows[[#This Row],[Name(EN)]],Tab_Def_Flows[Name(EN)],0),18) -> 0.5 | AJ69: =IF(L69="Yes",AI69*Tab_Data_Flows[[#This Row],[Flow_Py]]*Tab_Data_Flows[[#This Row],[DM_'[%']]],"N.A.") -> 16.1 | AK69: =Tab_Data_Flows[[#This Row],[UoM_Flow_Py]] -> Mg
A70: =ROW()-1 -> 69 | B70: =_xlfn.XLOOKUP(C70,Tab_Def_Flows[Name(EN)],Tab_Def_Flows[Flow_ID],,0,) -> F_00_01 | C70: Wood | E70: =_xlfn.XLOOKUP(C70,Tab_Def_Flows[Name(EN)],Tab_Def_Flows[Output_Process],,0,) -> Biosphere | F70: =_xlfn.XLOOKUP(C70,Tab_Def_Flows[Name(EN)],Tab_Def_Flows[Process_ID_O],,0,) -> 00_Bio_ | G70: =_xlfn.XLOOKUP(C70,Tab_Def_Flows[Name(EN)],Tab_Def_Flows[Input_Process],,0,) -> Raw Material Extraction | H70: =_xlfn.XLOOKUP(C70,Tab_Def_Flows[Name(EN)],Tab_Def_Flows[Process_ID_I],,0,) -> 01_Raw_ | I70: =_xlfn.XLOOKUP(C70,Tab_Def_Flows[Name(EN)],Tab_Def_Flows[Value_Source],,0,) -> 0 | J70: =_xlfn.XLOOKUP(C70,Tab_Def_Flows[Name(EN)],Tab_Def_Flows[WC?],,0,) -> Yes | K70: =_xlfn.XLOOKUP(C70,Tab_Def_Flows[Name(EN)],Tab_Def_Flows[DM?],,0,) -> Yes | L70: =_xlfn.XLOOKUP(C70,Tab_Def_Flows[Name(EN)],Tab_Def_Flows[CC?],,0,) -> Yes | M70: 1988 | O70: 77.2 | P70: Mg | R70: =INDEX(Tab_WC_DM_CC[[Flow_ID]:[CC_source]],MATCH(Tab_Data_Flows[[#This Row],[Name(EN)]],Tab_WC_DM_CC[Name(EN)],0),12) -> #N/A | S70: =MATCH(Tab_Data_Flows[[#This Row],[Name(EN)]],Tab_WC_DM_CC[Name(EN)],0) -> #N/A | X70: No | AA70: =IF(X70="no",O70,O70*Y70) -> 77.2 | AB70: Mg | AC70: =INDEX(Tab_Def_Flows[[Flow_ID]:[CC_DM_source]],MATCH(Tab_Data_Flows[[#This Row],[Name(EN)]],Tab_Def_Flows[Name(EN)],0),14) -> 0 | AD70: =IF(J70="Yes",AA70*Tab_Data_Flows[[#This Row],[WC_'[%']]],"N.A.") -> 0 | AE70: =Tab_Data_Flows[[#This Row],[UoM_Flow_Py]] -> Mg | AF70: =INDEX(Tab_Def_Flows[[Flow_ID]:[CC_DM_source]],MATCH(Tab_Data_Flows[[#This Row],[Name(EN)]],Tab_Def_Flows[Name(EN)],0),16) -> 1 | AG70: =IF(K70="Yes",AF70*Tab_Data_Flows[[#This Row],[Flow_Py]],"N.A.") -> 77.2 | AH70: =Tab_Data_Flows[[#This Row],[UoM_Flow_Py]] -> Mg | AI70: =INDEX(Tab_Def_Flows[[Flow_ID]:[CC_DM_source]],MATCH(Tab_Data_Flows[[#This Row],[Name(EN)]],Tab_Def_Flows[Name(EN)],0),18) -> 0.5 | AJ70: =IF(L70="Yes",AI70*Tab_Data_Flows[[#This Row],[Flow_Py]]*Tab_Data_Flows[[#This Row],[DM_'[%']]],"N.A.") -> 38.6 | AK70: =Tab_Data_Flows[[#This Row],[UoM_Flow_Py]] -> Mg
A71: =ROW()-1 -> 70 | B71: =_xlfn.XLOOKUP(C71,Tab_Def_Flows[Name(EN)],Tab_Def_Flows[Flow_ID],,0,) -> F_00_01 | C71: Wood | E71: =_xlfn.XLOOKUP(C71,Tab_Def_Flows[Name(EN)],Tab_Def_Flows[Output_Process],,0,) -> Biosphere | F71: =_xlfn.XLOOKUP(C71,Tab_Def_Flows[Name(EN)],Tab_Def_Flows[Process_ID_O],,0,) -> 00_Bio_ | G71: =_xlfn.XLOOKUP(C71,Tab_Def_Flows[Name(EN)],Tab_Def_Flows[Input_Process],,0,) -> Raw Material Extraction | H71: =_xlfn.XLOOKUP(C71,Tab_Def_Flows[Name(EN)],Tab_Def_Flows[Process_ID_I],,0,) -> 01_Raw_ | I71: =_xlfn.XLOOKUP(C71,Tab_Def_Flows[Name(EN)],Tab_Def_Flows[Value_Source],,0,) -> 0 | J71: =_xlfn.XLOOKUP(C71,Tab_Def_Flows[Name(EN)],Tab_Def_Flows[WC?],,0,) -> Yes | K71: =_xlfn.XLOOKUP(C71,Tab_Def_Flows[Name(EN)],Tab_Def_Flows[DM?],,0,) -> Yes | L71: =_xlfn.XLOOKUP(C71,Tab_Def_Flows[Name(EN)],Tab_Def_Flows[CC?],,0,) -> Yes | M71: 1989 | O71: 45 | P71: Mg | R71: =INDEX(Tab_WC_DM_CC[[Flow_ID]:[CC_source]],MATCH(Tab_Data_Flows[[#This Row],[Name(EN)]],Tab_WC_DM_CC[Name(EN)],0),12) -> #N/A | S71: =MATCH(Tab_Data_Flows[[#This Row],[Name(EN)]],Tab_WC_DM_CC[Name(EN)],0) -> #N/A | X71: No | AA71: =IF(X71="no",O71,O71*Y71) -> 45 | AB71: Mg | AC71: =INDEX(Tab_Def_Flows[[Flow_ID]:[CC_DM_source]],MATCH(Tab_Data_Flows[[#This Row],[Name(EN)]],Tab_Def_Flows[Name(EN)],0),14) -> 0 | AD71: =IF(J71="Yes",AA71*Tab_Data_Flows[[#This Row],[WC_'[%']]],"N.A.") -> 0 | AE71: =Tab_Data_Flows[[#This Row],[UoM_Flow_Py]] -> Mg | AF71: =INDEX(Tab_Def_Flows[[Flow_ID]:[CC_DM_source]],MATCH(Tab_Data_Flows[[#This Row],[Name(EN)]],Tab_Def_Flows[Name(EN)],0),16) -> 1 | AG71: =IF(K71="Yes",AF71*Tab_Data_Flows[[#This Row],[Flow_Py]],"N.A.") -> 45 | AH71: =Tab_Data_Flows[[#This Row],[UoM_Flow_Py]] -> Mg | AI71: =INDEX(Tab_Def_Flows[[Flow_ID]:[CC_DM_source]],MATCH(Tab_Data_Flows[[#This Row],[Name(EN)]],Tab_Def_Flows[Name(EN)],0),18) -> 0.5 | AJ71: =IF(L71="Yes",AI71*Tab_Data_Flows[[#This Row],[Flow_Py]]*Tab_Data_Flows[[#This Row],[DM_'[%']]],"N.A.") -> 22.5 | AK71: =Tab_Data_Flows[[#This Row],[UoM_Flow_Py]] -> Mg
A72: =ROW()-1 -> 71 | B72: =_xlfn.XLOOKUP(C72,Tab_Def_Flows[Name(EN)],Tab_Def_Flows[Flow_ID],,0,) -> F_00_01 | C72: Wood | E72: =_xlfn.XLOOKUP(C72,Tab_Def_Flows[Name(EN)],Tab_Def_Flows[Output_Process],,0,) -> Biosphere | F72: =_xlfn.XLOOKUP(C72,Tab_Def_Flows[Name(EN)],Tab_Def_Flows[Process_ID_O],,0,) -> 00_Bio_ | G72: =_xlfn.XLOOKUP(C72,Tab_Def_Flows[Name(EN)],Tab_Def_Flows[Input_Process],,0,) -> Raw Material Extraction | H72: =_xlfn.XLOOKUP(C72,Tab_Def_Flows[Name(EN)],Tab_Def_Flows[Process_ID_I],,0,) -> 01_Raw_ | I72: =_xlfn.XLOOKUP(C72,Tab_Def_Flows[Name(EN)],Tab_Def_Flows[Value_Source],,0,) -> 0 | J72: =_xlfn.XLOOKUP(C72,Tab_Def_Flows[Name(EN)],Tab_Def_Flows[WC?],,0,) -> Yes | K72: =_xlfn.XLOOKUP(C72,Tab_Def_Flows[Name(EN)],Tab_Def_Flows[DM?],,0,) -> Yes | L72: =_xlfn.XLOOKUP(C72,Tab_Def_Flows[Name(EN)],Tab_Def_Flows[CC?],,0,) -> Yes | M72: 1990 | O72: 64.4 | P72: Mg | R72: =INDEX(Tab_WC_DM_CC[[Flow_ID]:[CC_source]],MATCH(Tab_Data_Flows[[#This Row],[Name(EN)]],Tab_WC_DM_CC[Name(EN)],0),12) -> #N/A | S72: =MATCH(Tab_Data_Flows[[#This Row],[Name(EN)]],Tab_WC_DM_CC[Name(EN)],0) -> #N/A | X72: No | AA72: =IF(X72="no",O72,O72*Y72) -> 64.4 | AB72: Mg | AC72: =INDEX(Tab_Def_Flows[[Flow_ID]:[CC_DM_source]],MATCH(Tab_Data_Flows[[#This Row],[Name(EN)]],Tab_Def_Flows[Name(EN)],0),14) -> 0 | AD72: =IF(J72="Yes",AA72*Tab_Data_Flows[[#This Row],[WC_'[%']]],"N.A.") -> 0 | AE72: =Tab_Data_Flows[[#This Row],[UoM_Flow_Py]] -> Mg | AF72: =INDEX(Tab_Def_Flows[[Flow_ID]:[CC_DM_source]],MATCH(Tab_Data_Flows[[#This Row],[Name(EN)]],Tab_Def_Flows[Name(EN)],0),16) -> 1 | AG72: =IF(K72="Yes",AF72*Tab_Data_Flows[[#This Row],[Flow_Py]],"N.A.") -> 64.4 | AH72: =Tab_Data_Flows[[#This Row],[UoM_Flow_Py]] -> Mg | AI72: =INDEX(Tab_Def_Flows[[Flow_ID]:[CC_DM_source]],MATCH(Tab_Data_Flows[[#This Row],[Name(EN)]],Tab_Def_Flows[Name(EN)],0),18) -> 0.5 | AJ72: =IF(L72="Yes",AI72*Tab_Data_Flows[[#This Row],[Flow_Py]]*Tab_Data_Flows[[#This Row],[DM_'[%']]],"N.A.") -> 32.2 | AK72: =Tab_Data_Flows[[#This Row],[UoM_Flow_Py]] -> Mg
A73: =ROW()-1 -> 72 | B73: =_xlfn.XLOOKUP(C73,Tab_Def_Flows[Name(EN)],Tab_Def_Flows[Flow_ID],,0,) -> F_00_01 | C73: Wood | E73: =_xlfn.XLOOKUP(C73,Tab_Def_Flows[Name(EN)],Tab_Def_Flows[Output_Process],,0,) -> Biosphere | F73: =_xlfn.XLOOKUP(C73,Tab_Def_Flows[Name(EN)],Tab_Def_Flows[Process_ID_O],,0,) -> 00_Bio_ | G73: =_xlfn.XLOOKUP(C73,Tab_Def_Flows[Name(EN)],Tab_Def_Flows[Input_Process],,0,) -> Raw Material Extraction | H73: =_xlfn.XLOOKUP(C73,Tab_Def_Flows[Name(EN)],Tab_Def_Flows[Process_ID_I],,0,) -> 01_Raw_ | I73: =_xlfn.XLOOKUP(C73,Tab_Def_Flows[Name(EN)],Tab_Def_Flows[Value_Source],,0,) -> 0 | J73: =_xlfn.XLOOKUP(C73,Tab_Def_Flows[Name(EN)],Tab_Def_Flows[WC?],,0,) -> Yes | K73: =_xlfn.XLOOKUP(C73,Tab_Def_Flows[Name(EN)],Tab_Def_Flows[DM?],,0,) -> Yes | L73: =_xlfn.XLOOKUP(C73,Tab_Def_Flows[Name(EN)],Tab_Def_Flows[CC?],,0,) -> Yes | M73: 1991 | O73: 38.6 | P73: Mg | R73: =INDEX(Tab_WC_DM_CC[[Flow_ID]:[CC_source]],MATCH(Tab_Data_Flows[[#This Row],[Name(EN)]],Tab_WC_DM_CC[Name(EN)],0),12) -> #N/A | S73: =MATCH(Tab_Data_Flows[[#This Row],[Name(EN)]],Tab_WC_DM_CC[Name(EN)],0) -> #N/A | X73: No | AA73: =IF(X73="no",O73,O73*Y73) -> 38.6 | AB73: Mg | AC73: =INDEX(Tab_Def_Flows[[Flow_ID]:[CC_DM_source]],MATCH(Tab_Data_Flows[[#This Row],[Name(EN)]],Tab_Def_Flows[Name(EN)],0),14) -> 0 | AD73: =IF(J73="Yes",AA73*Tab_Data_Flows[[#This Row],[WC_'[%']]],"N.A.") -> 0 | AE73: =Tab_Data_Flows[[#This Row],[UoM_Flow_Py]] -> Mg | AF73: =INDEX(Tab_Def_Flows[[Flow_ID]:[CC_DM_source]],MATCH(Tab_Data_Flows[[#This Row],[Name(EN)]],Tab_Def_Flows[Name(EN)],0),16) -> 1 | AG73: =IF(K73="Yes",AF73*Tab_Data_Flows[[#This Row],[Flow_Py]],"N.A.") -> 38.6 | AH73: =Tab_Data_Flows[[#This Row],[UoM_Flow_Py]] -> Mg | AI73: =INDEX(Tab_Def_Flows[[Flow_ID]:[CC_DM_source]],MATCH(Tab_Data_Flows[[#This Row],[Name(EN)]],Tab_Def_Flows[Name(EN)],0),18) -> 0.5 | AJ73: =IF(L73="Yes",AI73*Tab_Data_Flows[[#This Row],[Flow_Py]]*Tab_Data_Flows[[#This Row],[DM_'[%']]],"N.A.") -> 19.3 | AK73: =Tab_Data_Flows[[#This Row],[UoM_Flow_Py]] -> Mg
A74: =ROW()-1 -> 73 | B74: =_xlfn.XLOOKUP(C74,Tab_Def_Flows[Name(EN)],Tab_Def_Flows[Flow_ID],,0,) -> F_00_01 | C74: Wood | E74: =_xlfn.XLOOKUP(C74,Tab_Def_Flows[Name(EN)],Tab_Def_Flows[Output_Process],,0,) -> Biosphere | F74: =_xlfn.XLOOKUP(C74,Tab_Def_Flows[Name(EN)],Tab_Def_Flows[Process_ID_O],,0,) -> 00_Bio_ | G74: =_xlfn.XLOOKUP(C74,Tab_Def_Flows[Name(EN)],Tab_Def_Flows[Input_Process],,0,) -> Raw Material Extraction | H74: =_xlfn.XLOOKUP(C74,Tab_Def_Flows[Name(EN)],Tab_Def_Flows[Process_ID_I],,0,) -> 01_Raw_ | I74: =_xlfn.XLOOKUP(C74,Tab_Def_Flows[Name(EN)],Tab_Def_Flows[Value_Source],,0,) -> 0 | J74: =_xlfn.XLOOKUP(C74,Tab_Def_Flows[Name(EN)],Tab_Def_Flows[WC?],,0,) -> Yes | K74: =_xlfn.XLOOKUP(C74,Tab_Def_Flows[Name(EN)],Tab_Def_Flows[DM?],,0,) -> Yes | L74: =_xlfn.XLOOKUP(C74,Tab_Def_Flows[Name(EN)],Tab_Def_Flows[CC?],,0,) -> Yes | M74: 1992 | O74: 57.8 | P74: Mg | R74: =INDEX(Tab_WC_DM_CC[[Flow_ID]:[CC_source]],MATCH(Tab_Data_Flows[[#This Row],[Name(EN)]],Tab_WC_DM_CC[Name(EN)],0),12) -> #N/A | S74: =MATCH(Tab_Data_Flows[[#This Row],[Name(EN)]],Tab_WC_DM_CC[Name(EN)],0) -> #N/A | X74: No | AA74: =IF(X74="no",O74,O74*Y74) -> 57.8 | AB74: Mg | AC74: =INDEX(Tab_Def_Flows[[Flow_ID]:[CC_DM_source]],MATCH(Tab_Data_Flows[[#This Row],[Name(EN)]],Tab_Def_Flows[Name(EN)],0),14) -> 0 | AD74: =IF(J74="Yes",AA74*Tab_Data_Flows[[#This Row],[WC_'[%']]],"N.A.") -> 0 | AE74: =Tab_Data_Flows[[#This Row],[UoM_Flow_Py]] -> Mg | AF74: =INDEX(Tab_Def_Flows[[Flow_ID]:[CC_DM_source]],MATCH(Tab_Data_Flows[[#This Row],[Name(EN)]],Tab_Def_Flows[Name(EN)],0),16) -> 1 | AG74: =IF(K74="Yes",AF74*Tab_Data_Flows[[#This Row],[Flow_Py]],"N.A.") -> 57.8 | AH74: =Tab_Data_Flows[[#This Row],[UoM_Flow_Py]] -> Mg | AI74: =INDEX(Tab_Def_Flows[[Flow_ID]:[CC_DM_source]],MATCH(Tab_Data_Flows[[#This Row],[Name(EN)]],Tab_Def_Flows[Name(EN)],0),18) -> 0.5 | AJ74: =IF(L74="Yes",AI74*Tab_Data_Flows[[#This Row],[Flow_Py]]*Tab_Data_Flows[[#This Row],[DM_'[%']]],"N.A.") -> 28.9 | AK74: =Tab_Data_Flows[[#This Row],[UoM_Flow_Py]] -> Mg
A75: =ROW()-1 -> 74 | B75: =_xlfn.XLOOKUP(C75,Tab_Def_Flows[Name(EN)],Tab_Def_Flows[Flow_ID],,0,) -> F_00_01 | C75: Wood | E75: =_xlfn.XLOOKUP(C75,Tab_Def_Flows[Name(EN)],Tab_Def_Flows[Output_Process],,0,) -> Biosphere | F75: =_xlfn.XLOOKUP(C75,Tab_Def_Flows[Name(EN)],Tab_Def_Flows[Process_ID_O],,0,) -> 00_Bio_ | G75: =_xlfn.XLOOKUP(C75,Tab_Def_Flows[Name(EN)],Tab_Def_Flows[Input_Process],,0,) -> Raw Material Extraction | H75: =_xlfn.XLOOKUP(C75,Tab_Def_Flows[Name(EN)],Tab_Def_Flows[Process_ID_I],,0,) -> 01_Raw_ | I75: =_xlfn.XLOOKUP(C75,Tab_Def_Flows[Name(EN)],Tab_Def_Flows[Value_Source],,0,) -> 0 | J75: =_xlfn.XLOOKUP(C75,Tab_Def_Flows[Name(EN)],Tab_Def_Flows[WC?],,0,) -> Yes | K75: =_xlfn.XLOOKUP(C75,Tab_Def_Flows[Name(EN)],Tab_Def_Flows[DM?],,0,) -> Yes | L75: =_xlfn.XLOOKUP(C75,Tab_Def_Flows[Name(EN)],Tab_Def_Flows[CC?],,0,) -> Yes | M75: 1993 | O75: 77.2 | P75: Mg | R75: =INDEX(Tab_WC_DM_CC[[Flow_ID]:[CC_source]],MATCH(Tab_Data_Flows[[#This Row],[Name(EN)]],Tab_WC_DM_CC[Name(EN)],0),12) -> #N/A | S75: =MATCH(Tab_Data_Flows[[#This Row],[Name(EN)]],Tab_WC_DM_CC[Name(EN)],0) -> #N/A | X75: No | AA75: =IF(X75="no",O75,O75*Y75) -> 77.2 | AB75: Mg | AC75: =INDEX(Tab_Def_Flows[[Flow_ID]:[CC_DM_source]],MATCH(Tab_Data_Flows[[#This Row],[Name(EN)]],Tab_Def_Flows[Name(EN)],0),14) -> 0 | AD75: =IF(J75="Yes",AA75*Tab_Data_Flows[[#This Row],[WC_'[%']]],"N.A.") -> 0 | AE75: =Tab_Data_Flows[[#This Row],[UoM_Flow_Py]] -> Mg | AF75: =INDEX(Tab_Def_Flows[[Flow_ID]:[CC_DM_source]],MATCH(Tab_Data_Flows[[#This Row],[Name(EN)]],Tab_Def_Flows[Name(EN)],0),16) -> 1 | AG75: =IF(K75="Yes",AF75*Tab_Data_Flows[[#This Row],[Flow_Py]],"N.A.") -> 77.2 | AH75: =Tab_Data_Flows[[#This Row],[UoM_Flow_Py]] -> Mg | AI75: =INDEX(Tab_Def_Flows[[Flow_ID]:[CC_DM_source]],MATCH(Tab_Data_Flows[[#This Row],[Name(EN)]],Tab_Def_Flows[Name(EN)],0),18) -> 0.5 | AJ75: =IF(L75="Yes",AI75*Tab_Data_Flows[[#This Row],[Flow_Py]]*Tab_Data_Flows[[#This Row],[DM_'[%']]],"N.A.") -> 38.6 | AK75: =Tab_Data_Flows[[#This Row],[UoM_Flow_Py]] -> Mg
A76: =ROW()-1 -> 75 | B76: =_xlfn.XLOOKUP(C76,Tab_Def_Flows[Name(EN)],Tab_Def_Flows[Flow_ID],,0,) -> F_00_01 | C76: Wood | E76: =_xlfn.XLOOKUP(C76,Tab_Def_Flows[Name(EN)],Tab_Def_Flows[Output_Process],,0,) -> Biosphere | F76: =_xlfn.XLOOKUP(C76,Tab_Def_Flows[Name(EN)],Tab_Def_Flows[Process_ID_O],,0,) -> 00_Bio_ | G76: =_xlfn.XLOOKUP(C76,Tab_Def_Flows[Name(EN)],Tab_Def_Flows[Input_Process],,0,) -> Raw Material Extraction | H76: =_xlfn.XLOOKUP(C76,Tab_Def_Flows[Name(EN)],Tab_Def_Flows[Process_ID_I],,0,) -> 01_Raw_ | I76: =_xlfn.XLOOKUP(C76,Tab_Def_Flows[Name(EN)],Tab_Def_Flows[Value_Source],,0,) -> 0 | J76: =_xlfn.XLOOKUP(C76,Tab_Def_Flows[Name(EN)],Tab_Def_Flows[WC?],,0,) -> Yes | K76: =_xlfn.XLOOKUP(C76,Tab_Def_Flows[Name(EN)],Tab_Def_Flows[DM?],,0,) -> Yes | L76: =_xlfn.XLOOKUP(C76,Tab_Def_Flows[Name(EN)],Tab_Def_Flows[CC?],,0,) -> Yes | M76: 1994 | O76: 70.8 | P76: Mg | R76: =INDEX(Tab_WC_DM_CC[[Flow_ID]:[CC_source]],MATCH(Tab_Data_Flows[[#This Row],[Name(EN)]],Tab_WC_DM_CC[Name(EN)],0),12) -> #N/A | S76: =MATCH(Tab_Data_Flows[[#This Row],[Name(EN)]],Tab_WC_DM_CC[Name(EN)],0) -> #N/A | X76: No | AA76: =IF(X76="no",O76,O76*Y76) -> 70.8 | AB76: Mg | AC76: =INDEX(Tab_Def_Flows[[Flow_ID]:[CC_DM_source]],MATCH(Tab_Data_Flows[[#This Row],[Name(EN)]],Tab_Def_Flows[Name(EN)],0),14) -> 0 | AD76: =IF(J76="Yes",AA76*Tab_Data_Flows[[#This Row],[WC_'[%']]],"N.A.") -> 0 | AE76: =Tab_Data_Flows[[#This Row],[UoM_Flow_Py]] -> Mg | AF76: =INDEX(Tab_Def_Flows[[Flow_ID]:[CC_DM_source]],MATCH(Tab_Data_Flows[[#This Row],[Name(EN)]],Tab_Def_Flows[Name(EN)],0),16) -> 1 | AG76: =IF(K76="Yes",AF76*Tab_Data_Flows[[#This Row],[Flow_Py]],"N.A.") -> 70.8 | AH76: =Tab_Data_Flows[[#This Row],[UoM_Flow_Py]] -> Mg | AI76: =INDEX(Tab_Def_Flows[[Flow_ID]:[CC_DM_source]],MATCH(Tab_Data_Flows[[#This Row],[Name(EN)]],Tab_Def_Flows[Name(EN)],0),18) -> 0.5 | AJ76: =IF(L76="Yes",AI76*Tab_Data_Flows[[#This Row],[Flow_Py]]*Tab_Data_Flows[[#This Row],[DM_'[%']]],"N.A.") -> 35.4 | AK76: =Tab_Data_Flows[[#This Row],[UoM_Flow_Py]] -> Mg
... A86: =ROW()-1 -> 85 | B86: =_xlfn.XLOOKUP(C86,Tab_Def_Flows[Name(EN)],Tab_Def_Flows[Flow_ID],,0,) -> F_00_01 | C86: Wood | E86: =_xlfn.XLOOKUP(C86,Tab_Def_Flows[Name(EN)],Tab_Def_Flows[Output_Process],,0,) -> Biosphere | F86: =_xlfn.XLOOKUP(C86,Tab_Def_Flows[Name(EN)],Tab_Def_Flows[Process_ID_O],,0,) -> 00_Bio_ | G86: =_xlfn.XLOOKUP(C86,Tab_Def_Flows[Name(EN)],Tab_Def_Flows[Input_Process],,0,) -> Raw Material Extraction | H86: =_xlfn.XLOOKUP(C86,Tab_Def_Flows[Name(EN)],Tab_Def_Flows[Process_ID_I],,0,) -> 01_Raw_ | I86: =_xlfn.XLOOKUP(C86,Tab_Def_Flows[Name(EN)],Tab_Def_Flows[Value_Source],,0,) -> 0 | J86: =_xlfn.XLOOKUP(C86,Tab_Def_Flows[Name(EN)],Tab_Def_Flows[WC?],,0,) -> Yes | K86: =_xlfn.XLOOKUP(C86,Tab_Def_Flows[Name(EN)],Tab_Def_Flows[DM?],,0,) -> Yes | L86: =_xlfn.XLOOKUP(C86,Tab_Def_Flows[Name(EN)],Tab_Def_Flows[CC?],,0,) -> Yes | M86: 2004 | O86: 32.2 | P86: Mg | R86: =INDEX(Tab_WC_DM_CC[[Flow_ID]:[CC_source]],MATCH(Tab_Data_Flows[[#This Row],[Name(EN)]],Tab_WC_DM_CC[Name(EN)],0),12) -> #N/A | S86: =MATCH(Tab_Data_Flows[[#This Row],[Name(EN)]],Tab_WC_DM_CC[Name(EN)],0) -> #N/A | X86: No | AA86: =IF(X86="no",O86,O86*Y86) -> 32.2 | AB86: Mg | AC86: =INDEX(Tab_Def_Flows[[Flow_ID]:[CC_DM_source]],MATCH(Tab_Data_Flows[[#This Row],[Name(EN)]],Tab_Def_Flows[Name(EN)],0),14) -> 0 | AD86: =IF(J86="Yes",AA86*Tab_Data_Flows[[#This Row],[WC_'[%']]],"N.A.") -> 0 | AE86: =Tab_Data_Flows[[#This Row],[UoM_Flow_Py]] -> Mg | AF86: =INDEX(Tab_Def_Flows[[Flow_ID]:[CC_DM_source]],MATCH(Tab_Data_Flows[[#This Row],[Name(EN)]],Tab_Def_Flows[Name(EN)],0),16) -> 1 | AG86: =IF(K86="Yes",AF86*Tab_Data_Flows[[#This Row],[Flow_Py]],"N.A.") -> 32.2 | AH86: =Tab_Data_Flows[[#This Row],[UoM_Flow_Py]] -> Mg | AI86: =INDEX(Tab_Def_Flows[[Flow_ID]:[CC_DM_source]],MATCH(Tab_Data_Flows[[#This Row],[Name(EN)]],Tab_Def_Flows[Name(EN)],0),18) -> 0.5 | AJ86: =IF(L86="Yes",AI86*Tab_Data_Flows[[#This Row],[Flow_Py]]*Tab_Data_Flows[[#This Row],[DM_'[%']]],"N.A.") -> 16.1 | AK86: =Tab_Data_Flows[[#This Row],[UoM_Flow_Py]] -> Mg
A87: =ROW()-1 -> 86 | B87: =_xlfn.XLOOKUP(C87,Tab_Def_Flows[Name(EN)],Tab_Def_Flows[Flow_ID],,0,) -> F_00_01 | C87: Wood | D87: =_xlfn.XLOOKUP(C87,Tab_Def_Flows[Name(EN)],Tab_Def_Flows[Type_Biomass],,0,) -> 0 | E87: =_xlfn.XLOOKUP(C87,Tab_Def_Flows[Name(EN)],Tab_Def_Flows[Output_Process],,0,) -> Biosphere | F87: =_xlfn.XLOOKUP(C87,Tab_Def_Flows[Name(EN)],Tab_Def_Flows[Process_ID_O],,0,) -> 00_Bio_ | G87: =_xlfn.XLOOKUP(C87,Tab_Def_Flows[Name(EN)],Tab_Def_Flows[Input_Process],,0,) -> Raw Material Extraction | H87: =_xlfn.XLOOKUP(C87,Tab_Def_Flows[Name(EN)],Tab_Def_Flows[Process_ID_I],,0,) -> 01_Raw_ | I87: =_xlfn.XLOOKUP(C87,Tab_Def_Flows[Name(EN)],Tab_Def_Flows[Value_Source],,0,) -> 0 | J87: =_xlfn.XLOOKUP(C87,Tab_Def_Flows[Name(EN)],Tab_Def_Flows[WC?],,0,) -> Yes | K87: =_xlfn.XLOOKUP(C87,Tab_Def_Flows[Name(EN)],Tab_Def_Flows[DM?],,0,) -> Yes | L87: =_xlfn.XLOOKUP(C87,Tab_Def_Flows[Name(EN)],Tab_Def_Flows[CC?],,0,) -> Yes | M87: 2005 | N87: BB | O87: 90 | P87: Mg | X87: No | AA87: =IF(X87="no",O87,O87*Y87) -> 90 | AB87: Mg | AC87: =INDEX(Tab_Def_Flows[[Flow_ID]:[CC_DM_source]],MATCH(Tab_Data_Flows[[#This Row],[Name(EN)]],Tab_Def_Flows[Name(EN)],0),14) -> 0 | AD87: =IF(J87="Yes",AA87*Tab_Data_Flows[[#This Row],[WC_'[%']]],"N.A.") -> 0 | AE87: =Tab_Data_Flows[[#This Row],[UoM_Flow_Py]] -> Mg | AF87: =INDEX(Tab_Def_Flows[[Flow_ID]:[CC_DM_source]],MATCH(Tab_Data_Flows[[#This Row],[Name(EN)]],Tab_Def_Flows[Name(EN)],0),16) -> 1 | AG87: =IF(K87="Yes",AF87*Tab_Data_Flows[[#This Row],[Flow_Py]],"N.A.") -> 90 | AH87: =Tab_Data_Flows[[#This Row],[UoM_Flow_Py]] -> Mg | AI87: =INDEX(Tab_Def_Flows[[Flow_ID]:[CC_DM_source]],MATCH(Tab_Data_Flows[[#This Row],[Name(EN)]],Tab_Def_Flows[Name(EN)],0),18) -> 0.5 | AJ87: =IF(L87="Yes",AI87*Tab_Data_Flows[[#This Row],[Flow_Py]]*Tab_Data_Flows[[#This Row],[DM_'[%']]],"N.A.") -> 45 | AK87: =Tab_Data_Flows[[#This Row],[UoM_Flow_Py]] -> Mg
A88: =ROW()-1 -> 87 | B88: =_xlfn.XLOOKUP(C88,Tab_Def_Flows[Name(EN)],Tab_Def_Flows[Flow_ID],,0,) -> F_00_01 | C88: Wood | D88: =_xlfn.XLOOKUP(C88,Tab_Def_Flows[Name(EN)],Tab_Def_Flows[Type_Biomass],,0,) -> 0 | E88: =_xlfn.XLOOKUP(C88,Tab_Def_Flows[Name(EN)],Tab_Def_Flows[Output_Process],,0,) -> Biosphere | F88: =_xlfn.XLOOKUP(C88,Tab_Def_Flows[Name(EN)],Tab_Def_Flows[Process_ID_O],,0,) -> 00_Bio_ | G88: =_xlfn.XLOOKUP(C88,Tab_Def_Flows[Name(EN)],Tab_Def_Flows[Input_Process],,0,) -> Raw Material Extraction | H88: =_xlfn.XLOOKUP(C88,Tab_Def_Flows[Name(EN)],Tab_Def_Flows[Process_ID_I],,0,) -> 01_Raw_ | I88: =_xlfn.XLOOKUP(C88,Tab_Def_Flows[Name(EN)],Tab_Def_Flows[Value_Source],,0,) -> 0 | J88: =_xlfn.XLOOKUP(C88,Tab_Def_Flows[Name(EN)],Tab_Def_Flows[WC?],,0,) -> Yes | K88: =_xlfn.XLOOKUP(C88,Tab_Def_Flows[Name(EN)],Tab_Def_Flows[DM?],,0,) -> Yes | L88: =_xlfn.XLOOKUP(C88,Tab_Def_Flows[Name(EN)],Tab_Def_Flows[CC?],,0,) -> Yes | M88: 2006 | N88: BB | O88: 64.4 | P88: Mg | X88: No | AA88: =IF(X88="no",O88,O88*Y88) -> 64.4 | AB88: Mg | AC88: =INDEX(Tab_Def_Flows[[Flow_ID]:[CC_DM_source]],MATCH(Tab_Data_Flows[[#This Row],[Name(EN)]],Tab_Def_Flows[Name(EN)],0),14) -> 0 | AD88: =IF(J88="Yes",AA88*Tab_Data_Flows[[#This Row],[WC_'[%']]],"N.A.") -> 0 | AE88: =Tab_Data_Flows[[#This Row],[UoM_Flow_Py]] -> Mg | AF88: =INDEX(Tab_Def_Flows[[Flow_ID]:[CC_DM_source]],MATCH(Tab_Data_Flows[[#This Row],[Name(EN)]],Tab_Def_Flows[Name(EN)],0),16) -> 1 | AG88: =IF(K88="Yes",AF88*Tab_Data_Flows[[#This Row],[Flow_Py]],"N.A.") -> 64.4 | AH88: =Tab_Data_Flows[[#This Row],[UoM_Flow_Py]] -> Mg | AI88: =INDEX(Tab_Def_Flows[[Flow_ID]:[CC_DM_source]],MATCH(Tab_Data_Flows[[#This Row],[Name(EN)]],Tab_Def_Flows[Name(EN)],0),18) -> 0.5 | AJ88: =IF(L88="Yes",AI88*Tab_Data_Flows[[#This Row],[Flow_Py]]*Tab_Data_Flows[[#This Row],[DM_'[%']]],"N.A.") -> 32.2 | AK88: =Tab_Data_Flows[[#This Row],[UoM_Flow_Py]] -> Mg
A89: =ROW()-1 -> 88 | B89: =_xlfn.XLOOKUP(C89,Tab_Def_Flows[Name(EN)],Tab_Def_Flows[Flow_ID],,0,) -> F_00_01 | C89: Wood | D89: =_xlfn.XLOOKUP(C89,Tab_Def_Flows[Name(EN)],Tab_Def_Flows[Type_Biomass],,0,) -> 0 | E89: =_xlfn.XLOOKUP(C89,Tab_Def_Flows[Name(EN)],Tab_Def_Flows[Output_Process],,0,) -> Biosphere | F89: =_xlfn.XLOOKUP(C89,Tab_Def_Flows[Name(EN)],Tab_Def_Flows[Process_ID_O],,0,) -> 00_Bio_ | G89: =_xlfn.XLOOKUP(C89,Tab_Def_Flows[Name(EN)],Tab_Def_Flows[Input_Process],,0,) -> Raw Material Extraction | H89: =_xlfn.XLOOKUP(C89,Tab_Def_Flows[Name(EN)],Tab_Def_Flows[Process_ID_I],,0,) -> 01_Raw_ | I89: =_xlfn.XLOOKUP(C89,Tab_Def_Flows[Name(EN)],Tab_Def_Flows[Value_Source],,0,) -> 0 | J89: =_xlfn.XLOOKUP(C89,Tab_Def_Flows[Name(EN)],Tab_Def_Flows[WC?],,0,) -> Yes | K89: =_xlfn.XLOOKUP(C89,Tab_Def_Flows[Name(EN)],Tab_Def_Flows[DM?],,0,) -> Yes | L89: =_xlfn.XLOOKUP(C89,Tab_Def_Flows[Name(EN)],Tab_Def_Flows[CC?],,0,) -> Yes | M89: 2007 | N89: BB | O89: 32.2 | P89: Mg | X89: No | AA89: =IF(X89="no",O89,O89*Y89) -> 32.2 | AB89: Mg | AC89: =INDEX(Tab_Def_Flows[[Flow_ID]:[CC_DM_source]],MATCH(Tab_Data_Flows[[#This Row],[Name(EN)]],Tab_Def_Flows[Name(EN)],0),14) -> 0 | AD89: =IF(J89="Yes",AA89*Tab_Data_Flows[[#This Row],[WC_'[%']]],"N.A.") -> 0 | AE89: =Tab_Data_Flows[[#This Row],[UoM_Flow_Py]] -> Mg | AF89: =INDEX(Tab_Def_Flows[[Flow_ID]:[CC_DM_source]],MATCH(Tab_Data_Flows[[#This Row],[Name(EN)]],Tab_Def_Flows[Name(EN)],0),16) -> 1 | AG89: =IF(K89="Yes",AF89*Tab_Data_Flows[[#This Row],[Flow_Py]],"N.A.") -> 32.2 | AH89: =Tab_Data_Flows[[#This Row],[UoM_Flow_Py]] -> Mg | AI89: =INDEX(Tab_Def_Flows[[Flow_ID]:[CC_DM_source]],MATCH(Tab_Data_Flows[[#This Row],[Name(EN)]],Tab_Def_Flows[Name(EN)],0),18) -> 0.5 | AJ89: =IF(L89="Yes",AI89*Tab_Data_Flows[[#This Row],[Flow_Py]]*Tab_Data_Flows[[#This Row],[DM_'[%']]],"N.A.") -> 16.1 | AK89: =Tab_Data_Flows[[#This Row],[UoM_Flow_Py]] -> Mg
A90: =ROW()-1 -> 89 | B90: =_xlfn.XLOOKUP(C90,Tab_Def_Flows[Name(EN)],Tab_Def_Flows[Flow_ID],,0,) -> F_00_01 | C90: Wood | D90: =_xlfn.XLOOKUP(C90,Tab_Def_Flows[Name(EN)],Tab_Def_Flows[Type_Biomass],,0,) -> 0 | E90: =_xlfn.XLOOKUP(C90,Tab_Def_Flows[Name(EN)],Tab_Def_Flows[Output_Process],,0,) -> Biosphere | F90: =_xlfn.XLOOKUP(C90,Tab_Def_Flows[Name(EN)],Tab_Def_Flows[Process_ID_O],,0,) -> 00_Bio_ | G90: =_xlfn.XLOOKUP(C90,Tab_Def_Flows[Name(EN)],Tab_Def_Flows[Input_Process],,0,) -> Raw Material Extraction | H90: =_xlfn.XLOOKUP(C90,Tab_Def_Flows[Name(EN)],Tab_Def_Flows[Process_ID_I],,0,) -> 01_Raw_ | I90: =_xlfn.XLOOKUP(C90,Tab_Def_Flows[Name(EN)],Tab_Def_Flows[Value_Source],,0,) -> 0 | J90: =_xlfn.XLOOKUP(C90,Tab_Def_Flows[Name(EN)],Tab_Def_Flows[WC?],,0,) -> Yes | K90: =_xlfn.XLOOKUP(C90,Tab_Def_Flows[Name(EN)],Tab_Def_Flows[DM?],,0,) -> Yes | L90: =_xlfn.XLOOKUP(C90,Tab_Def_Flows[Name(EN)],Tab_Def_Flows[CC?],,0,) -> Yes | M90: 2008 | N90: BB | O90: 25.8 | P90: Mg | X90: No | AA90: =IF(X90="no",O90,O90*Y90) -> 25.8 | AB90: Mg | AC90: =INDEX(Tab_Def_Flows[[Flow_ID]:[CC_DM_source]],MATCH(Tab_Data_Flows[[#This Row],[Name(EN)]],Tab_Def_Flows[Name(EN)],0),14) -> 0 | AD90: =IF(J90="Yes",AA90*Tab_Data_Flows[[#This Row],[WC_'[%']]],"N.A.") -> 0 | AE90: =Tab_Data_Flows[[#This Row],[UoM_Flow_Py]] -> Mg | AF90: =INDEX(Tab_Def_Flows[[Flow_ID]:[CC_DM_source]],MATCH(Tab_Data_Flows[[#This Row],[Name(EN)]],Tab_Def_Flows[Name(EN)],0),16) -> 1 | AG90: =IF(K90="Yes",AF90*Tab_Data_Flows[[#This Row],[Flow_Py]],"N.A.") -> 25.8 | AH90: =Tab_Data_Flows[[#This Row],[UoM_Flow_Py]] -> Mg | AI90: =INDEX(Tab_Def_Flows[[Flow_ID]:[CC_DM_source]],MATCH(Tab_Data_Flows[[#This Row],[Name(EN)]],Tab_Def_Flows[Name(EN)],0),18) -> 0.5 | AJ90: =IF(L90="Yes",AI90*Tab_Data_Flows[[#This Row],[Flow_Py]]*Tab_Data_Flows[[#This Row],[DM_'[%']]],"N.A.") -> 12.9 | AK90: =Tab_Data_Flows[[#This Row],[UoM_Flow_Py]] -> Mg
A91: =ROW()-1 -> 90 | B91: =_xlfn.XLOOKUP(C91,Tab_Def_Flows[Name(EN)],Tab_Def_Flows[Flow_ID],,0,) -> F_00_01 | C91: Wood | D91: =_xlfn.XLOOKUP(C91,Tab_Def_Flows[Name(EN)],Tab_Def_Flows[Type_Biomass],,0,) -> 0 | E91: =_xlfn.XLOOKUP(C91,Tab_Def_Flows[Name(EN)],Tab_Def_Flows[Output_Process],,0,) -> Biosphere | F91: =_xlfn.XLOOKUP(C91,Tab_Def_Flows[Name(EN)],Tab_Def_Flows[Process_ID_O],,0,) -> 00_Bio_ | G91: =_xlfn.XLOOKUP(C91,Tab_Def_Flows[Name(EN)],Tab_Def_Flows[Input_Process],,0,) -> Raw Material Extraction | H91: =_xlfn.XLOOKUP(C91,Tab_Def_Flows[Name(EN)],Tab_Def_Flows[Process_ID_I],,0,) -> 01_Raw_ | I91: =_xlfn.XLOOKUP(C91,Tab_Def_Flows[Name(EN)],Tab_Def_Flows[Value_Source],,0,) -> 0 | J91: =_xlfn.XLOOKUP(C91,Tab_Def_Flows[Name(EN)],Tab_Def_Flows[WC?],,0,) -> Yes | K91: =_xlfn.XLOOKUP(C91,Tab_Def_Flows[Name(EN)],Tab_Def_Flows[DM?],,0,) -> Yes | L91: =_xlfn.XLOOKUP(C91,Tab_Def_Flows[Name(EN)],Tab_Def_Flows[CC?],,0,) -> Yes | M91: 2009 | N91: BB | O91: 19.2 | P91: Mg | X91: No | AA91: =IF(X91="no",O91,O91*Y91) -> 19.2 | AB91: Mg | AC91: =INDEX(Tab_Def_Flows[[Flow_ID]:[CC_DM_source]],MATCH(Tab_Data_Flows[[#This Row],[Name(EN)]],Tab_Def_Flows[Name(EN)],0),14) -> 0 | AD91: =IF(J91="Yes",AA91*Tab_Data_Flows[[#This Row],[WC_'[%']]],"N.A.") -> 0 | AE91: =Tab_Data_Flows[[#This Row],[UoM_Flow_Py]] -> Mg | AF91: =INDEX(Tab_Def_Flows[[Flow_ID]:[CC_DM_source]],MATCH(Tab_Data_Flows[[#This Row],[Name(EN)]],Tab_Def_Flows[Name(EN)],0),16) -> 1 | AG91: =IF(K91="Yes",AF91*Tab_Data_Flows[[#This Row],[Flow_Py]],"N.A.") -> 19.2 | AH91: =Tab_Data_Flows[[#This Row],[UoM_Flow_Py]] -> Mg | AI91: =INDEX(Tab_Def_Flows[[Flow_ID]:[CC_DM_source]],MATCH(Tab_Data_Flows[[#This Row],[Name(EN)]],Tab_Def_Flows[Name(EN)],0),18) -> 0.5 | AJ91: =IF(L91="Yes",AI91*Tab_Data_Flows[[#This Row],[Flow_Py]]*Tab_Data_Flows[[#This Row],[DM_'[%']]],"N.A.") -> 9.6 | AK91: =Tab_Data_Flows[[#This Row],[UoM_Flow_Py]] -> Mg
A92: =ROW()-1 -> 91 | B92: =_xlfn.XLOOKUP(C92,Tab_Def_Flows[Name(EN)],Tab_Def_Flows[Flow_ID],,0,) -> F_00_01 | C92: Wood | D92: =_xlfn.XLOOKUP(C92,Tab_Def_Flows[Name(EN)],Tab_Def_Flows[Type_Biomass],,0,) -> 0 | E92: =_xlfn.XLOOKUP(C92,Tab_Def_Flows[Name(EN)],Tab_Def_Flows[Output_Process],,0,) -> Biosphere | F92: =_xlfn.XLOOKUP(C92,Tab_Def_Flows[Name(EN)],Tab_Def_Flows[Process_ID_O],,0,) -> 00_Bio_ | G92: =_xlfn.XLOOKUP(C92,Tab_Def_Flows[Name(EN)],Tab_Def_Flows[Input_Process],,0,) -> Raw Material Extraction | H92: =_xlfn.XLOOKUP(C92,Tab_Def_Flows[Name(EN)],Tab_Def_Flows[Process_ID_I],,0,) -> 01_Raw_ | I92: =_xlfn.XLOOKUP(C92,Tab_Def_Flows[Name(EN)],Tab_Def_Flows[Value_Source],,0,) -> 0 | J92: =_xlfn.XLOOKUP(C92,Tab_Def_Flows[Name(EN)],Tab_Def_Flows[WC?],,0,) -> Yes | K92: =_xlfn.XLOOKUP(C92,Tab_Def_Flows[Name(EN)],Tab_Def_Flows[DM?],,0,) -> Yes | L92: =_xlfn.XLOOKUP(C92,Tab_Def_Flows[Name(EN)],Tab_Def_Flows[CC?],,0,) -> Yes | M92: 2010 | N92: BB | O92: 51.4 | P92: Mg | X92: No | AA92: =IF(X92="no",O92,O92*Y92) -> 51.4 | AB92: Mg | AC92: =INDEX(Tab_Def_Flows[[Flow_ID]:[CC_DM_source]],MATCH(Tab_Data_Flows[[#This Row],[Name(EN)]],Tab_Def_Flows[Name(EN)],0),14) -> 0 | AD92: =IF(J92="Yes",AA92*Tab_Data_Flows[[#This Row],[WC_'[%']]],"N.A.") -> 0 | AE92: =Tab_Data_Flows[[#This Row],[UoM_Flow_Py]] -> Mg | AF92: =INDEX(Tab_Def_Flows[[Flow_ID]:[CC_DM_source]],MATCH(Tab_Data_Flows[[#This Row],[Name(EN)]],Tab_Def_Flows[Name(EN)],0),16) -> 1 | AG92: =IF(K92="Yes",AF92*Tab_Data_Flows[[#This Row],[Flow_Py]],"N.A.") -> 51.4 | AH92: =Tab_Data_Flows[[#This Row],[UoM_Flow_Py]] -> Mg | AI92: =INDEX(Tab_Def_Flows[[Flow_ID]:[CC_DM_source]],MATCH(Tab_Data_Flows[[#This Row],[Name(EN)]],Tab_Def_Flows[Name(EN)],0),18) -> 0.5 | AJ92: =IF(L92="Yes",AI92*Tab_Data_Flows[[#This Row],[Flow_Py]]*Tab_Data_Flows[[#This Row],[DM_'[%']]],"N.A.") -> 25.7 | AK92: =Tab_Data_Flows[[#This Row],[UoM_Flow_Py]] -> Mg
A93: =ROW()-1 -> 92 | B93: =_xlfn.XLOOKUP(C93,Tab_Def_Flows[Name(EN)],Tab_Def_Flows[Flow_ID],,0,) -> F_00_01 | C93: Wood | D93: =_xlfn.XLOOKUP(C93,Tab_Def_Flows[Name(EN)],Tab_Def_Flows[Type_Biomass],,0,) -> 0 | E93: =_xlfn.XLOOKUP(C93,Tab_Def_Flows[Name(EN)],Tab_Def_Flows[Output_Process],,0,) -> Biosphere | F93: =_xlfn.XLOOKUP(C93,Tab_Def_Flows[Name(EN)],Tab_Def_Flows[Process_ID_O],,0,) -> 00_Bio_ | G93: =_xlfn.XLOOKUP(C93,Tab_Def_Flows[Name(EN)],Tab_Def_Flows[Input_Process],,0,) -> Raw Material Extraction | H93: =_xlfn.XLOOKUP(C93,Tab_Def_Flows[Name(EN)],Tab_Def_Flows[Process_ID_I],,0,) -> 01_Raw_ | I93: =_xlfn.XLOOKUP(C93,Tab_Def_Flows[Name(EN)],Tab_Def_Flows[Value_Source],,0,) -> 0 | J93: =_xlfn.XLOOKUP(C93,Tab_Def_Flows[Name(EN)],Tab_Def_Flows[WC?],,0,) -> Yes | K93: =_xlfn.XLOOKUP(C93,Tab_Def_Flows[Name(EN)],Tab_Def_Flows[DM?],,0,) -> Yes | L93: =_xlfn.XLOOKUP(C93,Tab_Def_Flows[Name(EN)],Tab_Def_Flows[CC?],,0,) -> Yes | M93: 2011 | N93: BB | O93: 25.8 | P93: Mg | X93: No | AA93: =IF(X93="no",O93,O93*Y93) -> 25.8 | AB93: Mg | AC93: =INDEX(Tab_Def_Flows[[Flow_ID]:[CC_DM_source]],MATCH(Tab_Data_Flows[[#This Row],[Name(EN)]],Tab_Def_Flows[Name(EN)],0),14) -> 0 | AD93: =IF(J93="Yes",AA93*Tab_Data_Flows[[#This Row],[WC_'[%']]],"N.A.") -> 0 | AE93: =Tab_Data_Flows[[#This Row],[UoM_Flow_Py]] -> Mg | AF93: =INDEX(Tab_Def_Flows[[Flow_ID]:[CC_DM_source]],MATCH(Tab_Data_Flows[[#This Row],[Name(EN)]],Tab_Def_Flows[Name(EN)],0),16) -> 1 | AG93: =IF(K93="Yes",AF93*Tab_Data_Flows[[#This Row],[Flow_Py]],"N.A.") -> 25.8 | AH93: =Tab_Data_Flows[[#This Row],[UoM_Flow_Py]] -> Mg | AI93: =INDEX(Tab_Def_Flows[[Flow_ID]:[CC_DM_source]],MATCH(Tab_Data_Flows[[#This Row],[Name(EN)]],Tab_Def_Flows[Name(EN)],0),18) -> 0.5 | AJ93: =IF(L93="Yes",AI93*Tab_Data_Flows[[#This Row],[Flow_Py]]*Tab_Data_Flows[[#This Row],[DM_'[%']]],"N.A.") -> 12.9 | AK93: =Tab_Data_Flows[[#This Row],[UoM_Flow_Py]] -> Mg
A94: =ROW()-1 -> 93 | B94: =_xlfn.XLOOKUP(C94,Tab_Def_Flows[Name(EN)],Tab_Def_Flows[Flow_ID],,0,) -> F_00_01 | C94: Wood | E94: =_xlfn.XLOOKUP(C94,Tab_Def_Flows[Name(EN)],Tab_Def_Flows[Output_Process],,0,) -> Biosphere | F94: =_xlfn.XLOOKUP(C94,Tab_Def_Flows[Name(EN)],Tab_Def_Flows[Process_ID_O],,0,) -> 00_Bio_ | G94: =_xlfn.XLOOKUP(C94,Tab_Def_Flows[Name(EN)],Tab_Def_Flows[Input_Process],,0,) -> Raw Material Extraction | H94: =_xlfn.XLOOKUP(C94,Tab_Def_Flows[Name(EN)],Tab_Def_Flows[Process_ID_I],,0,) -> 01_Raw_ | I94: =_xlfn.XLOOKUP(C94,Tab_Def_Flows[Name(EN)],Tab_Def_Flows[Value_Source],,0,) -> 0 | J94: =_xlfn.XLOOKUP(C94,Tab_Def_Flows[Name(EN)],Tab_Def_Flows[WC?],,0,) -> Yes | K94: =_xlfn.XLOOKUP(C94,Tab_Def_Flows[Name(EN)],Tab_Def_Flows[DM?],,0,) -> Yes | L94: =_xlfn.XLOOKUP(C94,Tab_Def_Flows[Name(EN)],Tab_Def_Flows[CC?],,0,) -> Yes | M94: 2012 | O94: 12.8 | P94: Mg | R94: =INDEX(Tab_WC_DM_CC[[Flow_ID]:[CC_source]],MATCH(Tab_Data_Flows[[#This Row],[Name(EN)]],Tab_WC_DM_CC[Name(EN)],0),12) -> #N/A | S94: =MATCH(Tab_Data_Flows[[#This Row],[Name(EN)]],Tab_WC_DM_CC[Name(EN)],0) -> #N/A | X94: No | AA94: =IF(X94="no",O94,O94*Y94) -> 12.8 | AB94: Mg | AC94: =INDEX(Tab_Def_Flows[[Flow_ID]:[CC_DM_source]],MATCH(Tab_Data_Flows[[#This Row],[Name(EN)]],Tab_Def_Flows[Name(EN)],0),14) -> 0 | AD94: =IF(J94="Yes",AA94*Tab_Data_Flows[[#This Row],[WC_'[%']]],"N.A.") -> 0 | AE94: =Tab_Data_Flows[[#This Row],[UoM_Flow_Py]] -> Mg | AF94: =INDEX(Tab_Def_Flows[[Flow_ID]:[CC_DM_source]],MATCH(Tab_Data_Flows[[#This Row],[Name(EN)]],Tab_Def_Flows[Name(EN)],0),16) -> 1 | AG94: =IF(K94="Yes",AF94*Tab_Data_Flows[[#This Row],[Flow_Py]],"N.A.") -> 12.8 | AH94: =Tab_Data_Flows[[#This Row],[UoM_Flow_Py]] -> Mg | AI94: =INDEX(Tab_Def_Flows[[Flow_ID]:[CC_DM_source]],MATCH(Tab_Data_Flows[[#This Row],[Name(EN)]],Tab_Def_Flows[Name(EN)],0),18) -> 0.5 | AJ94: =IF(L94="Yes",AI94*Tab_Data_Flows[[#This Row],[Flow_Py]]*Tab_Data_Flows[[#This Row],[DM_'[%']]],"N.A.") -> 6.4 | AK94: =Tab_Data_Flows[[#This Row],[UoM_Flow_Py]] -> Mg
A95: =ROW()-1 -> 94 | B95: =_xlfn.XLOOKUP(C95,Tab_Def_Flows[Name(EN)],Tab_Def_Flows[Flow_ID],,0,) -> F_00_01 | C95: Wood | E95: =_xlfn.XLOOKUP(C95,Tab_Def_Flows[Name(EN)],Tab_Def_Flows[Output_Process],,0,) -> Biosphere | F95: =_xlfn.XLOOKUP(C95,Tab_Def_Flows[Name(EN)],Tab_Def_Flows[Process_ID_O],,0,) -> 00_Bio_ | G95: =_xlfn.XLOOKUP(C95,Tab_Def_Flows[Name(EN)],Tab_Def_Flows[Input_Process],,0,) -> Raw Material Extraction | H95: =_xlfn.XLOOKUP(C95,Tab_Def_Flows[Name(EN)],Tab_Def_Flows[Process_ID_I],,0,) -> 01_Raw_ | I95: =_xlfn.XLOOKUP(C95,Tab_Def_Flows[Name(EN)],Tab_Def_Flows[Value_Source],,0,) -> 0 | J95: =_xlfn.XLOOKUP(C95,Tab_Def_Flows[Name(EN)],Tab_Def_Flows[WC?],,0,) -> Yes | K95: =_xlfn.XLOOKUP(C95,Tab_Def_Flows[Name(EN)],Tab_Def_Flows[DM?],,0,) -> Yes | L95: =_xlfn.XLOOKUP(C95,Tab_Def_Flows[Name(EN)],Tab_Def_Flows[CC?],,0,) -> Yes | M95: 2013 | O95: 6.4 | P95: Mg | R95: =INDEX(Tab_WC_DM_CC[[Flow_ID]:[CC_source]],MATCH(Tab_Data_Flows[[#This Row],[Name(EN)]],Tab_WC_DM_CC[Name(EN)],0),12) -> #N/A | S95: =MATCH(Tab_Data_Flows[[#This Row],[Name(EN)]],Tab_WC_DM_CC[Name(EN)],0) -> #N/A | X95: No | AA95: =IF(X95="no",O95,O95*Y95) -> 6.4 | AB95: Mg | AC95: =INDEX(Tab_Def_Flows[[Flow_ID]:[CC_DM_source]],MATCH(Tab_Data_Flows[[#This Row],[Name(EN)]],Tab_Def_Flows[Name(EN)],0),14) -> 0 | AD95: =IF(J95="Yes",AA95*Tab_Data_Flows[[#This Row],[WC_'[%']]],"N.A.") -> 0 | AE95: =Tab_Data_Flows[[#This Row],[UoM_Flow_Py]] -> Mg | AF95: =INDEX(Tab_Def_Flows[[Flow_ID]:[CC_DM_source]],MATCH(Tab_Data_Flows[[#This Row],[Name(EN)]],Tab_Def_Flows[Name(EN)],0),16) -> 1 | AG95: =IF(K95="Yes",AF95*Tab_Data_Flows[[#This Row],[Flow_Py]],"N.A.") -> 6.4 | AH95: =Tab_Data_Flows[[#This Row],[UoM_Flow_Py]] -> Mg | AI95: =INDEX(Tab_Def_Flows[[Flow_ID]:[CC_DM_source]],MATCH(Tab_Data_Flows[[#This Row],[Name(EN)]],Tab_Def_Flows[Name(EN)],0),18) -> 0.5 | AJ95: =IF(L95="Yes",AI95*Tab_Data_Flows[[#This Row],[Flow_Py]]*Tab_Data_Flows[[#This Row],[DM_'[%']]],"N.A.") -> 3.2 | AK95: =Tab_Data_Flows[[#This Row],[UoM_Flow_Py]] -> Mg
A96: =ROW()-1 -> 95 | B96: =_xlfn.XLOOKUP(C96,Tab_Def_Flows[Name(EN)],Tab_Def_Flows[Flow_ID],,0,) -> F_00_01 | C96: Wood | E96: =_xlfn.XLOOKUP(C96,Tab_Def_Flows[Name(EN)],Tab_Def_Flows[Output_Process],,0,) -> Biosphere | F96: =_xlfn.XLOOKUP(C96,Tab_Def_Flows[Name(EN)],Tab_Def_Flows[Process_ID_O],,0,) -> 00_Bio_ | G96: =_xlfn.XLOOKUP(C96,Tab_Def_Flows[Name(EN)],Tab_Def_Flows[Input_Process],,0,) -> Raw Material Extraction | H96: =_xlfn.XLOOKUP(C96,Tab_Def_Flows[Name(EN)],Tab_Def_Flows[Process_ID_I],,0,) -> 01_Raw_ | I96: =_xlfn.XLOOKUP(C96,Tab_Def_Flows[Name(EN)],Tab_Def_Flows[Value_Source],,0,) -> 0 | J96: =_xlfn.XLOOKUP(C96,Tab_Def_Flows[Name(EN)],Tab_Def_Flows[WC?],,0,) -> Yes | K96: =_xlfn.XLOOKUP(C96,Tab_Def_Flows[Name(EN)],Tab_Def_Flows[DM?],,0,) -> Yes | L96: =_xlfn.XLOOKUP(C96,Tab_Def_Flows[Name(EN)],Tab_Def_Flows[CC?],,0,) -> Yes | M96: 2014 | O96: 45 | P96: Mg | R96: =INDEX(Tab_WC_DM_CC[[Flow_ID]:[CC_source]],MATCH(Tab_Data_Flows[[#This Row],[Name(EN)]],Tab_WC_DM_CC[Name(EN)],0),12) -> #N/A | S96: =MATCH(Tab_Data_Flows[[#This Row],[Name(EN)]],Tab_WC_DM_CC[Name(EN)],0) -> #N/A | X96: No | AA96: =IF(X96="no",O96,O96*Y96) -> 45 | AB96: Mg | AC96: =INDEX(Tab_Def_Flows[[Flow_ID]:[CC_DM_source]],MATCH(Tab_Data_Flows[[#This Row],[Name(EN)]],Tab_Def_Flows[Name(EN)],0),14) -> 0 | AD96: =IF(J96="Yes",AA96*Tab_Data_Flows[[#This Row],[WC_'[%']]],"N.A.") -> 0 | AE96: =Tab_Data_Flows[[#This Row],[UoM_Flow_Py]] -> Mg | AF96: =INDEX(Tab_Def_Flows[[Flow_ID]:[CC_DM_source]],MATCH(Tab_Data_Flows[[#This Row],[Name(EN)]],Tab_Def_Flows[Name(EN)],0),16) -> 1 | AG96: =IF(K96="Yes",AF96*Tab_Data_Flows[[#This Row],[Flow_Py]],"N.A.") -> 45 | AH96: =Tab_Data_Flows[[#This Row],[UoM_Flow_Py]] -> Mg | AI96: =INDEX(Tab_Def_Flows[[Flow_ID]:[CC_DM_source]],MATCH(Tab_Data_Flows[[#This Row],[Name(EN)]],Tab_Def_Flows[Name(EN)],0),18) -> 0.5 | AJ96: =IF(L96="Yes",AI96*Tab_Data_Flows[[#This Row],[Flow_Py]]*Tab_Data_Flows[[#This Row],[DM_'[%']]],"N.A.") -> 22.5 | AK96: =Tab_Data_Flows[[#This Row],[UoM_Flow_Py]] -> Mg
A97: =ROW()-1 -> 96 | B97: =_xlfn.XLOOKUP(C97,Tab_Def_Flows[Name(EN)],Tab_Def_Flows[Flow_ID],,0,) -> F_00_01 | C97: Wood | E97: =_xlfn.XLOOKUP(C97,Tab_Def_Flows[Name(EN)],Tab_Def_Flows[Output_Process],,0,) -> Biosphere | F97: =_xlfn.XLOOKUP(C97,Tab_Def_Flows[Name(EN)],Tab_Def_Flows[Process_ID_O],,0,) -> 00_Bio_ | G97: =_xlfn.XLOOKUP(C97,Tab_Def_Flows[Name(EN)],Tab_Def_Flows[Input_Process],,0,) -> Raw Material Extraction | H97: =_xlfn.XLOOKUP(C97,Tab_Def_Flows[Name(EN)],Tab_Def_Flows[Process_ID_I],,0,) -> 01_Raw_ | I97: =_xlfn.XLOOKUP(C97,Tab_Def_Flows[Name(EN)],Tab_Def_Flows[Value_Source],,0,) -> 0 | J97: =_xlfn.XLOOKUP(C97,Tab_Def_Flows[Name(EN)],Tab_Def_Flows[WC?],,0,) -> Yes | K97: =_xlfn.XLOOKUP(C97,Tab_Def_Flows[Name(EN)],Tab_Def_Flows[DM?],,0,) -> Yes | L97: =_xlfn.XLOOKUP(C97,Tab_Def_Flows[Name(EN)],Tab_Def_Flows[CC?],,0,) -> Yes | M97: 2015 | O97: 83.6 | P97: Mg | R97: =INDEX(Tab_WC_DM_CC[[Flow_ID]:[CC_source]],MATCH(Tab_Data_Flows[[#This Row],[Name(EN)]],Tab_WC_DM_CC[Name(EN)],0),12) -> #N/A | S97: =MATCH(Tab_Data_Flows[[#This Row],[Name(EN)]],Tab_WC_DM_CC[Name(EN)],0) -> #N/A | X97: No | AA97: =IF(X97="no",O97,O97*Y97) -> 83.6 | AB97: Mg | AC97: =INDEX(Tab_Def_Flows[[Flow_ID]:[CC_DM_source]],MATCH(Tab_Data_Flows[[#This Row],[Name(EN)]],Tab_Def_Flows[Name(EN)],0),14) -> 0 | AD97: =IF(J97="Yes",AA97*Tab_Data_Flows[[#This Row],[WC_'[%']]],"N.A.") -> 0 | AE97: =Tab_Data_Flows[[#This Row],[UoM_Flow_Py]] -> Mg | AF97: =INDEX(Tab_Def_Flows[[Flow_ID]:[CC_DM_source]],MATCH(Tab_Data_Flows[[#This Row],[Name(EN)]],Tab_Def_Flows[Name(EN)],0),16) -> 1 | AG97: =IF(K97="Yes",AF97*Tab_Data_Flows[[#This Row],[Flow_Py]],"N.A.") -> 83.6 | AH97: =Tab_Data_Flows[[#This Row],[UoM_Flow_Py]] -> Mg | AI97: =INDEX(Tab_Def_Flows[[Flow_ID]:[CC_DM_source]],MATCH(Tab_Data_Flows[[#This Row],[Name(EN)]],Tab_Def_Flows[Name(EN)],0),18) -> 0.5 | AJ97: =IF(L97="Yes",AI97*Tab_Data_Flows[[#This Row],[Flow_Py]]*Tab_Data_Flows[[#This Row],[DM_'[%']]],"N.A.") -> 41.8 | AK97: =Tab_Data_Flows[[#This Row],[UoM_Flow_Py]] -> Mg
A98: =ROW()-1 -> 97 | B98: =_xlfn.XLOOKUP(C98,Tab_Def_Flows[Name(EN)],Tab_Def_Flows[Flow_ID],,0,) -> F_00_01 | C98: Wood | E98: =_xlfn.XLOOKUP(C98,Tab_Def_Flows[Name(EN)],Tab_Def_Flows[Output_Process],,0,) -> Biosphere | F98: =_xlfn.XLOOKUP(C98,Tab_Def_Flows[Name(EN)],Tab_Def_Flows[Process_ID_O],,0,) -> 00_Bio_ | G98: =_xlfn.XLOOKUP(C98,Tab_Def_Flows[Name(EN)],Tab_Def_Flows[Input_Process],,0,) -> Raw Material Extraction | H98: =_xlfn.XLOOKUP(C98,Tab_Def_Flows[Name(EN)],Tab_Def_Flows[Process_ID_I],,0,) -> 01_Raw_ | I98: =_xlfn.XLOOKUP(C98,Tab_Def_Flows[Name(EN)],Tab_Def_Flows[Value_Source],,0,) -> 0 | J98: =_xlfn.XLOOKUP(C98,Tab_Def_Flows[Name(EN)],Tab_Def_Flows[WC?],,0,) -> Yes | K98: =_xlfn.XLOOKUP(C98,Tab_Def_Flows[Name(EN)],Tab_Def_Flows[DM?],,0,) -> Yes | L98: =_xlfn.XLOOKUP(C98,Tab_Def_Flows[Name(EN)],Tab_Def_Flows[CC?],,0,) -> Yes | M98: 2016 | O98: 12.8 | P98: Mg | R98: =INDEX(Tab_WC_DM_CC[[Flow_ID]:[CC_source]],MATCH(Tab_Data_Flows[[#This Row],[Name(EN)]],Tab_WC_DM_CC[Name(EN)],0),12) -> #N/A | S98: =MATCH(Tab_Data_Flows[[#This Row],[Name(EN)]],Tab_WC_DM_CC[Name(EN)],0) -> #N/A | X98: No | AA98: =IF(X98="no",O98,O98*Y98) -> 12.8 | AB98: Mg | AC98: =INDEX(Tab_Def_Flows[[Flow_ID]:[CC_DM_source]],MATCH(Tab_Data_Flows[[#This Row],[Name(EN)]],Tab_Def_Flows[Name(EN)],0),14) -> 0 | AD98: =IF(J98="Yes",AA98*Tab_Data_Flows[[#This Row],[WC_'[%']]],"N.A.") -> 0 | AE98: =Tab_Data_Flows[[#This Row],[UoM_Flow_Py]] -> Mg | AF98: =INDEX(Tab_Def_Flows[[Flow_ID]:[CC_DM_source]],MATCH(Tab_Data_Flows[[#This Row],[Name(EN)]],Tab_Def_Flows[Name(EN)],0),16) -> 1 | AG98: =IF(K98="Yes",AF98*Tab_Data_Flows[[#This Row],[Flow_Py]],"N.A.") -> 12.8 | AH98: =Tab_Data_Flows[[#This Row],[UoM_Flow_Py]] -> Mg | AI98: =INDEX(Tab_Def_Flows[[Flow_ID]:[CC_DM_source]],MATCH(Tab_Data_Flows[[#This Row],[Name(EN)]],Tab_Def_Flows[Name(EN)],0),18) -> 0.5 | AJ98: =IF(L98="Yes",AI98*Tab_Data_Flows[[#This Row],[Flow_Py]]*Tab_Data_Flows[[#This Row],[DM_'[%']]],"N.A.") -> 6.4 | AK98: =Tab_Data_Flows[[#This Row],[UoM_Flow_Py]] -> Mg
A99: =ROW()-1 -> 98 | B99: =_xlfn.XLOOKUP(C99,Tab_Def_Flows[Name(EN)],Tab_Def_Flows[Flow_ID],,0,) -> F_00_01 | C99: Wood | E99: =_xlfn.XLOOKUP(C99,Tab_Def_Flows[Name(EN)],Tab_Def_Flows[Output_Process],,0,) -> Biosphere | F99: =_xlfn.XLOOKUP(C99,Tab_Def_Flows[Name(EN)],Tab_Def_Flows[Process_ID_O],,0,) -> 00_Bio_ | G99: =_xlfn.XLOOKUP(C99,Tab_Def_Flows[Name(EN)],Tab_Def_Flows[Input_Process],,0,) -> Raw Material Extraction | H99: =_xlfn.XLOOKUP(C99,Tab_Def_Flows[Name(EN)],Tab_Def_Flows[Process_ID_I],,0,) -> 01_Raw_ | I99: =_xlfn.XLOOKUP(C99,Tab_Def_Flows[Name(EN)],Tab_Def_Flows[Value_Source],,0,) -> 0 | J99: =_xlfn.XLOOKUP(C99,Tab_Def_Flows[Name(EN)],Tab_Def_Flows[WC?],,0,) -> Yes | K99: =_xlfn.XLOOKUP(C99,Tab_Def_Flows[Name(EN)],Tab_Def_Flows[DM?],,0,) -> Yes | L99: =_xlfn.XLOOKUP(C99,Tab_Def_Flows[Name(EN)],Tab_Def_Flows[CC?],,0,) -> Yes | M99: 2017 | O99: 6.4 | P99: Mg | R99: =INDEX(Tab_WC_DM_CC[[Flow_ID]:[CC_source]],MATCH(Tab_Data_Flows[[#This Row],[Name(EN)]],Tab_WC_DM_CC[Name(EN)],0),12) -> #N/A | S99: =MATCH(Tab_Data_Flows[[#This Row],[Name(EN)]],Tab_WC_DM_CC[Name(EN)],0) -> #N/A | X99: No | AA99: =IF(X99="no",O99,O99*Y99) -> 6.4 | AB99: Mg | AC99: =INDEX(Tab_Def_Flows[[Flow_ID]:[CC_DM_source]],MATCH(Tab_Data_Flows[[#This Row],[Name(EN)]],Tab_Def_Flows[Name(EN)],0),14) -> 0 | AD99: =IF(J99="Yes",AA99*Tab_Data_Flows[[#This Row],[WC_'[%']]],"N.A.") -> 0 | AE99: =Tab_Data_Flows[[#This Row],[UoM_Flow_Py]] -> Mg | AF99: =INDEX(Tab_Def_Flows[[Flow_ID]:[CC_DM_source]],MATCH(Tab_Data_Flows[[#This Row],[Name(EN)]],Tab_Def_Flows[Name(EN)],0),16) -> 1 | AG99: =IF(K99="Yes",AF99*Tab_Data_Flows[[#This Row],[Flow_Py]],"N.A.") -> 6.4 | AH99: =Tab_Data_Flows[[#This Row],[UoM_Flow_Py]] -> Mg | AI99: =INDEX(Tab_Def_Flows[[Flow_ID]:[CC_DM_source]],MATCH(Tab_Data_Flows[[#This Row],[Name(EN)]],Tab_Def_Flows[Name(EN)],0),18) -> 0.5 | AJ99: =IF(L99="Yes",AI99*Tab_Data_Flows[[#This Row],[Flow_Py]]*Tab_Data_Flows[[#This Row],[DM_'[%']]],"N.A.") -> 3.2 | AK99: =Tab_Data_Flows[[#This Row],[UoM_Flow_Py]] -> Mg
A100: =ROW()-1 -> 99 | B100: =_xlfn.XLOOKUP(C100,Tab_Def_Flows[Name(EN)],Tab_Def_Flows[Flow_ID],,0,) -> F_00_01 | C100: Wood | E100: =_xlfn.XLOOKUP(C100,Tab_Def_Flows[Name(EN)],Tab_Def_Flows[Output_Process],,0,) -> Biosphere | F100: =_xlfn.XLOOKUP(C100,Tab_Def_Flows[Name(EN)],Tab_Def_Flows[Process_ID_O],,0,) -> 00_Bio_ | G100: =_xlfn.XLOOKUP(C100,Tab_Def_Flows[Name(EN)],Tab_Def_Flows[Input_Process],,0,) -> Raw Material Extraction | H100: =_xlfn.XLOOKUP(C100,Tab_Def_Flows[Name(EN)],Tab_Def_Flows[Process_ID_I],,0,) -> 01_Raw_ | I100: =_xlfn.XLOOKUP(C100,Tab_Def_Flows[Name(EN)],Tab_Def_Flows[Value_Source],,0,) -> 0 | J100: =_xlfn.XLOOKUP(C100,Tab_Def_Flows[Name(EN)],Tab_Def_Flows[WC?],,0,) -> Yes | K100: =_xlfn.XLOOKUP(C100,Tab_Def_Flows[Name(EN)],Tab_Def_Flows[DM?],,0,) -> Yes | L100: =_xlfn.XLOOKUP(C100,Tab_Def_Flows[Name(EN)],Tab_Def_Flows[CC?],,0,) -> Yes | M100: 2018 | O100: 25.8 | P100: Mg | R100: =INDEX(Tab_WC_DM_CC[[Flow_ID]:[CC_source]],MATCH(Tab_Data_Flows[[#This Row],[Name(EN)]],Tab_WC_DM_CC[Name(EN)],0),12) -> #N/A | S100: =MATCH(Tab_Data_Flows[[#This Row],[Name(EN)]],Tab_WC_DM_CC[Name(EN)],0) -> #N/A | X100: No | AA100: =IF(X100="no",O100,O100*Y100) -> 25.8 | AB100: Mg | AC100: =INDEX(Tab_Def_Flows[[Flow_ID]:[CC_DM_source]],MATCH(Tab_Data_Flows[[#This Row],[Name(EN)]],Tab_Def_Flows[Name(EN)],0),14) -> 0 | AD100: =IF(J100="Yes",AA100*Tab_Data_Flows[[#This Row],[WC_'[%']]],"N.A.") -> 0 | AE100: =Tab_Data_Flows[[#This Row],[UoM_Flow_Py]] -> Mg | AF100: =INDEX(Tab_Def_Flows[[Flow_ID]:[CC_DM_source]],MATCH(Tab_Data_Flows[[#This Row],[Name(EN)]],Tab_Def_Flows[Name(EN)],0),16) -> 1 | AG100: =IF(K100="Yes",AF100*Tab_Data_Flows[[#This Row],[Flow_Py]],"N.A.") -> 25.8 | AH100: =Tab_Data_Flows[[#This Row],[UoM_Flow_Py]] -> Mg | AI100: =INDEX(Tab_Def_Flows[[Flow_ID]:[CC_DM_source]],MATCH(Tab_Data_Flows[[#This Row],[Name(EN)]],Tab_Def_Flows[Name(EN)],0),18) -> 0.5 | AJ100: =IF(L100="Yes",AI100*Tab_Data_Flows[[#This Row],[Flow_Py]]*Tab_Data_Flows[[#This Row],[DM_'[%']]],"N.A.") -> 12.9 | AK100: =Tab_Data_Flows[[#This Row],[UoM_Flow_Py]] -> Mg
A101: =ROW()-1 -> 100 | B101: =_xlfn.XLOOKUP(C101,Tab_Def_Flows[Name(EN)],Tab_Def_Flows[Flow_ID],,0,) -> F_00_01 | C101: Wood | E101: =_xlfn.XLOOKUP(C101,Tab_Def_Flows[Name(EN)],Tab_Def_Flows[Output_Process],,0,) -> Biosphere | F101: =_xlfn.XLOOKUP(C101,Tab_Def_Flows[Name(EN)],Tab_Def_Flows[Process_ID_O],,0,) -> 00_Bio_ | G101: =_xlfn.XLOOKUP(C101,Tab_Def_Flows[Name(EN)],Tab_Def_Flows[Input_Process],,0,) -> Raw Material Extraction | H101: =_xlfn.XLOOKUP(C101,Tab_Def_Flows[Name(EN)],Tab_Def_Flows[Process_ID_I],,0,) -> 01_Raw_ | I101: =_xlfn.XLOOKUP(C101,Tab_Def_Flows[Name(EN)],Tab_Def_Flows[Value_Source],,0,) -> 0 | J101: =_xlfn.XLOOKUP(C101,Tab_Def_Flows[Name(EN)],Tab_Def_Flows[WC?],,0,) -> Yes | K101: =_xlfn.XLOOKUP(C101,Tab_Def_Flows[Name(EN)],Tab_Def_Flows[DM?],,0,) -> Yes | L101: =_xlfn.XLOOKUP(C101,Tab_Def_Flows[Name(EN)],Tab_Def_Flows[CC?],,0,) -> Yes | M101: 2019 | O101: 19.2 | P101: Mg | R101: =INDEX(Tab_WC_DM_CC[[Flow_ID]:[CC_source]],MATCH(Tab_Data_Flows[[#This Row],[Name(EN)]],Tab_WC_DM_CC[Name(EN)],0),12) -> #N/A | S101: =MATCH(Tab_Data_Flows[[#This Row],[Name(EN)]],Tab_WC_DM_CC[Name(EN)],0) -> #N/A | X101: No | AA101: =IF(X101="no",O101,O101*Y101) -> 19.2 | AB101: Mg | AC101: =INDEX(Tab_Def_Flows[[Flow_ID]:[CC_DM_source]],MATCH(Tab_Data_Flows[[#This Row],[Name(EN)]],Tab_Def_Flows[Name(EN)],0),14) -> 0 | AD101: =IF(J101="Yes",AA101*Tab_Data_Flows[[#This Row],[WC_'[%']]],"N.A.") -> 0 | AE101: =Tab_Data_Flows[[#This Row],[UoM_Flow_Py]] -> Mg | AF101: =INDEX(Tab_Def_Flows[[Flow_ID]:[CC_DM_source]],MATCH(Tab_Data_Flows[[#This Row],[Name(EN)]],Tab_Def_Flows[Name(EN)],0),16) -> 1 | AG101: =IF(K101="Yes",AF101*Tab_Data_Flows[[#This Row],[Flow_Py]],"N.A.") -> 19.2 | AH101: =Tab_Data_Flows[[#This Row],[UoM_Flow_Py]] -> Mg | AI101: =INDEX(Tab_Def_Flows[[Flow_ID]:[CC_DM_source]],MATCH(Tab_Data_Flows[[#This Row],[Name(EN)]],Tab_Def_Flows[Name(EN)],0),18) -> 0.5 | AJ101: =IF(L101="Yes",AI101*Tab_Data_Flows[[#This Row],[Flow_Py]]*Tab_Data_Flows[[#This Row],[DM_'[%']]],"N.A.") -> 9.6 | AK101: =Tab_Data_Flows[[#This Row],[UoM_Flow_Py]] -> Mg
A102: =ROW()-1 -> 101 | B102: =_xlfn.XLOOKUP(C102,Tab_Def_Flows[Name(EN)],Tab_Def_Flows[Flow_ID],,0,) -> F_00_01 | C102: Wood | E102: =_xlfn.XLOOKUP(C102,Tab_Def_Flows[Name(EN)],Tab_Def_Flows[Output_Process],,0,) -> Biosphere | F102: =_xlfn.XLOOKUP(C102,Tab_Def_Flows[Name(EN)],Tab_Def_Flows[Process_ID_O],,0,) -> 00_Bio_ | G102: =_xlfn.XLOOKUP(C102,Tab_Def_Flows[Name(EN)],Tab_Def_Flows[Input_Process],,0,) -> Raw Material Extraction | H102: =_xlfn.XLOOKUP(C102,Tab_Def_Flows[Name(EN)],Tab_Def_Flows[Process_ID_I],,0,) -> 01_Raw_ | I102: =_xlfn.XLOOKUP(C102,Tab_Def_Flows[Name(EN)],Tab_Def_Flows[Value_Source],,0,) -> 0 | J102: =_xlfn.XLOOKUP(C102,Tab_Def_Flows[Name(EN)],Tab_Def_Flows[WC?],,0,) -> Yes | K102: =_xlfn.XLOOKUP(C102,Tab_Def_Flows[Name(EN)],Tab_Def_Flows[DM?],,0,) -> Yes | L102: =_xlfn.XLOOKUP(C102,Tab_Def_Flows[Name(EN)],Tab_Def_Flows[CC?],,0,) -> Yes | M102: 2020 | O102: 32.2 | P102: Mg | R102: =INDEX(Tab_WC_DM_CC[[Flow_ID]:[CC_source]],MATCH(Tab_Data_Flows[[#This Row],[Name(EN)]],Tab_WC_DM_CC[Name(EN)],0),12) -> #N/A | S102: =MATCH(Tab_Data_Flows[[#This Row],[Name(EN)]],Tab_WC_DM_CC[Name(EN)],0) -> #N/A | X102: No | AA102: =IF(X102="no",O102,O102*Y102) -> 32.2 | AB102: Mg | AC102: =INDEX(Tab_Def_Flows[[Flow_ID]:[CC_DM_source]],MATCH(Tab_Data_Flows[[#This Row],[Name(EN)]],Tab_Def_Flows[Name(EN)],0),14) -> 0 | AD102: =IF(J102="Yes",AA102*Tab_Data_Flows[[#This Row],[WC_'[%']]],"N.A.") -> 0 | AE102: =Tab_Data_Flows[[#This Row],[UoM_Flow_Py]] -> Mg | AF102: =INDEX(Tab_Def_Flows[[Flow_ID]:[CC_DM_source]],MATCH(Tab_Data_Flows[[#This Row],[Name(EN)]],Tab_Def_Flows[Name(EN)],0),16) -> 1 | AG102: =IF(K102="Yes",AF102*Tab_Data_Flows[[#This Row],[Flow_Py]],"N.A.") -> 32.2 | AH102: =Tab_Data_Flows[[#This Row],[UoM_Flow_Py]] -> Mg | AI102: =INDEX(Tab_Def_Flows[[Flow_ID]:[CC_DM_source]],MATCH(Tab_Data_Flows[[#This Row],[Name(EN)]],Tab_Def_Flows[Name(EN)],0),18) -> 0.5 | AJ102: =IF(L102="Yes",AI102*Tab_Data_Flows[[#This Row],[Flow_Py]]*Tab_Data_Flows[[#This Row],[DM_'[%']]],"N.A.") -> 16.1 | AK102: =Tab_Data_Flows[[#This Row],[UoM_Flow_Py]] -> Mg
A103: =ROW()-1 -> 102 | B103: =_xlfn.XLOOKUP(C103,Tab_Def_Flows[Name(EN)],Tab_Def_Flows[Flow_ID],,0,) -> F_00_01 | C103: Wood | E103: =_xlfn.XLOOKUP(C103,Tab_Def_Flows[Name(EN)],Tab_Def_Flows[Output_Process],,0,) -> Biosphere | F103: =_xlfn.XLOOKUP(C103,Tab_Def_Flows[Name(EN)],Tab_Def_Flows[Process_ID_O],,0,) -> 00_Bio_ | G103: =_xlfn.XLOOKUP(C103,Tab_Def_Flows[Name(EN)],Tab_Def_Flows[Input_Process],,0,) -> Raw Material Extraction | H103: =_xlfn.XLOOKUP(C103,Tab_Def_Flows[Name(EN)],Tab_Def_Flows[Process_ID_I],,0,) -> 01_Raw_ | I103: =_xlfn.XLOOKUP(C103,Tab_Def_Flows[Name(EN)],Tab_Def_Flows[Value_Source],,0,) -> 0 | J103: =_xlfn.XLOOKUP(C103,Tab_Def_Flows[Name(EN)],Tab_Def_Flows[WC?],,0,) -> Yes | K103: =_xlfn.XLOOKUP(C103,Tab_Def_Flows[Name(EN)],Tab_Def_Flows[DM?],,0,) -> Yes | L103: =_xlfn.XLOOKUP(C103,Tab_Def_Flows[Name(EN)],Tab_Def_Flows[CC?],,0,) -> Yes | M103: 2021 | O103: 12.8 | P103: Mg | R103: =INDEX(Tab_WC_DM_CC[[Flow_ID]:[CC_source]],MATCH(Tab_Data_Flows[[#This Row],[Name(EN)]],Tab_WC_DM_CC[Name(EN)],0),12) -> #N/A | S103: =MATCH(Tab_Data_Flows[[#This Row],[Name(EN)]],Tab_WC_DM_CC[Name(EN)],0) -> #N/A | X103: No | AA103: =IF(X103="no",O103,O103*Y103) -> 12.8 | AB103: Mg | AC103: =INDEX(Tab_Def_Flows[[Flow_ID]:[CC_DM_source]],MATCH(Tab_Data_Flows[[#This Row],[Name(EN)]],Tab_Def_Flows[Name(EN)],0),14) -> 0 | AD103: =IF(J103="Yes",AA103*Tab_Data_Flows[[#This Row],[WC_'[%']]],"N.A.") -> 0 | AE103: =Tab_Data_Flows[[#This Row],[UoM_Flow_Py]] -> Mg | AF103: =INDEX(Tab_Def_Flows[[Flow_ID]:[CC_DM_source]],MATCH(Tab_Data_Flows[[#This Row],[Name(EN)]],Tab_Def_Flows[Name(EN)],0),16) -> 1 | AG103: =IF(K103="Yes",AF103*Tab_Data_Flows[[#This Row],[Flow_Py]],"N.A.") -> 12.8 | AH103: =Tab_Data_Flows[[#This Row],[UoM_Flow_Py]] -> Mg | AI103: =INDEX(Tab_Def_Flows[[Flow_ID]:[CC_DM_source]],MATCH(Tab_Data_Flows[[#This Row],[Name(EN)]],Tab_Def_Flows[Name(EN)],0),18) -> 0.5 | AJ103: =IF(L103="Yes",AI103*Tab_Data_Flows[[#This Row],[Flow_Py]]*Tab_Data_Flows[[#This Row],[DM_'[%']]],"N.A.") -> 6.4 | AK103: =Tab_Data_Flows[[#This Row],[UoM_Flow_Py]] -> Mg
A104: =ROW()-1 -> 103 | B104: =_xlfn.XLOOKUP(C104,Tab_Def_Flows[Name(EN)],Tab_Def_Flows[Flow_ID],,0,) -> F_00_01 | C104: Wood | E104: =_xlfn.XLOOKUP(C104,Tab_Def_Flows[Name(EN)],Tab_Def_Flows[Output_Process],,0,) -> Biosphere | F104: =_xlfn.XLOOKUP(C104,Tab_Def_Flows[Name(EN)],Tab_Def_Flows[Process_ID_O],,0,) -> 00_Bio_ | G104: =_xlfn.XLOOKUP(C104,Tab_Def_Flows[Name(EN)],Tab_Def_Flows[Input_Process],,0,) -> Raw Material Extraction | H104: =_xlfn.XLOOKUP(C104,Tab_Def_Flows[Name(EN)],Tab_Def_Flows[Process_ID_I],,0,) -> 01_Raw_ | I104: =_xlfn.XLOOKUP(C104,Tab_Def_Flows[Name(EN)],Tab_Def_Flows[Value_Source],,0,) -> 0 | J104: =_xlfn.XLOOKUP(C104,Tab_Def_Flows[Name(EN)],Tab_Def_Flows[WC?],,0,) -> Yes | K104: =_xlfn.XLOOKUP(C104,Tab_Def_Flows[Name(EN)],Tab_Def_Flows[DM?],,0,) -> Yes | L104: =_xlfn.XLOOKUP(C104,Tab_Def_Flows[Name(EN)],Tab_Def_Flows[CC?],,0,) -> Yes | M104: 2022 | O104: 19.2 | P104: Mg | R104: =INDEX(Tab_WC_DM_CC[[Flow_ID]:[CC_source]],MATCH(Tab_Data_Flows[[#This Row],[Name(EN)]],Tab_WC_DM_CC[Name(EN)],0),12) -> #N/A | S104: =MATCH(Tab_Data_Flows[[#This Row],[Name(EN)]],Tab_WC_DM_CC[Name(EN)],0) -> #N/A | X104: No | AA104: =IF(X104="no",O104,O104*Y104) -> 19.2 | AB104: Mg | AC104: =INDEX(Tab_Def_Flows[[Flow_ID]:[CC_DM_source]],MATCH(Tab_Data_Flows[[#This Row],[Name(EN)]],Tab_Def_Flows[Name(EN)],0),14) -> 0 | AD104: =IF(J104="Yes",AA104*Tab_Data_Flows[[#This Row],[WC_'[%']]],"N.A.") -> 0 | AE104: =Tab_Data_Flows[[#This Row],[UoM_Flow_Py]] -> Mg | AF104: =INDEX(Tab_Def_Flows[[Flow_ID]:[CC_DM_source]],MATCH(Tab_Data_Flows[[#This Row],[Name(EN)]],Tab_Def_Flows[Name(EN)],0),16) -> 1 | AG104: =IF(K104="Yes",AF104*Tab_Data_Flows[[#This Row],[Flow_Py]],"N.A.") -> 19.2 | AH104: =Tab_Data_Flows[[#This Row],[UoM_Flow_Py]] -> Mg | AI104: =INDEX(Tab_Def_Flows[[Flow_ID]:[CC_DM_source]],MATCH(Tab_Data_Flows[[#This Row],[Name(EN)]],Tab_Def_Flows[Name(EN)],0),18) -> 0.5 | AJ104: =IF(L104="Yes",AI104*Tab_Data_Flows[[#This Row],[Flow_Py]]*Tab_Data_Flows[[#This Row],[DM_'[%']]],"N.A.") -> 9.6 | AK104: =Tab_Data_Flows[[#This Row],[UoM_Flow_Py]] -> Mg
A105: =ROW()-1 -> 104 | B105: =_xlfn.XLOOKUP(C105,Tab_Def_Flows[Name(EN)],Tab_Def_Flows[Flow_ID],,0,) -> F_00_01 | C105: Wood | E105: =_xlfn.XLOOKUP(C105,Tab_Def_Flows[Name(EN)],Tab_Def_Flows[Output_Process],,0,) -> Biosphere | F105: =_xlfn.XLOOKUP(C105,Tab_Def_Flows[Name(EN)],Tab_Def_Flows[Process_ID_O],,0,) -> 00_Bio_ | G105: =_xlfn.XLOOKUP(C105,Tab_Def_Flows[Name(EN)],Tab_Def_Flows[Input_Process],,0,) -> Raw Material Extraction | H105: =_xlfn.XLOOKUP(C105,Tab_Def_Flows[Name(EN)],Tab_Def_Flows[Process_ID_I],,0,) -> 01_Raw_ | I105: =_xlfn.XLOOKUP(C105,Tab_Def_Flows[Name(EN)],Tab_Def_Flows[Value_Source],,0,) -> 0 | J105: =_xlfn.XLOOKUP(C105,Tab_Def_Flows[Name(EN)],Tab_Def_Flows[WC?],,0,) -> Yes | K105: =_xlfn.XLOOKUP(C105,Tab_Def_Flows[Name(EN)],Tab_Def_Flows[DM?],,0,) -> Yes | L105: =_xlfn.XLOOKUP(C105,Tab_Def_Flows[Name(EN)],Tab_Def_Flows[CC?],,0,) -> Yes | M105: 2023 | O105: 12.8 | P105: Mg | R105: =INDEX(Tab_WC_DM_CC[[Flow_ID]:[CC_source]],MATCH(Tab_Data_Flows[[#This Row],[Name(EN)]],Tab_WC_DM_CC[Name(EN)],0),12) -> #N/A | S105: =MATCH(Tab_Data_Flows[[#This Row],[Name(EN)]],Tab_WC_DM_CC[Name(EN)],0) -> #N/A | X105: No | AA105: =IF(X105="no",O105,O105*Y105) -> 12.8 | AB105: Mg | AC105: =INDEX(Tab_Def_Flows[[Flow_ID]:[CC_DM_source]],MATCH(Tab_Data_Flows[[#This Row],[Name(EN)]],Tab_Def_Flows[Name(EN)],0),14) -> 0 | AD105: =IF(J105="Yes",AA105*Tab_Data_Flows[[#This Row],[WC_'[%']]],"N.A.") -> 0 | AE105: =Tab_Data_Flows[[#This Row],[UoM_Flow_Py]] -> Mg | AF105: =INDEX(Tab_Def_Flows[[Flow_ID]:[CC_DM_source]],MATCH(Tab_Data_Flows[[#This Row],[Name(EN)]],Tab_Def_Flows[Name(EN)],0),16) -> 1 | AG105: =IF(K105="Yes",AF105*Tab_Data_Flows[[#This Row],[Flow_Py]],"N.A.") -> 12.8 | AH105: =Tab_Data_Flows[[#This Row],[UoM_Flow_Py]] -> Mg | AI105: =INDEX(Tab_Def_Flows[[Flow_ID]:[CC_DM_source]],MATCH(Tab_Data_Flows[[#This Row],[Name(EN)]],Tab_Def_Flows[Name(EN)],0),18) -> 0.5 | AJ105: =IF(L105="Yes",AI105*Tab_Data_Flows[[#This Row],[Flow_Py]]*Tab_Data_Flows[[#This Row],[DM_'[%']]],"N.A.") -> 6.4 | AK105: =Tab_Data_Flows[[#This Row],[UoM_Flow_Py]] -> Mg
... A115: =ROW()-1 -> 114 | B115: =_xlfn.XLOOKUP(C115,Tab_Def_Flows[Name(EN)],Tab_Def_Flows[Flow_ID],,0,) -> F_00_01 | C115: Wood | E115: =_xlfn.XLOOKUP(C115,Tab_Def_Flows[Name(EN)],Tab_Def_Flows[Output_Process],,0,) -> Biosphere | F115: =_xlfn.XLOOKUP(C115,Tab_Def_Flows[Name(EN)],Tab_Def_Flows[Process_ID_O],,0,) -> 00_Bio_ | G115: =_xlfn.XLOOKUP(C115,Tab_Def_Flows[Name(EN)],Tab_Def_Flows[Input_Process],,0,) -> Raw Material Extraction | H115: =_xlfn.XLOOKUP(C115,Tab_Def_Flows[Name(EN)],Tab_Def_Flows[Process_ID_I],,0,) -> 01_Raw_ | I115: =_xlfn.XLOOKUP(C115,Tab_Def_Flows[Name(EN)],Tab_Def_Flows[Value_Source],,0,) -> 0 | J115: =_xlfn.XLOOKUP(C115,Tab_Def_Flows[Name(EN)],Tab_Def_Flows[WC?],,0,) -> Yes | K115: =_xlfn.XLOOKUP(C115,Tab_Def_Flows[Name(EN)],Tab_Def_Flows[DM?],,0,) -> Yes | L115: =_xlfn.XLOOKUP(C115,Tab_Def_Flows[Name(EN)],Tab_Def_Flows[CC?],,0,) -> Yes | M115: 2033 | O115: 0 | P115: Mg | R115: =INDEX(Tab_WC_DM_CC[[Flow_ID]:[CC_source]],MATCH(Tab_Data_Flows[[#This Row],[Name(EN)]],Tab_WC_DM_CC[Name(EN)],0),12) -> #N/A | S115: =MATCH(Tab_Data_Flows[[#This Row],[Name(EN)]],Tab_WC_DM_CC[Name(EN)],0) -> #N/A | X115: No | AA115: =IF(X115="no",O115,O115*Y115) -> 0 | AB115: Mg | AC115: =INDEX(Tab_Def_Flows[[Flow_ID]:[CC_DM_source]],MATCH(Tab_Data_Flows[[#This Row],[Name(EN)]],Tab_Def_Flows[Name(EN)],0),14) -> 0 | AD115: =IF(J115="Yes",AA115*Tab_Data_Flows[[#This Row],[WC_'[%']]],"N.A.") -> 0 | AE115: =Tab_Data_Flows[[#This Row],[UoM_Flow_Py]] -> Mg | AF115: =INDEX(Tab_Def_Flows[[Flow_ID]:[CC_DM_source]],MATCH(Tab_Data_Flows[[#This Row],[Name(EN)]],Tab_Def_Flows[Name(EN)],0),16) -> 1 | AG115: =IF(K115="Yes",AF115*Tab_Data_Flows[[#This Row],[Flow_Py]],"N.A.") -> 0 | AH115: =Tab_Data_Flows[[#This Row],[UoM_Flow_Py]] -> Mg | AI115: =INDEX(Tab_Def_Flows[[Flow_ID]:[CC_DM_source]],MATCH(Tab_Data_Flows[[#This Row],[Name(EN)]],Tab_Def_Flows[Name(EN)],0),18) -> 0.5 | AJ115: =IF(L115="Yes",AI115*Tab_Data_Flows[[#This Row],[Flow_Py]]*Tab_Data_Flows[[#This Row],[DM_'[%']]],"N.A.") -> 0 | AK115: =Tab_Data_Flows[[#This Row],[UoM_Flow_Py]] -> Mg
A116: =ROW()-1 -> 115 | B116: =_xlfn.XLOOKUP(C116,Tab_Def_Flows[Name(EN)],Tab_Def_Flows[Flow_ID],,0,) -> F_00_01 | C116: Wood | D116: =_xlfn.XLOOKUP(C116,Tab_Def_Flows[Name(EN)],Tab_Def_Flows[Type_Biomass],,0,) -> 0 | E116: =_xlfn.XLOOKUP(C116,Tab_Def_Flows[Name(EN)],Tab_Def_Flows[Output_Process],,0,) -> Biosphere | F116: =_xlfn.XLOOKUP(C116,Tab_Def_Flows[Name(EN)],Tab_Def_Flows[Process_ID_O],,0,) -> 00_Bio_ | G116: =_xlfn.XLOOKUP(C116,Tab_Def_Flows[Name(EN)],Tab_Def_Flows[Input_Process],,0,) -> Raw Material Extraction | H116: =_xlfn.XLOOKUP(C116,Tab_Def_Flows[Name(EN)],Tab_Def_Flows[Process_ID_I],,0,) -> 01_Raw_ | I116: =_xlfn.XLOOKUP(C116,Tab_Def_Flows[Name(EN)],Tab_Def_Flows[Value_Source],,0,) -> 0 | J116: =_xlfn.XLOOKUP(C116,Tab_Def_Flows[Name(EN)],Tab_Def_Flows[WC?],,0,) -> Yes | K116: =_xlfn.XLOOKUP(C116,Tab_Def_Flows[Name(EN)],Tab_Def_Flows[DM?],,0,) -> Yes | L116: =_xlfn.XLOOKUP(C116,Tab_Def_Flows[Name(EN)],Tab_Def_Flows[CC?],,0,) -> Yes | M116: 2034 | N116: BB | O116: 12.8 | P116: Mg | Q116: Stramento | X116: No | AA116: =IF(X116="no",O116,O116*Y116) -> 12.8 | AB116: Mg | AC116: =INDEX(Tab_Def_Flows[[Flow_ID]:[CC_DM_source]],MATCH(Tab_Data_Flows[[#This Row],[Name(EN)]],Tab_Def_Flows[Name(EN)],0),14) -> 0 | AD116: =IF(J116="Yes",AA116*Tab_Data_Flows[[#This Row],[WC_'[%']]],"N.A.") -> 0 | AE116: =Tab_Data_Flows[[#This Row],[UoM_Flow_Py]] -> Mg | AF116: =INDEX(Tab_Def_Flows[[Flow_ID]:[CC_DM_source]],MATCH(Tab_Data_Flows[[#This Row],[Name(EN)]],Tab_Def_Flows[Name(EN)],0),16) -> 1 | AG116: =IF(K116="Yes",AF116*Tab_Data_Flows[[#This Row],[Flow_Py]],"N.A.") -> 12.8 | AH116: =Tab_Data_Flows[[#This Row],[UoM_Flow_Py]] -> Mg | AI116: =INDEX(Tab_Def_Flows[[Flow_ID]:[CC_DM_source]],MATCH(Tab_Data_Flows[[#This Row],[Name(EN)]],Tab_Def_Flows[Name(EN)],0),18) -> 0.5 | AJ116: =IF(L116="Yes",AI116*Tab_Data_Flows[[#This Row],[Flow_Py]]*Tab_Data_Flows[[#This Row],[DM_'[%']]],"N.A.") -> 6.4 | AK116: =Tab_Data_Flows[[#This Row],[UoM_Flow_Py]] -> Mg
A117: =ROW()-1 -> 116 | B117: =_xlfn.XLOOKUP(C117,Tab_Def_Flows[Name(EN)],Tab_Def_Flows[Flow_ID],,0,) -> F_00_01 | C117: Wood | D117: =_xlfn.XLOOKUP(C117,Tab_Def_Flows[Name(EN)],Tab_Def_Flows[Type_Biomass],,0,) -> 0 | E117: =_xlfn.XLOOKUP(C117,Tab_Def_Flows[Name(EN)],Tab_Def_Flows[Output_Process],,0,) -> Biosphere | F117: =_xlfn.XLOOKUP(C117,Tab_Def_Flows[Name(EN)],Tab_Def_Flows[Process_ID_O],,0,) -> 00_Bio_ | G117: =_xlfn.XLOOKUP(C117,Tab_Def_Flows[Name(EN)],Tab_Def_Flows[Input_Process],,0,) -> Raw Material Extraction | H117: =_xlfn.XLOOKUP(C117,Tab_Def_Flows[Name(EN)],Tab_Def_Flows[Process_ID_I],,0,) -> 01_Raw_ | I117: =_xlfn.XLOOKUP(C117,Tab_Def_Flows[Name(EN)],Tab_Def_Flows[Value_Source],,0,) -> 0 | J117: =_xlfn.XLOOKUP(C117,Tab_Def_Flows[Name(EN)],Tab_Def_Flows[WC?],,0,) -> Yes | K117: =_xlfn.XLOOKUP(C117,Tab_Def_Flows[Name(EN)],Tab_Def_Flows[DM?],,0,) -> Yes | L117: =_xlfn.XLOOKUP(C117,Tab_Def_Flows[Name(EN)],Tab_Def_Flows[CC?],,0,) -> Yes | M117: 2035 | N117: BB | O117: 6.4 | P117: Mg | Q117: Stramento | X117: No | AA117: =IF(X117="no",O117,O117*Y117) -> 6.4 | AB117: Mg | AC117: =INDEX(Tab_Def_Flows[[Flow_ID]:[CC_DM_source]],MATCH(Tab_Data_Flows[[#This Row],[Name(EN)]],Tab_Def_Flows[Name(EN)],0),14) -> 0 | AD117: =IF(J117="Yes",AA117*Tab_Data_Flows[[#This Row],[WC_'[%']]],"N.A.") -> 0 | AE117: =Tab_Data_Flows[[#This Row],[UoM_Flow_Py]] -> Mg | AF117: =INDEX(Tab_Def_Flows[[Flow_ID]:[CC_DM_source]],MATCH(Tab_Data_Flows[[#This Row],[Name(EN)]],Tab_Def_Flows[Name(EN)],0),16) -> 1 | AG117: =IF(K117="Yes",AF117*Tab_Data_Flows[[#This Row],[Flow_Py]]-#REF!,"N.A.") -> #REF! | AH117: =Tab_Data_Flows[[#This Row],[UoM_Flow_Py]] -> Mg | AI117: =INDEX(Tab_Def_Flows[[Flow_ID]:[CC_DM_source]],MATCH(Tab_Data_Flows[[#This Row],[Name(EN)]],Tab_Def_Flows[Name(EN)],0),18) -> 0.5 | AJ117: =IF(L117="Yes",AI117*Tab_Data_Flows[[#This Row],[Flow_Py]]*Tab_Data_Flows[[#This Row],[DM_'[%']]],"N.A.") -> 3.2 | AK117: =Tab_Data_Flows[[#This Row],[UoM_Flow_Py]] -> Mg
A118: =ROW()-1 -> 117 | B118: =_xlfn.XLOOKUP(C118,Tab_Def_Flows[Name(EN)],Tab_Def_Flows[Flow_ID],,0,) -> F_00_01 | C118: Wood | D118: =_xlfn.XLOOKUP(C118,Tab_Def_Flows[Name(EN)],Tab_Def_Flows[Type_Biomass],,0,) -> 0 | E118: =_xlfn.XLOOKUP(C118,Tab_Def_Flows[Name(EN)],Tab_Def_Flows[Output_Process],,0,) -> Biosphere | F118: =_xlfn.XLOOKUP(C118,Tab_Def_Flows[Name(EN)],Tab_Def_Flows[Process_ID_O],,0,) -> 00_Bio_ | G118: =_xlfn.XLOOKUP(C118,Tab_Def_Flows[Name(EN)],Tab_Def_Flows[Input_Process],,0,) -> Raw Material Extraction | H118: =_xlfn.XLOOKUP(C118,Tab_Def_Flows[Name(EN)],Tab_Def_Flows[Process_ID_I],,0,) -> 01_Raw_ | I118: =_xlfn.XLOOKUP(C118,Tab_Def_Flows[Name(EN)],Tab_Def_Flows[Value_Source],,0,) -> 0 | J118: =_xlfn.XLOOKUP(C118,Tab_Def_Flows[Name(EN)],Tab_Def_Flows[WC?],,0,) -> Yes | K118: =_xlfn.XLOOKUP(C118,Tab_Def_Flows[Name(EN)],Tab_Def_Flows[DM?],,0,) -> Yes | L118: =_xlfn.XLOOKUP(C118,Tab_Def_Flows[Name(EN)],Tab_Def_Flows[CC?],,0,) -> Yes | M118: 2036 | N118: BB | O118: 12.8 | P118: Mg | Q118: Stramento | X118: No | AA118: =IF(X118="no",O118,O118*Y118) -> 12.8 | AB118: Mg | AC118: =INDEX(Tab_Def_Flows[[Flow_ID]:[CC_DM_source]],MATCH(Tab_Data_Flows[[#This Row],[Name(EN)]],Tab_Def_Flows[Name(EN)],0),14) -> 0 | AD118: =IF(J118="Yes",AA118*Tab_Data_Flows[[#This Row],[WC_'[%']]],"N.A.") -> 0 | AE118: =Tab_Data_Flows[[#This Row],[UoM_Flow_Py]] -> Mg | AF118: =INDEX(Tab_Def_Flows[[Flow_ID]:[CC_DM_source]],MATCH(Tab_Data_Flows[[#This Row],[Name(EN)]],Tab_Def_Flows[Name(EN)],0),16) -> 1 | AG118: =IF(K118="Yes",AF118*Tab_Data_Flows[[#This Row],[Flow_Py]]-#REF!,"N.A.") -> #REF! | AH118: =Tab_Data_Flows[[#This Row],[UoM_Flow_Py]] -> Mg | AI118: =INDEX(Tab_Def_Flows[[Flow_ID]:[CC_DM_source]],MATCH(Tab_Data_Flows[[#This Row],[Name(EN)]],Tab_Def_Flows[Name(EN)],0),18) -> 0.5 | AJ118: =IF(L118="Yes",AI118*Tab_Data_Flows[[#This Row],[Flow_Py]]*Tab_Data_Flows[[#This Row],[DM_'[%']]],"N.A.") -> 6.4 | AK118: =Tab_Data_Flows[[#This Row],[UoM_Flow_Py]] -> Mg
A119: =ROW()-1 -> 118 | B119: =_xlfn.XLOOKUP(C119,Tab_Def_Flows[Name(EN)],Tab_Def_Flows[Flow_ID],,0,) -> F_00_01 | C119: Wood | D119: =_xlfn.XLOOKUP(C119,Tab_Def_Flows[Name(EN)],Tab_Def_Flows[Type_Biomass],,0,) -> 0 | E119: =_xlfn.XLOOKUP(C119,Tab_Def_Flows[Name(EN)],Tab_Def_Flows[Output_Process],,0,) -> Biosphere | F119: =_xlfn.XLOOKUP(C119,Tab_Def_Flows[Name(EN)],Tab_Def_Flows[Process_ID_O],,0,) -> 00_Bio_ | G119: =_xlfn.XLOOKUP(C119,Tab_Def_Flows[Name(EN)],Tab_Def_Flows[Input_Process],,0,) -> Raw Material Extraction | H119: =_xlfn.XLOOKUP(C119,Tab_Def_Flows[Name(EN)],Tab_Def_Flows[Process_ID_I],,0,) -> 01_Raw_ | I119: =_xlfn.XLOOKUP(C119,Tab_Def_Flows[Name(EN)],Tab_Def_Flows[Value_Source],,0,) -> 0 | J119: =_xlfn.XLOOKUP(C119,Tab_Def_Flows[Name(EN)],Tab_Def_Flows[WC?],,0,) -> Yes | K119: =_xlfn.XLOOKUP(C119,Tab_Def_Flows[Name(EN)],Tab_Def_Flows[DM?],,0,) -> Yes | L119: =_xlfn.XLOOKUP(C119,Tab_Def_Flows[Name(EN)],Tab_Def_Flows[CC?],,0,) -> Yes | M119: 2037 | N119: BB | O119: 6.4 | P119: Mg | Q119: Stramento | X119: No | AA119: =IF(X119="no",O119,O119*Y119) -> 6.4 | AB119: Mg | AC119: =INDEX(Tab_Def_Flows[[Flow_ID]:[CC_DM_source]],MATCH(Tab_Data_Flows[[#This Row],[Name(EN)]],Tab_Def_Flows[Name(EN)],0),14) -> 0 | AD119: =IF(J119="Yes",AA119*Tab_Data_Flows[[#This Row],[WC_'[%']]],"N.A.") -> 0 | AE119: =Tab_Data_Flows[[#This Row],[UoM_Flow_Py]] -> Mg | AF119: =INDEX(Tab_Def_Flows[[Flow_ID]:[CC_DM_source]],MATCH(Tab_Data_Flows[[#This Row],[Name(EN)]],Tab_Def_Flows[Name(EN)],0),16) -> 1 | AG119: =IF(K119="Yes",AF119*Tab_Data_Flows[[#This Row],[Flow_Py]]-#REF!,"N.A.") -> #REF! | AH119: =Tab_Data_Flows[[#This Row],[UoM_Flow_Py]] -> Mg | AI119: =INDEX(Tab_Def_Flows[[Flow_ID]:[CC_DM_source]],MATCH(Tab_Data_Flows[[#This Row],[Name(EN)]],Tab_Def_Flows[Name(EN)],0),18) -> 0.5 | AJ119: =IF(L119="Yes",AI119*Tab_Data_Flows[[#This Row],[Flow_Py]]*Tab_Data_Flows[[#This Row],[DM_'[%']]],"N.A.") -> 3.2 | AK119: =Tab_Data_Flows[[#This Row],[UoM_Flow_Py]] -> Mg
A120: =ROW()-1 -> 119 | B120: =_xlfn.XLOOKUP(C120,Tab_Def_Flows[Name(EN)],Tab_Def_Flows[Flow_ID],,0,) -> F_00_01 | C120: Wood | D120: =_xlfn.XLOOKUP(C120,Tab_Def_Flows[Name(EN)],Tab_Def_Flows[Type_Biomass],,0,) -> 0 | E120: =_xlfn.XLOOKUP(C120,Tab_Def_Flows[Name(EN)],Tab_Def_Flows[Output_Process],,0,) -> Biosphere | F120: =_xlfn.XLOOKUP(C120,Tab_Def_Flows[Name(EN)],Tab_Def_Flows[Process_ID_O],,0,) -> 00_Bio_ | G120: =_xlfn.XLOOKUP(C120,Tab_Def_Flows[Name(EN)],Tab_Def_Flows[Input_Process],,0,) -> Raw Material Extraction | H120: =_xlfn.XLOOKUP(C120,Tab_Def_Flows[Name(EN)],Tab_Def_Flows[Process_ID_I],,0,) -> 01_Raw_ | I120: =_xlfn.XLOOKUP(C120,Tab_Def_Flows[Name(EN)],Tab_Def_Flows[Value_Source],,0,) -> 0 | J120: =_xlfn.XLOOKUP(C120,Tab_Def_Flows[Name(EN)],Tab_Def_Flows[WC?],,0,) -> Yes | K120: =_xlfn.XLOOKUP(C120,Tab_Def_Flows[Name(EN)],Tab_Def_Flows[DM?],,0,) -> Yes | L120: =_xlfn.XLOOKUP(C120,Tab_Def_Flows[Name(EN)],Tab_Def_Flows[CC?],,0,) -> Yes | M120: 2038 | N120: BB | O120: 6.4 | P120: Mg | Q120: Stramento | X120: No | AA120: =IF(X120="no",O120,O120*Y120) -> 6.4 | AB120: Mg | AC120: =INDEX(Tab_Def_Flows[[Flow_ID]:[CC_DM_source]],MATCH(Tab_Data_Flows[[#This Row],[Name(EN)]],Tab_Def_Flows[Name(EN)],0),14) -> 0 | AD120: =IF(J120="Yes",AA120*Tab_Data_Flows[[#This Row],[WC_'[%']]],"N.A.") -> 0 | AE120: =Tab_Data_Flows[[#This Row],[UoM_Flow_Py]] -> Mg | AF120: =INDEX(Tab_Def_Flows[[Flow_ID]:[CC_DM_source]],MATCH(Tab_Data_Flows[[#This Row],[Name(EN)]],Tab_Def_Flows[Name(EN)],0),16) -> 1 | AG120: =IF(K120="Yes",AF120*Tab_Data_Flows[[#This Row],[Flow_Py]]-#REF!,"N.A.") -> #REF! | AH120: =Tab_Data_Flows[[#This Row],[UoM_Flow_Py]] -> Mg | AI120: =INDEX(Tab_Def_Flows[[Flow_ID]:[CC_DM_source]],MATCH(Tab_Data_Flows[[#This Row],[Name(EN)]],Tab_Def_Flows[Name(EN)],0),18) -> 0.5 | AJ120: =IF(L120="Yes",AI120*Tab_Data_Flows[[#This Row],[Flow_Py]]*Tab_Data_Flows[[#This Row],[DM_'[%']]],"N.A.") -> 3.2 | AK120: =Tab_Data_Flows[[#This Row],[UoM_Flow_Py]] -> Mg
A121: =ROW()-1 -> 120 | B121: =_xlfn.XLOOKUP(C121,Tab_Def_Flows[Name(EN)],Tab_Def_Flows[Flow_ID],,0,) -> F_00_01 | C121: Wood | D121: =_xlfn.XLOOKUP(C121,Tab_Def_Flows[Name(EN)],Tab_Def_Flows[Type_Biomass],,0,) -> 0 | E121: =_xlfn.XLOOKUP(C121,Tab_Def_Flows[Name(EN)],Tab_Def_Flows[Output_Process],,0,) -> Biosphere | F121: =_xlfn.XLOOKUP(C121,Tab_Def_Flows[Name(EN)],Tab_Def_Flows[Process_ID_O],,0,) -> 00_Bio_ | G121: =_xlfn.XLOOKUP(C121,Tab_Def_Flows[Name(EN)],Tab_Def_Flows[Input_Process],,0,) -> Raw Material Extraction | H121: =_xlfn.XLOOKUP(C121,Tab_Def_Flows[Name(EN)],Tab_Def_Flows[Process_ID_I],,0,) -> 01_Raw_ | I121: =_xlfn.XLOOKUP(C121,Tab_Def_Flows[Name(EN)],Tab_Def_Flows[Value_Source],,0,) -> 0 | J121: =_xlfn.XLOOKUP(C121,Tab_Def_Flows[Name(EN)],Tab_Def_Flows[WC?],,0,) -> Yes | K121: =_xlfn.XLOOKUP(C121,Tab_Def_Flows[Name(EN)],Tab_Def_Flows[DM?],,0,) -> Yes | L121: =_xlfn.XLOOKUP(C121,Tab_Def_Flows[Name(EN)],Tab_Def_Flows[CC?],,0,) -> Yes | M121: 2039 | N121: BB | O121: 32.2 | P121: Mg | Q121: Stramento | X121: No | AA121: =IF(X121="no",O121,O121*Y121) -> 32.2 | AB121: Mg | AC121: =INDEX(Tab_Def_Flows[[Flow_ID]:[CC_DM_source]],MATCH(Tab_Data_Flows[[#This Row],[Name(EN)]],Tab_Def_Flows[Name(EN)],0),14) -> 0 | AD121: =IF(J121="Yes",AA121*Tab_Data_Flows[[#This Row],[WC_'[%']]],"N.A.") -> 0 | AE121: =Tab_Data_Flows[[#This Row],[UoM_Flow_Py]] -> Mg | AF121: =INDEX(Tab_Def_Flows[[Flow_ID]:[CC_DM_source]],MATCH(Tab_Data_Flows[[#This Row],[Name(EN)]],Tab_Def_Flows[Name(EN)],0),16) -> 1 | AG121: =IF(K121="Yes",AF121*Tab_Data_Flows[[#This Row],[Flow_Py]]-#REF!,"N.A.") -> #REF! | AH121: =Tab_Data_Flows[[#This Row],[UoM_Flow_Py]] -> Mg | AI121: =INDEX(Tab_Def_Flows[[Flow_ID]:[CC_DM_source]],MATCH(Tab_Data_Flows[[#This Row],[Name(EN)]],Tab_Def_Flows[Name(EN)],0),18) -> 0.5 | AJ121: =IF(L121="Yes",AI121*Tab_Data_Flows[[#This Row],[Flow_Py]]*Tab_Data_Flows[[#This Row],[DM_'[%']]],"N.A.") -> 16.1 | AK121: =Tab_Data_Flows[[#This Row],[UoM_Flow_Py]] -> Mg
A122: =ROW()-1 -> 121 | B122: =_xlfn.XLOOKUP(C122,Tab_Def_Flows[Name(EN)],Tab_Def_Flows[Flow_ID],,0,) -> F_00_01 | C122: Wood | D122: =_xlfn.XLOOKUP(C122,Tab_Def_Flows[Name(EN)],Tab_Def_Flows[Type_Biomass],,0,) -> 0 | E122: =_xlfn.XLOOKUP(C122,Tab_Def_Flows[Name(EN)],Tab_Def_Flows[Output_Process],,0,) -> Biosphere | F122: =_xlfn.XLOOKUP(C122,Tab_Def_Flows[Name(EN)],Tab_Def_Flows[Process_ID_O],,0,) -> 00_Bio_ | G122: =_xlfn.XLOOKUP(C122,Tab_Def_Flows[Name(EN)],Tab_Def_Flows[Input_Process],,0,) -> Raw Material Extraction | H122: =_xlfn.XLOOKUP(C122,Tab_Def_Flows[Name(EN)],Tab_Def_Flows[Process_ID_I],,0,) -> 01_Raw_ | I122: =_xlfn.XLOOKUP(C122,Tab_Def_Flows[Name(EN)],Tab_Def_Flows[Value_Source],,0,) -> 0 | J122: =_xlfn.XLOOKUP(C122,Tab_Def_Flows[Name(EN)],Tab_Def_Flows[WC?],,0,) -> Yes | K122: =_xlfn.XLOOKUP(C122,Tab_Def_Flows[Name(EN)],Tab_Def_Flows[DM?],,0,) -> Yes | L122: =_xlfn.XLOOKUP(C122,Tab_Def_Flows[Name(EN)],Tab_Def_Flows[CC?],,0,) -> Yes | M122: 2040 | N122: BB | O122: 0 | P122: Mg | Q122: Stramento | X122: No | AA122: =IF(X122="no",O122,O122*Y122) -> 0 | AB122: Mg | AC122: =INDEX(Tab_Def_Flows[[Flow_ID]:[CC_DM_source]],MATCH(Tab_Data_Flows[[#This Row],[Name(EN)]],Tab_Def_Flows[Name(EN)],0),14) -> 0 | AD122: =IF(J122="Yes",AA122*Tab_Data_Flows[[#This Row],[WC_'[%']]],"N.A.") -> 0 | AE122: =Tab_Data_Flows[[#This Row],[UoM_Flow_Py]] -> Mg | AF122: =INDEX(Tab_Def_Flows[[Flow_ID]:[CC_DM_source]],MATCH(Tab_Data_Flows[[#This Row],[Name(EN)]],Tab_Def_Flows[Name(EN)],0),16) -> 1 | AG122: =IF(K122="Yes",AF122*Tab_Data_Flows[[#This Row],[Flow_Py]]-#REF!,"N.A.") -> #REF! | AH122: =Tab_Data_Flows[[#This Row],[UoM_Flow_Py]] -> Mg | AI122: =INDEX(Tab_Def_Flows[[Flow_ID]:[CC_DM_source]],MATCH(Tab_Data_Flows[[#This Row],[Name(EN)]],Tab_Def_Flows[Name(EN)],0),18) -> 0.5 | AJ122: =IF(L122="Yes",AI122*Tab_Data_Flows[[#This Row],[Flow_Py]]*Tab_Data_Flows[[#This Row],[DM_'[%']]],"N.A.") -> 0 | AK122: =Tab_Data_Flows[[#This Row],[UoM_Flow_Py]] -> Mg
A123: =ROW()-1 -> 122 | B123: =_xlfn.XLOOKUP(C123,Tab_Def_Flows[Name(EN)],Tab_Def_Flows[Flow_ID],,0,) -> F_00_01 | C123: Wood | E123: =_xlfn.XLOOKUP(C123,Tab_Def_Flows[Name(EN)],Tab_Def_Flows[Output_Process],,0,) -> Biosphere | F123: =_xlfn.XLOOKUP(C123,Tab_Def_Flows[Name(EN)],Tab_Def_Flows[Process_ID_O],,0,) -> 00_Bio_ | G123: =_xlfn.XLOOKUP(C123,Tab_Def_Flows[Name(EN)],Tab_Def_Flows[Input_Process],,0,) -> Raw Material Extraction | H123: =_xlfn.XLOOKUP(C123,Tab_Def_Flows[Name(EN)],Tab_Def_Flows[Process_ID_I],,0,) -> 01_Raw_ | I123: =_xlfn.XLOOKUP(C123,Tab_Def_Flows[Name(EN)],Tab_Def_Flows[Value_Source],,0,) -> 0 | J123: =_xlfn.XLOOKUP(C123,Tab_Def_Flows[Name(EN)],Tab_Def_Flows[WC?],,0,) -> Yes | K123: =_xlfn.XLOOKUP(C123,Tab_Def_Flows[Name(EN)],Tab_Def_Flows[DM?],,0,) -> Yes | L123: =_xlfn.XLOOKUP(C123,Tab_Def_Flows[Name(EN)],Tab_Def_Flows[CC?],,0,) -> Yes | M123: 2041 | O123: 6.4 | P123: Mg | R123: =INDEX(Tab_WC_DM_CC[[Flow_ID]:[CC_source]],MATCH(Tab_Data_Flows[[#This Row],[Name(EN)]],Tab_WC_DM_CC[Name(EN)],0),12) -> #N/A | S123: =MATCH(Tab_Data_Flows[[#This Row],[Name(EN)]],Tab_WC_DM_CC[Name(EN)],0) -> #N/A | X123: No | AA123: =IF(X123="no",O123,O123*Y123) -> 6.4 | AB123: Mg | AC123: =INDEX(Tab_Def_Flows[[Flow_ID]:[CC_DM_source]],MATCH(Tab_Data_Flows[[#This Row],[Name(EN)]],Tab_Def_Flows[Name(EN)],0),14) -> 0 | AD123: =IF(J123="Yes",AA123*Tab_Data_Flows[[#This Row],[WC_'[%']]],"N.A.") -> 0 | AE123: =Tab_Data_Flows[[#This Row],[UoM_Flow_Py]] -> Mg | AF123: =INDEX(Tab_Def_Flows[[Flow_ID]:[CC_DM_source]],MATCH(Tab_Data_Flows[[#This Row],[Name(EN)]],Tab_Def_Flows[Name(EN)],0),16) -> 1 | AG123: =IF(K123="Yes",AF123*Tab_Data_Flows[[#This Row],[Flow_Py]]-#REF!,"N.A.") -> #REF! | AH123: =Tab_Data_Flows[[#This Row],[UoM_Flow_Py]] -> Mg | AI123: =INDEX(Tab_Def_Flows[[Flow_ID]:[CC_DM_source]],MATCH(Tab_Data_Flows[[#This Row],[Name(EN)]],Tab_Def_Flows[Name(EN)],0),18) -> 0.5 | AJ123: =IF(L123="Yes",AI123*Tab_Data_Flows[[#This Row],[Flow_Py]]*Tab_Data_Flows[[#This Row],[DM_'[%']]],"N.A.") -> 3.2 | AK123: =Tab_Data_Flows[[#This Row],[UoM_Flow_Py]] -> Mg
A124: =ROW()-1 -> 123 | B124: =_xlfn.XLOOKUP(C124,Tab_Def_Flows[Name(EN)],Tab_Def_Flows[Flow_ID],,0,) -> F_00_01 | C124: Wood | E124: =_xlfn.XLOOKUP(C124,Tab_Def_Flows[Name(EN)],Tab_Def_Flows[Output_Process],,0,) -> Biosphere | F124: =_xlfn.XLOOKUP(C124,Tab_Def_Flows[Name(EN)],Tab_Def_Flows[Process_ID_O],,0,) -> 00_Bio_ | G124: =_xlfn.XLOOKUP(C124,Tab_Def_Flows[Name(EN)],Tab_Def_Flows[Input_Process],,0,) -> Raw Material Extraction | H124: =_xlfn.XLOOKUP(C124,Tab_Def_Flows[Name(EN)],Tab_Def_Flows[Process_ID_I],,0,) -> 01_Raw_ | I124: =_xlfn.XLOOKUP(C124,Tab_Def_Flows[Name(EN)],Tab_Def_Flows[Value_Source],,0,) -> 0 | J124: =_xlfn.XLOOKUP(C124,Tab_Def_Flows[Name(EN)],Tab_Def_Flows[WC?],,0,) -> Yes | K124: =_xlfn.XLOOKUP(C124,Tab_Def_Flows[Name(EN)],Tab_Def_Flows[DM?],,0,) -> Yes | L124: =_xlfn.XLOOKUP(C124,Tab_Def_Flows[Name(EN)],Tab_Def_Flows[CC?],,0,) -> Yes | M124: 2042 | O124: 0 | P124: Mg | R124: =INDEX(Tab_WC_DM_CC[[Flow_ID]:[CC_source]],MATCH(Tab_Data_Flows[[#This Row],[Name(EN)]],Tab_WC_DM_CC[Name(EN)],0),12) -> #N/A | S124: =MATCH(Tab_Data_Flows[[#This Row],[Name(EN)]],Tab_WC_DM_CC[Name(EN)],0) -> #N/A | X124: No | AA124: =IF(X124="no",O124,O124*Y124) -> 0 | AB124: Mg | AC124: =INDEX(Tab_Def_Flows[[Flow_ID]:[CC_DM_source]],MATCH(Tab_Data_Flows[[#This Row],[Name(EN)]],Tab_Def_Flows[Name(EN)],0),14) -> 0 | AD124: =IF(J124="Yes",AA124*Tab_Data_Flows[[#This Row],[WC_'[%']]],"N.A.") -> 0 | AE124: =Tab_Data_Flows[[#This Row],[UoM_Flow_Py]] -> Mg | AF124: =INDEX(Tab_Def_Flows[[Flow_ID]:[CC_DM_source]],MATCH(Tab_Data_Flows[[#This Row],[Name(EN)]],Tab_Def_Flows[Name(EN)],0),16) -> 1 | AG124: =IF(K124="Yes",AF124*Tab_Data_Flows[[#This Row],[Flow_Py]]-#REF!,"N.A.") -> #REF! | AH124: =Tab_Data_Flows[[#This Row],[UoM_Flow_Py]] -> Mg | AI124: =INDEX(Tab_Def_Flows[[Flow_ID]:[CC_DM_source]],MATCH(Tab_Data_Flows[[#This Row],[Name(EN)]],Tab_Def_Flows[Name(EN)],0),18) -> 0.5 | AJ124: =IF(L124="Yes",AI124*Tab_Data_Flows[[#This Row],[Flow_Py]]*Tab_Data_Flows[[#This Row],[DM_'[%']]],"N.A.") -> 0 | AK124: =Tab_Data_Flows[[#This Row],[UoM_Flow_Py]] -> Mg
A125: =ROW()-1 -> 124 | B125: =_xlfn.XLOOKUP(C125,Tab_Def_Flows[Name(EN)],Tab_Def_Flows[Flow_ID],,0,) -> F_00_01 | C125: Wood | E125: =_xlfn.XLOOKUP(C125,Tab_Def_Flows[Name(EN)],Tab_Def_Flows[Output_Process],,0,) -> Biosphere | F125: =_xlfn.XLOOKUP(C125,Tab_Def_Flows[Name(EN)],Tab_Def_Flows[Process_ID_O],,0,) -> 00_Bio_ | G125: =_xlfn.XLOOKUP(C125,Tab_Def_Flows[Name(EN)],Tab_Def_Flows[Input_Process],,0,) -> Raw Material Extraction | H125: =_xlfn.XLOOKUP(C125,Tab_Def_Flows[Name(EN)],Tab_Def_Flows[Process_ID_I],,0,) -> 01_Raw_ | I125: =_xlfn.XLOOKUP(C125,Tab_Def_Flows[Name(EN)],Tab_Def_Flows[Value_Source],,0,) -> 0 | J125: =_xlfn.XLOOKUP(C125,Tab_Def_Flows[Name(EN)],Tab_Def_Flows[WC?],,0,) -> Yes | K125: =_xlfn.XLOOKUP(C125,Tab_Def_Flows[Name(EN)],Tab_Def_Flows[DM?],,0,) -> Yes | L125: =_xlfn.XLOOKUP(C125,Tab_Def_Flows[Name(EN)],Tab_Def_Flows[CC?],,0,) -> Yes | M125: 2043 | O125: 25.8 | P125: Mg | R125: =INDEX(Tab_WC_DM_CC[[Flow_ID]:[CC_source]],MATCH(Tab_Data_Flows[[#This Row],[Name(EN)]],Tab_WC_DM_CC[Name(EN)],0),12) -> #N/A | S125: =MATCH(Tab_Data_Flows[[#This Row],[Name(EN)]],Tab_WC_DM_CC[Name(EN)],0) -> #N/A | X125: No | AA125: =IF(X125="no",O125,O125*Y125) -> 25.8 | AB125: Mg | AC125: =INDEX(Tab_Def_Flows[[Flow_ID]:[CC_DM_source]],MATCH(Tab_Data_Flows[[#This Row],[Name(EN)]],Tab_Def_Flows[Name(EN)],0),14) -> 0 | AD125: =IF(J125="Yes",AA125*Tab_Data_Flows[[#This Row],[WC_'[%']]],"N.A.") -> 0 | AE125: =Tab_Data_Flows[[#This Row],[UoM_Flow_Py]] -> Mg | AF125: =INDEX(Tab_Def_Flows[[Flow_ID]:[CC_DM_source]],MATCH(Tab_Data_Flows[[#This Row],[Name(EN)]],Tab_Def_Flows[Name(EN)],0),16) -> 1 | AG125: =IF(K125="Yes",AF125*Tab_Data_Flows[[#This Row],[Flow_Py]]-#REF!,"N.A.") -> #REF! | AH125: =Tab_Data_Flows[[#This Row],[UoM_Flow_Py]] -> Mg | AI125: =INDEX(Tab_Def_Flows[[Flow_ID]:[CC_DM_source]],MATCH(Tab_Data_Flows[[#This Row],[Name(EN)]],Tab_Def_Flows[Name(EN)],0),18) -> 0.5 | AJ125: =IF(L125="Yes",AI125*Tab_Data_Flows[[#This Row],[Flow_Py]]*Tab_Data_Flows[[#This Row],[DM_'[%']]],"N.A.") -> 12.9 | AK125: =Tab_Data_Flows[[#This Row],[UoM_Flow_Py]] -> Mg
A126: =ROW()-1 -> 125 | B126: =_xlfn.XLOOKUP(C126,Tab_Def_Flows[Name(EN)],Tab_Def_Flows[Flow_ID],,0,) -> F_00_01 | C126: Wood | E126: =_xlfn.XLOOKUP(C126,Tab_Def_Flows[Name(EN)],Tab_Def_Flows[Output_Process],,0,) -> Biosphere | F126: =_xlfn.XLOOKUP(C126,Tab_Def_Flows[Name(EN)],Tab_Def_Flows[Process_ID_O],,0,) -> 00_Bio_ | G126: =_xlfn.XLOOKUP(C126,Tab_Def_Flows[Name(EN)],Tab_Def_Flows[Input_Process],,0,) -> Raw Material Extraction | H126: =_xlfn.XLOOKUP(C126,Tab_Def_Flows[Name(EN)],Tab_Def_Flows[Process_ID_I],,0,) -> 01_Raw_ | I126: =_xlfn.XLOOKUP(C126,Tab_Def_Flows[Name(EN)],Tab_Def_Flows[Value_Source],,0,) -> 0 | J126: =_xlfn.XLOOKUP(C126,Tab_Def_Flows[Name(EN)],Tab_Def_Flows[WC?],,0,) -> Yes | K126: =_xlfn.XLOOKUP(C126,Tab_Def_Flows[Name(EN)],Tab_Def_Flows[DM?],,0,) -> Yes | L126: =_xlfn.XLOOKUP(C126,Tab_Def_Flows[Name(EN)],Tab_Def_Flows[CC?],,0,) -> Yes | M126: 2044 | O126: 25.8 | P126: Mg | R126: =INDEX(Tab_WC_DM_CC[[Flow_ID]:[CC_source]],MATCH(Tab_Data_Flows[[#This Row],[Name(EN)]],Tab_WC_DM_CC[Name(EN)],0),12) -> #N/A | S126: =MATCH(Tab_Data_Flows[[#This Row],[Name(EN)]],Tab_WC_DM_CC[Name(EN)],0) -> #N/A | X126: No | AA126: =IF(X126="no",O126,O126*Y126) -> 25.8 | AB126: Mg | AC126: =INDEX(Tab_Def_Flows[[Flow_ID]:[CC_DM_source]],MATCH(Tab_Data_Flows[[#This Row],[Name(EN)]],Tab_Def_Flows[Name(EN)],0),14) -> 0 | AD126: =IF(J126="Yes",AA126*Tab_Data_Flows[[#This Row],[WC_'[%']]],"N.A.") -> 0 | AE126: =Tab_Data_Flows[[#This Row],[UoM_Flow_Py]] -> Mg | AF126: =INDEX(Tab_Def_Flows[[Flow_ID]:[CC_DM_source]],MATCH(Tab_Data_Flows[[#This Row],[Name(EN)]],Tab_Def_Flows[Name(EN)],0),16) -> 1 | AG126: =IF(K126="Yes",AF126*Tab_Data_Flows[[#This Row],[Flow_Py]]-#REF!,"N.A.") -> #REF! | AH126: =Tab_Data_Flows[[#This Row],[UoM_Flow_Py]] -> Mg | AI126: =INDEX(Tab_Def_Flows[[Flow_ID]:[CC_DM_source]],MATCH(Tab_Data_Flows[[#This Row],[Name(EN)]],Tab_Def_Flows[Name(EN)],0),18) -> 0.5 | AJ126: =IF(L126="Yes",AI126*Tab_Data_Flows[[#This Row],[Flow_Py]]*Tab_Data_Flows[[#This Row],[DM_'[%']]],"N.A.") -> 12.9 | AK126: =Tab_Data_Flows[[#This Row],[UoM_Flow_Py]] -> Mg
A127: =ROW()-1 -> 126 | B127: =_xlfn.XLOOKUP(C127,Tab_Def_Flows[Name(EN)],Tab_Def_Flows[Flow_ID],,0,) -> F_00_01 | C127: Wood | D127: Wood | E127: Wood | F127: Wood | G127: Wood | H127: Wood | I127: Wood | J127: Wood | K127: Wood | L127: Wood | M127: 2045 | O127: 6.4 | P127: Mg | R127: =INDEX(Tab_WC_DM_CC[[Flow_ID]:[CC_source]],MATCH(Tab_Data_Flows[[#This Row],[Name(EN)]],Tab_WC_DM_CC[Name(EN)],0),12) -> #N/A | S127: =MATCH(Tab_Data_Flows[[#This Row],[Name(EN)]],Tab_WC_DM_CC[Name(EN)],0) -> #N/A | X127: No | AA127: =IF(X127="no",O127,O127*Y127) -> 6.4 | AB127: Mg | AC127: =INDEX(Tab_Def_Flows[[Flow_ID]:[CC_DM_source]],MATCH(Tab_Data_Flows[[#This Row],[Name(EN)]],Tab_Def_Flows[Name(EN)],0),14) -> 0 | AD127: =IF(J127="Yes",AA127*Tab_Data_Flows[[#This Row],[WC_'[%']]],"N.A.") -> N.A. | AE127: =Tab_Data_Flows[[#This Row],[UoM_Flow_Py]] -> Mg | AF127: =INDEX(Tab_Def_Flows[[Flow_ID]:[CC_DM_source]],MATCH(Tab_Data_Flows[[#This Row],[Name(EN)]],Tab_Def_Flows[Name(EN)],0),16) -> 1 | AG127: =IF(K127="Yes",AF127*Tab_Data_Flows[[#This Row],[Flow_Py]]-#REF!,"N.A.") -> N.A. | AH127: =Tab_Data_Flows[[#This Row],[UoM_Flow_Py]] -> Mg | AI127: =INDEX(Tab_Def_Flows[[Flow_ID]:[CC_DM_source]],MATCH(Tab_Data_Flows[[#This Row],[Name(EN)]],Tab_Def_Flows[Name(EN)],0),18) -> 0.5 | AJ127: =IF(L127="Yes",AI127*Tab_Data_Flows[[#This Row],[Flow_Py]]*Tab_Data_Flows[[#This Row],[DM_'[%']]],"N.A.") -> N.A. | AK127: =Tab_Data_Flows[[#This Row],[UoM_Flow_Py]] -> Mg

Sheet 2. Processes>>>>

Sheet 2_1_Definition_Processes
A1: Complete? | B1: ID | C1: Process_ID | D1: Name(EN) | E1: Region | F1: Carbon_Stock | G1: Life_Phase | H1: Description | I1: Process_Type | J1: TC? | K1: Dyn_TC? | L1: Stock? | M1: Input_Flow_I_1 | N1: Flow_ID_I_1 | O1: Input_Flow_I_2 | P1: Flow_ID_I_2 | Q1: Input_Flow_I_3 | R1: Flow_ID_I_3 | S1: Input_Flow_I_4 | T1: Flow_ID_I_4 | U1: Input_Flow_I_5 | V1: Flow_ID_I_5 | W1: Output_Flow_O_1 | X1: Flow_ID_O_1 | Y1: Output_Flow_O_2 | Z1: Flow_ID_O_2 | AA1: Output_Flow_O_3 | AB1: Flow_ID_O_3
A2: TRUE | B2: 00 | C2: =LEFT(B2,2)&"_"&LEFT(D2,3)&"_"&LEFT(E2,3) -> 00_Bio_ | D2: Biosphere | I2: Process | J2: Yes | K2: No | L2: Yes | M2: N.A. | N2: =_xlfn.XLOOKUP(M2,Tab_Def_Flows[Name(EN)],Tab_Def_Flows[Flow_ID],,0,) -> #N/A | O2: N.A. | P2: =_xlfn.XLOOKUP(O2,Tab_Def_Flows[Name(EN)],Tab_Def_Flows[Flow_ID],,0,) -> #N/A | Q2: N.A. | R2: =_xlfn.XLOOKUP(Q2,Tab_Def_Flows[Name(EN)],Tab_Def_Flows[Flow_ID],,0,) -> #N/A | S2: N.A. | T2: =_xlfn.XLOOKUP(S2,Tab_Def_Flows[Name(EN)],Tab_Def_Flows[Flow_ID],,0,) -> #N/A | U2: N.A. | V2: =_xlfn.XLOOKUP(U2,Tab_Def_Flows[Name(EN)],Tab_Def_Flows[Flow_ID],,0,) -> #N/A | W2: Wood | X2: =_xlfn.XLOOKUP(W2,Tab_Def_Flows[Name(EN)],Tab_Def_Flows[Flow_ID],,0,) -> F_00_01 | Z2: =_xlfn.XLOOKUP(Y2,Tab_Def_Flows[Name(EN)],Tab_Def_Flows[Flow_ID],,0,) -> #N/A | AB2: =_xlfn.XLOOKUP(AA2,Tab_Def_Flows[Name(EN)],Tab_Def_Flows[Flow_ID],,0,) -> #N/A
A3: TRUE | B3: 01 | C3: =LEFT(B3,2)&"_"&LEFT(D3,3)&"_"&LEFT(E3,3) -> 01_Raw_ | D3: Raw Material Extraction | I3: Process | J3: Yes | K3: No | L3: No | M3: N.A. | N3: =_xlfn.XLOOKUP(M3,Tab_Def_Flows[Name(EN)],Tab_Def_Flows[Flow_ID],,0,) -> #N/A | O3: N.A. | P3: =_xlfn.XLOOKUP(O3,Tab_Def_Flows[Name(EN)],Tab_Def_Flows[Flow_ID],,0,) -> #N/A | Q3: N.A. | R3: =_xlfn.XLOOKUP(Q3,Tab_Def_Flows[Name(EN)],Tab_Def_Flows[Flow_ID],,0,) -> #N/A | S3: N.A. | T3: =_xlfn.XLOOKUP(S3,Tab_Def_Flows[Name(EN)],Tab_Def_Flows[Flow_ID],,0,) -> #N/A | U3: N.A. | V3: =_xlfn.XLOOKUP(U3,Tab_Def_Flows[Name(EN)],Tab_Def_Flows[Flow_ID],,0,) -> #N/A | W3: Logs | X3: =_xlfn.XLOOKUP(W3,Tab_Def_Flows[Name(EN)],Tab_Def_Flows[Flow_ID],,0,) -> F_01_02 | Y3: Forestry Resiudes | Z3: =_xlfn.XLOOKUP(Y3,Tab_Def_Flows[Name(EN)],Tab_Def_Flows[Flow_ID],,0,) -> F_01_00 | AB3: =_xlfn.XLOOKUP(AA3,Tab_Def_Flows[Name(EN)],Tab_Def_Flows[Flow_ID],,0,) -> #N/A
A4: TRUE | B4: 02 | C4: =LEFT(B4,2)&"_"&LEFT(D4,3)&"_"&LEFT(E4,3) -> 02_Pro_ | D4: Processing | I4: Process | J4: Yes | K4: No | L4: Yes | M4: N.A. | N4: =_xlfn.XLOOKUP(M4,Tab_Def_Flows[Name(EN)],Tab_Def_Flows[Flow_ID],,0,) -> #N/A | O4: N.A. | P4: =_xlfn.XLOOKUP(O4,Tab_Def_Flows[Name(EN)],Tab_Def_Flows[Flow_ID],,0,) -> #N/A | Q4: N.A. | R4: =_xlfn.XLOOKUP(Q4,Tab_Def_Flows[Name(EN)],Tab_Def_Flows[Flow_ID],,0,) -> #N/A | S4: N.A. | T4: =_xlfn.XLOOKUP(S4,Tab_Def_Flows[Name(EN)],Tab_Def_Flows[Flow_ID],,0,) -> #N/A | U4: N.A. | V4: =_xlfn.XLOOKUP(U4,Tab_Def_Flows[Name(EN)],Tab_Def_Flows[Flow_ID],,0,) -> #N/A | W4: Timber Truss | X4: =_xlfn.XLOOKUP(W4,Tab_Def_Flows[Name(EN)],Tab_Def_Flows[Flow_ID],,0,) -> F_02_03 | Y4: Proc_Wood Cuttings | Z4: =_xlfn.XLOOKUP(Y4,Tab_Def_Flows[Name(EN)],Tab_Def_Flows[Flow_ID],,0,) -> F_02_08 | AB4: =_xlfn.XLOOKUP(AA4,Tab_Def_Flows[Name(EN)],Tab_Def_Flows[Flow_ID],,0,) -> #N/A
A5: TRUE | B5: 03 | C5: =LEFT(B5,2)&"_"&LEFT(D5,3)&"_"&LEFT(E5,3) -> 03_Use_ | D5: Use | I5: Process | J5: Yes | K5: No | L5: Yes | M5: N.A. | N5: =_xlfn.XLOOKUP(M5,Tab_Def_Flows[Name(EN)],Tab_Def_Flows[Flow_ID],,0,) -> #N/A | O5: N.A. | P5: =_xlfn.XLOOKUP(O5,Tab_Def_Flows[Name(EN)],Tab_Def_Flows[Flow_ID],,0,) -> #N/A | Q5: N.A. | R5: =_xlfn.XLOOKUP(Q5,Tab_Def_Flows[Name(EN)],Tab_Def_Flows[Flow_ID],,0,) -> #N/A | S5: N.A. | T5: =_xlfn.XLOOKUP(S5,Tab_Def_Flows[Name(EN)],Tab_Def_Flows[Flow_ID],,0,) -> #N/A | U5: N.A. | V5: =_xlfn.XLOOKUP(U5,Tab_Def_Flows[Name(EN)],Tab_Def_Flows[Flow_ID],,0,) -> #N/A | W5: Timber Truss | X5: =_xlfn.XLOOKUP(W5,Tab_Def_Flows[Name(EN)],Tab_Def_Flows[Flow_ID],,0,) -> F_02_03 | Y5: Wood Beam for Reuse | Z5: =_xlfn.XLOOKUP(Y5,Tab_Def_Flows[Name(EN)],Tab_Def_Flows[Flow_ID],,0,) -> F_03_04 | AA5: Waste Wood | AB5: =_xlfn.XLOOKUP(AA5,Tab_Def_Flows[Name(EN)],Tab_Def_Flows[Flow_ID],,0,) -> F_03_05
A6: TRUE | B6: 04 | C6: =LEFT(B6,2)&"_"&LEFT(D6,3)&"_"&LEFT(E6,3) -> 04_Ref_ | D6: Refurbishment | I6: Process | J6: Yes | K6: No | L6: No | M6: N.A. | N6: =_xlfn.XLOOKUP(M6,Tab_Def_Flows[Name(EN)],Tab_Def_Flows[Flow_ID],,0,) -> #N/A | O6: N.A. | P6: =_xlfn.XLOOKUP(O6,Tab_Def_Flows[Name(EN)],Tab_Def_Flows[Flow_ID],,0,) -> #N/A | Q6: N.A. | R6: =_xlfn.XLOOKUP(Q6,Tab_Def_Flows[Name(EN)],Tab_Def_Flows[Flow_ID],,0,) -> #N/A | S6: N.A. | T6: =_xlfn.XLOOKUP(S6,Tab_Def_Flows[Name(EN)],Tab_Def_Flows[Flow_ID],,0,) -> #N/A | U6: N.A. | V6: =_xlfn.XLOOKUP(U6,Tab_Def_Flows[Name(EN)],Tab_Def_Flows[Flow_ID],,0,) -> #N/A | W6: Refurbished wood | X6: =_xlfn.XLOOKUP(W6,Tab_Def_Flows[Name(EN)],Tab_Def_Flows[Flow_ID],,0,) -> F_04_03 | Y6: SecMaterial | Z6: =_xlfn.XLOOKUP(Y6,Tab_Def_Flows[Name(EN)],Tab_Def_Flows[Flow_ID],,0,) -> F_04_08 | AB6: =_xlfn.XLOOKUP(AA6,Tab_Def_Flows[Name(EN)],Tab_Def_Flows[Flow_ID],,0,) -> #N/A
A7: TRUE | B7: 05 | C7: =LEFT(B7,2)&"_"&LEFT(D7,3)&"_"&LEFT(E7,3) -> 05_Deg_ | D7: Degredation | I7: Process | J7: Yes | K7: No | L7: No | M7: N.A. | N7: =_xlfn.XLOOKUP(M7,Tab_Def_Flows[Name(EN)],Tab_Def_Flows[Flow_ID],,0,) -> #N/A | O7: N.A. | P7: =_xlfn.XLOOKUP(O7,Tab_Def_Flows[Name(EN)],Tab_Def_Flows[Flow_ID],,0,) -> #N/A | Q7: N.A. | R7: =_xlfn.XLOOKUP(Q7,Tab_Def_Flows[Name(EN)],Tab_Def_Flows[Flow_ID],,0,) -> #N/A | S7: N.A. | T7: =_xlfn.XLOOKUP(S7,Tab_Def_Flows[Name(EN)],Tab_Def_Flows[Flow_ID],,0,) -> #N/A | U7: N.A. | V7: =_xlfn.XLOOKUP(U7,Tab_Def_Flows[Name(EN)],Tab_Def_Flows[Flow_ID],,0,) -> #N/A | W7: Deg_Atm_Carbon | X7: =_xlfn.XLOOKUP(W7,Tab_Def_Flows[Name(EN)],Tab_Def_Flows[Flow_ID],,0,) -> F_05_07 | Y7: Deg_Bio | Z7: =_xlfn.XLOOKUP(Y7,Tab_Def_Flows[Name(EN)],Tab_Def_Flows[Flow_ID],,0,) -> F_05_00 | AB7: =_xlfn.XLOOKUP(AA7,Tab_Def_Flows[Name(EN)],Tab_Def_Flows[Flow_ID],,0,) -> #N/A
A8: TRUE | B8: 06 | C8: =LEFT(B8,2)&"_"&LEFT(D8,3)&"_"&LEFT(E8,3) -> 06_Inc_ | D8: Incineration | I8: Process | J8: Yes | K8: No | L8: No | M8: N.A. | N8: =_xlfn.XLOOKUP(M8,Tab_Def_Flows[Name(EN)],Tab_Def_Flows[Flow_ID],,0,) -> #N/A | O8: N.A. | P8: =_xlfn.XLOOKUP(O8,Tab_Def_Flows[Name(EN)],Tab_Def_Flows[Flow_ID],,0,) -> #N/A | Q8: N.A. | R8: =_xlfn.XLOOKUP(Q8,Tab_Def_Flows[Name(EN)],Tab_Def_Flows[Flow_ID],,0,) -> #N/A | S8: N.A. | T8: =_xlfn.XLOOKUP(S8,Tab_Def_Flows[Name(EN)],Tab_Def_Flows[Flow_ID],,0,) -> #N/A | U8: N.A. | V8: =_xlfn.XLOOKUP(U8,Tab_Def_Flows[Name(EN)],Tab_Def_Flows[Flow_ID],,0,) -> #N/A | W8: Inc_Ash_Ant | X8: =_xlfn.XLOOKUP(W8,Tab_Def_Flows[Name(EN)],Tab_Def_Flows[Flow_ID],,0,) -> F_06_08 | Y8: Inc_Carbon_Atm | Z8: =_xlfn.XLOOKUP(Y8,Tab_Def_Flows[Name(EN)],Tab_Def_Flows[Flow_ID],,0,) -> F_06_07 | AB8: =_xlfn.XLOOKUP(AA8,Tab_Def_Flows[Name(EN)],Tab_Def_Flows[Flow_ID],,0,) -> #N/A
A9: TRUE | B9: 07 | C9: =LEFT(B9,2)&"_"&LEFT(D9,3)&"_"&LEFT(E9,3) -> 07_Atm_ | D9: Atmosphere | I9: Process | J9: No | K9: No | L9: Yes | M9: N.A. | N9: =_xlfn.XLOOKUP(M9,Tab_Def_Flows[Name(EN)],Tab_Def_Flows[Flow_ID],,0,) -> #N/A | O9: N.A. | P9: =_xlfn.XLOOKUP(O9,Tab_Def_Flows[Name(EN)],Tab_Def_Flows[Flow_ID],,0,) -> #N/A | Q9: N.A. | R9: =_xlfn.XLOOKUP(Q9,Tab_Def_Flows[Name(EN)],Tab_Def_Flows[Flow_ID],,0,) -> #N/A | S9: N.A. | T9: =_xlfn.XLOOKUP(S9,Tab_Def_Flows[Name(EN)],Tab_Def_Flows[Flow_ID],,0,) -> #N/A | U9: N.A. | V9: =_xlfn.XLOOKUP(U9,Tab_Def_Flows[Name(EN)],Tab_Def_Flows[Flow_ID],,0,) -> #N/A | W9: Atm_Bio | X9: =_xlfn.XLOOKUP(W9,Tab_Def_Flows[Name(EN)],Tab_Def_Flows[Flow_ID],,0,) -> F_07_00 | Z9: =_xlfn.XLOOKUP(Y9,Tab_Def_Flows[Name(EN)],Tab_Def_Flows[Flow_ID],,0,) -> #N/A | AB9: =_xlfn.XLOOKUP(AA9,Tab_Def_Flows[Name(EN)],Tab_Def_Flows[Flow_ID],,0,) -> #N/A
A10: TRUE | B10: 08 | C10: =LEFT(B10,2)&"_"&LEFT(D10,3)&"_"&LEFT(E10,3) -> 08_Ant_ | D10: Anthroposphere | I10: Process | J10: No | K10: No | L10: No | M10: N.A. | N10: =_xlfn.XLOOKUP(M10,Tab_Def_Flows[Name(EN)],Tab_Def_Flows[Flow_ID],,0,) -> #N/A | O10: N.A. | P10: =_xlfn.XLOOKUP(O10,Tab_Def_Flows[Name(EN)],Tab_Def_Flows[Flow_ID],,0,) -> #N/A | Q10: N.A. | R10: =_xlfn.XLOOKUP(Q10,Tab_Def_Flows[Name(EN)],Tab_Def_Flows[Flow_ID],,0,) -> #N/A | S10: N.A. | T10: =_xlfn.XLOOKUP(S10,Tab_Def_Flows[Name(EN)],Tab_Def_Flows[Flow_ID],,0,) -> #N/A | U10: N.A. | V10: =_xlfn.XLOOKUP(U10,Tab_Def_Flows[Name(EN)],Tab_Def_Flows[Flow_ID],,0,) -> #N/A | X10: =_xlfn.XLOOKUP(W10,Tab_Def_Flows[Name(EN)],Tab_Def_Flows[Flow_ID],,0,) -> #N/A | Z10: =_xlfn.XLOOKUP(Y10,Tab_Def_Flows[Name(EN)],Tab_Def_Flows[Flow_ID],,0,) -> #N/A | AB10: =_xlfn.XLOOKUP(AA10,Tab_Def_Flows[Name(EN)],Tab_Def_Flows[Flow_ID],,0,) -> #N/A

Sheet 2_2_Process_Data
A1: Spalte1 | B1: ID | C1: Data_ID | D1: Process_ID | E1: Type | F1: Name(EN) | G1: Region | H1: Carbon_Stock | I1: Life_Phase | J1: Description | K1: Data? | L1: TC? | M1: Stock?
