Workbook
Name Baumart_: [1]!Baumart[Baumart]
Name Baumart_: [2]!Baumart[Baumart]
Name Cluster_: [1]!Cluster[Cluster]
Name Cluster_: [2]!Cluster[Cluster]
Name einheit: [1]!Tabelle14[Einheit]
Name einheit: [2]!Tabelle14[Einheit]
Name Erhebungsart_: [1]!Erhebungsart[Erhebungsart]
Name Erhebungsart_: [2]!Erhebungsart[Erhebungsart]
Name Herkunft_: [1]!Herkunft[Herkunft]
Name Herkunft_: [2]!Herkunft[Herkunft]
Name Holzstrom_: [1]!Holzstrom[Holzstrom]
Name Holzstrom_: [2]!Holzstrom[Holzstrom]
Name In_Out_: [1]!Tabelleinput[In/Out]
Name In_Out_: [2]!Tabelleinput[In/Out]
Name Inhaltsverzeichnis: "MTRANS(ERSETZEN(Inhalt;1;FINDEN(""]"";Inhalt);""))"
Name Klassifizierung: [1]!Tabelle9[Klassifizierung]
Name Klassifizierung: [2]!Tabelle9[Klassifizierung]
Name Ort_: [1]!Ort[Ort]
Name Ort_: [2]!Ort[Ort]
Name Ziel_: [1]!Ziel[Ziel]
Name Ziel_: [2]!Ziel[Ziel]

Sheet Intro
B2: Title:
B4: Der angehängte Datensatz beinhalten Informationen über Materialflüsse, Prozesse sowie Lager in der Region Brandenburg. Der Datensatz bezieht sich dabei auf verschiedene Quellen und Dokumente.
B6: Definition der Systemgrenzen:
C7: Beobachtungszeitraum: | F7: 2010 - 2020
C8: Beobachtungsgebiet: | F8: Berlin
F9: Brandenburg
F10: Berlin + Brandenburg
B12: Für die Anfertigung der Materialflussanalyse werden die folgenden Daten benötigt. Die Daten werden in seperaten Tabellenblättern dargestellt. Für jeden Datensatz werden spezifische Anforderungen definiert. Diese lassen sich einem Systemübergreifenden Fließbild zuordnen. Dieses Fließbild beinhaltet die relevanten Flüsse, Prozesse und Lager.
B15: Prozesse bilden die Grundlage für das System. Prozesse können Transferkoefizienten und Lager beinhalten. Prozesse haben einen oder mehrere Flüsse als Input sowie einen oder mehrere Flüsse als Output.
B22: Flüsse:
C24: Flüsse müssen in Mg umgerechnet werden
B33: Prozesse:
B34: Lager
B35: Transferkoeffizienten
B36: Umrechnungsfaktoren:
B37: Codelisten:

Sheet Version_CS1_28.05.

Sheet 1_Flows>>>>

Sheet 1_1_Definition_Flows
A1: Complete? | B1: ID | C1: Flow_ID | D1: Name(EN) | E1: Name(DE) | F1: Region | G1: Type_Biomass | H1: Product/By-product/waste | I1: Comment | J1: Output_Process | K1: Process_ID_O | L1: Input_Process | M1: Process_ID_I | N1: Value_Source | O1: WC? | P1: DM? | Q1: CC? | R1: WC | S1: WC_source | T1: DM | U1: DM_source | V1: CC_DM[%] | W1: CC_DM_source | X1: CC | Y1: CC_FM_source
A2: FALSE | B2: 01 | C2: ="F_"&LEFT(K2,2)&"_"&LEFT(M2,2) -> F_00_01 | D2: Biomass 1 | J2: Cultivation | K2: =_xlfn.XLOOKUP(J2,Tab_Def_Processes[Name(EN)],Tab_Def_Processes[Process_ID],,0,) -> 00_Cul_ | L2: Harvesting | M2: =_xlfn.XLOOKUP(L2,Tab_Def_Processes[Name(EN)],Tab_Def_Processes[Process_ID],,0,) -> 01_Har_ | O2: Yes | P2: Yes | Q2: Yes | R2: 0 | S2: Assumption | T2: 1 | U2: Assumption | V2: 0.5 | W2: Assumption | X2: =Tab_Def_Flows[[#This Row],[CC_DM'[%']]]*Tab_Def_Flows[[#This Row],[DM]] -> 0.5 | Y2: Caclualtion
A3: FALSE | B3: 02 | C3: ="F_"&LEFT(K3,2)&"_"&LEFT(M3,2) -> F_01_02 | D3: Biomass 2 | J3: Harvesting | K3: =_xlfn.XLOOKUP(J3,Tab_Def_Processes[Name(EN)],Tab_Def_Processes[Process_ID],,0,) -> 01_Har_ | L3: Food | M3: =_xlfn.XLOOKUP(L3,Tab_Def_Processes[Name(EN)],Tab_Def_Processes[Process_ID],,0,) -> 02_Foo_ | O3: Yes | P3: Yes | Q3: Yes | R3: 0 | S3: Assumption | T3: 1 | U3: Assumption | V3: 0.5 | W3: Assumption | X3: =Tab_Def_Flows[[#This Row],[CC_DM'[%']]]*Tab_Def_Flows[[#This Row],[DM]] -> 0.5 | Y3: Caclualtion
A4: FALSE | B4: 03 | C4: ="F_"&LEFT(K4,2)&"_"&LEFT(M4,2) -> F_01_03 | D4: Biomass 3 | J4: Harvesting | K4: =_xlfn.XLOOKUP(J4,Tab_Def_Processes[Name(EN)],Tab_Def_Processes[Process_ID],,0,) -> 01_Har_ | L4: Straw c&d | M4: =_xlfn.XLOOKUP(L4,Tab_Def_Processes[Name(EN)],Tab_Def_Processes[Process_ID],,0,) -> 03_Str_ | O4: Yes | P4: Yes | Q4: Yes | R4: 0 | S4: Assumption | T4: 1 | U4: Assumption | V4: 0.5 | W4: Assumption | X4: =Tab_Def_Flows[[#This Row],[CC_DM'[%']]]*Tab_Def_Flows[[#This Row],[DM]] -> 0.5 | Y4: Caclualtion
A5: FALSE | B5: 04 | C5: ="F_"&LEFT(K5,2)&"_"&LEFT(M5,2) -> F_03_04 | D5: Biomass 4 | J5: Straw c&d | K5: =_xlfn.XLOOKUP(J5,Tab_Def_Processes[Name(EN)],Tab_Def_Processes[Process_ID],,0,) -> 03_Str_ | L5: Incorporation | M5: =_xlfn.XLOOKUP(L5,Tab_Def_Processes[Name(EN)],Tab_Def_Processes[Process_ID],,0,) -> 04_Inc_ | O5: Yes | P5: Yes | Q5: Yes | R5: 0 | S5: Assumption | T5: 1 | U5: Assumption | V5: 0.5 | W5: Assumption | X5: =Tab_Def_Flows[[#This Row],[CC_DM'[%']]]*Tab_Def_Flows[[#This Row],[DM]] -> 0.5 | Y5: Caclualtion
A6: FALSE | B6: 05 | C6: ="F_"&LEFT(K6,2)&"_"&LEFT(M6,2) -> F_03_05 | D6: Biomass 5 | J6: Straw c&d | K6: =_xlfn.XLOOKUP(J6,Tab_Def_Processes[Name(EN)],Tab_Def_Processes[Process_ID],,0,) -> 03_Str_ | L6: Composting | M6: =_xlfn.XLOOKUP(L6,Tab_Def_Processes[Name(EN)],Tab_Def_Processes[Process_ID],,0,) -> 05_Com_ | O6: Yes | P6: Yes | Q6: Yes | R6: 0 | S6: Assumption | T6: 1 | U6: Assumption | V6: 0.5 | W6: Assumption | X6: =Tab_Def_Flows[[#This Row],[CC_DM'[%']]]*Tab_Def_Flows[[#This Row],[DM]] -> 0.5 | Y6: Caclualtion
A7: FALSE | B7: 06 | C7: ="F_"&LEFT(K7,2)&"_"&LEFT(M7,2) -> F_03_06 | D7: Biomass 6 | J7: Straw c&d | K7: =_xlfn.XLOOKUP(J7,Tab_Def_Processes[Name(EN)],Tab_Def_Processes[Process_ID],,0,) -> 03_Str_ | L7: HTC | M7: =_xlfn.XLOOKUP(L7,Tab_Def_Processes[Name(EN)],Tab_Def_Processes[Process_ID],,0,) -> 06_HTC_ | O7: Yes | P7: Yes | Q7: Yes | R7: 0 | S7: Assumption | T7: 1 | U7: Assumption | V7: 0.5 | W7: Assumption | X7: =Tab_Def_Flows[[#This Row],[CC_DM'[%']]]*Tab_Def_Flows[[#This Row],[DM]] -> 0.5 | Y7: Caclualtion
A8: FALSE | B8: 07 | C8: ="F_"&LEFT(K8,2)&"_"&LEFT(M8,2) -> F_03_07 | D8: Biomass 7 | J8: Straw c&d | K8: =_xlfn.XLOOKUP(J8,Tab_Def_Processes[Name(EN)],Tab_Def_Processes[Process_ID],,0,) -> 03_Str_ | L8: AD | M8: =_xlfn.XLOOKUP(L8,Tab_Def_Processes[Name(EN)],Tab_Def_Processes[Process_ID],,0,) -> 07_AD_ | O8: Yes | P8: Yes | Q8: Yes | R8: 0 | S8: Assumption | T8: 1 | U8: Assumption | V8: 0.5 | W8: Assumption | X8: =Tab_Def_Flows[[#This Row],[CC_DM'[%']]]*Tab_Def_Flows[[#This Row],[DM]] -> 0.5 | Y8: Caclualtion
A9: FALSE | B9: 08 | C9: ="F_"&LEFT(K9,2)&"_"&LEFT(M9,2) -> F_03_08 | D9: Biomass 8 | J9: Straw c&d | K9: =_xlfn.XLOOKUP(J9,Tab_Def_Processes[Name(EN)],Tab_Def_Processes[Process_ID],,0,) -> 03_Str_ | L9: Animal bedding | M9: =_xlfn.XLOOKUP(L9,Tab_Def_Processes[Name(EN)],Tab_Def_Processes[Process_ID],,0,) -> 08_Ani_ | O9: Yes | P9: Yes | Q9: Yes | R9: 0 | S9: Assumption | T9: 1 | U9: Assumption | V9: 0.5 | W9: Assumption | X9: =Tab_Def_Flows[[#This Row],[CC_DM'[%']]]*Tab_Def_Flows[[#This Row],[DM]] -> 0.5 | Y9: Caclualtion
A10: FALSE | B10: 09 | C10: ="F_"&LEFT(K10,2)&"_"&LEFT(M10,2) -> F_04_09 | D10: Biomass 9 | J10: Incorporation | K10: =_xlfn.XLOOKUP(J10,Tab_Def_Processes[Name(EN)],Tab_Def_Processes[Process_ID],,0,) -> 04_Inc_ | L10: Soil | M10: =_xlfn.XLOOKUP(L10,Tab_Def_Processes[Name(EN)],Tab_Def_Processes[Process_ID],,0,) -> 09_Soi_ | O10: Yes | P10: Yes | Q10: Yes | R10: 0 | S10: Assumption | T10: 1 | U10: Assumption | V10: 0.5 | W10: Assumption | X10: =Tab_Def_Flows[[#This Row],[CC_DM'[%']]]*Tab_Def_Flows[[#This Row],[DM]] -> 0.5 | Y10: Caclualtion
A11: FALSE | B11: 10 | C11: ="F_"&LEFT(K11,2)&"_"&LEFT(M11,2) -> F_05_09 | D11: Biomass 10 | J11: Composting | K11: =_xlfn.XLOOKUP(J11,Tab_Def_Processes[Name(EN)],Tab_Def_Processes[Process_ID],,0,) -> 05_Com_ | L11: Soil | M11: =_xlfn.XLOOKUP(L11,Tab_Def_Processes[Name(EN)],Tab_Def_Processes[Process_ID],,0,) -> 09_Soi_ | O11: Yes | P11: Yes | Q11: Yes | R11: 0 | S11: Assumption | T11: 1 | U11: Assumption | V11: 0.5 | W11: Assumption | X11: =Tab_Def_Flows[[#This Row],[CC_DM'[%']]]*Tab_Def_Flows[[#This Row],[DM]] -> 0.5 | Y11: Caclualtion
A12: FALSE | B12: 11 | C12: ="F_"&LEFT(K12,2)&"_"&LEFT(M12,2) -> F_05_10 | D12: Biomass 11 | J12: Composting | K12: =_xlfn.XLOOKUP(J12,Tab_Def_Processes[Name(EN)],Tab_Def_Processes[Process_ID],,0,) -> 05_Com_ | L12: Atmosphere | M12: =_xlfn.XLOOKUP(L12,Tab_Def_Processes[Name(EN)],Tab_Def_Processes[Process_ID],,0,) -> 10_Atm_ | O12: Yes | P12: Yes | Q12: Yes | R12: 0 | S12: Assumption | T12: 1 | U12: Assumption | V12: 0.5 | W12: Assumption | X12: =Tab_Def_Flows[[#This Row],[CC_DM'[%']]]*Tab_Def_Flows[[#This Row],[DM]] -> 0.5 | Y12: Caclualtion
A13: FALSE | B13: 12 | C13: ="F_"&LEFT(K13,2)&"_"&LEFT(M13,2) -> F_05_11 | D13: Biomass 12 | J13: Composting | K13: =_xlfn.XLOOKUP(J13,Tab_Def_Processes[Name(EN)],Tab_Def_Processes[Process_ID],,0,) -> 05_Com_ | L13: Surface water and aquifer | M13: =_xlfn.XLOOKUP(L13,Tab_Def_Processes[Name(EN)],Tab_Def_Processes[Process_ID],,0,) -> 11_Sur_ | O13: Yes | P13: Yes | Q13: Yes | R13: 0 | S13: Assumption | T13: 1 | U13: Assumption | V13: 0.5 | W13: Assumption | X13: =Tab_Def_Flows[[#This Row],[CC_DM'[%']]]*Tab_Def_Flows[[#This Row],[DM]] -> 0.5 | Y13: Caclualtion
... A16: FALSE | B16: 15 | C16: ="F_"&LEFT(K16,2)&"_"&LEFT(M16,2) -> F_09_10 | D16: Biomass 15 | J16: Soil | K16: =_xlfn.XLOOKUP(J16,Tab_Def_Processes[Name(EN)],Tab_Def_Processes[Process_ID],,0,) -> 09_Soi_ | L16: Atmosphere | M16: =_xlfn.XLOOKUP(L16,Tab_Def_Processes[Name(EN)],Tab_Def_Processes[Process_ID],,0,) -> 10_Atm_ | O16: Yes | P16: Yes | Q16: Yes | R16: 0 | S16: Assumption | T16: 1 | U16: Assumption | V16: 0.5 | W16: Assumption | X16: =Tab_Def_Flows[[#This Row],[CC_DM'[%']]]*Tab_Def_Flows[[#This Row],[DM]] -> 0.5 | Y16: Caclualtion
A17: FALSE | B17: 16 | C17: ="F_"&LEFT(K17,2)&"_"&LEFT(M17,2) -> F_12_12 | K17: =_xlfn.XLOOKUP(J17,Tab_Def_Processes[Name(EN)],Tab_Def_Processes[Process_ID],,0,) -> 12__ | M17: =_xlfn.XLOOKUP(L17,Tab_Def_Processes[Name(EN)],Tab_Def_Processes[Process_ID],,0,) -> 12__ | X17: =Tab_Def_Flows[[#This Row],[CC_DM'[%']]]*Tab_Def_Flows[[#This Row],[DM]] -> 0
A18: FALSE | B18: 17 | C18: ="F_"&LEFT(K18,2)&"_"&LEFT(M18,2) -> F_12_12 | K18: =_xlfn.XLOOKUP(J18,Tab_Def_Processes[Name(EN)],Tab_Def_Processes[Process_ID],,0,) -> 12__ | M18: =_xlfn.XLOOKUP(L18,Tab_Def_Processes[Name(EN)],Tab_Def_Processes[Process_ID],,0,) -> 12__ | X18: =Tab_Def_Flows[[#This Row],[CC_DM'[%']]]*Tab_Def_Flows[[#This Row],[DM]] -> 0
A19: FALSE | B19: 18 | C19: ="F_"&LEFT(K19,2)&"_"&LEFT(M19,2) -> F_12_12 | K19: =_xlfn.XLOOKUP(J19,Tab_Def_Processes[Name(EN)],Tab_Def_Processes[Process_ID],,0,) -> 12__ | M19: =_xlfn.XLOOKUP(L19,Tab_Def_Processes[Name(EN)],Tab_Def_Processes[Process_ID],,0,) -> 12__ | X19: =Tab_Def_Flows[[#This Row],[CC_DM'[%']]]*Tab_Def_Flows[[#This Row],[DM]] -> 0
A20: FALSE | B20: 19 | C20: ="F_"&LEFT(K20,2)&"_"&LEFT(M20,2) -> F_12_12 | K20: =_xlfn.XLOOKUP(J20,Tab_Def_Processes[Name(EN)],Tab_Def_Processes[Process_ID],,0,) -> 12__ | M20: =_xlfn.XLOOKUP(L20,Tab_Def_Processes[Name(EN)],Tab_Def_Processes[Process_ID],,0,) -> 12__ | X20: =Tab_Def_Flows[[#This Row],[CC_DM'[%']]]*Tab_Def_Flows[[#This Row],[DM]] -> 0
A21: FALSE | B21: 20 | C21: ="F_"&LEFT(K21,2)&"_"&LEFT(M21,2) -> F_12_12 | K21: =_xlfn.XLOOKUP(J21,Tab_Def_Processes[Name(EN)],Tab_Def_Processes[Process_ID],,0,) -> 12__ | M21: =_xlfn.XLOOKUP(L21,Tab_Def_Processes[Name(EN)],Tab_Def_Processes[Process_ID],,0,) -> 12__ | X21: =Tab_Def_Flows[[#This Row],[CC_DM'[%']]]*Tab_Def_Flows[[#This Row],[DM]] -> 0
A22: FALSE | B22: 21 | C22: ="F_"&LEFT(K22,2)&"_"&LEFT(M22,2) -> F_12_12 | K22: =_xlfn.XLOOKUP(J22,Tab_Def_Processes[Name(EN)],Tab_Def_Processes[Process_ID],,0,) -> 12__ | M22: =_xlfn.XLOOKUP(L22,Tab_Def_Processes[Name(EN)],Tab_Def_Processes[Process_ID],,0,) -> 12__ | X22: =Tab_Def_Flows[[#This Row],[CC_DM'[%']]]*Tab_Def_Flows[[#This Row],[DM]] -> 0
A23: FALSE | B23: 22 | C23: ="F_"&LEFT(K23,2)&"_"&LEFT(M23,2) -> F_12_12 | K23: =_xlfn.XLOOKUP(J23,Tab_Def_Processes[Name(EN)],Tab_Def_Processes[Process_ID],,0,) -> 12__ | M23: =_xlfn.XLOOKUP(L23,Tab_Def_Processes[Name(EN)],Tab_Def_Processes[Process_ID],,0,) -> 12__ | X23: =Tab_Def_Flows[[#This Row],[CC_DM'[%']]]*Tab_Def_Flows[[#This Row],[DM]] -> 0
A24: FALSE | B24: 23 | C24: ="F_"&LEFT(K24,2)&"_"&LEFT(M24,2) -> F_12_12 | K24: =_xlfn.XLOOKUP(J24,Tab_Def_Processes[Name(EN)],Tab_Def_Processes[Process_ID],,0,) -> 12__ | M24: =_xlfn.XLOOKUP(L24,Tab_Def_Processes[Name(EN)],Tab_Def_Processes[Process_ID],,0,) -> 12__ | X24: =Tab_Def_Flows[[#This Row],[CC_DM'[%']]]*Tab_Def_Flows[[#This Row],[DM]] -> 0
A25: FALSE | B25: 24 | C25: ="F_"&LEFT(K25,2)&"_"&LEFT(M25,2) -> F_12_12 | K25: =_xlfn.XLOOKUP(J25,Tab_Def_Processes[Name(EN)],Tab_Def_Processes[Process_ID],,0,) -> 12__ | M25: =_xlfn.XLOOKUP(L25,Tab_Def_Processes[Name(EN)],Tab_Def_Processes[Process_ID],,0,) -> 12__ | X25: =Tab_Def_Flows[[#This Row],[CC_DM'[%']]]*Tab_Def_Flows[[#This Row],[DM]] -> 0
A26: FALSE | B26: 25 | C26: ="F_"&LEFT(K26,2)&"_"&LEFT(M26,2) -> F_12_12 | K26: =_xlfn.XLOOKUP(J26,Tab_Def_Processes[Name(EN)],Tab_Def_Processes[Process_ID],,0,) -> 12__ | M26: =_xlfn.XLOOKUP(L26,Tab_Def_Processes[Name(EN)],Tab_Def_Processes[Process_ID],,0,) -> 12__ | X26: =Tab_Def_Flows[[#This Row],[CC_DM'[%']]]*Tab_Def_Flows[[#This Row],[DM]] -> 0
A27: FALSE | B27: 26 | C27: ="F_"&LEFT(K27,2)&"_"&LEFT(M27,2) -> F_12_12 | K27: =_xlfn.XLOOKUP(J27,Tab_Def_Processes[Name(EN)],Tab_Def_Processes[Process_ID],,0,) -> 12__ | M27: =_xlfn.XLOOKUP(L27,Tab_Def_Processes[Name(EN)],Tab_Def_Processes[Process_ID],,0,) -> 12__ | X27: =Tab_Def_Flows[[#This Row],[CC_DM'[%']]]*Tab_Def_Flows[[#This Row],[DM]] -> 0
A28: FALSE | B28: 27 | C28: ="F_"&LEFT(K28,2)&"_"&LEFT(M28,2) -> F_12_12 | K28: =_xlfn.XLOOKUP(J28,Tab_Def_Processes[Name(EN)],Tab_Def_Processes[Process_ID],,0,) -> 12__ | M28: =_xlfn.XLOOKUP(L28,Tab_Def_Processes[Name(EN)],Tab_Def_Processes[Process_ID],,0,) -> 12__ | X28: =Tab_Def_Flows[[#This Row],[CC_DM'[%']]]*Tab_Def_Flows[[#This Row],[DM]] -> 0
... A77: FALSE | B77: 76 | C77: ="F_"&LEFT(K77,2)&"_"&LEFT(M77,2) -> F_12_12 | K77: =_xlfn.XLOOKUP(J77,Tab_Def_Processes[Name(EN)],Tab_Def_Processes[Process_ID],,0,) -> 12__ | M77: =_xlfn.XLOOKUP(L77,Tab_Def_Processes[Name(EN)],Tab_Def_Processes[Process_ID],,0,) -> 12__ | X77: =Tab_Def_Flows[[#This Row],[CC_DM'[%']]]*Tab_Def_Flows[[#This Row],[DM]] -> 0

Sheet 1_2_Data_Flows
A1: ID | B1: Flow_ID | C1: Name(EN) | D1: Type_Biomass | E1: Output_Process | F1: Process_ID_O | G1: Input_Process | H1: Process_ID_I | I1: TC? | J1: WC? | K1: DM? | L1: CC? | M1: Year_Flow | N1: Region_Flow | O1: Flow_Source | P1: UoM_Source | Q1: Name_Source | R1: AVV | S1: Titel_Source | T1: Year_Source | U1: Author_Source | V1: Type_Source | W1: URL | X1: CF_required? | Y1: CF | Z1: Name_CF | AA1: Flow_Py | AB1: UoM_Flow_Py | AC1: WC_[%] | AD1: WC_Flow_Py | AE1: UoM_WC_Flow_Py | AF1: DM_[%] | AG1: DM_Flow_Py2 | AH1: UoM_DM_Flow_Py | AI1: CC_[%] | AJ1: CC_Flow_Py | AK1: UoM_CC_Flow_Py
A2: =ROW()-1 -> 1 | B2: =_xlfn.XLOOKUP(C2,Tab_Def_Flows[Name(EN)],Tab_Def_Flows[Flow_ID],,0,) -> F_00_01 | C2: Biomass 1 | D2: =_xlfn.XLOOKUP(C2,Tab_Def_Flows[Name(EN)],Tab_Def_Flows[Type_Biomass],,0,) -> 0 | E2: =_xlfn.XLOOKUP(C2,Tab_Def_Flows[Name(EN)],Tab_Def_Flows[Output_Process],,0,) -> Cultivation | F2: =_xlfn.XLOOKUP(C2,Tab_Def_Flows[Name(EN)],Tab_Def_Flows[Process_ID_O],,0,) -> 00_Cul_ | G2: =_xlfn.XLOOKUP(C2,Tab_Def_Flows[Name(EN)],Tab_Def_Flows[Input_Process],,0,) -> Harvesting | H2: =_xlfn.XLOOKUP(C2,Tab_Def_Flows[Name(EN)],Tab_Def_Flows[Process_ID_I],,0,) -> 01_Har_ | I2: =_xlfn.XLOOKUP(C2,Tab_Def_Flows[Name(EN)],Tab_Def_Flows[Value_Source],,0,) -> 0 | J2: =_xlfn.XLOOKUP(C2,Tab_Def_Flows[Name(EN)],Tab_Def_Flows[WC?],,0,) -> Yes | K2: =_xlfn.XLOOKUP(C2,Tab_Def_Flows[Name(EN)],Tab_Def_Flows[DM?],,0,) -> Yes | L2: =_xlfn.XLOOKUP(C2,Tab_Def_Flows[Name(EN)],Tab_Def_Flows[CC?],,0,) -> Yes | M2: 2020 | N2: BB | O2: 100 | Q2: Stramento | X2: No | AA2: =IF(X2="no",O2,O2*Y2) -> 100 | AC2: =INDEX(Tab_Def_Flows[[Flow_ID]:[CC_DM_source]],MATCH(Tab_Data_Flows[[#This Row],[Name(EN)]],Tab_Def_Flows[Name(EN)],0),16) -> 0 | AD2: =IF(J2="Yes",AA2*Tab_Data_Flows[[#This Row],[WC_'[%']]],"N.A.") -> 0 | AE2: =Tab_Data_Flows[[#This Row],[UoM_Flow_Py]] -> 0 | AF2: =INDEX(Tab_Def_Flows[[Flow_ID]:[CC_DM_source]],MATCH(Tab_Data_Flows[[#This Row],[Name(EN)]],Tab_Def_Flows[Name(EN)],0),18) -> 1 | AG2: =IF(K2="Yes",AF2*Tab_Data_Flows[[#This Row],[Flow_Py]],"N.A.") -> 100 | AH2: =Tab_Data_Flows[[#This Row],[UoM_Flow_Py]] -> 0 | AI2: =INDEX(Tab_Def_Flows[[Flow_ID]:[CC_DM_source]],MATCH(Tab_Data_Flows[[#This Row],[Name(EN)]],Tab_Def_Flows[Name(EN)],0),20) -> 0.5 | AJ2: =IF(L2="Yes",AI2*Tab_Data_Flows[[#This Row],[Flow_Py]]*Tab_Data_Flows[[#This Row],[DM_'[%']]],"N.A.") -> 50 | AK2: =Tab_Data_Flows[[#This Row],[UoM_Flow_Py]] -> 0
A3: =ROW()-1 -> 2 | B3: =_xlfn.XLOOKUP(C3,Tab_Def_Flows[Name(EN)],Tab_Def_Flows[Flow_ID],,0,) -> F_00_01 | C3: Biomass 1 | D3: =_xlfn.XLOOKUP(C3,Tab_Def_Flows[Name(EN)],Tab_Def_Flows[Type_Biomass],,0,) -> 0 | E3: =_xlfn.XLOOKUP(C3,Tab_Def_Flows[Name(EN)],Tab_Def_Flows[Output_Process],,0,) -> Cultivation | F3: =_xlfn.XLOOKUP(C3,Tab_Def_Flows[Name(EN)],Tab_Def_Flows[Process_ID_O],,0,) -> 00_Cul_ | G3: =_xlfn.XLOOKUP(C3,Tab_Def_Flows[Name(EN)],Tab_Def_Flows[Input_Process],,0,) -> Harvesting | H3: =_xlfn.XLOOKUP(C3,Tab_Def_Flows[Name(EN)],Tab_Def_Flows[Process_ID_I],,0,) -> 01_Har_ | I3: =_xlfn.XLOOKUP(C3,Tab_Def_Flows[Name(EN)],Tab_Def_Flows[Value_Source],,0,) -> 0 | J3: =_xlfn.XLOOKUP(C3,Tab_Def_Flows[Name(EN)],Tab_Def_Flows[WC?],,0,) -> Yes | K3: =_xlfn.XLOOKUP(C3,Tab_Def_Flows[Name(EN)],Tab_Def_Flows[DM?],,0,) -> Yes | L3: =_xlfn.XLOOKUP(C3,Tab_Def_Flows[Name(EN)],Tab_Def_Flows[CC?],,0,) -> Yes | M3: 2021 | N3: BB | O3: 110 | Q3: Stramento | X3: No | AA3: =IF(X3="no",O3,O3*Y3) -> 110 | AC3: =INDEX(Tab_Def_Flows[[Flow_ID]:[CC_DM_source]],MATCH(Tab_Data_Flows[[#This Row],[Name(EN)]],Tab_Def_Flows[Name(EN)],0),16) -> 0 | AD3: =IF(J3="Yes",AA3*Tab_Data_Flows[[#This Row],[WC_'[%']]],"N.A.") -> 0 | AE3: =Tab_Data_Flows[[#This Row],[UoM_Flow_Py]] -> 0 | AF3: =INDEX(Tab_Def_Flows[[Flow_ID]:[CC_DM_source]],MATCH(Tab_Data_Flows[[#This Row],[Name(EN)]],Tab_Def_Flows[Name(EN)],0),18) -> 1 | AG3: =IF(K3="Yes",AF3*Tab_Data_Flows[[#This Row],[Flow_Py]],"N.A.") -> 110 | AH3: =Tab_Data_Flows[[#This Row],[UoM_Flow_Py]] -> 0 | AI3: =INDEX(Tab_Def_Flows[[Flow_ID]:[CC_DM_source]],MATCH(Tab_Data_Flows[[#This Row],[Name(EN)]],Tab_Def_Flows[Name(EN)],0),20) -> 0.5 | AJ3: =IF(L3="Yes",AI3*Tab_Data_Flows[[#This Row],[Flow_Py]]*Tab_Data_Flows[[#This Row],[DM_'[%']]],"N.A.") -> 55 | AK3: =Tab_Data_Flows[[#This Row],[UoM_Flow_Py]] -> 0
A4: =ROW()-1 -> 3 | B4: =_xlfn.XLOOKUP(C4,Tab_Def_Flows[Name(EN)],Tab_Def_Flows[Flow_ID],,0,) -> F_00_01 | C4: Biomass 1 | D4: =_xlfn.XLOOKUP(C4,Tab_Def_Flows[Name(EN)],Tab_Def_Flows[Type_Biomass],,0,) -> 0 | E4: =_xlfn.XLOOKUP(C4,Tab_Def_Flows[Name(EN)],Tab_Def_Flows[Output_Process],,0,) -> Cultivation | F4: =_xlfn.XLOOKUP(C4,Tab_Def_Flows[Name(EN)],Tab_Def_Flows[Process_ID_O],,0,) -> 00_Cul_ | G4: =_xlfn.XLOOKUP(C4,Tab_Def_Flows[Name(EN)],Tab_Def_Flows[Input_Process],,0,) -> Harvesting | H4: =_xlfn.XLOOKUP(C4,Tab_Def_Flows[Name(EN)],Tab_Def_Flows[Process_ID_I],,0,) -> 01_Har_ | I4: =_xlfn.XLOOKUP(C4,Tab_Def_Flows[Name(EN)],Tab_Def_Flows[Value_Source],,0,) -> 0 | J4: =_xlfn.XLOOKUP(C4,Tab_Def_Flows[Name(EN)],Tab_Def_Flows[WC?],,0,) -> Yes | K4: =_xlfn.XLOOKUP(C4,Tab_Def_Flows[Name(EN)],Tab_Def_Flows[DM?],,0,) -> Yes | L4: =_xlfn.XLOOKUP(C4,Tab_Def_Flows[Name(EN)],Tab_Def_Flows[CC?],,0,) -> Yes | M4: 2022 | N4: BB | O4: 120 | Q4: Stramento | X4: No | AA4: =IF(X4="no",O4,O4*Y4) -> 120 | AC4: =INDEX(Tab_Def_Flows[[Flow_ID]:[CC_DM_source]],MATCH(Tab_Data_Flows[[#This Row],[Name(EN)]],Tab_Def_Flows[Name(EN)],0),16) -> 0 | AD4: =IF(J4="Yes",AA4*Tab_Data_Flows[[#This Row],[WC_'[%']]],"N.A.") -> 0 | AE4: =Tab_Data_Flows[[#This Row],[UoM_Flow_Py]] -> 0 | AF4: =INDEX(Tab_Def_Flows[[Flow_ID]:[CC_DM_source]],MATCH(Tab_Data_Flows[[#This Row],[Name(EN)]],Tab_Def_Flows[Name(EN)],0),18) -> 1 | AG4: =IF(K4="Yes",AF4*Tab_Data_Flows[[#This Row],[Flow_Py]],"N.A.") -> 120 | AH4: =Tab_Data_Flows[[#This Row],[UoM_Flow_Py]] -> 0 | AI4: =INDEX(Tab_Def_Flows[[Flow_ID]:[CC_DM_source]],MATCH(Tab_Data_Flows[[#This Row],[Name(EN)]],Tab_Def_Flows[Name(EN)],0),20) -> 0.5 | AJ4: =IF(L4="Yes",AI4*Tab_Data_Flows[[#This Row],[Flow_Py]]*Tab_Data_Flows[[#This Row],[DM_'[%']]],"N.A.") -> 60 | AK4: =Tab_Data_Flows[[#This Row],[UoM_Flow_Py]] -> 0
A5: =ROW()-1 -> 4 | B5: =_xlfn.XLOOKUP(C5,Tab_Def_Flows[Name(EN)],Tab_Def_Flows[Flow_ID],,0,) -> F_00_01 | C5: Biomass 1 | D5: =_xlfn.XLOOKUP(C5,Tab_Def_Flows[Name(EN)],Tab_Def_Flows[Type_Biomass],,0,) -> 0 | E5: =_xlfn.XLOOKUP(C5,Tab_Def_Flows[Name(EN)],Tab_Def_Flows[Output_Process],,0,) -> Cultivation | F5: =_xlfn.XLOOKUP(C5,Tab_Def_Flows[Name(EN)],Tab_Def_Flows[Process_ID_O],,0,) -> 00_Cul_ | G5: =_xlfn.XLOOKUP(C5,Tab_Def_Flows[Name(EN)],Tab_Def_Flows[Input_Process],,0,) -> Harvesting | H5: =_xlfn.XLOOKUP(C5,Tab_Def_Flows[Name(EN)],Tab_Def_Flows[Process_ID_I],,0,) -> 01_Har_ | I5: =_xlfn.XLOOKUP(C5,Tab_Def_Flows[Name(EN)],Tab_Def_Flows[Value_Source],,0,) -> 0 | J5: =_xlfn.XLOOKUP(C5,Tab_Def_Flows[Name(EN)],Tab_Def_Flows[WC?],,0,) -> Yes | K5: =_xlfn.XLOOKUP(C5,Tab_Def_Flows[Name(EN)],Tab_Def_Flows[DM?],,0,) -> Yes | L5: =_xlfn.XLOOKUP(C5,Tab_Def_Flows[Name(EN)],Tab_Def_Flows[CC?],,0,) -> Yes | M5: 2023 | N5: BB | O5: 130 | Q5: Stramento | X5: No | AA5: =IF(X5="no",O5,O5*Y5) -> 130 | AC5: =INDEX(Tab_Def_Flows[[Flow_ID]:[CC_DM_source]],MATCH(Tab_Data_Flows[[#This Row],[Name(EN)]],Tab_Def_Flows[Name(EN)],0),16) -> 0 | AD5: =IF(J5="Yes",AA5*Tab_Data_Flows[[#This Row],[WC_'[%']]],"N.A.") -> 0 | AE5: =Tab_Data_Flows[[#This Row],[UoM_Flow_Py]] -> 0 | AF5: =INDEX(Tab_Def_Flows[[Flow_ID]:[CC_DM_source]],MATCH(Tab_Data_Flows[[#This Row],[Name(EN)]],Tab_Def_Flows[Name(EN)],0),18) -> 1 | AG5: =IF(K5="Yes",AF5*Tab_Data_Flows[[#This Row],[Flow_Py]],"N.A.") -> 130 | AH5: =Tab_Data_Flows[[#This Row],[UoM_Flow_Py]] -> 0 | AI5: =INDEX(Tab_Def_Flows[[Flow_ID]:[CC_DM_source]],MATCH(Tab_Data_Flows[[#This Row],[Name(EN)]],Tab_Def_Flows[Name(EN)],0),20) -> 0.5 | AJ5: =IF(L5="Yes",AI5*Tab_Data_Flows[[#This Row],[Flow_Py]]*Tab_Data_Flows[[#This Row],[DM_'[%']]],"N.A.") -> 65 | AK5: =Tab_Data_Flows[[#This Row],[UoM_Flow_Py]] -> 0
A6: =ROW()-1 -> 5 | B6: =_xlfn.XLOOKUP(C6,Tab_Def_Flows[Name(EN)],Tab_Def_Flows[Flow_ID],,0,) -> F_00_01 | C6: Biomass 1 | D6: =_xlfn.XLOOKUP(C6,Tab_Def_Flows[Name(EN)],Tab_Def_Flows[Type_Biomass],,0,) -> 0 | E6: =_xlfn.XLOOKUP(C6,Tab_Def_Flows[Name(EN)],Tab_Def_Flows[Output_Process],,0,) -> Cultivation | F6: =_xlfn.XLOOKUP(C6,Tab_Def_Flows[Name(EN)],Tab_Def_Flows[Process_ID_O],,0,) -> 00_Cul_ | G6: =_xlfn.XLOOKUP(C6,Tab_Def_Flows[Name(EN)],Tab_Def_Flows[Input_Process],,0,) -> Harvesting | H6: =_xlfn.XLOOKUP(C6,Tab_Def_Flows[Name(EN)],Tab_Def_Flows[Process_ID_I],,0,) -> 01_Har_ | I6: =_xlfn.XLOOKUP(C6,Tab_Def_Flows[Name(EN)],Tab_Def_Flows[Value_Source],,0,) -> 0 | J6: =_xlfn.XLOOKUP(C6,Tab_Def_Flows[Name(EN)],Tab_Def_Flows[WC?],,0,) -> Yes | K6: =_xlfn.XLOOKUP(C6,Tab_Def_Flows[Name(EN)],Tab_Def_Flows[DM?],,0,) -> Yes | L6: =_xlfn.XLOOKUP(C6,Tab_Def_Flows[Name(EN)],Tab_Def_Flows[CC?],,0,) -> Yes | M6: 2024 | N6: BB | O6: 140 | Q6: Stramento | X6: No | AA6: =IF(X6="no",O6,O6*Y6) -> 140 | AC6: =INDEX(Tab_Def_Flows[[Flow_ID]:[CC_DM_source]],MATCH(Tab_Data_Flows[[#This Row],[Name(EN)]],Tab_Def_Flows[Name(EN)],0),16) -> 0 | AD6: =IF(J6="Yes",AA6*Tab_Data_Flows[[#This Row],[WC_'[%']]],"N.A.") -> 0 | AE6: =Tab_Data_Flows[[#This Row],[UoM_Flow_Py]] -> 0 | AF6: =INDEX(Tab_Def_Flows[[Flow_ID]:[CC_DM_source]],MATCH(Tab_Data_Flows[[#This Row],[Name(EN)]],Tab_Def_Flows[Name(EN)],0),18) -> 1 | AG6: =IF(K6="Yes",AF6*Tab_Data_Flows[[#This Row],[Flow_Py]],"N.A.") -> 140 | AH6: =Tab_Data_Flows[[#This Row],[UoM_Flow_Py]] -> 0 | AI6: =INDEX(Tab_Def_Flows[[Flow_ID]:[CC_DM_source]],MATCH(Tab_Data_Flows[[#This Row],[Name(EN)]],Tab_Def_Flows[Name(EN)],0),20) -> 0.5 | AJ6: =IF(L6="Yes",AI6*Tab_Data_Flows[[#This Row],[Flow_Py]]*Tab_Data_Flows[[#This Row],[DM_'[%']]],"N.A.") -> 70 | AK6: =Tab_Data_Flows[[#This Row],[UoM_Flow_Py]] -> 0
A7: =ROW()-1 -> 6 | B7: =_xlfn.XLOOKUP(C7,Tab_Def_Flows[Name(EN)],Tab_Def_Flows[Flow_ID],,0,) -> F_00_01 | C7: Biomass 1 | D7: =_xlfn.XLOOKUP(C7,Tab_Def_Flows[Name(EN)],Tab_Def_Flows[Type_Biomass],,0,) -> 0 | E7: =_xlfn.XLOOKUP(C7,Tab_Def_Flows[Name(EN)],Tab_Def_Flows[Output_Process],,0,) -> Cultivation | F7: =_xlfn.XLOOKUP(C7,Tab_Def_Flows[Name(EN)],Tab_Def_Flows[Process_ID_O],,0,) -> 00_Cul_ | G7: =_xlfn.XLOOKUP(C7,Tab_Def_Flows[Name(EN)],Tab_Def_Flows[Input_Process],,0,) -> Harvesting | H7: =_xlfn.XLOOKUP(C7,Tab_Def_Flows[Name(EN)],Tab_Def_Flows[Process_ID_I],,0,) -> 01_Har_ | I7: =_xlfn.XLOOKUP(C7,Tab_Def_Flows[Name(EN)],Tab_Def_Flows[Value_Source],,0,) -> 0 | J7: =_xlfn.XLOOKUP(C7,Tab_Def_Flows[Name(EN)],Tab_Def_Flows[WC?],,0,) -> Yes | K7: =_xlfn.XLOOKUP(C7,Tab_Def_Flows[Name(EN)],Tab_Def_Flows[DM?],,0,) -> Yes | L7: =_xlfn.XLOOKUP(C7,Tab_Def_Flows[Name(EN)],Tab_Def_Flows[CC?],,0,) -> Yes | M7: 2025 | N7: BB | O7: 150 | Q7: Stramento | X7: No | AA7: =IF(X7="no",O7,O7*Y7) -> 150 | AC7: =INDEX(Tab_Def_Flows[[Flow_ID]:[CC_DM_source]],MATCH(Tab_Data_Flows[[#This Row],[Name(EN)]],Tab_Def_Flows[Name(EN)],0),16) -> 0 | AD7: =IF(J7="Yes",AA7*Tab_Data_Flows[[#This Row],[WC_'[%']]],"N.A.") -> 0 | AE7: =Tab_Data_Flows[[#This Row],[UoM_Flow_Py]] -> 0 | AF7: =INDEX(Tab_Def_Flows[[Flow_ID]:[CC_DM_source]],MATCH(Tab_Data_Flows[[#This Row],[Name(EN)]],Tab_Def_Flows[Name(EN)],0),18) -> 1 | AG7: =IF(K7="Yes",AF7*Tab_Data_Flows[[#This Row],[Flow_Py]],"N.A.") -> 150 | AH7: =Tab_Data_Flows[[#This Row],[UoM_Flow_Py]] -> 0 | AI7: =INDEX(Tab_Def_Flows[[Flow_ID]:[CC_DM_source]],MATCH(Tab_Data_Flows[[#This Row],[Name(EN)]],Tab_Def_Flows[Name(EN)],0),20) -> 0.5 | AJ7: =IF(L7="Yes",AI7*Tab_Data_Flows[[#This Row],[Flow_Py]]*Tab_Data_Flows[[#This Row],[DM_'[%']]],"N.A.") -> 75 | AK7: =Tab_Data_Flows[[#This Row],[UoM_Flow_Py]] -> 0
A8: =ROW()-1 -> 7 | B8: =_xlfn.XLOOKUP(C8,Tab_Def_Flows[Name(EN)],Tab_Def_Flows[Flow_ID],,0,) -> F_00_01 | C8: Biomass 1 | D8: =_xlfn.XLOOKUP(C8,Tab_Def_Flows[Name(EN)],Tab_Def_Flows[Type_Biomass],,0,) -> 0 | E8: =_xlfn.XLOOKUP(C8,Tab_Def_Flows[Name(EN)],Tab_Def_Flows[Output_Process],,0,) -> Cultivation | F8: =_xlfn.XLOOKUP(C8,Tab_Def_Flows[Name(EN)],Tab_Def_Flows[Process_ID_O],,0,) -> 00_Cul_ | G8: =_xlfn.XLOOKUP(C8,Tab_Def_Flows[Name(EN)],Tab_Def_Flows[Input_Process],,0,) -> Harvesting | H8: =_xlfn.XLOOKUP(C8,Tab_Def_Flows[Name(EN)],Tab_Def_Flows[Process_ID_I],,0,) -> 01_Har_ | I8: =_xlfn.XLOOKUP(C8,Tab_Def_Flows[Name(EN)],Tab_Def_Flows[Value_Source],,0,) -> 0 | J8: =_xlfn.XLOOKUP(C8,Tab_Def_Flows[Name(EN)],Tab_Def_Flows[WC?],,0,) -> Yes | K8: =_xlfn.XLOOKUP(C8,Tab_Def_Flows[Name(EN)],Tab_Def_Flows[DM?],,0,) -> Yes | L8: =_xlfn.XLOOKUP(C8,Tab_Def_Flows[Name(EN)],Tab_Def_Flows[CC?],,0,) -> Yes | M8: 2026 | N8: BB | O8: 160 | Q8: Stramento | X8: No | AA8: =IF(X8="no",O8,O8*Y8) -> 160 | AC8: =INDEX(Tab_Def_Flows[[Flow_ID]:[CC_DM_source]],MATCH(Tab_Data_Flows[[#This Row],[Name(EN)]],Tab_Def_Flows[Name(EN)],0),16) -> 0 | AD8: =IF(J8="Yes",AA8*Tab_Data_Flows[[#This Row],[WC_'[%']]],"N.A.") -> 0 | AE8: =Tab_Data_Flows[[#This Row],[UoM_Flow_Py]] -> 0 | AF8: =INDEX(Tab_Def_Flows[[Flow_ID]:[CC_DM_source]],MATCH(Tab_Data_Flows[[#This Row],[Name(EN)]],Tab_Def_Flows[Name(EN)],0),18) -> 1 | AG8: =IF(K8="Yes",AF8*Tab_Data_Flows[[#This Row],[Flow_Py]],"N.A.") -> 160 | AH8: =Tab_Data_Flows[[#This Row],[UoM_Flow_Py]] -> 0 | AI8: =INDEX(Tab_Def_Flows[[Flow_ID]:[CC_DM_source]],MATCH(Tab_Data_Flows[[#This Row],[Name(EN)]],Tab_Def_Flows[Name(EN)],0),20) -> 0.5 | AJ8: =IF(L8="Yes",AI8*Tab_Data_Flows[[#This Row],[Flow_Py]]*Tab_Data_Flows[[#This Row],[DM_'[%']]],"N.A.") -> 80 | AK8: =Tab_Data_Flows[[#This Row],[UoM_Flow_Py]] -> 0
A9: =ROW()-1 -> 8 | B9: =_xlfn.XLOOKUP(C9,Tab_Def_Flows[Name(EN)],Tab_Def_Flows[Flow_ID],,0,) -> F_00_01 | C9: Biomass 1 | D9: =_xlfn.XLOOKUP(C9,Tab_Def_Flows[Name(EN)],Tab_Def_Flows[Type_Biomass],,0,) -> 0 | E9: =_xlfn.XLOOKUP(C9,Tab_Def_Flows[Name(EN)],Tab_Def_Flows[Output_Process],,0,) -> Cultivation | F9: =_xlfn.XLOOKUP(C9,Tab_Def_Flows[Name(EN)],Tab_Def_Flows[Process_ID_O],,0,) -> 00_Cul_ | G9: =_xlfn.XLOOKUP(C9,Tab_Def_Flows[Name(EN)],Tab_Def_Flows[Input_Process],,0,) -> Harvesting | H9: =_xlfn.XLOOKUP(C9,Tab_Def_Flows[Name(EN)],Tab_Def_Flows[Process_ID_I],,0,) -> 01_Har_ | I9: =_xlfn.XLOOKUP(C9,Tab_Def_Flows[Name(EN)],Tab_Def_Flows[Value_Source],,0,) -> 0 | J9: =_xlfn.XLOOKUP(C9,Tab_Def_Flows[Name(EN)],Tab_Def_Flows[WC?],,0,) -> Yes | K9: =_xlfn.XLOOKUP(C9,Tab_Def_Flows[Name(EN)],Tab_Def_Flows[DM?],,0,) -> Yes | L9: =_xlfn.XLOOKUP(C9,Tab_Def_Flows[Name(EN)],Tab_Def_Flows[CC?],,0,) -> Yes | M9: 2027 | N9: BB | O9: 170 | R9: =INDEX(Tab_WC_DM_CC[[Flow_ID]:[CC_source]],MATCH(Tab_Data_Flows[[#This Row],[Name(EN)]],Tab_WC_DM_CC[Name(EN)],0),12) -> #N/A | S9: =MATCH(Tab_Data_Flows[[#This Row],[Name(EN)]],Tab_WC_DM_CC[Name(EN)],0) -> #N/A | X9: No | AA9: =IF(X9="no",O9,O9*Y9) -> 170 | AC9: =INDEX(Tab_Def_Flows[[Flow_ID]:[CC_DM_source]],MATCH(Tab_Data_Flows[[#This Row],[Name(EN)]],Tab_Def_Flows[Name(EN)],0),16) -> 0 | AD9: =IF(J9="Yes",AA9*Tab_Data_Flows[[#This Row],[WC_'[%']]],"N.A.") -> 0 | AE9: =Tab_Data_Flows[[#This Row],[UoM_Flow_Py]] -> 0 | AF9: =INDEX(Tab_Def_Flows[[Flow_ID]:[CC_DM_source]],MATCH(Tab_Data_Flows[[#This Row],[Name(EN)]],Tab_Def_Flows[Name(EN)],0),18) -> 1 | AG9: =IF(K9="Yes",AF9*Tab_Data_Flows[[#This Row],[Flow_Py]],"N.A.") -> 170 | AH9: =Tab_Data_Flows[[#This Row],[UoM_Flow_Py]] -> 0 | AI9: =INDEX(Tab_Def_Flows[[Flow_ID]:[CC_DM_source]],MATCH(Tab_Data_Flows[[#This Row],[Name(EN)]],Tab_Def_Flows[Name(EN)],0),20) -> 0.5 | AJ9: =IF(L9="Yes",AI9*Tab_Data_Flows[[#This Row],[Flow_Py]]*Tab_Data_Flows[[#This Row],[DM_'[%']]],"N.A.") -> 85 | AK9: =Tab_Data_Flows[[#This Row],[UoM_Flow_Py]] -> 0
A10: =ROW()-1 -> 9 | B10: =_xlfn.XLOOKUP(C10,Tab_Def_Flows[Name(EN)],Tab_Def_Flows[Flow_ID],,0,) -> F_00_01 | C10: Biomass 1 | D10: =_xlfn.XLOOKUP(C10,Tab_Def_Flows[Name(EN)],Tab_Def_Flows[Type_Biomass],,0,) -> 0 | E10: =_xlfn.XLOOKUP(C10,Tab_Def_Flows[Name(EN)],Tab_Def_Flows[Output_Process],,0,) -> Cultivation | F10: =_xlfn.XLOOKUP(C10,Tab_Def_Flows[Name(EN)],Tab_Def_Flows[Process_ID_O],,0,) -> 00_Cul_ | G10: =_xlfn.XLOOKUP(C10,Tab_Def_Flows[Name(EN)],Tab_Def_Flows[Input_Process],,0,) -> Harvesting | H10: =_xlfn.XLOOKUP(C10,Tab_Def_Flows[Name(EN)],Tab_Def_Flows[Process_ID_I],,0,) -> 01_Har_ | I10: =_xlfn.XLOOKUP(C10,Tab_Def_Flows[Name(EN)],Tab_Def_Flows[Value_Source],,0,) -> 0 | J10: =_xlfn.XLOOKUP(C10,Tab_Def_Flows[Name(EN)],Tab_Def_Flows[WC?],,0,) -> Yes | K10: =_xlfn.XLOOKUP(C10,Tab_Def_Flows[Name(EN)],Tab_Def_Flows[DM?],,0,) -> Yes | L10: =_xlfn.XLOOKUP(C10,Tab_Def_Flows[Name(EN)],Tab_Def_Flows[CC?],,0,) -> Yes | M10: 2028 | N10: BB | O10: 180 | R10: =INDEX(Tab_WC_DM_CC[[Flow_ID]:[CC_source]],MATCH(Tab_Data_Flows[[#This Row],[Name(EN)]],Tab_WC_DM_CC[Name(EN)],0),12) -> #N/A | S10: =MATCH(Tab_Data_Flows[[#This Row],[Name(EN)]],Tab_WC_DM_CC[Name(EN)],0) -> #N/A | X10: No | AA10: =IF(X10="no",O10,O10*Y10) -> 180 | AC10: =INDEX(Tab_Def_Flows[[Flow_ID]:[CC_DM_source]],MATCH(Tab_Data_Flows[[#This Row],[Name(EN)]],Tab_Def_Flows[Name(EN)],0),16) -> 0 | AD10: =IF(J10="Yes",AA10*Tab_Data_Flows[[#This Row],[WC_'[%']]],"N.A.") -> 0 | AE10: =Tab_Data_Flows[[#This Row],[UoM_Flow_Py]] -> 0 | AF10: =INDEX(Tab_Def_Flows[[Flow_ID]:[CC_DM_source]],MATCH(Tab_Data_Flows[[#This Row],[Name(EN)]],Tab_Def_Flows[Name(EN)],0),18) -> 1 | AG10: =IF(K10="Yes",AF10*Tab_Data_Flows[[#This Row],[Flow_Py]],"N.A.") -> 180 | AH10: =Tab_Data_Flows[[#This Row],[UoM_Flow_Py]] -> 0 | AI10: =INDEX(Tab_Def_Flows[[Flow_ID]:[CC_DM_source]],MATCH(Tab_Data_Flows[[#This Row],[Name(EN)]],Tab_Def_Flows[Name(EN)],0),20) -> 0.5 | AJ10: =IF(L10="Yes",AI10*Tab_Data_Flows[[#This Row],[Flow_Py]]*Tab_Data_Flows[[#This Row],[DM_'[%']]],"N.A.") -> 90 | AK10: =Tab_Data_Flows[[#This Row],[UoM_Flow_Py]] -> 0
A11: =ROW()-1 -> 10 | B11: =_xlfn.XLOOKUP(C11,Tab_Def_Flows[Name(EN)],Tab_Def_Flows[Flow_ID],,0,) -> F_00_01 | C11: Biomass 1 | D11: =_xlfn.XLOOKUP(C11,Tab_Def_Flows[Name(EN)],Tab_Def_Flows[Type_Biomass],,0,) -> 0 | E11: =_xlfn.XLOOKUP(C11,Tab_Def_Flows[Name(EN)],Tab_Def_Flows[Output_Process],,0,) -> Cultivation | F11: =_xlfn.XLOOKUP(C11,Tab_Def_Flows[Name(EN)],Tab_Def_Flows[Process_ID_O],,0,) -> 00_Cul_ | G11: =_xlfn.XLOOKUP(C11,Tab_Def_Flows[Name(EN)],Tab_Def_Flows[Input_Process],,0,) -> Harvesting | H11: =_xlfn.XLOOKUP(C11,Tab_Def_Flows[Name(EN)],Tab_Def_Flows[Process_ID_I],,0,) -> 01_Har_ | I11: =_xlfn.XLOOKUP(C11,Tab_Def_Flows[Name(EN)],Tab_Def_Flows[Value_Source],,0,) -> 0 | J11: =_xlfn.XLOOKUP(C11,Tab_Def_Flows[Name(EN)],Tab_Def_Flows[WC?],,0,) -> Yes | K11: =_xlfn.XLOOKUP(C11,Tab_Def_Flows[Name(EN)],Tab_Def_Flows[DM?],,0,) -> Yes | L11: =_xlfn.XLOOKUP(C11,Tab_Def_Flows[Name(EN)],Tab_Def_Flows[CC?],,0,) -> Yes | M11: 2029 | N11: BB | O11: 190 | R11: =INDEX(Tab_WC_DM_CC[[Flow_ID]:[CC_source]],MATCH(Tab_Data_Flows[[#This Row],[Name(EN)]],Tab_WC_DM_CC[Name(EN)],0),12) -> #N/A | S11: =MATCH(Tab_Data_Flows[[#This Row],[Name(EN)]],Tab_WC_DM_CC[Name(EN)],0) -> #N/A | X11: No | AA11: =IF(X11="no",O11,O11*Y11) -> 190 | AC11: =INDEX(Tab_Def_Flows[[Flow_ID]:[CC_DM_source]],MATCH(Tab_Data_Flows[[#This Row],[Name(EN)]],Tab_Def_Flows[Name(EN)],0),16) -> 0 | AD11: =IF(J11="Yes",AA11*Tab_Data_Flows[[#This Row],[WC_'[%']]],"N.A.") -> 0 | AE11: =Tab_Data_Flows[[#This Row],[UoM_Flow_Py]] -> 0 | AF11: =INDEX(Tab_Def_Flows[[Flow_ID]:[CC_DM_source]],MATCH(Tab_Data_Flows[[#This Row],[Name(EN)]],Tab_Def_Flows[Name(EN)],0),18) -> 1 | AG11: =IF(K11="Yes",AF11*Tab_Data_Flows[[#This Row],[Flow_Py]],"N.A.") -> 190 | AH11: =Tab_Data_Flows[[#This Row],[UoM_Flow_Py]] -> 0 | AI11: =INDEX(Tab_Def_Flows[[Flow_ID]:[CC_DM_source]],MATCH(Tab_Data_Flows[[#This Row],[Name(EN)]],Tab_Def_Flows[Name(EN)],0),20) -> 0.5 | AJ11: =IF(L11="Yes",AI11*Tab_Data_Flows[[#This Row],[Flow_Py]]*Tab_Data_Flows[[#This Row],[DM_'[%']]],"N.A.") -> 95 | AK11: =Tab_Data_Flows[[#This Row],[UoM_Flow_Py]] -> 0
A12: =ROW()-1 -> 11 | B12: =_xlfn.XLOOKUP(C12,Tab_Def_Flows[Name(EN)],Tab_Def_Flows[Flow_ID],,0,) -> F_00_01 | C12: Biomass 1 | D12: =_xlfn.XLOOKUP(C12,Tab_Def_Flows[Name(EN)],Tab_Def_Flows[Type_Biomass],,0,) -> 0 | E12: =_xlfn.XLOOKUP(C12,Tab_Def_Flows[Name(EN)],Tab_Def_Flows[Output_Process],,0,) -> Cultivation | F12: =_xlfn.XLOOKUP(C12,Tab_Def_Flows[Name(EN)],Tab_Def_Flows[Process_ID_O],,0,) -> 00_Cul_ | G12: =_xlfn.XLOOKUP(C12,Tab_Def_Flows[Name(EN)],Tab_Def_Flows[Input_Process],,0,) -> Harvesting | H12: =_xlfn.XLOOKUP(C12,Tab_Def_Flows[Name(EN)],Tab_Def_Flows[Process_ID_I],,0,) -> 01_Har_ | I12: =_xlfn.XLOOKUP(C12,Tab_Def_Flows[Name(EN)],Tab_Def_Flows[Value_Source],,0,) -> 0 | J12: =_xlfn.XLOOKUP(C12,Tab_Def_Flows[Name(EN)],Tab_Def_Flows[WC?],,0,) -> Yes | K12: =_xlfn.XLOOKUP(C12,Tab_Def_Flows[Name(EN)],Tab_Def_Flows[DM?],,0,) -> Yes | L12: =_xlfn.XLOOKUP(C12,Tab_Def_Flows[Name(EN)],Tab_Def_Flows[CC?],,0,) -> Yes | M12: 2030 | N12: BB | O12: 200 | R12: =INDEX(Tab_WC_DM_CC[[Flow_ID]:[CC_source]],MATCH(Tab_Data_Flows[[#This Row],[Name(EN)]],Tab_WC_DM_CC[Name(EN)],0),12) -> #N/A | S12: =MATCH(Tab_Data_Flows[[#This Row],[Name(EN)]],Tab_WC_DM_CC[Name(EN)],0) -> #N/A | X12: No | AA12: =IF(X12="no",O12,O12*Y12) -> 200 | AC12: =INDEX(Tab_Def_Flows[[Flow_ID]:[CC_DM_source]],MATCH(Tab_Data_Flows[[#This Row],[Name(EN)]],Tab_Def_Flows[Name(EN)],0),16) -> 0 | AD12: =IF(J12="Yes",AA12*Tab_Data_Flows[[#This Row],[WC_'[%']]],"N.A.") -> 0 | AE12: =Tab_Data_Flows[[#This Row],[UoM_Flow_Py]] -> 0 | AF12: =INDEX(Tab_Def_Flows[[Flow_ID]:[CC_DM_source]],MATCH(Tab_Data_Flows[[#This Row],[Name(EN)]],Tab_Def_Flows[Name(EN)],0),18) -> 1 | AG12: =IF(K12="Yes",AF12*Tab_Data_Flows[[#This Row],[Flow_Py]],"N.A.") -> 200 | AH12: =Tab_Data_Flows[[#This Row],[UoM_Flow_Py]] -> 0 | AI12: =INDEX(Tab_Def_Flows[[Flow_ID]:[CC_DM_source]],MATCH(Tab_Data_Flows[[#This Row],[Name(EN)]],Tab_Def_Flows[Name(EN)],0),20) -> 0.5 | AJ12: =IF(L12="Yes",AI12*Tab_Data_Flows[[#This Row],[Flow_Py]]*Tab_Data_Flows[[#This Row],[DM_'[%']]],"N.A.") -> 100 | AK12: =Tab_Data_Flows[[#This Row],[UoM_Flow_Py]] -> 0
A13: =ROW()-1 -> 12 | B13: =_xlfn.XLOOKUP(C13,Tab_Def_Flows[Name(EN)],Tab_Def_Flows[Flow_ID],,0,) -> F_00_01 | C13: Biomass 1 | D13: =_xlfn.XLOOKUP(C13,Tab_Def_Flows[Name(EN)],Tab_Def_Flows[Type_Biomass],,0,) -> 0 | E13: =_xlfn.XLOOKUP(C13,Tab_Def_Flows[Name(EN)],Tab_Def_Flows[Output_Process],,0,) -> Cultivation | F13: =_xlfn.XLOOKUP(C13,Tab_Def_Flows[Name(EN)],Tab_Def_Flows[Process_ID_O],,0,) -> 00_Cul_ | G13: =_xlfn.XLOOKUP(C13,Tab_Def_Flows[Name(EN)],Tab_Def_Flows[Input_Process],,0,) -> Harvesting | H13: =_xlfn.XLOOKUP(C13,Tab_Def_Flows[Name(EN)],Tab_Def_Flows[Process_ID_I],,0,) -> 01_Har_ | I13: =_xlfn.XLOOKUP(C13,Tab_Def_Flows[Name(EN)],Tab_Def_Flows[Value_Source],,0,) -> 0 | J13: =_xlfn.XLOOKUP(C13,Tab_Def_Flows[Name(EN)],Tab_Def_Flows[WC?],,0,) -> Yes | K13: =_xlfn.XLOOKUP(C13,Tab_Def_Flows[Name(EN)],Tab_Def_Flows[DM?],,0,) -> Yes | L13: =_xlfn.XLOOKUP(C13,Tab_Def_Flows[Name(EN)],Tab_Def_Flows[CC?],,0,) -> Yes | M13: 2031 | N13: BB | O13: 10 | R13: =INDEX(Tab_WC_DM_CC[[Flow_ID]:[CC_source]],MATCH(Tab_Data_Flows[[#This Row],[Name(EN)]],Tab_WC_DM_CC[Name(EN)],0),12) -> #N/A | S13: =MATCH(Tab_Data_Flows[[#This Row],[Name(EN)]],Tab_WC_DM_CC[Name(EN)],0) -> #N/A | X13: No | AA13: =IF(X13="no",O13,O13*Y13) -> 10 | AC13: =INDEX(Tab_Def_Flows[[Flow_ID]:[CC_DM_source]],MATCH(Tab_Data_Flows[[#This Row],[Name(EN)]],Tab_Def_Flows[Name(EN)],0),16) -> 0 | AD13: =IF(J13="Yes",AA13*Tab_Data_Flows[[#This Row],[WC_'[%']]],"N.A.") -> 0 | AE13: =Tab_Data_Flows[[#This Row],[UoM_Flow_Py]] -> 0 | AF13: =INDEX(Tab_Def_Flows[[Flow_ID]:[CC_DM_source]],MATCH(Tab_Data_Flows[[#This Row],[Name(EN)]],Tab_Def_Flows[Name(EN)],0),18) -> 1 | AG13: =IF(K13="Yes",AF13*Tab_Data_Flows[[#This Row],[Flow_Py]],"N.A.") -> 10 | AH13: =Tab_Data_Flows[[#This Row],[UoM_Flow_Py]] -> 0 | AI13: =INDEX(Tab_Def_Flows[[Flow_ID]:[CC_DM_source]],MATCH(Tab_Data_Flows[[#This Row],[Name(EN)]],Tab_Def_Flows[Name(EN)],0),20) -> 0.5 | AJ13: =IF(L13="Yes",AI13*Tab_Data_Flows[[#This Row],[Flow_Py]]*Tab_Data_Flows[[#This Row],[DM_'[%']]],"N.A.") -> 5 | AK13: =Tab_Data_Flows[[#This Row],[UoM_Flow_Py]] -> 0
A14: =ROW()-1 -> 13 | B14: =_xlfn.XLOOKUP(C14,Tab_Def_Flows[Name(EN)],Tab_Def_Flows[Flow_ID],,0,) -> F_00_01 | C14: Biomass 1 | D14: =_xlfn.XLOOKUP(C14,Tab_Def_Flows[Name(EN)],Tab_Def_Flows[Type_Biomass],,0,) -> 0 | E14: =_xlfn.XLOOKUP(C14,Tab_Def_Flows[Name(EN)],Tab_Def_Flows[Output_Process],,0,) -> Cultivation | F14: =_xlfn.XLOOKUP(C14,Tab_Def_Flows[Name(EN)],Tab_Def_Flows[Process_ID_O],,0,) -> 00_Cul_ | G14: =_xlfn.XLOOKUP(C14,Tab_Def_Flows[Name(EN)],Tab_Def_Flows[Input_Process],,0,) -> Harvesting | H14: =_xlfn.XLOOKUP(C14,Tab_Def_Flows[Name(EN)],Tab_Def_Flows[Process_ID_I],,0,) -> 01_Har_ | I14: =_xlfn.XLOOKUP(C14,Tab_Def_Flows[Name(EN)],Tab_Def_Flows[Value_Source],,0,) -> 0 | J14: =_xlfn.XLOOKUP(C14,Tab_Def_Flows[Name(EN)],Tab_Def_Flows[WC?],,0,) -> Yes | K14: =_xlfn.XLOOKUP(C14,Tab_Def_Flows[Name(EN)],Tab_Def_Flows[DM?],,0,) -> Yes | L14: =_xlfn.XLOOKUP(C14,Tab_Def_Flows[Name(EN)],Tab_Def_Flows[CC?],,0,) -> Yes | M14: 2032 | N14: BB | O14: 220 | R14: =INDEX(Tab_WC_DM_CC[[Flow_ID]:[CC_source]],MATCH(Tab_Data_Flows[[#This Row],[Name(EN)]],Tab_WC_DM_CC[Name(EN)],0),12) -> #N/A | S14: =MATCH(Tab_Data_Flows[[#This Row],[Name(EN)]],Tab_WC_DM_CC[Name(EN)],0) -> #N/A | X14: No | AA14: =IF(X14="no",O14,O14*Y14) -> 220 | AC14: =INDEX(Tab_Def_Flows[[Flow_ID]:[CC_DM_source]],MATCH(Tab_Data_Flows[[#This Row],[Name(EN)]],Tab_Def_Flows[Name(EN)],0),16) -> 0 | AD14: =IF(J14="Yes",AA14*Tab_Data_Flows[[#This Row],[WC_'[%']]],"N.A.") -> 0 | AE14: =Tab_Data_Flows[[#This Row],[UoM_Flow_Py]] -> 0 | AF14: =INDEX(Tab_Def_Flows[[Flow_ID]:[CC_DM_source]],MATCH(Tab_Data_Flows[[#This Row],[Name(EN)]],Tab_Def_Flows[Name(EN)],0),18) -> 1 | AG14: =IF(K14="Yes",AF14*Tab_Data_Flows[[#This Row],[Flow_Py]],"N.A.") -> 220 | AH14: =Tab_Data_Flows[[#This Row],[UoM_Flow_Py]] -> 0 | AI14: =INDEX(Tab_Def_Flows[[Flow_ID]:[CC_DM_source]],MATCH(Tab_Data_Flows[[#This Row],[Name(EN)]],Tab_Def_Flows[Name(EN)],0),20) -> 0.5 | AJ14: =IF(L14="Yes",AI14*Tab_Data_Flows[[#This Row],[Flow_Py]]*Tab_Data_Flows[[#This Row],[DM_'[%']]],"N.A.") -> 110 | AK14: =Tab_Data_Flows[[#This Row],[UoM_Flow_Py]] -> 0
A15: =ROW()-1 -> 14 | B15: =_xlfn.XLOOKUP(C15,Tab_Def_Flows[Name(EN)],Tab_Def_Flows[Flow_ID],,0,) -> F_00_01 | C15: Biomass 1 | D15: =_xlfn.XLOOKUP(C15,Tab_Def_Flows[Name(EN)],Tab_Def_Flows[Type_Biomass],,0,) -> 0 | E15: =_xlfn.XLOOKUP(C15,Tab_Def_Flows[Name(EN)],Tab_Def_Flows[Output_Process],,0,) -> Cultivation | F15: =_xlfn.XLOOKUP(C15,Tab_Def_Flows[Name(EN)],Tab_Def_Flows[Process_ID_O],,0,) -> 00_Cul_ | G15: =_xlfn.XLOOKUP(C15,Tab_Def_Flows[Name(EN)],Tab_Def_Flows[Input_Process],,0,) -> Harvesting | H15: =_xlfn.XLOOKUP(C15,Tab_Def_Flows[Name(EN)],Tab_Def_Flows[Process_ID_I],,0,) -> 01_Har_ | I15: =_xlfn.XLOOKUP(C15,Tab_Def_Flows[Name(EN)],Tab_Def_Flows[Value_Source],,0,) -> 0 | J15: =_xlfn.XLOOKUP(C15,Tab_Def_Flows[Name(EN)],Tab_Def_Flows[WC?],,0,) -> Yes | K15: =_xlfn.XLOOKUP(C15,Tab_Def_Flows[Name(EN)],Tab_Def_Flows[DM?],,0,) -> Yes | L15: =_xlfn.XLOOKUP(C15,Tab_Def_Flows[Name(EN)],Tab_Def_Flows[CC?],,0,) -> Yes | M15: 2033 | N15: BB | O15: 230 | R15: =INDEX(Tab_WC_DM_CC[[Flow_ID]:[CC_source]],MATCH(Tab_Data_Flows[[#This Row],[Name(EN)]],Tab_WC_DM_CC[Name(EN)],0),12) -> #N/A | S15: =MATCH(Tab_Data_Flows[[#This Row],[Name(EN)]],Tab_WC_DM_CC[Name(EN)],0) -> #N/A | X15: No | AA15: =IF(X15="no",O15,O15*Y15) -> 230 | AC15: =INDEX(Tab_Def_Flows[[Flow_ID]:[CC_DM_source]],MATCH(Tab_Data_Flows[[#This Row],[Name(EN)]],Tab_Def_Flows[Name(EN)],0),16) -> 0 | AD15: =IF(J15="Yes",AA15*Tab_Data_Flows[[#This Row],[WC_'[%']]],"N.A.") -> 0 | AE15: =Tab_Data_Flows[[#This Row],[UoM_Flow_Py]] -> 0 | AF15: =INDEX(Tab_Def_Flows[[Flow_ID]:[CC_DM_source]],MATCH(Tab_Data_Flows[[#This Row],[Name(EN)]],Tab_Def_Flows[Name(EN)],0),18) -> 1 | AG15: =IF(K15="Yes",AF15*Tab_Data_Flows[[#This Row],[Flow_Py]],"N.A.") -> 230 | AH15: =Tab_Data_Flows[[#This Row],[UoM_Flow_Py]] -> 0 | AI15: =INDEX(Tab_Def_Flows[[Flow_ID]:[CC_DM_source]],MATCH(Tab_Data_Flows[[#This Row],[Name(EN)]],Tab_Def_Flows[Name(EN)],0),20) -> 0.5 | AJ15: =IF(L15="Yes",AI15*Tab_Data_Flows[[#This Row],[Flow_Py]]*Tab_Data_Flows[[#This Row],[DM_'[%']]],"N.A.") -> 115 | AK15: =Tab_Data_Flows[[#This Row],[UoM_Flow_Py]] -> 0
A16: =ROW()-1 -> 15 | B16: =_xlfn.XLOOKUP(C16,Tab_Def_Flows[Name(EN)],Tab_Def_Flows[Flow_ID],,0,) -> F_00_01 | C16: Biomass 1 | D16: =_xlfn.XLOOKUP(C16,Tab_Def_Flows[Name(EN)],Tab_Def_Flows[Type_Biomass],,0,) -> 0 | E16: =_xlfn.XLOOKUP(C16,Tab_Def_Flows[Name(EN)],Tab_Def_Flows[Output_Process],,0,) -> Cultivation | F16: =_xlfn.XLOOKUP(C16,Tab_Def_Flows[Name(EN)],Tab_Def_Flows[Process_ID_O],,0,) -> 00_Cul_ | G16: =_xlfn.XLOOKUP(C16,Tab_Def_Flows[Name(EN)],Tab_Def_Flows[Input_Process],,0,) -> Harvesting | H16: =_xlfn.XLOOKUP(C16,Tab_Def_Flows[Name(EN)],Tab_Def_Flows[Process_ID_I],,0,) -> 01_Har_ | I16: =_xlfn.XLOOKUP(C16,Tab_Def_Flows[Name(EN)],Tab_Def_Flows[Value_Source],,0,) -> 0 | J16: =_xlfn.XLOOKUP(C16,Tab_Def_Flows[Name(EN)],Tab_Def_Flows[WC?],,0,) -> Yes | K16: =_xlfn.XLOOKUP(C16,Tab_Def_Flows[Name(EN)],Tab_Def_Flows[DM?],,0,) -> Yes | L16: =_xlfn.XLOOKUP(C16,Tab_Def_Flows[Name(EN)],Tab_Def_Flows[CC?],,0,) -> Yes | M16: 2034 | N16: BB | O16: 240 | R16: =INDEX(Tab_WC_DM_CC[[Flow_ID]:[CC_source]],MATCH(Tab_Data_Flows[[#This Row],[Name(EN)]],Tab_WC_DM_CC[Name(EN)],0),12) -> #N/A | S16: =MATCH(Tab_Data_Flows[[#This Row],[Name(EN)]],Tab_WC_DM_CC[Name(EN)],0) -> #N/A | X16: No | AA16: =IF(X16="no",O16,O16*Y16) -> 240 | AC16: =INDEX(Tab_Def_Flows[[Flow_ID]:[CC_DM_source]],MATCH(Tab_Data_Flows[[#This Row],[Name(EN)]],Tab_Def_Flows[Name(EN)],0),16) -> 0 | AD16: =IF(J16="Yes",AA16*Tab_Data_Flows[[#This Row],[WC_'[%']]],"N.A.") -> 0 | AE16: =Tab_Data_Flows[[#This Row],[UoM_Flow_Py]] -> 0 | AF16: =INDEX(Tab_Def_Flows[[Flow_ID]:[CC_DM_source]],MATCH(Tab_Data_Flows[[#This Row],[Name(EN)]],Tab_Def_Flows[Name(EN)],0),18) -> 1 | AG16: =IF(K16="Yes",AF16*Tab_Data_Flows[[#This Row],[Flow_Py]],"N.A.") -> 240 | AH16: =Tab_Data_Flows[[#This Row],[UoM_Flow_Py]] -> 0 | AI16: =INDEX(Tab_Def_Flows[[Flow_ID]:[CC_DM_source]],MATCH(Tab_Data_Flows[[#This Row],[Name(EN)]],Tab_Def_Flows[Name(EN)],0),20) -> 0.5 | AJ16: =IF(L16="Yes",AI16*Tab_Data_Flows[[#This Row],[Flow_Py]]*Tab_Data_Flows[[#This Row],[DM_'[%']]],"N.A.") -> 120 | AK16: =Tab_Data_Flows[[#This Row],[UoM_Flow_Py]] -> 0
A17: =ROW()-1 -> 16 | B17: =_xlfn.XLOOKUP(C17,Tab_Def_Flows[Name(EN)],Tab_Def_Flows[Flow_ID],,0,) -> F_00_01 | C17: Biomass 1 | D17: =_xlfn.XLOOKUP(C17,Tab_Def_Flows[Name(EN)],Tab_Def_Flows[Type_Biomass],,0,) -> 0 | E17: =_xlfn.XLOOKUP(C17,Tab_Def_Flows[Name(EN)],Tab_Def_Flows[Output_Process],,0,) -> Cultivation | F17: =_xlfn.XLOOKUP(C17,Tab_Def_Flows[Name(EN)],Tab_Def_Flows[Process_ID_O],,0,) -> 00_Cul_ | G17: =_xlfn.XLOOKUP(C17,Tab_Def_Flows[Name(EN)],Tab_Def_Flows[Input_Process],,0,) -> Harvesting | H17: =_xlfn.XLOOKUP(C17,Tab_Def_Flows[Name(EN)],Tab_Def_Flows[Process_ID_I],,0,) -> 01_Har_ | I17: =_xlfn.XLOOKUP(C17,Tab_Def_Flows[Name(EN)],Tab_Def_Flows[Value_Source],,0,) -> 0 | J17: =_xlfn.XLOOKUP(C17,Tab_Def_Flows[Name(EN)],Tab_Def_Flows[WC?],,0,) -> Yes | K17: =_xlfn.XLOOKUP(C17,Tab_Def_Flows[Name(EN)],Tab_Def_Flows[DM?],,0,) -> Yes | L17: =_xlfn.XLOOKUP(C17,Tab_Def_Flows[Name(EN)],Tab_Def_Flows[CC?],,0,) -> Yes | M17: 2035 | N17: BB | O17: 250 | R17: =INDEX(Tab_WC_DM_CC[[Flow_ID]:[CC_source]],MATCH(Tab_Data_Flows[[#This Row],[Name(EN)]],Tab_WC_DM_CC[Name(EN)],0),12) -> #N/A | S17: =MATCH(Tab_Data_Flows[[#This Row],[Name(EN)]],Tab_WC_DM_CC[Name(EN)],0) -> #N/A | X17: No | AA17: =IF(X17="no",O17,O17*Y17) -> 250 | AC17: =INDEX(Tab_Def_Flows[[Flow_ID]:[CC_DM_source]],MATCH(Tab_Data_Flows[[#This Row],[Name(EN)]],Tab_Def_Flows[Name(EN)],0),16) -> 0 | AD17: =IF(J17="Yes",AA17*Tab_Data_Flows[[#This Row],[WC_'[%']]],"N.A.") -> 0 | AE17: =Tab_Data_Flows[[#This Row],[UoM_Flow_Py]] -> 0 | AF17: =INDEX(Tab_Def_Flows[[Flow_ID]:[CC_DM_source]],MATCH(Tab_Data_Flows[[#This Row],[Name(EN)]],Tab_Def_Flows[Name(EN)],0),18) -> 1 | AG17: =IF(K17="Yes",AF17*Tab_Data_Flows[[#This Row],[Flow_Py]],"N.A.") -> 250 | AH17: =Tab_Data_Flows[[#This Row],[UoM_Flow_Py]] -> 0 | AI17: =INDEX(Tab_Def_Flows[[Flow_ID]:[CC_DM_source]],MATCH(Tab_Data_Flows[[#This Row],[Name(EN)]],Tab_Def_Flows[Name(EN)],0),20) -> 0.5 | AJ17: =IF(L17="Yes",AI17*Tab_Data_Flows[[#This Row],[Flow_Py]]*Tab_Data_Flows[[#This Row],[DM_'[%']]],"N.A.") -> 125 | AK17: =Tab_Data_Flows[[#This Row],[UoM_Flow_Py]] -> 0
A18: =ROW()-1 -> 17 | B18: =_xlfn.XLOOKUP(C18,Tab_Def_Flows[Name(EN)],Tab_Def_Flows[Flow_ID],,0,) -> F_00_01 | C18: Biomass 1 | D18: =_xlfn.XLOOKUP(C18,Tab_Def_Flows[Name(EN)],Tab_Def_Flows[Type_Biomass],,0,) -> 0 | E18: =_xlfn.XLOOKUP(C18,Tab_Def_Flows[Name(EN)],Tab_Def_Flows[Output_Process],,0,) -> Cultivation | F18: =_xlfn.XLOOKUP(C18,Tab_Def_Flows[Name(EN)],Tab_Def_Flows[Process_ID_O],,0,) -> 00_Cul_ | G18: =_xlfn.XLOOKUP(C18,Tab_Def_Flows[Name(EN)],Tab_Def_Flows[Input_Process],,0,) -> Harvesting | H18: =_xlfn.XLOOKUP(C18,Tab_Def_Flows[Name(EN)],Tab_Def_Flows[Process_ID_I],,0,) -> 01_Har_ | I18: =_xlfn.XLOOKUP(C18,Tab_Def_Flows[Name(EN)],Tab_Def_Flows[Value_Source],,0,) -> 0 | J18: =_xlfn.XLOOKUP(C18,Tab_Def_Flows[Name(EN)],Tab_Def_Flows[WC?],,0,) -> Yes | K18: =_xlfn.XLOOKUP(C18,Tab_Def_Flows[Name(EN)],Tab_Def_Flows[DM?],,0,) -> Yes | L18: =_xlfn.XLOOKUP(C18,Tab_Def_Flows[Name(EN)],Tab_Def_Flows[CC?],,0,) -> Yes | M18: 2036 | N18: BB | O18: 260 | R18: =INDEX(Tab_WC_DM_CC[[Flow_ID]:[CC_source]],MATCH(Tab_Data_Flows[[#This Row],[Name(EN)]],Tab_WC_DM_CC[Name(EN)],0),12) -> #N/A | S18: =MATCH(Tab_Data_Flows[[#This Row],[Name(EN)]],Tab_WC_DM_CC[Name(EN)],0) -> #N/A | X18: No | AA18: =IF(X18="no",O18,O18*Y18) -> 260 | AC18: =INDEX(Tab_Def_Flows[[Flow_ID]:[CC_DM_source]],MATCH(Tab_Data_Flows[[#This Row],[Name(EN)]],Tab_Def_Flows[Name(EN)],0),16) -> 0 | AD18: =IF(J18="Yes",AA18*Tab_Data_Flows[[#This Row],[WC_'[%']]],"N.A.") -> 0 | AE18: =Tab_Data_Flows[[#This Row],[UoM_Flow_Py]] -> 0 | AF18: =INDEX(Tab_Def_Flows[[Flow_ID]:[CC_DM_source]],MATCH(Tab_Data_Flows[[#This Row],[Name(EN)]],Tab_Def_Flows[Name(EN)],0),18) -> 1 | AG18: =IF(K18="Yes",AF18*Tab_Data_Flows[[#This Row],[Flow_Py]],"N.A.") -> 260 | AH18: =Tab_Data_Flows[[#This Row],[UoM_Flow_Py]] -> 0 | AI18: =INDEX(Tab_Def_Flows[[Flow_ID]:[CC_DM_source]],MATCH(Tab_Data_Flows[[#This Row],[Name(EN)]],Tab_Def_Flows[Name(EN)],0),20) -> 0.5 | AJ18: =IF(L18="Yes",AI18*Tab_Data_Flows[[#This Row],[Flow_Py]]*Tab_Data_Flows[[#This Row],[DM_'[%']]],"N.A.") -> 130 | AK18: =Tab_Data_Flows[[#This Row],[UoM_Flow_Py]] -> 0
A19: =ROW()-1 -> 18 | B19: =_xlfn.XLOOKUP(C19,Tab_Def_Flows[Name(EN)],Tab_Def_Flows[Flow_ID],,0,) -> F_00_01 | C19: Biomass 1 | D19: =_xlfn.XLOOKUP(C19,Tab_Def_Flows[Name(EN)],Tab_Def_Flows[Type_Biomass],,0,) -> 0 | E19: =_xlfn.XLOOKUP(C19,Tab_Def_Flows[Name(EN)],Tab_Def_Flows[Output_Process],,0,) -> Cultivation | F19: =_xlfn.XLOOKUP(C19,Tab_Def_Flows[Name(EN)],Tab_Def_Flows[Process_ID_O],,0,) -> 00_Cul_ | G19: =_xlfn.XLOOKUP(C19,Tab_Def_Flows[Name(EN)],Tab_Def_Flows[Input_Process],,0,) -> Harvesting | H19: =_xlfn.XLOOKUP(C19,Tab_Def_Flows[Name(EN)],Tab_Def_Flows[Process_ID_I],,0,) -> 01_Har_ | I19: =_xlfn.XLOOKUP(C19,Tab_Def_Flows[Name(EN)],Tab_Def_Flows[Value_Source],,0,) -> 0 | J19: =_xlfn.XLOOKUP(C19,Tab_Def_Flows[Name(EN)],Tab_Def_Flows[WC?],,0,) -> Yes | K19: =_xlfn.XLOOKUP(C19,Tab_Def_Flows[Name(EN)],Tab_Def_Flows[DM?],,0,) -> Yes | L19: =_xlfn.XLOOKUP(C19,Tab_Def_Flows[Name(EN)],Tab_Def_Flows[CC?],,0,) -> Yes | M19: 2037 | N19: BB | O19: 270 | R19: =INDEX(Tab_WC_DM_CC[[Flow_ID]:[CC_source]],MATCH(Tab_Data_Flows[[#This Row],[Name(EN)]],Tab_WC_DM_CC[Name(EN)],0),12) -> #N/A | S19: =MATCH(Tab_Data_Flows[[#This Row],[Name(EN)]],Tab_WC_DM_CC[Name(EN)],0) -> #N/A | X19: No | AA19: =IF(X19="no",O19,O19*Y19) -> 270 | AC19: =INDEX(Tab_Def_Flows[[Flow_ID]:[CC_DM_source]],MATCH(Tab_Data_Flows[[#This Row],[Name(EN)]],Tab_Def_Flows[Name(EN)],0),16) -> 0 | AD19: =IF(J19="Yes",AA19*Tab_Data_Flows[[#This Row],[WC_'[%']]],"N.A.") -> 0 | AE19: =Tab_Data_Flows[[#This Row],[UoM_Flow_Py]] -> 0 | AF19: =INDEX(Tab_Def_Flows[[Flow_ID]:[CC_DM_source]],MATCH(Tab_Data_Flows[[#This Row],[Name(EN)]],Tab_Def_Flows[Name(EN)],0),18) -> 1 | AG19: =IF(K19="Yes",AF19*Tab_Data_Flows[[#This Row],[Flow_Py]],"N.A.") -> 270 | AH19: =Tab_Data_Flows[[#This Row],[UoM_Flow_Py]] -> 0 | AI19: =INDEX(Tab_Def_Flows[[Flow_ID]:[CC_DM_source]],MATCH(Tab_Data_Flows[[#This Row],[Name(EN)]],Tab_Def_Flows[Name(EN)],0),20) -> 0.5 | AJ19: =IF(L19="Yes",AI19*Tab_Data_Flows[[#This Row],[Flow_Py]]*Tab_Data_Flows[[#This Row],[DM_'[%']]],"N.A.") -> 135 | AK19: =Tab_Data_Flows[[#This Row],[UoM_Flow_Py]] -> 0
A20: =ROW()-1 -> 19 | B20: =_xlfn.XLOOKUP(C20,Tab_Def_Flows[Name(EN)],Tab_Def_Flows[Flow_ID],,0,) -> F_00_01 | C20: Biomass 1 | D20: =_xlfn.XLOOKUP(C20,Tab_Def_Flows[Name(EN)],Tab_Def_Flows[Type_Biomass],,0,) -> 0 | E20: =_xlfn.XLOOKUP(C20,Tab_Def_Flows[Name(EN)],Tab_Def_Flows[Output_Process],,0,) -> Cultivation | F20: =_xlfn.XLOOKUP(C20,Tab_Def_Flows[Name(EN)],Tab_Def_Flows[Process_ID_O],,0,) -> 00_Cul_ | G20: =_xlfn.XLOOKUP(C20,Tab_Def_Flows[Name(EN)],Tab_Def_Flows[Input_Process],,0,) -> Harvesting | H20: =_xlfn.XLOOKUP(C20,Tab_Def_Flows[Name(EN)],Tab_Def_Flows[Process_ID_I],,0,) -> 01_Har_ | I20: =_xlfn.XLOOKUP(C20,Tab_Def_Flows[Name(EN)],Tab_Def_Flows[Value_Source],,0,) -> 0 | J20: =_xlfn.XLOOKUP(C20,Tab_Def_Flows[Name(EN)],Tab_Def_Flows[WC?],,0,) -> Yes | K20: =_xlfn.XLOOKUP(C20,Tab_Def_Flows[Name(EN)],Tab_Def_Flows[DM?],,0,) -> Yes | L20: =_xlfn.XLOOKUP(C20,Tab_Def_Flows[Name(EN)],Tab_Def_Flows[CC?],,0,) -> Yes | M20: 2038 | N20: BB | O20: 280 | R20: =INDEX(Tab_WC_DM_CC[[Flow_ID]:[CC_source]],MATCH(Tab_Data_Flows[[#This Row],[Name(EN)]],Tab_WC_DM_CC[Name(EN)],0),12) -> #N/A | S20: =MATCH(Tab_Data_Flows[[#This Row],[Name(EN)]],Tab_WC_DM_CC[Name(EN)],0) -> #N/A | X20: No | AA20: =IF(X20="no",O20,O20*Y20) -> 280 | AC20: =INDEX(Tab_Def_Flows[[Flow_ID]:[CC_DM_source]],MATCH(Tab_Data_Flows[[#This Row],[Name(EN)]],Tab_Def_Flows[Name(EN)],0),16) -> 0 | AD20: =IF(J20="Yes",AA20*Tab_Data_Flows[[#This Row],[WC_'[%']]],"N.A.") -> 0 | AE20: =Tab_Data_Flows[[#This Row],[UoM_Flow_Py]] -> 0 | AF20: =INDEX(Tab_Def_Flows[[Flow_ID]:[CC_DM_source]],MATCH(Tab_Data_Flows[[#This Row],[Name(EN)]],Tab_Def_Flows[Name(EN)],0),18) -> 1 | AG20: =IF(K20="Yes",AF20*Tab_Data_Flows[[#This Row],[Flow_Py]],"N.A.") -> 280 | AH20: =Tab_Data_Flows[[#This Row],[UoM_Flow_Py]] -> 0 | AI20: =INDEX(Tab_Def_Flows[[Flow_ID]:[CC_DM_source]],MATCH(Tab_Data_Flows[[#This Row],[Name(EN)]],Tab_Def_Flows[Name(EN)],0),20) -> 0.5 | AJ20: =IF(L20="Yes",AI20*Tab_Data_Flows[[#This Row],[Flow_Py]]*Tab_Data_Flows[[#This Row],[DM_'[%']]],"N.A.") -> 140 | AK20: =Tab_Data_Flows[[#This Row],[UoM_Flow_Py]] -> 0
... A22: =ROW()-1 -> 21 | B22: =_xlfn.XLOOKUP(C22,Tab_Def_Flows[Name(EN)],Tab_Def_Flows[Flow_ID],,0,) -> F_00_01 | C22: Biomass 1 | D22: =_xlfn.XLOOKUP(C22,Tab_Def_Flows[Name(EN)],Tab_Def_Flows[Type_Biomass],,0,) -> 0 | E22: =_xlfn.XLOOKUP(C22,Tab_Def_Flows[Name(EN)],Tab_Def_Flows[Output_Process],,0,) -> Cultivation | F22: =_xlfn.XLOOKUP(C22,Tab_Def_Flows[Name(EN)],Tab_Def_Flows[Process_ID_O],,0,) -> 00_Cul_ | G22: =_xlfn.XLOOKUP(C22,Tab_Def_Flows[Name(EN)],Tab_Def_Flows[Input_Process],,0,) -> Harvesting | H22: =_xlfn.XLOOKUP(C22,Tab_Def_Flows[Name(EN)],Tab_Def_Flows[Process_ID_I],,0,) -> 01_Har_ | I22: =_xlfn.XLOOKUP(C22,Tab_Def_Flows[Name(EN)],Tab_Def_Flows[Value_Source],,0,) -> 0 | J22: =_xlfn.XLOOKUP(C22,Tab_Def_Flows[Name(EN)],Tab_Def_Flows[WC?],,0,) -> Yes | K22: =_xlfn.XLOOKUP(C22,Tab_Def_Flows[Name(EN)],Tab_Def_Flows[DM?],,0,) -> Yes | L22: =_xlfn.XLOOKUP(C22,Tab_Def_Flows[Name(EN)],Tab_Def_Flows[CC?],,0,) -> Yes | M22: 2040 | N22: BB | O22: 300 | R22: =INDEX(Tab_WC_DM_CC[[Flow_ID]:[CC_source]],MATCH(Tab_Data_Flows[[#This Row],[Name(EN)]],Tab_WC_DM_CC[Name(EN)],0),12) -> #N/A | S22: =MATCH(Tab_Data_Flows[[#This Row],[Name(EN)]],Tab_WC_DM_CC[Name(EN)],0) -> #N/A | X22: No | AA22: =IF(X22="no",O22,O22*Y22) -> 300 | AC22: =INDEX(Tab_Def_Flows[[Flow_ID]:[CC_DM_source]],MATCH(Tab_Data_Flows[[#This Row],[Name(EN)]],Tab_Def_Flows[Name(EN)],0),16) -> 0 | AD22: =IF(J22="Yes",AA22*Tab_Data_Flows[[#This Row],[WC_'[%']]],"N.A.") -> 0 | AE22: =Tab_Data_Flows[[#This Row],[UoM_Flow_Py]] -> 0 | AF22: =INDEX(Tab_Def_Flows[[Flow_ID]:[CC_DM_source]],MATCH(Tab_Data_Flows[[#This Row],[Name(EN)]],Tab_Def_Flows[Name(EN)],0),18) -> 1 | AG22: =IF(K22="Yes",AF22*Tab_Data_Flows[[#This Row],[Flow_Py]],"N.A.") -> 300 | AH22: =Tab_Data_Flows[[#This Row],[UoM_Flow_Py]] -> 0 | AI22: =INDEX(Tab_Def_Flows[[Flow_ID]:[CC_DM_source]],MATCH(Tab_Data_Flows[[#This Row],[Name(EN)]],Tab_Def_Flows[Name(EN)],0),20) -> 0.5 | AJ22: =IF(L22="Yes",AI22*Tab_Data_Flows[[#This Row],[Flow_Py]]*Tab_Data_Flows[[#This Row],[DM_'[%']]],"N.A.") -> 150 | AK22: =Tab_Data_Flows[[#This Row],[UoM_Flow_Py]] -> 0
A23: =ROW()-1 -> 22 | B23: =_xlfn.XLOOKUP(C23,Tab_Def_Flows[Name(EN)],Tab_Def_Flows[Flow_ID],,0,) -> F_12_12 | D23: =_xlfn.XLOOKUP(C23,Tab_Def_Flows[Name(EN)],Tab_Def_Flows[Type_Biomass],,0,) -> 0 | E23: =_xlfn.XLOOKUP(C23,Tab_Def_Flows[Name(EN)],Tab_Def_Flows[Output_Process],,0,) -> 0 | F23: =_xlfn.XLOOKUP(C23,Tab_Def_Flows[Name(EN)],Tab_Def_Flows[Process_ID_O],,0,) -> 12__ | G23: =_xlfn.XLOOKUP(C23,Tab_Def_Flows[Name(EN)],Tab_Def_Flows[Input_Process],,0,) -> 0 | H23: =_xlfn.XLOOKUP(C23,Tab_Def_Flows[Name(EN)],Tab_Def_Flows[Process_ID_I],,0,) -> 12__ | I23: =_xlfn.XLOOKUP(C23,Tab_Def_Flows[Name(EN)],Tab_Def_Flows[Value_Source],,0,) -> 0 | J23: =_xlfn.XLOOKUP(C23,Tab_Def_Flows[Name(EN)],Tab_Def_Flows[WC?],,0,) -> 0 | K23: =_xlfn.XLOOKUP(C23,Tab_Def_Flows[Name(EN)],Tab_Def_Flows[DM?],,0,) -> 0 | L23: =_xlfn.XLOOKUP(C23,Tab_Def_Flows[Name(EN)],Tab_Def_Flows[CC?],,0,) -> 0 | N23: BB | R23: =INDEX(Tab_WC_DM_CC[[Flow_ID]:[CC_source]],MATCH(Tab_Data_Flows[[#This Row],[Name(EN)]],Tab_WC_DM_CC[Name(EN)],0),12) -> #N/A | S23: =MATCH(Tab_Data_Flows[[#This Row],[Name(EN)]],Tab_WC_DM_CC[Name(EN)],0) -> #N/A | X23: No | AA23: =IF(X23="no",O23,O23*Y23) -> 0 | AC23: =INDEX(Tab_Def_Flows[[Flow_ID]:[CC_DM_source]],MATCH(Tab_Data_Flows[[#This Row],[Name(EN)]],Tab_Def_Flows[Name(EN)],0),16) -> #N/A | AD23: =IF(J23="Yes",AA23*Tab_Data_Flows[[#This Row],[WC_'[%']]],"N.A.") -> N.A. | AE23: =Tab_Data_Flows[[#This Row],[UoM_Flow_Py]] -> 0 | AF23: =INDEX(Tab_Def_Flows[[Flow_ID]:[CC_DM_source]],MATCH(Tab_Data_Flows[[#This Row],[Name(EN)]],Tab_Def_Flows[Name(EN)],0),18) -> #N/A | AG23: =IF(K23="Yes",AF23*Tab_Data_Flows[[#This Row],[Flow_Py]],"N.A.") -> N.A. | AH23: =Tab_Data_Flows[[#This Row],[UoM_Flow_Py]] -> 0 | AI23: =INDEX(Tab_Def_Flows[[Flow_ID]:[CC_DM_source]],MATCH(Tab_Data_Flows[[#This Row],[Name(EN)]],Tab_Def_Flows[Name(EN)],0),20) -> #N/A | AJ23: =IF(L23="Yes",AI23*Tab_Data_Flows[[#This Row],[Flow_Py]]*Tab_Data_Flows[[#This Row],[DM_'[%']]],"N.A.") -> N.A. | AK23: =Tab_Data_Flows[[#This Row],[UoM_Flow_Py]] -> 0
A24: =ROW()-1 -> 23 | B24: =_xlfn.XLOOKUP(C24,Tab_Def_Flows[Name(EN)],Tab_Def_Flows[Flow_ID],,0,) -> F_12_12 | D24: =_xlfn.XLOOKUP(C24,Tab_Def_Flows[Name(EN)],Tab_Def_Flows[Type_Biomass],,0,) -> 0 | E24: =_xlfn.XLOOKUP(C24,Tab_Def_Flows[Name(EN)],Tab_Def_Flows[Output_Process],,0,) -> 0 | F24: =_xlfn.XLOOKUP(C24,Tab_Def_Flows[Name(EN)],Tab_Def_Flows[Process_ID_O],,0,) -> 12__ | G24: =_xlfn.XLOOKUP(C24,Tab_Def_Flows[Name(EN)],Tab_Def_Flows[Input_Process],,0,) -> 0 | H24: =_xlfn.XLOOKUP(C24,Tab_Def_Flows[Name(EN)],Tab_Def_Flows[Process_ID_I],,0,) -> 12__ | I24: =_xlfn.XLOOKUP(C24,Tab_Def_Flows[Name(EN)],Tab_Def_Flows[Value_Source],,0,) -> 0 | J24: =_xlfn.XLOOKUP(C24,Tab_Def_Flows[Name(EN)],Tab_Def_Flows[WC?],,0,) -> 0 | K24: =_xlfn.XLOOKUP(C24,Tab_Def_Flows[Name(EN)],Tab_Def_Flows[DM?],,0,) -> 0 | L24: =_xlfn.XLOOKUP(C24,Tab_Def_Flows[Name(EN)],Tab_Def_Flows[CC?],,0,) -> 0 | N24: BB | R24: =INDEX(Tab_WC_DM_CC[[Flow_ID]:[CC_source]],MATCH(Tab_Data_Flows[[#This Row],[Name(EN)]],Tab_WC_DM_CC[Name(EN)],0),12) -> #N/A | S24: =MATCH(Tab_Data_Flows[[#This Row],[Name(EN)]],Tab_WC_DM_CC[Name(EN)],0) -> #N/A | X24: No | AA24: =IF(X24="no",O24,O24*Y24) -> 0 | AC24: =INDEX(Tab_Def_Flows[[Flow_ID]:[CC_DM_source]],MATCH(Tab_Data_Flows[[#This Row],[Name(EN)]],Tab_Def_Flows[Name(EN)],0),16) -> #N/A | AD24: =IF(J24="Yes",AA24*Tab_Data_Flows[[#This Row],[WC_'[%']]],"N.A.") -> N.A. | AE24: =Tab_Data_Flows[[#This Row],[UoM_Flow_Py]] -> 0 | AF24: =INDEX(Tab_Def_Flows[[Flow_ID]:[CC_DM_source]],MATCH(Tab_Data_Flows[[#This Row],[Name(EN)]],Tab_Def_Flows[Name(EN)],0),18) -> #N/A | AG24: =IF(K24="Yes",AF24*Tab_Data_Flows[[#This Row],[Flow_Py]],"N.A.") -> N.A. | AH24: =Tab_Data_Flows[[#This Row],[UoM_Flow_Py]] -> 0 | AI24: =INDEX(Tab_Def_Flows[[Flow_ID]:[CC_DM_source]],MATCH(Tab_Data_Flows[[#This Row],[Name(EN)]],Tab_Def_Flows[Name(EN)],0),20) -> #N/A | AJ24: =IF(L24="Yes",AI24*Tab_Data_Flows[[#This Row],[Flow_Py]]*Tab_Data_Flows[[#This Row],[DM_'[%']]],"N.A.") -> N.A. | AK24: =Tab_Data_Flows[[#This Row],[UoM_Flow_Py]] -> 0
A25: =ROW()-1 -> 24 | B25: =_xlfn.XLOOKUP(C25,Tab_Def_Flows[Name(EN)],Tab_Def_Flows[Flow_ID],,0,) -> F_12_12 | D25: =_xlfn.XLOOKUP(C25,Tab_Def_Flows[Name(EN)],Tab_Def_Flows[Type_Biomass],,0,) -> 0 | E25: =_xlfn.XLOOKUP(C25,Tab_Def_Flows[Name(EN)],Tab_Def_Flows[Output_Process],,0,) -> 0 | F25: =_xlfn.XLOOKUP(C25,Tab_Def_Flows[Name(EN)],Tab_Def_Flows[Process_ID_O],,0,) -> 12__ | G25: =_xlfn.XLOOKUP(C25,Tab_Def_Flows[Name(EN)],Tab_Def_Flows[Input_Process],,0,) -> 0 | H25: =_xlfn.XLOOKUP(C25,Tab_Def_Flows[Name(EN)],Tab_Def_Flows[Process_ID_I],,0,) -> 12__ | I25: =_xlfn.XLOOKUP(C25,Tab_Def_Flows[Name(EN)],Tab_Def_Flows[Value_Source],,0,) -> 0 | J25: =_xlfn.XLOOKUP(C25,Tab_Def_Flows[Name(EN)],Tab_Def_Flows[WC?],,0,) -> 0 | K25: =_xlfn.XLOOKUP(C25,Tab_Def_Flows[Name(EN)],Tab_Def_Flows[DM?],,0,) -> 0 | L25: =_xlfn.XLOOKUP(C25,Tab_Def_Flows[Name(EN)],Tab_Def_Flows[CC?],,0,) -> 0 | N25: BB | R25: =INDEX(Tab_WC_DM_CC[[Flow_ID]:[CC_source]],MATCH(Tab_Data_Flows[[#This Row],[Name(EN)]],Tab_WC_DM_CC[Name(EN)],0),12) -> #N/A | S25: =MATCH(Tab_Data_Flows[[#This Row],[Name(EN)]],Tab_WC_DM_CC[Name(EN)],0) -> #N/A | X25: No | AA25: =IF(X25="no",O25,O25*Y25) -> 0 | AC25: =INDEX(Tab_Def_Flows[[Flow_ID]:[CC_DM_source]],MATCH(Tab_Data_Flows[[#This Row],[Name(EN)]],Tab_Def_Flows[Name(EN)],0),16) -> #N/A | AD25: =IF(J25="Yes",AA25*Tab_Data_Flows[[#This Row],[WC_'[%']]],"N.A.") -> N.A. | AE25: =Tab_Data_Flows[[#This Row],[UoM_Flow_Py]] -> 0 | AF25: =INDEX(Tab_Def_Flows[[Flow_ID]:[CC_DM_source]],MATCH(Tab_Data_Flows[[#This Row],[Name(EN)]],Tab_Def_Flows[Name(EN)],0),18) -> #N/A | AG25: =IF(K25="Yes",AF25*Tab_Data_Flows[[#This Row],[Flow_Py]],"N.A.") -> N.A. | AH25: =Tab_Data_Flows[[#This Row],[UoM_Flow_Py]] -> 0 | AI25: =INDEX(Tab_Def_Flows[[Flow_ID]:[CC_DM_source]],MATCH(Tab_Data_Flows[[#This Row],[Name(EN)]],Tab_Def_Flows[Name(EN)],0),20) -> #N/A | AJ25: =IF(L25="Yes",AI25*Tab_Data_Flows[[#This Row],[Flow_Py]]*Tab_Data_Flows[[#This Row],[DM_'[%']]],"N.A.") -> N.A. | AK25: =Tab_Data_Flows[[#This Row],[UoM_Flow_Py]] -> 0
A26: =ROW()-1 -> 25 | B26: =_xlfn.XLOOKUP(C26,Tab_Def_Flows[Name(EN)],Tab_Def_Flows[Flow_ID],,0,) -> F_12_12 | D26: =_xlfn.XLOOKUP(C26,Tab_Def_Flows[Name(EN)],Tab_Def_Flows[Type_Biomass],,0,) -> 0 | E26: =_xlfn.XLOOKUP(C26,Tab_Def_Flows[Name(EN)],Tab_Def_Flows[Output_Process],,0,) -> 0 | F26: =_xlfn.XLOOKUP(C26,Tab_Def_Flows[Name(EN)],Tab_Def_Flows[Process_ID_O],,0,) -> 12__ | G26: =_xlfn.XLOOKUP(C26,Tab_Def_Flows[Name(EN)],Tab_Def_Flows[Input_Process],,0,) -> 0 | H26: =_xlfn.XLOOKUP(C26,Tab_Def_Flows[Name(EN)],Tab_Def_Flows[Process_ID_I],,0,) -> 12__ | I26: =_xlfn.XLOOKUP(C26,Tab_Def_Flows[Name(EN)],Tab_Def_Flows[Value_Source],,0,) -> 0 | J26: =_xlfn.XLOOKUP(C26,Tab_Def_Flows[Name(EN)],Tab_Def_Flows[WC?],,0,) -> 0 | K26: =_xlfn.XLOOKUP(C26,Tab_Def_Flows[Name(EN)],Tab_Def_Flows[DM?],,0,) -> 0 | L26: =_xlfn.XLOOKUP(C26,Tab_Def_Flows[Name(EN)],Tab_Def_Flows[CC?],,0,) -> 0 | N26: BB | R26: =INDEX(Tab_WC_DM_CC[[Flow_ID]:[CC_source]],MATCH(Tab_Data_Flows[[#This Row],[Name(EN)]],Tab_WC_DM_CC[Name(EN)],0),12) -> #N/A | S26: =MATCH(Tab_Data_Flows[[#This Row],[Name(EN)]],Tab_WC_DM_CC[Name(EN)],0) -> #N/A | X26: No | AA26: =IF(X26="no",O26,O26*Y26) -> 0 | AC26: =INDEX(Tab_Def_Flows[[Flow_ID]:[CC_DM_source]],MATCH(Tab_Data_Flows[[#This Row],[Name(EN)]],Tab_Def_Flows[Name(EN)],0),16) -> #N/A | AD26: =IF(J26="Yes",AA26*Tab_Data_Flows[[#This Row],[WC_'[%']]],"N.A.") -> N.A. | AE26: =Tab_Data_Flows[[#This Row],[UoM_Flow_Py]] -> 0 | AF26: =INDEX(Tab_Def_Flows[[Flow_ID]:[CC_DM_source]],MATCH(Tab_Data_Flows[[#This Row],[Name(EN)]],Tab_Def_Flows[Name(EN)],0),18) -> #N/A | AG26: =IF(K26="Yes",AF26*Tab_Data_Flows[[#This Row],[Flow_Py]],"N.A.") -> N.A. | AH26: =Tab_Data_Flows[[#This Row],[UoM_Flow_Py]] -> 0 | AI26: =INDEX(Tab_Def_Flows[[Flow_ID]:[CC_DM_source]],MATCH(Tab_Data_Flows[[#This Row],[Name(EN)]],Tab_Def_Flows[Name(EN)],0),20) -> #N/A | AJ26: =IF(L26="Yes",AI26*Tab_Data_Flows[[#This Row],[Flow_Py]]*Tab_Data_Flows[[#This Row],[DM_'[%']]],"N.A.") -> N.A. | AK26: =Tab_Data_Flows[[#This Row],[UoM_Flow_Py]] -> 0
A27: =ROW()-1 -> 26 | B27: =_xlfn.XLOOKUP(C27,Tab_Def_Flows[Name(EN)],Tab_Def_Flows[Flow_ID],,0,) -> F_12_12 | D27: =_xlfn.XLOOKUP(C27,Tab_Def_Flows[Name(EN)],Tab_Def_Flows[Type_Biomass],,0,) -> 0 | E27: =_xlfn.XLOOKUP(C27,Tab_Def_Flows[Name(EN)],Tab_Def_Flows[Output_Process],,0,) -> 0 | F27: =_xlfn.XLOOKUP(C27,Tab_Def_Flows[Name(EN)],Tab_Def_Flows[Process_ID_O],,0,) -> 12__ | G27: =_xlfn.XLOOKUP(C27,Tab_Def_Flows[Name(EN)],Tab_Def_Flows[Input_Process],,0,) -> 0 | H27: =_xlfn.XLOOKUP(C27,Tab_Def_Flows[Name(EN)],Tab_Def_Flows[Process_ID_I],,0,) -> 12__ | I27: =_xlfn.XLOOKUP(C27,Tab_Def_Flows[Name(EN)],Tab_Def_Flows[Value_Source],,0,) -> 0 | J27: =_xlfn.XLOOKUP(C27,Tab_Def_Flows[Name(EN)],Tab_Def_Flows[WC?],,0,) -> 0 | K27: =_xlfn.XLOOKUP(C27,Tab_Def_Flows[Name(EN)],Tab_Def_Flows[DM?],,0,) -> 0 | L27: =_xlfn.XLOOKUP(C27,Tab_Def_Flows[Name(EN)],Tab_Def_Flows[CC?],,0,) -> 0 | N27: BB | R27: =INDEX(Tab_WC_DM_CC[[Flow_ID]:[CC_source]],MATCH(Tab_Data_Flows[[#This Row],[Name(EN)]],Tab_WC_DM_CC[Name(EN)],0),12) -> #N/A | S27: =MATCH(Tab_Data_Flows[[#This Row],[Name(EN)]],Tab_WC_DM_CC[Name(EN)],0) -> #N/A | X27: No | AA27: =IF(X27="no",O27,O27*Y27) -> 0 | AC27: =INDEX(Tab_Def_Flows[[Flow_ID]:[CC_DM_source]],MATCH(Tab_Data_Flows[[#This Row],[Name(EN)]],Tab_Def_Flows[Name(EN)],0),16) -> #N/A | AD27: =IF(J27="Yes",AA27*Tab_Data_Flows[[#This Row],[WC_'[%']]],"N.A.") -> N.A. | AE27: =Tab_Data_Flows[[#This Row],[UoM_Flow_Py]] -> 0 | AF27: =INDEX(Tab_Def_Flows[[Flow_ID]:[CC_DM_source]],MATCH(Tab_Data_Flows[[#This Row],[Name(EN)]],Tab_Def_Flows[Name(EN)],0),18) -> #N/A | AG27: =IF(K27="Yes",AF27*Tab_Data_Flows[[#This Row],[Flow_Py]],"N.A.") -> N.A. | AH27: =Tab_Data_Flows[[#This Row],[UoM_Flow_Py]] -> 0 | AI27: =INDEX(Tab_Def_Flows[[Flow_ID]:[CC_DM_source]],MATCH(Tab_Data_Flows[[#This Row],[Name(EN)]],Tab_Def_Flows[Name(EN)],0),20) -> #N/A | AJ27: =IF(L27="Yes",AI27*Tab_Data_Flows[[#This Row],[Flow_Py]]*Tab_Data_Flows[[#This Row],[DM_'[%']]],"N.A.") -> N.A. | AK27: =Tab_Data_Flows[[#This Row],[UoM_Flow_Py]] -> 0
A28: =ROW()-1 -> 27 | B28: =_xlfn.XLOOKUP(C28,Tab_Def_Flows[Name(EN)],Tab_Def_Flows[Flow_ID],,0,) -> F_12_12 | D28: =_xlfn.XLOOKUP(C28,Tab_Def_Flows[Name(EN)],Tab_Def_Flows[Type_Biomass],,0,) -> 0 | E28: =_xlfn.XLOOKUP(C28,Tab_Def_Flows[Name(EN)],Tab_Def_Flows[Output_Process],,0,) -> 0 | F28: =_xlfn.XLOOKUP(C28,Tab_Def_Flows[Name(EN)],Tab_Def_Flows[Process_ID_O],,0,) -> 12__ | G28: =_xlfn.XLOOKUP(C28,Tab_Def_Flows[Name(EN)],Tab_Def_Flows[Input_Process],,0,) -> 0 | H28: =_xlfn.XLOOKUP(C28,Tab_Def_Flows[Name(EN)],Tab_Def_Flows[Process_ID_I],,0,) -> 12__ | I28: =_xlfn.XLOOKUP(C28,Tab_Def_Flows[Name(EN)],Tab_Def_Flows[Value_Source],,0,) -> 0 | J28: =_xlfn.XLOOKUP(C28,Tab_Def_Flows[Name(EN)],Tab_Def_Flows[WC?],,0,) -> 0 | K28: =_xlfn.XLOOKUP(C28,Tab_Def_Flows[Name(EN)],Tab_Def_Flows[DM?],,0,) -> 0 | L28: =_xlfn.XLOOKUP(C28,Tab_Def_Flows[Name(EN)],Tab_Def_Flows[CC?],,0,) -> 0 | N28: BB | R28: =INDEX(Tab_WC_DM_CC[[Flow_ID]:[CC_source]],MATCH(Tab_Data_Flows[[#This Row],[Name(EN)]],Tab_WC_DM_CC[Name(EN)],0),12) -> #N/A | S28: =MATCH(Tab_Data_Flows[[#This Row],[Name(EN)]],Tab_WC_DM_CC[Name(EN)],0) -> #N/A | X28: No | AA28: =IF(X28="no",O28,O28*Y28) -> 0 | AC28: =INDEX(Tab_Def_Flows[[Flow_ID]:[CC_DM_source]],MATCH(Tab_Data_Flows[[#This Row],[Name(EN)]],Tab_Def_Flows[Name(EN)],0),16) -> #N/A | AD28: =IF(J28="Yes",AA28*Tab_Data_Flows[[#This Row],[WC_'[%']]],"N.A.") -> N.A. | AE28: =Tab_Data_Flows[[#This Row],[UoM_Flow_Py]] -> 0 | AF28: =INDEX(Tab_Def_Flows[[Flow_ID]:[CC_DM_source]],MATCH(Tab_Data_Flows[[#This Row],[Name(EN)]],Tab_Def_Flows[Name(EN)],0),18) -> #N/A | AG28: =IF(K28="Yes",AF28*Tab_Data_Flows[[#This Row],[Flow_Py]],"N.A.") -> N.A. | AH28: =Tab_Data_Flows[[#This Row],[UoM_Flow_Py]] -> 0 | AI28: =INDEX(Tab_Def_Flows[[Flow_ID]:[CC_DM_source]],MATCH(Tab_Data_Flows[[#This Row],[Name(EN)]],Tab_Def_Flows[Name(EN)],0),20) -> #N/A | AJ28: =IF(L28="Yes",AI28*Tab_Data_Flows[[#This Row],[Flow_Py]]*Tab_Data_Flows[[#This Row],[DM_'[%']]],"N.A.") -> N.A. | AK28: =Tab_Data_Flows[[#This Row],[UoM_Flow_Py]] -> 0
A29: =ROW()-1 -> 28 | B29: =_xlfn.XLOOKUP(C29,Tab_Def_Flows[Name(EN)],Tab_Def_Flows[Flow_ID],,0,) -> F_12_12 | D29: =_xlfn.XLOOKUP(C29,Tab_Def_Flows[Name(EN)],Tab_Def_Flows[Type_Biomass],,0,) -> 0 | E29: =_xlfn.XLOOKUP(C29,Tab_Def_Flows[Name(EN)],Tab_Def_Flows[Output_Process],,0,) -> 0 | F29: =_xlfn.XLOOKUP(C29,Tab_Def_Flows[Name(EN)],Tab_Def_Flows[Process_ID_O],,0,) -> 12__ | G29: =_xlfn.XLOOKUP(C29,Tab_Def_Flows[Name(EN)],Tab_Def_Flows[Input_Process],,0,) -> 0 | H29: =_xlfn.XLOOKUP(C29,Tab_Def_Flows[Name(EN)],Tab_Def_Flows[Process_ID_I],,0,) -> 12__ | I29: =_xlfn.XLOOKUP(C29,Tab_Def_Flows[Name(EN)],Tab_Def_Flows[Value_Source],,0,) -> 0 | J29: =_xlfn.XLOOKUP(C29,Tab_Def_Flows[Name(EN)],Tab_Def_Flows[WC?],,0,) -> 0 | K29: =_xlfn.XLOOKUP(C29,Tab_Def_Flows[Name(EN)],Tab_Def_Flows[DM?],,0,) -> 0 | L29: =_xlfn.XLOOKUP(C29,Tab_Def_Flows[Name(EN)],Tab_Def_Flows[CC?],,0,) -> 0 | N29: BB | R29: =INDEX(Tab_WC_DM_CC[[Flow_ID]:[CC_source]],MATCH(Tab_Data_Flows[[#This Row],[Name(EN)]],Tab_WC_DM_CC[Name(EN)],0),12) -> #N/A | S29: =MATCH(Tab_Data_Flows[[#This Row],[Name(EN)]],Tab_WC_DM_CC[Name(EN)],0) -> #N/A | X29: No | AA29: =IF(X29="no",O29,O29*Y29) -> 0 | AC29: =INDEX(Tab_Def_Flows[[Flow_ID]:[CC_DM_source]],MATCH(Tab_Data_Flows[[#This Row],[Name(EN)]],Tab_Def_Flows[Name(EN)],0),16) -> #N/A | AD29: =IF(J29="Yes",AA29*Tab_Data_Flows[[#This Row],[WC_'[%']]],"N.A.") -> N.A. | AE29: =Tab_Data_Flows[[#This Row],[UoM_Flow_Py]] -> 0 | AF29: =INDEX(Tab_Def_Flows[[Flow_ID]:[CC_DM_source]],MATCH(Tab_Data_Flows[[#This Row],[Name(EN)]],Tab_Def_Flows[Name(EN)],0),18) -> #N/A | AG29: =IF(K29="Yes",AF29*Tab_Data_Flows[[#This Row],[Flow_Py]],"N.A.") -> N.A. | AH29: =Tab_Data_Flows[[#This Row],[UoM_Flow_Py]] -> 0 | AI29: =INDEX(Tab_Def_Flows[[Flow_ID]:[CC_DM_source]],MATCH(Tab_Data_Flows[[#This Row],[Name(EN)]],Tab_Def_Flows[Name(EN)],0),20) -> #N/A | AJ29: =IF(L29="Yes",AI29*Tab_Data_Flows[[#This Row],[Flow_Py]]*Tab_Data_Flows[[#This Row],[DM_'[%']]],"N.A.") -> N.A. | AK29: =Tab_Data_Flows[[#This Row],[UoM_Flow_Py]] -> 0
A30: =ROW()-1 -> 29 | B30: =_xlfn.XLOOKUP(C30,Tab_Def_Flows[Name(EN)],Tab_Def_Flows[Flow_ID],,0,) -> F_12_12 | D30: =_xlfn.XLOOKUP(C30,Tab_Def_Flows[Name(EN)],Tab_Def_Flows[Type_Biomass],,0,) -> 0 | E30: =_xlfn.XLOOKUP(C30,Tab_Def_Flows[Name(EN)],Tab_Def_Flows[Output_Process],,0,) -> 0 | F30: =_xlfn.XLOOKUP(C30,Tab_Def_Flows[Name(EN)],Tab_Def_Flows[Process_ID_O],,0,) -> 12__ | G30: =_xlfn.XLOOKUP(C30,Tab_Def_Flows[Name(EN)],Tab_Def_Flows[Input_Process],,0,) -> 0 | H30: =_xlfn.XLOOKUP(C30,Tab_Def_Flows[Name(EN)],Tab_Def_Flows[Process_ID_I],,0,) -> 12__ | I30: =_xlfn.XLOOKUP(C30,Tab_Def_Flows[Name(EN)],Tab_Def_Flows[Value_Source],,0,) -> 0 | J30: =_xlfn.XLOOKUP(C30,Tab_Def_Flows[Name(EN)],Tab_Def_Flows[WC?],,0,) -> 0 | K30: =_xlfn.XLOOKUP(C30,Tab_Def_Flows[Name(EN)],Tab_Def_Flows[DM?],,0,) -> 0 | L30: =_xlfn.XLOOKUP(C30,Tab_Def_Flows[Name(EN)],Tab_Def_Flows[CC?],,0,) -> 0 | N30: BB | R30: =INDEX(Tab_WC_DM_CC[[Flow_ID]:[CC_source]],MATCH(Tab_Data_Flows[[#This Row],[Name(EN)]],Tab_WC_DM_CC[Name(EN)],0),12) -> #N/A | S30: =MATCH(Tab_Data_Flows[[#This Row],[Name(EN)]],Tab_WC_DM_CC[Name(EN)],0) -> #N/A | X30: No | AA30: =IF(X30="no",O30,O30*Y30) -> 0 | AC30: =INDEX(Tab_Def_Flows[[Flow_ID]:[CC_DM_source]],MATCH(Tab_Data_Flows[[#This Row],[Name(EN)]],Tab_Def_Flows[Name(EN)],0),16) -> #N/A | AD30: =IF(J30="Yes",AA30*Tab_Data_Flows[[#This Row],[WC_'[%']]],"N.A.") -> N.A. | AE30: =Tab_Data_Flows[[#This Row],[UoM_Flow_Py]] -> 0 | AF30: =INDEX(Tab_Def_Flows[[Flow_ID]:[CC_DM_source]],MATCH(Tab_Data_Flows[[#This Row],[Name(EN)]],Tab_Def_Flows[Name(EN)],0),18) -> #N/A | AG30: =IF(K30="Yes",AF30*Tab_Data_Flows[[#This Row],[Flow_Py]],"N.A.") -> N.A. | AH30: =Tab_Data_Flows[[#This Row],[UoM_Flow_Py]] -> 0 | AI30: =INDEX(Tab_Def_Flows[[Flow_ID]:[CC_DM_source]],MATCH(Tab_Data_Flows[[#This Row],[Name(EN)]],Tab_Def_Flows[Name(EN)],0),20) -> #N/A | AJ30: =IF(L30="Yes",AI30*Tab_Data_Flows[[#This Row],[Flow_Py]]*Tab_Data_Flows[[#This Row],[DM_'[%']]],"N.A.") -> N.A. | AK30: =Tab_Data_Flows[[#This Row],[UoM_Flow_Py]] -> 0
A31: =ROW()-1 -> 30 | B31: =_xlfn.XLOOKUP(C31,Tab_Def_Flows[Name(EN)],Tab_Def_Flows[Flow_ID],,0,) -> F_12_12 | D31: =_xlfn.XLOOKUP(C31,Tab_Def_Flows[Name(EN)],Tab_Def_Flows[Type_Biomass],,0,) -> 0 | E31: =_xlfn.XLOOKUP(C31,Tab_Def_Flows[Name(EN)],Tab_Def_Flows[Output_Process],,0,) -> 0 | F31: =_xlfn.XLOOKUP(C31,Tab_Def_Flows[Name(EN)],Tab_Def_Flows[Process_ID_O],,0,) -> 12__ | G31: =_xlfn.XLOOKUP(C31,Tab_Def_Flows[Name(EN)],Tab_Def_Flows[Input_Process],,0,) -> 0 | H31: =_xlfn.XLOOKUP(C31,Tab_Def_Flows[Name(EN)],Tab_Def_Flows[Process_ID_I],,0,) -> 12__ | I31: =_xlfn.XLOOKUP(C31,Tab_Def_Flows[Name(EN)],Tab_Def_Flows[Value_Source],,0,) -> 0 | J31: =_xlfn.XLOOKUP(C31,Tab_Def_Flows[Name(EN)],Tab_Def_Flows[WC?],,0,) -> 0 | K31: =_xlfn.XLOOKUP(C31,Tab_Def_Flows[Name(EN)],Tab_Def_Flows[DM?],,0,) -> 0 | L31: =_xlfn.XLOOKUP(C31,Tab_Def_Flows[Name(EN)],Tab_Def_Flows[CC?],,0,) -> 0 | N31: BB | X31: No | AA31: =IF(X31="no",O31,O31*Y31) -> 0 | AC31: =INDEX(Tab_Def_Flows[[Flow_ID]:[CC_DM_source]],MATCH(Tab_Data_Flows[[#This Row],[Name(EN)]],Tab_Def_Flows[Name(EN)],0),16) -> #N/A | AD31: =IF(J31="Yes",AA31*Tab_Data_Flows[[#This Row],[WC_'[%']]],"N.A.") -> N.A. | AE31: =Tab_Data_Flows[[#This Row],[UoM_Flow_Py]] -> 0 | AF31: =INDEX(Tab_Def_Flows[[Flow_ID]:[CC_DM_source]],MATCH(Tab_Data_Flows[[#This Row],[Name(EN)]],Tab_Def_Flows[Name(EN)],0),18) -> #N/A | AG31: =IF(K31="Yes",AF31*Tab_Data_Flows[[#This Row],[Flow_Py]],"N.A.") -> N.A. | AH31: =Tab_Data_Flows[[#This Row],[UoM_Flow_Py]] -> 0 | AI31: =INDEX(Tab_Def_Flows[[Flow_ID]:[CC_DM_source]],MATCH(Tab_Data_Flows[[#This Row],[Name(EN)]],Tab_Def_Flows[Name(EN)],0),20) -> #N/A | AJ31: =IF(L31="Yes",AI31*Tab_Data_Flows[[#This Row],[Flow_Py]]*Tab_Data_Flows[[#This Row],[DM_'[%']]],"N.A.") -> N.A. | AK31: =Tab_Data_Flows[[#This Row],[UoM_Flow_Py]] -> 0
A32: =ROW()-1 -> 31 | B32: =_xlfn.XLOOKUP(C32,Tab_Def_Flows[Name(EN)],Tab_Def_Flows[Flow_ID],,0,) -> F_12_12 | D32: =_xlfn.XLOOKUP(C32,Tab_Def_Flows[Name(EN)],Tab_Def_Flows[Type_Biomass],,0,) -> 0 | E32: =_xlfn.XLOOKUP(C32,Tab_Def_Flows[Name(EN)],Tab_Def_Flows[Output_Process],,0,) -> 0 | F32: =_xlfn.XLOOKUP(C32,Tab_Def_Flows[Name(EN)],Tab_Def_Flows[Process_ID_O],,0,) -> 12__ | G32: =_xlfn.XLOOKUP(C32,Tab_Def_Flows[Name(EN)],Tab_Def_Flows[Input_Process],,0,) -> 0 | H32: =_xlfn.XLOOKUP(C32,Tab_Def_Flows[Name(EN)],Tab_Def_Flows[Process_ID_I],,0,) -> 12__ | I32: =_xlfn.XLOOKUP(C32,Tab_Def_Flows[Name(EN)],Tab_Def_Flows[Value_Source],,0,) -> 0 | J32: =_xlfn.XLOOKUP(C32,Tab_Def_Flows[Name(EN)],Tab_Def_Flows[WC?],,0,) -> 0 | K32: =_xlfn.XLOOKUP(C32,Tab_Def_Flows[Name(EN)],Tab_Def_Flows[DM?],,0,) -> 0 | L32: =_xlfn.XLOOKUP(C32,Tab_Def_Flows[Name(EN)],Tab_Def_Flows[CC?],,0,) -> 0 | N32: BB | X32: No | AA32: =IF(X32="no",O32,O32*Y32) -> 0 | AC32: =INDEX(Tab_Def_Flows[[Flow_ID]:[CC_DM_source]],MATCH(Tab_Data_Flows[[#This Row],[Name(EN)]],Tab_Def_Flows[Name(EN)],0),16) -> #N/A | AD32: =IF(J32="Yes",AA32*Tab_Data_Flows[[#This Row],[WC_'[%']]],"N.A.") -> N.A. | AE32: =Tab_Data_Flows[[#This Row],[UoM_Flow_Py]] -> 0 | AF32: =INDEX(Tab_Def_Flows[[Flow_ID]:[CC_DM_source]],MATCH(Tab_Data_Flows[[#This Row],[Name(EN)]],Tab_Def_Flows[Name(EN)],0),18) -> #N/A | AG32: =IF(K32="Yes",AF32*Tab_Data_Flows[[#This Row],[Flow_Py]],"N.A.") -> N.A. | AH32: =Tab_Data_Flows[[#This Row],[UoM_Flow_Py]] -> 0 | AI32: =INDEX(Tab_Def_Flows[[Flow_ID]:[CC_DM_source]],MATCH(Tab_Data_Flows[[#This Row],[Name(EN)]],Tab_Def_Flows[Name(EN)],0),20) -> #N/A | AJ32: =IF(L32="Yes",AI32*Tab_Data_Flows[[#This Row],[Flow_Py]]*Tab_Data_Flows[[#This Row],[DM_'[%']]],"N.A.") -> N.A. | AK32: =Tab_Data_Flows[[#This Row],[UoM_Flow_Py]] -> 0
A33: =ROW()-1 -> 32 | B33: =_xlfn.XLOOKUP(C33,Tab_Def_Flows[Name(EN)],Tab_Def_Flows[Flow_ID],,0,) -> F_12_12 | D33: =_xlfn.XLOOKUP(C33,Tab_Def_Flows[Name(EN)],Tab_Def_Flows[Type_Biomass],,0,) -> 0 | E33: =_xlfn.XLOOKUP(C33,Tab_Def_Flows[Name(EN)],Tab_Def_Flows[Output_Process],,0,) -> 0 | F33: =_xlfn.XLOOKUP(C33,Tab_Def_Flows[Name(EN)],Tab_Def_Flows[Process_ID_O],,0,) -> 12__ | G33: =_xlfn.XLOOKUP(C33,Tab_Def_Flows[Name(EN)],Tab_Def_Flows[Input_Process],,0,) -> 0 | H33: =_xlfn.XLOOKUP(C33,Tab_Def_Flows[Name(EN)],Tab_Def_Flows[Process_ID_I],,0,) -> 12__ | I33: =_xlfn.XLOOKUP(C33,Tab_Def_Flows[Name(EN)],Tab_Def_Flows[Value_Source],,0,) -> 0 | J33: =_xlfn.XLOOKUP(C33,Tab_Def_Flows[Name(EN)],Tab_Def_Flows[WC?],,0,) -> 0 | K33: =_xlfn.XLOOKUP(C33,Tab_Def_Flows[Name(EN)],Tab_Def_Flows[DM?],,0,) -> 0 | L33: =_xlfn.XLOOKUP(C33,Tab_Def_Flows[Name(EN)],Tab_Def_Flows[CC?],,0,) -> 0 | N33: BB | X33: No | AA33: =IF(X33="no",O33,O33*Y33) -> 0 | AC33: =INDEX(Tab_Def_Flows[[Flow_ID]:[CC_DM_source]],MATCH(Tab_Data_Flows[[#This Row],[Name(EN)]],Tab_Def_Flows[Name(EN)],0),16) -> #N/A | AD33: =IF(J33="Yes",AA33*Tab_Data_Flows[[#This Row],[WC_'[%']]],"N.A.") -> N.A. | AE33: =Tab_Data_Flows[[#This Row],[UoM_Flow_Py]] -> 0 | AF33: =INDEX(Tab_Def_Flows[[Flow_ID]:[CC_DM_source]],MATCH(Tab_Data_Flows[[#This Row],[Name(EN)]],Tab_Def_Flows[Name(EN)],0),18) -> #N/A | AG33: =IF(K33="Yes",AF33*Tab_Data_Flows[[#This Row],[Flow_Py]],"N.A.") -> N.A. | AH33: =Tab_Data_Flows[[#This Row],[UoM_Flow_Py]] -> 0 | AI33: =INDEX(Tab_Def_Flows[[Flow_ID]:[CC_DM_source]],MATCH(Tab_Data_Flows[[#This Row],[Name(EN)]],Tab_Def_Flows[Name(EN)],0),20) -> #N/A | AJ33: =IF(L33="Yes",AI33*Tab_Data_Flows[[#This Row],[Flow_Py]]*Tab_Data_Flows[[#This Row],[DM_'[%']]],"N.A.") -> N.A. | AK33: =Tab_Data_Flows[[#This Row],[UoM_Flow_Py]] -> 0
A34: =ROW()-1 -> 33 | B34: =_xlfn.XLOOKUP(C34,Tab_Def_Flows[Name(EN)],Tab_Def_Flows[Flow_ID],,0,) -> F_12_12 | D34: =_xlfn.XLOOKUP(C34,Tab_Def_Flows[Name(EN)],Tab_Def_Flows[Type_Biomass],,0,) -> 0 | E34: =_xlfn.XLOOKUP(C34,Tab_Def_Flows[Name(EN)],Tab_Def_Flows[Output_Process],,0,) -> 0 | F34: =_xlfn.XLOOKUP(C34,Tab_Def_Flows[Name(EN)],Tab_Def_Flows[Process_ID_O],,0,) -> 12__ | G34: =_xlfn.XLOOKUP(C34,Tab_Def_Flows[Name(EN)],Tab_Def_Flows[Input_Process],,0,) -> 0 | H34: =_xlfn.XLOOKUP(C34,Tab_Def_Flows[Name(EN)],Tab_Def_Flows[Process_ID_I],,0,) -> 12__ | I34: =_xlfn.XLOOKUP(C34,Tab_Def_Flows[Name(EN)],Tab_Def_Flows[Value_Source],,0,) -> 0 | J34: =_xlfn.XLOOKUP(C34,Tab_Def_Flows[Name(EN)],Tab_Def_Flows[WC?],,0,) -> 0 | K34: =_xlfn.XLOOKUP(C34,Tab_Def_Flows[Name(EN)],Tab_Def_Flows[DM?],,0,) -> 0 | L34: =_xlfn.XLOOKUP(C34,Tab_Def_Flows[Name(EN)],Tab_Def_Flows[CC?],,0,) -> 0 | N34: BB | X34: No | AA34: =IF(X34="no",O34,O34*Y34) -> 0 | AC34: =INDEX(Tab_Def_Flows[[Flow_ID]:[CC_DM_source]],MATCH(Tab_Data_Flows[[#This Row],[Name(EN)]],Tab_Def_Flows[Name(EN)],0),16) -> #N/A | AD34: =IF(J34="Yes",AA34*Tab_Data_Flows[[#This Row],[WC_'[%']]],"N.A.") -> N.A. | AE34: =Tab_Data_Flows[[#This Row],[UoM_Flow_Py]] -> 0 | AF34: =INDEX(Tab_Def_Flows[[Flow_ID]:[CC_DM_source]],MATCH(Tab_Data_Flows[[#This Row],[Name(EN)]],Tab_Def_Flows[Name(EN)],0),18) -> #N/A | AG34: =IF(K34="Yes",AF34*Tab_Data_Flows[[#This Row],[Flow_Py]],"N.A.") -> N.A. | AH34: =Tab_Data_Flows[[#This Row],[UoM_Flow_Py]] -> 0 | AI34: =INDEX(Tab_Def_Flows[[Flow_ID]:[CC_DM_source]],MATCH(Tab_Data_Flows[[#This Row],[Name(EN)]],Tab_Def_Flows[Name(EN)],0),20) -> #N/A | AJ34: =IF(L34="Yes",AI34*Tab_Data_Flows[[#This Row],[Flow_Py]]*Tab_Data_Flows[[#This Row],[DM_'[%']]],"N.A.") -> N.A. | AK34: =Tab_Data_Flows[[#This Row],[UoM_Flow_Py]] -> 0
A35: =ROW()-1 -> 34 | B35: =_xlfn.XLOOKUP(C35,Tab_Def_Flows[Name(EN)],Tab_Def_Flows[Flow_ID],,0,) -> F_12_12 | D35: =_xlfn.XLOOKUP(C35,Tab_Def_Flows[Name(EN)],Tab_Def_Flows[Type_Biomass],,0,) -> 0 | E35: =_xlfn.XLOOKUP(C35,Tab_Def_Flows[Name(EN)],Tab_Def_Flows[Output_Process],,0,) -> 0 | F35: =_xlfn.XLOOKUP(C35,Tab_Def_Flows[Name(EN)],Tab_Def_Flows[Process_ID_O],,0,) -> 12__ | G35: =_xlfn.XLOOKUP(C35,Tab_Def_Flows[Name(EN)],Tab_Def_Flows[Input_Process],,0,) -> 0 | H35: =_xlfn.XLOOKUP(C35,Tab_Def_Flows[Name(EN)],Tab_Def_Flows[Process_ID_I],,0,) -> 12__ | I35: =_xlfn.XLOOKUP(C35,Tab_Def_Flows[Name(EN)],Tab_Def_Flows[Value_Source],,0,) -> 0 | J35: =_xlfn.XLOOKUP(C35,Tab_Def_Flows[Name(EN)],Tab_Def_Flows[WC?],,0,) -> 0 | K35: =_xlfn.XLOOKUP(C35,Tab_Def_Flows[Name(EN)],Tab_Def_Flows[DM?],,0,) -> 0 | L35: =_xlfn.XLOOKUP(C35,Tab_Def_Flows[Name(EN)],Tab_Def_Flows[CC?],,0,) -> 0 | N35: BB | X35: No | AA35: =IF(X35="no",O35,O35*Y35) -> 0 | AC35: =INDEX(Tab_Def_Flows[[Flow_ID]:[CC_DM_source]],MATCH(Tab_Data_Flows[[#This Row],[Name(EN)]],Tab_Def_Flows[Name(EN)],0),16) -> #N/A | AD35: =IF(J35="Yes",AA35*Tab_Data_Flows[[#This Row],[WC_'[%']]],"N.A.") -> N.A. | AE35: =Tab_Data_Flows[[#This Row],[UoM_Flow_Py]] -> 0 | AF35: =INDEX(Tab_Def_Flows[[Flow_ID]:[CC_DM_source]],MATCH(Tab_Data_Flows[[#This Row],[Name(EN)]],Tab_Def_Flows[Name(EN)],0),18) -> #N/A | AG35: =IF(K35="Yes",AF35*Tab_Data_Flows[[#This Row],[Flow_Py]],"N.A.") -> N.A. | AH35: =Tab_Data_Flows[[#This Row],[UoM_Flow_Py]] -> 0 | AI35: =INDEX(Tab_Def_Flows[[Flow_ID]:[CC_DM_source]],MATCH(Tab_Data_Flows[[#This Row],[Name(EN)]],Tab_Def_Flows[Name(EN)],0),20) -> #N/A | AJ35: =IF(L35="Yes",AI35*Tab_Data_Flows[[#This Row],[Flow_Py]]*Tab_Data_Flows[[#This Row],[DM_'[%']]],"N.A.") -> N.A. | AK35: =Tab_Data_Flows[[#This Row],[UoM_Flow_Py]] -> 0
A36: =ROW()-1 -> 35 | B36: =_xlfn.XLOOKUP(C36,Tab_Def_Flows[Name(EN)],Tab_Def_Flows[Flow_ID],,0,) -> F_12_12 | D36: =_xlfn.XLOOKUP(C36,Tab_Def_Flows[Name(EN)],Tab_Def_Flows[Type_Biomass],,0,) -> 0 | E36: =_xlfn.XLOOKUP(C36,Tab_Def_Flows[Name(EN)],Tab_Def_Flows[Output_Process],,0,) -> 0 | F36: =_xlfn.XLOOKUP(C36,Tab_Def_Flows[Name(EN)],Tab_Def_Flows[Process_ID_O],,0,) -> 12__ | G36: =_xlfn.XLOOKUP(C36,Tab_Def_Flows[Name(EN)],Tab_Def_Flows[Input_Process],,0,) -> 0 | H36: =_xlfn.XLOOKUP(C36,Tab_Def_Flows[Name(EN)],Tab_Def_Flows[Process_ID_I],,0,) -> 12__ | I36: =_xlfn.XLOOKUP(C36,Tab_Def_Flows[Name(EN)],Tab_Def_Flows[Value_Source],,0,) -> 0 | J36: =_xlfn.XLOOKUP(C36,Tab_Def_Flows[Name(EN)],Tab_Def_Flows[WC?],,0,) -> 0 | K36: =_xlfn.XLOOKUP(C36,Tab_Def_Flows[Name(EN)],Tab_Def_Flows[DM?],,0,) -> 0 | L36: =_xlfn.XLOOKUP(C36,Tab_Def_Flows[Name(EN)],Tab_Def_Flows[CC?],,0,) -> 0 | N36: BB | X36: No | AA36: =IF(X36="no",O36,O36*Y36) -> 0 | AC36: =INDEX(Tab_Def_Flows[[Flow_ID]:[CC_DM_source]],MATCH(Tab_Data_Flows[[#This Row],[Name(EN)]],Tab_Def_Flows[Name(EN)],0),16) -> #N/A | AD36: =IF(J36="Yes",AA36*Tab_Data_Flows[[#This Row],[WC_'[%']]],"N.A.") -> N.A. | AE36: =Tab_Data_Flows[[#This Row],[UoM_Flow_Py]] -> 0 | AF36: =INDEX(Tab_Def_Flows[[Flow_ID]:[CC_DM_source]],MATCH(Tab_Data_Flows[[#This Row],[Name(EN)]],Tab_Def_Flows[Name(EN)],0),18) -> #N/A | AG36: =IF(K36="Yes",AF36*Tab_Data_Flows[[#This Row],[Flow_Py]],"N.A.") -> N.A. | AH36: =Tab_Data_Flows[[#This Row],[UoM_Flow_Py]] -> 0 | AI36: =INDEX(Tab_Def_Flows[[Flow_ID]:[CC_DM_source]],MATCH(Tab_Data_Flows[[#This Row],[Name(EN)]],Tab_Def_Flows[Name(EN)],0),20) -> #N/A | AJ36: =IF(L36="Yes",AI36*Tab_Data_Flows[[#This Row],[Flow_Py]]*Tab_Data_Flows[[#This Row],[DM_'[%']]],"N.A.") -> N.A. | AK36: =Tab_Data_Flows[[#This Row],[UoM_Flow_Py]] -> 0
A37: =ROW()-1 -> 36 | B37: =_xlfn.XLOOKUP(C37,Tab_Def_Flows[Name(EN)],Tab_Def_Flows[Flow_ID],,0,) -> F_12_12 | D37: =_xlfn.XLOOKUP(C37,Tab_Def_Flows[Name(EN)],Tab_Def_Flows[Type_Biomass],,0,) -> 0 | E37: =_xlfn.XLOOKUP(C37,Tab_Def_Flows[Name(EN)],Tab_Def_Flows[Output_Process],,0,) -> 0 | F37: =_xlfn.XLOOKUP(C37,Tab_Def_Flows[Name(EN)],Tab_Def_Flows[Process_ID_O],,0,) -> 12__ | G37: =_xlfn.XLOOKUP(C37,Tab_Def_Flows[Name(EN)],Tab_Def_Flows[Input_Process],,0,) -> 0 | H37: =_xlfn.XLOOKUP(C37,Tab_Def_Flows[Name(EN)],Tab_Def_Flows[Process_ID_I],,0,) -> 12__ | I37: =_xlfn.XLOOKUP(C37,Tab_Def_Flows[Name(EN)],Tab_Def_Flows[Value_Source],,0,) -> 0 | J37: =_xlfn.XLOOKUP(C37,Tab_Def_Flows[Name(EN)],Tab_Def_Flows[WC?],,0,) -> 0 | K37: =_xlfn.XLOOKUP(C37,Tab_Def_Flows[Name(EN)],Tab_Def_Flows[DM?],,0,) -> 0 | L37: =_xlfn.XLOOKUP(C37,Tab_Def_Flows[Name(EN)],Tab_Def_Flows[CC?],,0,) -> 0 | N37: BB | X37: No | AA37: =IF(X37="no",O37,O37*Y37) -> 0 | AC37: =INDEX(Tab_Def_Flows[[Flow_ID]:[CC_DM_source]],MATCH(Tab_Data_Flows[[#This Row],[Name(EN)]],Tab_Def_Flows[Name(EN)],0),16) -> #N/A | AD37: =IF(J37="Yes",AA37*Tab_Data_Flows[[#This Row],[WC_'[%']]],"N.A.") -> N.A. | AE37: =Tab_Data_Flows[[#This Row],[UoM_Flow_Py]] -> 0 | AF37: =INDEX(Tab_Def_Flows[[Flow_ID]:[CC_DM_source]],MATCH(Tab_Data_Flows[[#This Row],[Name(EN)]],Tab_Def_Flows[Name(EN)],0),18) -> #N/A | AG37: =IF(K37="Yes",AF37*Tab_Data_Flows[[#This Row],[Flow_Py]],"N.A.") -> N.A. | AH37: =Tab_Data_Flows[[#This Row],[UoM_Flow_Py]] -> 0 | AI37: =INDEX(Tab_Def_Flows[[Flow_ID]:[CC_DM_source]],MATCH(Tab_Data_Flows[[#This Row],[Name(EN)]],Tab_Def_Flows[Name(EN)],0),20) -> #N/A | AJ37: =IF(L37="Yes",AI37*Tab_Data_Flows[[#This Row],[Flow_Py]]*Tab_Data_Flows[[#This Row],[DM_'[%']]],"N.A.") -> N.A. | AK37: =Tab_Data_Flows[[#This Row],[UoM_Flow_Py]] -> 0
A38: =ROW()-1 -> 37 | B38: =_xlfn.XLOOKUP(C38,Tab_Def_Flows[Name(EN)],Tab_Def_Flows[Flow_ID],,0,) -> F_12_12 | E38: =_xlfn.XLOOKUP(C38,Tab_Def_Flows[Name(EN)],Tab_Def_Flows[Output_Process],,0,) -> 0 | F38: =_xlfn.XLOOKUP(C38,Tab_Def_Flows[Name(EN)],Tab_Def_Flows[Process_ID_O],,0,) -> 12__ | G38: =_xlfn.XLOOKUP(C38,Tab_Def_Flows[Name(EN)],Tab_Def_Flows[Input_Process],,0,) -> 0 | H38: =_xlfn.XLOOKUP(C38,Tab_Def_Flows[Name(EN)],Tab_Def_Flows[Process_ID_I],,0,) -> 12__ | I38: =_xlfn.XLOOKUP(C38,Tab_Def_Flows[Name(EN)],Tab_Def_Flows[Value_Source],,0,) -> 0 | J38: =_xlfn.XLOOKUP(C38,Tab_Def_Flows[Name(EN)],Tab_Def_Flows[WC?],,0,) -> 0 | K38: =_xlfn.XLOOKUP(C38,Tab_Def_Flows[Name(EN)],Tab_Def_Flows[DM?],,0,) -> 0 | L38: =_xlfn.XLOOKUP(C38,Tab_Def_Flows[Name(EN)],Tab_Def_Flows[CC?],,0,) -> 0 | R38: =INDEX(Tab_WC_DM_CC[[Flow_ID]:[CC_source]],MATCH(Tab_Data_Flows[[#This Row],[Name(EN)]],Tab_WC_DM_CC[Name(EN)],0),12) -> #N/A | S38: =MATCH(Tab_Data_Flows[[#This Row],[Name(EN)]],Tab_WC_DM_CC[Name(EN)],0) -> #N/A | X38: No | AA38: =IF(X38="no",O38,O38*Y38) -> 0 | AC38: =INDEX(Tab_Def_Flows[[Flow_ID]:[CC_DM_source]],MATCH(Tab_Data_Flows[[#This Row],[Name(EN)]],Tab_Def_Flows[Name(EN)],0),16) -> #N/A | AD38: =IF(J38="Yes",AA38*Tab_Data_Flows[[#This Row],[WC_'[%']]],"N.A.") -> N.A. | AE38: =Tab_Data_Flows[[#This Row],[UoM_Flow_Py]] -> 0 | AF38: =INDEX(Tab_Def_Flows[[Flow_ID]:[CC_DM_source]],MATCH(Tab_Data_Flows[[#This Row],[Name(EN)]],Tab_Def_Flows[Name(EN)],0),18) -> #N/A | AG38: =IF(K38="Yes",AF38*Tab_Data_Flows[[#This Row],[Flow_Py]],"N.A.") -> N.A. | AH38: =Tab_Data_Flows[[#This Row],[UoM_Flow_Py]] -> 0 | AI38: =INDEX(Tab_Def_Flows[[Flow_ID]:[CC_DM_source]],MATCH(Tab_Data_Flows[[#This Row],[Name(EN)]],Tab_Def_Flows[Name(EN)],0),20) -> #N/A | AJ38: =IF(L38="Yes",AI38*Tab_Data_Flows[[#This Row],[Flow_Py]]*Tab_Data_Flows[[#This Row],[DM_'[%']]],"N.A.") -> N.A. | AK38: =Tab_Data_Flows[[#This Row],[UoM_Flow_Py]] -> 0
A39: =ROW()-1 -> 38 | B39: =_xlfn.XLOOKUP(C39,Tab_Def_Flows[Name(EN)],Tab_Def_Flows[Flow_ID],,0,) -> F_12_12 | E39: =_xlfn.XLOOKUP(C39,Tab_Def_Flows[Name(EN)],Tab_Def_Flows[Output_Process],,0,) -> 0 | F39: =_xlfn.XLOOKUP(C39,Tab_Def_Flows[Name(EN)],Tab_Def_Flows[Process_ID_O],,0,) -> 12__ | G39: =_xlfn.XLOOKUP(C39,Tab_Def_Flows[Name(EN)],Tab_Def_Flows[Input_Process],,0,) -> 0 | H39: =_xlfn.XLOOKUP(C39,Tab_Def_Flows[Name(EN)],Tab_Def_Flows[Process_ID_I],,0,) -> 12__ | I39: =_xlfn.XLOOKUP(C39,Tab_Def_Flows[Name(EN)],Tab_Def_Flows[Value_Source],,0,) -> 0 | J39: =_xlfn.XLOOKUP(C39,Tab_Def_Flows[Name(EN)],Tab_Def_Flows[WC?],,0,) -> 0 | K39: =_xlfn.XLOOKUP(C39,Tab_Def_Flows[Name(EN)],Tab_Def_Flows[DM?],,0,) -> 0 | L39: =_xlfn.XLOOKUP(C39,Tab_Def_Flows[Name(EN)],Tab_Def_Flows[CC?],,0,) -> 0 | R39: =INDEX(Tab_WC_DM_CC[[Flow_ID]:[CC_source]],MATCH(Tab_Data_Flows[[#This Row],[Name(EN)]],Tab_WC_DM_CC[Name(EN)],0),12) -> #N/A | S39: =MATCH(Tab_Data_Flows[[#This Row],[Name(EN)]],Tab_WC_DM_CC[Name(EN)],0) -> #N/A | X39: No | AA39: =IF(X39="no",O39,O39*Y39) -> 0 | AC39: =INDEX(Tab_Def_Flows[[Flow_ID]:[CC_DM_source]],MATCH(Tab_Data_Flows[[#This Row],[Name(EN)]],Tab_Def_Flows[Name(EN)],0),16) -> #N/A | AD39: =IF(J39="Yes",AA39*Tab_Data_Flows[[#This Row],[WC_'[%']]],"N.A.") -> N.A. | AE39: =Tab_Data_Flows[[#This Row],[UoM_Flow_Py]] -> 0 | AF39: =INDEX(Tab_Def_Flows[[Flow_ID]:[CC_DM_source]],MATCH(Tab_Data_Flows[[#This Row],[Name(EN)]],Tab_Def_Flows[Name(EN)],0),18) -> #N/A | AG39: =IF(K39="Yes",AF39*Tab_Data_Flows[[#This Row],[Flow_Py]],"N.A.") -> N.A. | AH39: =Tab_Data_Flows[[#This Row],[UoM_Flow_Py]] -> 0 | AI39: =INDEX(Tab_Def_Flows[[Flow_ID]:[CC_DM_source]],MATCH(Tab_Data_Flows[[#This Row],[Name(EN)]],Tab_Def_Flows[Name(EN)],0),20) -> #N/A | AJ39: =IF(L39="Yes",AI39*Tab_Data_Flows[[#This Row],[Flow_Py]]*Tab_Data_Flows[[#This Row],[DM_'[%']]],"N.A.") -> N.A. | AK39: =Tab_Data_Flows[[#This Row],[UoM_Flow_Py]] -> 0
A40: =ROW()-1 -> 39 | B40: =_xlfn.XLOOKUP(C40,Tab_Def_Flows[Name(EN)],Tab_Def_Flows[Flow_ID],,0,) -> F_12_12 | E40: =_xlfn.XLOOKUP(C40,Tab_Def_Flows[Name(EN)],Tab_Def_Flows[Output_Process],,0,) -> 0 | F40: =_xlfn.XLOOKUP(C40,Tab_Def_Flows[Name(EN)],Tab_Def_Flows[Process_ID_O],,0,) -> 12__ | G40: =_xlfn.XLOOKUP(C40,Tab_Def_Flows[Name(EN)],Tab_Def_Flows[Input_Process],,0,) -> 0 | H40: =_xlfn.XLOOKUP(C40,Tab_Def_Flows[Name(EN)],Tab_Def_Flows[Process_ID_I],,0,) -> 12__ | I40: =_xlfn.XLOOKUP(C40,Tab_Def_Flows[Name(EN)],Tab_Def_Flows[Value_Source],,0,) -> 0 | J40: =_xlfn.XLOOKUP(C40,Tab_Def_Flows[Name(EN)],Tab_Def_Flows[WC?],,0,) -> 0 | K40: =_xlfn.XLOOKUP(C40,Tab_Def_Flows[Name(EN)],Tab_Def_Flows[DM?],,0,) -> 0 | L40: =_xlfn.XLOOKUP(C40,Tab_Def_Flows[Name(EN)],Tab_Def_Flows[CC?],,0,) -> 0 | R40: =INDEX(Tab_WC_DM_CC[[Flow_ID]:[CC_source]],MATCH(Tab_Data_Flows[[#This Row],[Name(EN)]],Tab_WC_DM_CC[Name(EN)],0),12) -> #N/A | S40: =MATCH(Tab_Data_Flows[[#This Row],[Name(EN)]],Tab_WC_DM_CC[Name(EN)],0) -> #N/A | X40: No | AA40: =IF(X40="no",O40,O40*Y40) -> 0 | AC40: =INDEX(Tab_Def_Flows[[Flow_ID]:[CC_DM_source]],MATCH(Tab_Data_Flows[[#This Row],[Name(EN)]],Tab_Def_Flows[Name(EN)],0),16) -> #N/A | AD40: =IF(J40="Yes",AA40*Tab_Data_Flows[[#This Row],[WC_'[%']]],"N.A.") -> N.A. | AE40: =Tab_Data_Flows[[#This Row],[UoM_Flow_Py]] -> 0 | AF40: =INDEX(Tab_Def_Flows[[Flow_ID]:[CC_DM_source]],MATCH(Tab_Data_Flows[[#This Row],[Name(EN)]],Tab_Def_Flows[Name(EN)],0),18) -> #N/A | AG40: =IF(K40="Yes",AF40*Tab_Data_Flows[[#This Row],[Flow_Py]],"N.A.") -> N.A. | AH40: =Tab_Data_Flows[[#This Row],[UoM_Flow_Py]] -> 0 | AI40: =INDEX(Tab_Def_Flows[[Flow_ID]:[CC_DM_source]],MATCH(Tab_Data_Flows[[#This Row],[Name(EN)]],Tab_Def_Flows[Name(EN)],0),20) -> #N/A | AJ40: =IF(L40="Yes",AI40*Tab_Data_Flows[[#This Row],[Flow_Py]]*Tab_Data_Flows[[#This Row],[DM_'[%']]],"N.A.") -> N.A. | AK40: =Tab_Data_Flows[[#This Row],[UoM_Flow_Py]] -> 0
A41: =ROW()-1 -> 40 | B41: =_xlfn.XLOOKUP(C41,Tab_Def_Flows[Name(EN)],Tab_Def_Flows[Flow_ID],,0,) -> F_12_12 | E41: =_xlfn.XLOOKUP(C41,Tab_Def_Flows[Name(EN)],Tab_Def_Flows[Output_Process],,0,) -> 0 | F41: =_xlfn.XLOOKUP(C41,Tab_Def_Flows[Name(EN)],Tab_Def_Flows[Process_ID_O],,0,) -> 12__ | G41: =_xlfn.XLOOKUP(C41,Tab_Def_Flows[Name(EN)],Tab_Def_Flows[Input_Process],,0,) -> 0 | H41: =_xlfn.XLOOKUP(C41,Tab_Def_Flows[Name(EN)],Tab_Def_Flows[Process_ID_I],,0,) -> 12__ | I41: =_xlfn.XLOOKUP(C41,Tab_Def_Flows[Name(EN)],Tab_Def_Flows[Value_Source],,0,) -> 0 | J41: =_xlfn.XLOOKUP(C41,Tab_Def_Flows[Name(EN)],Tab_Def_Flows[WC?],,0,) -> 0 | K41: =_xlfn.XLOOKUP(C41,Tab_Def_Flows[Name(EN)],Tab_Def_Flows[DM?],,0,) -> 0 | L41: =_xlfn.XLOOKUP(C41,Tab_Def_Flows[Name(EN)],Tab_Def_Flows[CC?],,0,) -> 0 | R41: =INDEX(Tab_WC_DM_CC[[Flow_ID]:[CC_source]],MATCH(Tab_Data_Flows[[#This Row],[Name(EN)]],Tab_WC_DM_CC[Name(EN)],0),12) -> #N/A | S41: =MATCH(Tab_Data_Flows[[#This Row],[Name(EN)]],Tab_WC_DM_CC[Name(EN)],0) -> #N/A | X41: No | AA41: =IF(X41="no",O41,O41*Y41) -> 0 | AC41: =INDEX(Tab_Def_Flows[[Flow_ID]:[CC_DM_source]],MATCH(Tab_Data_Flows[[#This Row],[Name(EN)]],Tab_Def_Flows[Name(EN)],0),16) -> #N/A | AD41: =IF(J41="Yes",AA41*Tab_Data_Flows[[#This Row],[WC_'[%']]],"N.A.") -> N.A. | AE41: =Tab_Data_Flows[[#This Row],[UoM_Flow_Py]] -> 0 | AF41: =INDEX(Tab_Def_Flows[[Flow_ID]:[CC_DM_source]],MATCH(Tab_Data_Flows[[#This Row],[Name(EN)]],Tab_Def_Flows[Name(EN)],0),18) -> #N/A | AG41: =IF(K41="Yes",AF41*Tab_Data_Flows[[#This Row],[Flow_Py]],"N.A.") -> N.A. | AH41: =Tab_Data_Flows[[#This Row],[UoM_Flow_Py]] -> 0 | AI41: =INDEX(Tab_Def_Flows[[Flow_ID]:[CC_DM_source]],MATCH(Tab_Data_Flows[[#This Row],[Name(EN)]],Tab_Def_Flows[Name(EN)],0),20) -> #N/A | AJ41: =IF(L41="Yes",AI41*Tab_Data_Flows[[#This Row],[Flow_Py]]*Tab_Data_Flows[[#This Row],[DM_'[%']]],"N.A.") -> N.A. | AK41: =Tab_Data_Flows[[#This Row],[UoM_Flow_Py]] -> 0
A42: =ROW()-1 -> 41 | B42: =_xlfn.XLOOKUP(C42,Tab_Def_Flows[Name(EN)],Tab_Def_Flows[Flow_ID],,0,) -> F_12_12 | E42: =_xlfn.XLOOKUP(C42,Tab_Def_Flows[Name(EN)],Tab_Def_Flows[Output_Process],,0,) -> 0 | F42: =_xlfn.XLOOKUP(C42,Tab_Def_Flows[Name(EN)],Tab_Def_Flows[Process_ID_O],,0,) -> 12__ | G42: =_xlfn.XLOOKUP(C42,Tab_Def_Flows[Name(EN)],Tab_Def_Flows[Input_Process],,0,) -> 0 | H42: =_xlfn.XLOOKUP(C42,Tab_Def_Flows[Name(EN)],Tab_Def_Flows[Process_ID_I],,0,) -> 12__ | I42: =_xlfn.XLOOKUP(C42,Tab_Def_Flows[Name(EN)],Tab_Def_Flows[Value_Source],,0,) -> 0 | J42: =_xlfn.XLOOKUP(C42,Tab_Def_Flows[Name(EN)],Tab_Def_Flows[WC?],,0,) -> 0 | K42: =_xlfn.XLOOKUP(C42,Tab_Def_Flows[Name(EN)],Tab_Def_Flows[DM?],,0,) -> 0 | L42: =_xlfn.XLOOKUP(C42,Tab_Def_Flows[Name(EN)],Tab_Def_Flows[CC?],,0,) -> 0 | R42: =INDEX(Tab_WC_DM_CC[[Flow_ID]:[CC_source]],MATCH(Tab_Data_Flows[[#This Row],[Name(EN)]],Tab_WC_DM_CC[Name(EN)],0),12) -> #N/A | S42: =MATCH(Tab_Data_Flows[[#This Row],[Name(EN)]],Tab_WC_DM_CC[Name(EN)],0) -> #N/A | X42: No | AA42: =IF(X42="no",O42,O42*Y42) -> 0 | AC42: =INDEX(Tab_Def_Flows[[Flow_ID]:[CC_DM_source]],MATCH(Tab_Data_Flows[[#This Row],[Name(EN)]],Tab_Def_Flows[Name(EN)],0),16) -> #N/A | AD42: =IF(J42="Yes",AA42*Tab_Data_Flows[[#This Row],[WC_'[%']]],"N.A.") -> N.A. | AE42: =Tab_Data_Flows[[#This Row],[UoM_Flow_Py]] -> 0 | AF42: =INDEX(Tab_Def_Flows[[Flow_ID]:[CC_DM_source]],MATCH(Tab_Data_Flows[[#This Row],[Name(EN)]],Tab_Def_Flows[Name(EN)],0),18) -> #N/A | AG42: =IF(K42="Yes",AF42*Tab_Data_Flows[[#This Row],[Flow_Py]],"N.A.") -> N.A. | AH42: =Tab_Data_Flows[[#This Row],[UoM_Flow_Py]] -> 0 | AI42: =INDEX(Tab_Def_Flows[[Flow_ID]:[CC_DM_source]],MATCH(Tab_Data_Flows[[#This Row],[Name(EN)]],Tab_Def_Flows[Name(EN)],0),20) -> #N/A | AJ42: =IF(L42="Yes",AI42*Tab_Data_Flows[[#This Row],[Flow_Py]]*Tab_Data_Flows[[#This Row],[DM_'[%']]],"N.A.") -> N.A. | AK42: =Tab_Data_Flows[[#This Row],[UoM_Flow_Py]] -> 0
A43: =ROW()-1 -> 42 | B43: =_xlfn.XLOOKUP(C43,Tab_Def_Flows[Name(EN)],Tab_Def_Flows[Flow_ID],,0,) -> F_12_12 | E43: =_xlfn.XLOOKUP(C43,Tab_Def_Flows[Name(EN)],Tab_Def_Flows[Output_Process],,0,) -> 0 | F43: =_xlfn.XLOOKUP(C43,Tab_Def_Flows[Name(EN)],Tab_Def_Flows[Process_ID_O],,0,) -> 12__ | G43: =_xlfn.XLOOKUP(C43,Tab_Def_Flows[Name(EN)],Tab_Def_Flows[Input_Process],,0,) -> 0 | H43: =_xlfn.XLOOKUP(C43,Tab_Def_Flows[Name(EN)],Tab_Def_Flows[Process_ID_I],,0,) -> 12__ | I43: =_xlfn.XLOOKUP(C43,Tab_Def_Flows[Name(EN)],Tab_Def_Flows[Value_Source],,0,) -> 0 | J43: =_xlfn.XLOOKUP(C43,Tab_Def_Flows[Name(EN)],Tab_Def_Flows[WC?],,0,) -> 0 | K43: =_xlfn.XLOOKUP(C43,Tab_Def_Flows[Name(EN)],Tab_Def_Flows[DM?],,0,) -> 0 | L43: =_xlfn.XLOOKUP(C43,Tab_Def_Flows[Name(EN)],Tab_Def_Flows[CC?],,0,) -> 0 | R43: =INDEX(Tab_WC_DM_CC[[Flow_ID]:[CC_source]],MATCH(Tab_Data_Flows[[#This Row],[Name(EN)]],Tab_WC_DM_CC[Name(EN)],0),12) -> #N/A | S43: =MATCH(Tab_Data_Flows[[#This Row],[Name(EN)]],Tab_WC_DM_CC[Name(EN)],0) -> #N/A | X43: No | AA43: =IF(X43="no",O43,O43*Y43) -> 0 | AC43: =INDEX(Tab_Def_Flows[[Flow_ID]:[CC_DM_source]],MATCH(Tab_Data_Flows[[#This Row],[Name(EN)]],Tab_Def_Flows[Name(EN)],0),16) -> #N/A | AD43: =IF(J43="Yes",AA43*Tab_Data_Flows[[#This Row],[WC_'[%']]],"N.A.") -> N.A. | AE43: =Tab_Data_Flows[[#This Row],[UoM_Flow_Py]] -> 0 | AF43: =INDEX(Tab_Def_Flows[[Flow_ID]:[CC_DM_source]],MATCH(Tab_Data_Flows[[#This Row],[Name(EN)]],Tab_Def_Flows[Name(EN)],0),18) -> #N/A | AG43: =IF(K43="Yes",AF43*Tab_Data_Flows[[#This Row],[Flow_Py]],"N.A.") -> N.A. | AH43: =Tab_Data_Flows[[#This Row],[UoM_Flow_Py]] -> 0 | AI43: =INDEX(Tab_Def_Flows[[Flow_ID]:[CC_DM_source]],MATCH(Tab_Data_Flows[[#This Row],[Name(EN)]],Tab_Def_Flows[Name(EN)],0),20) -> #N/A | AJ43: =IF(L43="Yes",AI43*Tab_Data_Flows[[#This Row],[Flow_Py]]*Tab_Data_Flows[[#This Row],[DM_'[%']]],"N.A.") -> N.A. | AK43: =Tab_Data_Flows[[#This Row],[UoM_Flow_Py]] -> 0
A44: =ROW()-1 -> 43 | B44: =_xlfn.XLOOKUP(C44,Tab_Def_Flows[Name(EN)],Tab_Def_Flows[Flow_ID],,0,) -> F_12_12 | E44: =_xlfn.XLOOKUP(C44,Tab_Def_Flows[Name(EN)],Tab_Def_Flows[Output_Process],,0,) -> 0 | F44: =_xlfn.XLOOKUP(C44,Tab_Def_Flows[Name(EN)],Tab_Def_Flows[Process_ID_O],,0,) -> 12__ | G44: =_xlfn.XLOOKUP(C44,Tab_Def_Flows[Name(EN)],Tab_Def_Flows[Input_Process],,0,) -> 0 | H44: =_xlfn.XLOOKUP(C44,Tab_Def_Flows[Name(EN)],Tab_Def_Flows[Process_ID_I],,0,) -> 12__ | I44: =_xlfn.XLOOKUP(C44,Tab_Def_Flows[Name(EN)],Tab_Def_Flows[Value_Source],,0,) -> 0 | J44: =_xlfn.XLOOKUP(C44,Tab_Def_Flows[Name(EN)],Tab_Def_Flows[WC?],,0,) -> 0 | K44: =_xlfn.XLOOKUP(C44,Tab_Def_Flows[Name(EN)],Tab_Def_Flows[DM?],,0,) -> 0 | L44: =_xlfn.XLOOKUP(C44,Tab_Def_Flows[Name(EN)],Tab_Def_Flows[CC?],,0,) -> 0 | R44: =INDEX(Tab_WC_DM_CC[[Flow_ID]:[CC_source]],MATCH(Tab_Data_Flows[[#This Row],[Name(EN)]],Tab_WC_DM_CC[Name(EN)],0),12) -> #N/A | S44: =MATCH(Tab_Data_Flows[[#This Row],[Name(EN)]],Tab_WC_DM_CC[Name(EN)],0) -> #N/A | X44: No | AA44: =IF(X44="no",O44,O44*Y44) -> 0 | AC44: =INDEX(Tab_Def_Flows[[Flow_ID]:[CC_DM_source]],MATCH(Tab_Data_Flows[[#This Row],[Name(EN)]],Tab_Def_Flows[Name(EN)],0),16) -> #N/A | AD44: =IF(J44="Yes",AA44*Tab_Data_Flows[[#This Row],[WC_'[%']]],"N.A.") -> N.A. | AE44: =Tab_Data_Flows[[#This Row],[UoM_Flow_Py]] -> 0 | AF44: =INDEX(Tab_Def_Flows[[Flow_ID]:[CC_DM_source]],MATCH(Tab_Data_Flows[[#This Row],[Name(EN)]],Tab_Def_Flows[Name(EN)],0),18) -> #N/A | AG44: =IF(K44="Yes",AF44*Tab_Data_Flows[[#This Row],[Flow_Py]],"N.A.") -> N.A. | AH44: =Tab_Data_Flows[[#This Row],[UoM_Flow_Py]] -> 0 | AI44: =INDEX(Tab_Def_Flows[[Flow_ID]:[CC_DM_source]],MATCH(Tab_Data_Flows[[#This Row],[Name(EN)]],Tab_Def_Flows[Name(EN)],0),20) -> #N/A | AJ44: =IF(L44="Yes",AI44*Tab_Data_Flows[[#This Row],[Flow_Py]]*Tab_Data_Flows[[#This Row],[DM_'[%']]],"N.A.") -> N.A. | AK44: =Tab_Data_Flows[[#This Row],[UoM_Flow_Py]] -> 0
A45: =ROW()-1 -> 44 | B45: =_xlfn.XLOOKUP(C45,Tab_Def_Flows[Name(EN)],Tab_Def_Flows[Flow_ID],,0,) -> F_12_12 | E45: =_xlfn.XLOOKUP(C45,Tab_Def_Flows[Name(EN)],Tab_Def_Flows[Output_Process],,0,) -> 0 | F45: =_xlfn.XLOOKUP(C45,Tab_Def_Flows[Name(EN)],Tab_Def_Flows[Process_ID_O],,0,) -> 12__ | G45: =_xlfn.XLOOKUP(C45,Tab_Def_Flows[Name(EN)],Tab_Def_Flows[Input_Process],,0,) -> 0 | H45: =_xlfn.XLOOKUP(C45,Tab_Def_Flows[Name(EN)],Tab_Def_Flows[Process_ID_I],,0,) -> 12__ | I45: =_xlfn.XLOOKUP(C45,Tab_Def_Flows[Name(EN)],Tab_Def_Flows[Value_Source],,0,) -> 0 | J45: =_xlfn.XLOOKUP(C45,Tab_Def_Flows[Name(EN)],Tab_Def_Flows[WC?],,0,) -> 0 | K45: =_xlfn.XLOOKUP(C45,Tab_Def_Flows[Name(EN)],Tab_Def_Flows[DM?],,0,) -> 0 | L45: =_xlfn.XLOOKUP(C45,Tab_Def_Flows[Name(EN)],Tab_Def_Flows[CC?],,0,) -> 0 | R45: =INDEX(Tab_WC_DM_CC[[Flow_ID]:[CC_source]],MATCH(Tab_Data_Flows[[#This Row],[Name(EN)]],Tab_WC_DM_CC[Name(EN)],0),12) -> #N/A | S45: =MATCH(Tab_Data_Flows[[#This Row],[Name(EN)]],Tab_WC_DM_CC[Name(EN)],0) -> #N/A | X45: No | AA45: =IF(X45="no",O45,O45*Y45) -> 0 | AC45: =INDEX(Tab_Def_Flows[[Flow_ID]:[CC_DM_source]],MATCH(Tab_Data_Flows[[#This Row],[Name(EN)]],Tab_Def_Flows[Name(EN)],0),16) -> #N/A | AD45: =IF(J45="Yes",AA45*Tab_Data_Flows[[#This Row],[WC_'[%']]],"N.A.") -> N.A. | AE45: =Tab_Data_Flows[[#This Row],[UoM_Flow_Py]] -> 0 | AF45: =INDEX(Tab_Def_Flows[[Flow_ID]:[CC_DM_source]],MATCH(Tab_Data_Flows[[#This Row],[Name(EN)]],Tab_Def_Flows[Name(EN)],0),18) -> #N/A | AG45: =IF(K45="Yes",AF45*Tab_Data_Flows[[#This Row],[Flow_Py]],"N.A.") -> N.A. | AH45: =Tab_Data_Flows[[#This Row],[UoM_Flow_Py]] -> 0 | AI45: =INDEX(Tab_Def_Flows[[Flow_ID]:[CC_DM_source]],MATCH(Tab_Data_Flows[[#This Row],[Name(EN)]],Tab_Def_Flows[Name(EN)],0),20) -> #N/A | AJ45: =IF(L45="Yes",AI45*Tab_Data_Flows[[#This Row],[Flow_Py]]*Tab_Data_Flows[[#This Row],[DM_'[%']]],"N.A.") -> N.A. | AK45: =Tab_Data_Flows[[#This Row],[UoM_Flow_Py]] -> 0
A46: =ROW()-1 -> 45 | B46: =_xlfn.XLOOKUP(C46,Tab_Def_Flows[Name(EN)],Tab_Def_Flows[Flow_ID],,0,) -> F_12_12 | E46: =_xlfn.XLOOKUP(C46,Tab_Def_Flows[Name(EN)],Tab_Def_Flows[Output_Process],,0,) -> 0 | F46: =_xlfn.XLOOKUP(C46,Tab_Def_Flows[Name(EN)],Tab_Def_Flows[Process_ID_O],,0,) -> 12__ | G46: =_xlfn.XLOOKUP(C46,Tab_Def_Flows[Name(EN)],Tab_Def_Flows[Input_Process],,0,) -> 0 | H46: =_xlfn.XLOOKUP(C46,Tab_Def_Flows[Name(EN)],Tab_Def_Flows[Process_ID_I],,0,) -> 12__ | I46: =_xlfn.XLOOKUP(C46,Tab_Def_Flows[Name(EN)],Tab_Def_Flows[Value_Source],,0,) -> 0 | J46: =_xlfn.XLOOKUP(C46,Tab_Def_Flows[Name(EN)],Tab_Def_Flows[WC?],,0,) -> 0 | K46: =_xlfn.XLOOKUP(C46,Tab_Def_Flows[Name(EN)],Tab_Def_Flows[DM?],,0,) -> 0 | L46: =_xlfn.XLOOKUP(C46,Tab_Def_Flows[Name(EN)],Tab_Def_Flows[CC?],,0,) -> 0 | R46: =INDEX(Tab_WC_DM_CC[[Flow_ID]:[CC_source]],MATCH(Tab_Data_Flows[[#This Row],[Name(EN)]],Tab_WC_DM_CC[Name(EN)],0),12) -> #N/A | S46: =MATCH(Tab_Data_Flows[[#This Row],[Name(EN)]],Tab_WC_DM_CC[Name(EN)],0) -> #N/A | X46: No | AA46: =IF(X46="no",O46,O46*Y46) -> 0 | AC46: =INDEX(Tab_Def_Flows[[Flow_ID]:[CC_DM_source]],MATCH(Tab_Data_Flows[[#This Row],[Name(EN)]],Tab_Def_Flows[Name(EN)],0),16) -> #N/A | AD46: =IF(J46="Yes",AA46*Tab_Data_Flows[[#This Row],[WC_'[%']]],"N.A.") -> N.A. | AE46: =Tab_Data_Flows[[#This Row],[UoM_Flow_Py]] -> 0 | AF46: =INDEX(Tab_Def_Flows[[Flow_ID]:[CC_DM_source]],MATCH(Tab_Data_Flows[[#This Row],[Name(EN)]],Tab_Def_Flows[Name(EN)],0),18) -> #N/A | AG46: =IF(K46="Yes",AF46*Tab_Data_Flows[[#This Row],[Flow_Py]],"N.A.") -> N.A. | AH46: =Tab_Data_Flows[[#This Row],[UoM_Flow_Py]] -> 0 | AI46: =INDEX(Tab_Def_Flows[[Flow_ID]:[CC_DM_source]],MATCH(Tab_Data_Flows[[#This Row],[Name(EN)]],Tab_Def_Flows[Name(EN)],0),20) -> #N/A | AJ46: =IF(L46="Yes",AI46*Tab_Data_Flows[[#This Row],[Flow_Py]]*Tab_Data_Flows[[#This Row],[DM_'[%']]],"N.A.") -> N.A. | AK46: =Tab_Data_Flows[[#This Row],[UoM_Flow_Py]] -> 0
A47: =ROW()-1 -> 46 | B47: =_xlfn.XLOOKUP(C47,Tab_Def_Flows[Name(EN)],Tab_Def_Flows[Flow_ID],,0,) -> F_12_12 | E47: =_xlfn.XLOOKUP(C47,Tab_Def_Flows[Name(EN)],Tab_Def_Flows[Output_Process],,0,) -> 0 | F47: =_xlfn.XLOOKUP(C47,Tab_Def_Flows[Name(EN)],Tab_Def_Flows[Process_ID_O],,0,) -> 12__ | G47: =_xlfn.XLOOKUP(C47,Tab_Def_Flows[Name(EN)],Tab_Def_Flows[Input_Process],,0,) -> 0 | H47: =_xlfn.XLOOKUP(C47,Tab_Def_Flows[Name(EN)],Tab_Def_Flows[Process_ID_I],,0,) -> 12__ | I47: =_xlfn.XLOOKUP(C47,Tab_Def_Flows[Name(EN)],Tab_Def_Flows[Value_Source],,0,) -> 0 | J47: =_xlfn.XLOOKUP(C47,Tab_Def_Flows[Name(EN)],Tab_Def_Flows[WC?],,0,) -> 0 | K47: =_xlfn.XLOOKUP(C47,Tab_Def_Flows[Name(EN)],Tab_Def_Flows[DM?],,0,) -> 0 | L47: =_xlfn.XLOOKUP(C47,Tab_Def_Flows[Name(EN)],Tab_Def_Flows[CC?],,0,) -> 0 | R47: =INDEX(Tab_WC_DM_CC[[Flow_ID]:[CC_source]],MATCH(Tab_Data_Flows[[#This Row],[Name(EN)]],Tab_WC_DM_CC[Name(EN)],0),12) -> #N/A | S47: =MATCH(Tab_Data_Flows[[#This Row],[Name(EN)]],Tab_WC_DM_CC[Name(EN)],0) -> #N/A | X47: No | AA47: =IF(X47="no",O47,O47*Y47) -> 0 | AC47: =INDEX(Tab_Def_Flows[[Flow_ID]:[CC_DM_source]],MATCH(Tab_Data_Flows[[#This Row],[Name(EN)]],Tab_Def_Flows[Name(EN)],0),16) -> #N/A | AD47: =IF(J47="Yes",AA47*Tab_Data_Flows[[#This Row],[WC_'[%']]],"N.A.") -> N.A. | AE47: =Tab_Data_Flows[[#This Row],[UoM_Flow_Py]] -> 0 | AF47: =INDEX(Tab_Def_Flows[[Flow_ID]:[CC_DM_source]],MATCH(Tab_Data_Flows[[#This Row],[Name(EN)]],Tab_Def_Flows[Name(EN)],0),18) -> #N/A | AG47: =IF(K47="Yes",AF47*Tab_Data_Flows[[#This Row],[Flow_Py]],"N.A.") -> N.A. | AH47: =Tab_Data_Flows[[#This Row],[UoM_Flow_Py]] -> 0 | AI47: =INDEX(Tab_Def_Flows[[Flow_ID]:[CC_DM_source]],MATCH(Tab_Data_Flows[[#This Row],[Name(EN)]],Tab_Def_Flows[Name(EN)],0),20) -> #N/A | AJ47: =IF(L47="Yes",AI47*Tab_Data_Flows[[#This Row],[Flow_Py]]*Tab_Data_Flows[[#This Row],[DM_'[%']]],"N.A.") -> N.A. | AK47: =Tab_Data_Flows[[#This Row],[UoM_Flow_Py]] -> 0
A48: =ROW()-1 -> 47 | B48: =_xlfn.XLOOKUP(C48,Tab_Def_Flows[Name(EN)],Tab_Def_Flows[Flow_ID],,0,) -> F_12_12 | E48: =_xlfn.XLOOKUP(C48,Tab_Def_Flows[Name(EN)],Tab_Def_Flows[Output_Process],,0,) -> 0 | F48: =_xlfn.XLOOKUP(C48,Tab_Def_Flows[Name(EN)],Tab_Def_Flows[Process_ID_O],,0,) -> 12__ | G48: =_xlfn.XLOOKUP(C48,Tab_Def_Flows[Name(EN)],Tab_Def_Flows[Input_Process],,0,) -> 0 | H48: =_xlfn.XLOOKUP(C48,Tab_Def_Flows[Name(EN)],Tab_Def_Flows[Process_ID_I],,0,) -> 12__ | I48: =_xlfn.XLOOKUP(C48,Tab_Def_Flows[Name(EN)],Tab_Def_Flows[Value_Source],,0,) -> 0 | J48: =_xlfn.XLOOKUP(C48,Tab_Def_Flows[Name(EN)],Tab_Def_Flows[WC?],,0,) -> 0 | K48: =_xlfn.XLOOKUP(C48,Tab_Def_Flows[Name(EN)],Tab_Def_Flows[DM?],,0,) -> 0 | L48: =_xlfn.XLOOKUP(C48,Tab_Def_Flows[Name(EN)],Tab_Def_Flows[CC?],,0,) -> 0 | R48: =INDEX(Tab_WC_DM_CC[[Flow_ID]:[CC_source]],MATCH(Tab_Data_Flows[[#This Row],[Name(EN)]],Tab_WC_DM_CC[Name(EN)],0),12) -> #N/A | S48: =MATCH(Tab_Data_Flows[[#This Row],[Name(EN)]],Tab_WC_DM_CC[Name(EN)],0) -> #N/A | X48: No | AA48: =IF(X48="no",O48,O48*Y48) -> 0 | AC48: =INDEX(Tab_Def_Flows[[Flow_ID]:[CC_DM_source]],MATCH(Tab_Data_Flows[[#This Row],[Name(EN)]],Tab_Def_Flows[Name(EN)],0),16) -> #N/A | AD48: =IF(J48="Yes",AA48*Tab_Data_Flows[[#This Row],[WC_'[%']]],"N.A.") -> N.A. | AE48: =Tab_Data_Flows[[#This Row],[UoM_Flow_Py]] -> 0 | AF48: =INDEX(Tab_Def_Flows[[Flow_ID]:[CC_DM_source]],MATCH(Tab_Data_Flows[[#This Row],[Name(EN)]],Tab_Def_Flows[Name(EN)],0),18) -> #N/A | AG48: =IF(K48="Yes",AF48*Tab_Data_Flows[[#This Row],[Flow_Py]],"N.A.") -> N.A. | AH48: =Tab_Data_Flows[[#This Row],[UoM_Flow_Py]] -> 0 | AI48: =INDEX(Tab_Def_Flows[[Flow_ID]:[CC_DM_source]],MATCH(Tab_Data_Flows[[#This Row],[Name(EN)]],Tab_Def_Flows[Name(EN)],0),20) -> #N/A | AJ48: =IF(L48="Yes",AI48*Tab_Data_Flows[[#This Row],[Flow_Py]]*Tab_Data_Flows[[#This Row],[DM_'[%']]],"N.A.") -> N.A. | AK48: =Tab_Data_Flows[[#This Row],[UoM_Flow_Py]] -> 0
A49: =ROW()-1 -> 48 | B49: =_xlfn.XLOOKUP(C49,Tab_Def_Flows[Name(EN)],Tab_Def_Flows[Flow_ID],,0,) -> F_12_12 | E49: =_xlfn.XLOOKUP(C49,Tab_Def_Flows[Name(EN)],Tab_Def_Flows[Output_Process],,0,) -> 0 | F49: =_xlfn.XLOOKUP(C49,Tab_Def_Flows[Name(EN)],Tab_Def_Flows[Process_ID_O],,0,) -> 12__ | G49: =_xlfn.XLOOKUP(C49,Tab_Def_Flows[Name(EN)],Tab_Def_Flows[Input_Process],,0,) -> 0 | H49: =_xlfn.XLOOKUP(C49,Tab_Def_Flows[Name(EN)],Tab_Def_Flows[Process_ID_I],,0,) -> 12__ | I49: =_xlfn.XLOOKUP(C49,Tab_Def_Flows[Name(EN)],Tab_Def_Flows[Value_Source],,0,) -> 0 | J49: =_xlfn.XLOOKUP(C49,Tab_Def_Flows[Name(EN)],Tab_Def_Flows[WC?],,0,) -> 0 | K49: =_xlfn.XLOOKUP(C49,Tab_Def_Flows[Name(EN)],Tab_Def_Flows[DM?],,0,) -> 0 | L49: =_xlfn.XLOOKUP(C49,Tab_Def_Flows[Name(EN)],Tab_Def_Flows[CC?],,0,) -> 0 | R49: =INDEX(Tab_WC_DM_CC[[Flow_ID]:[CC_source]],MATCH(Tab_Data_Flows[[#This Row],[Name(EN)]],Tab_WC_DM_CC[Name(EN)],0),12) -> #N/A | S49: =MATCH(Tab_Data_Flows[[#This Row],[Name(EN)]],Tab_WC_DM_CC[Name(EN)],0) -> #N/A | X49: No | AA49: =IF(X49="no",O49,O49*Y49) -> 0 | AC49: =INDEX(Tab_Def_Flows[[Flow_ID]:[CC_DM_source]],MATCH(Tab_Data_Flows[[#This Row],[Name(EN)]],Tab_Def_Flows[Name(EN)],0),16) -> #N/A | AD49: =IF(J49="Yes",AA49*Tab_Data_Flows[[#This Row],[WC_'[%']]],"N.A.") -> N.A. | AE49: =Tab_Data_Flows[[#This Row],[UoM_Flow_Py]] -> 0 | AF49: =INDEX(Tab_Def_Flows[[Flow_ID]:[CC_DM_source]],MATCH(Tab_Data_Flows[[#This Row],[Name(EN)]],Tab_Def_Flows[Name(EN)],0),18) -> #N/A | AG49: =IF(K49="Yes",AF49*Tab_Data_Flows[[#This Row],[Flow_Py]],"N.A.") -> N.A. | AH49: =Tab_Data_Flows[[#This Row],[UoM_Flow_Py]] -> 0 | AI49: =INDEX(Tab_Def_Flows[[Flow_ID]:[CC_DM_source]],MATCH(Tab_Data_Flows[[#This Row],[Name(EN)]],Tab_Def_Flows[Name(EN)],0),20) -> #N/A | AJ49: =IF(L49="Yes",AI49*Tab_Data_Flows[[#This Row],[Flow_Py]]*Tab_Data_Flows[[#This Row],[DM_'[%']]],"N.A.") -> N.A. | AK49: =Tab_Data_Flows[[#This Row],[UoM_Flow_Py]] -> 0
... A59: =ROW()-1 -> 58 | B59: =_xlfn.XLOOKUP(C59,Tab_Def_Flows[Name(EN)],Tab_Def_Flows[Flow_ID],,0,) -> F_12_12 | E59: =_xlfn.XLOOKUP(C59,Tab_Def_Flows[Name(EN)],Tab_Def_Flows[Output_Process],,0,) -> 0 | F59: =_xlfn.XLOOKUP(C59,Tab_Def_Flows[Name(EN)],Tab_Def_Flows[Process_ID_O],,0,) -> 12__ | G59: =_xlfn.XLOOKUP(C59,Tab_Def_Flows[Name(EN)],Tab_Def_Flows[Input_Process],,0,) -> 0 | H59: =_xlfn.XLOOKUP(C59,Tab_Def_Flows[Name(EN)],Tab_Def_Flows[Process_ID_I],,0,) -> 12__ | I59: =_xlfn.XLOOKUP(C59,Tab_Def_Flows[Name(EN)],Tab_Def_Flows[Value_Source],,0,) -> 0 | J59: =_xlfn.XLOOKUP(C59,Tab_Def_Flows[Name(EN)],Tab_Def_Flows[WC?],,0,) -> 0 | K59: =_xlfn.XLOOKUP(C59,Tab_Def_Flows[Name(EN)],Tab_Def_Flows[DM?],,0,) -> 0 | L59: =_xlfn.XLOOKUP(C59,Tab_Def_Flows[Name(EN)],Tab_Def_Flows[CC?],,0,) -> 0 | R59: =INDEX(Tab_WC_DM_CC[[Flow_ID]:[CC_source]],MATCH(Tab_Data_Flows[[#This Row],[Name(EN)]],Tab_WC_DM_CC[Name(EN)],0),12) -> #N/A | S59: =MATCH(Tab_Data_Flows[[#This Row],[Name(EN)]],Tab_WC_DM_CC[Name(EN)],0) -> #N/A | X59: No | AA59: =IF(X59="no",O59,O59*Y59) -> 0 | AC59: =INDEX(Tab_Def_Flows[[Flow_ID]:[CC_DM_source]],MATCH(Tab_Data_Flows[[#This Row],[Name(EN)]],Tab_Def_Flows[Name(EN)],0),16) -> #N/A | AD59: =IF(J59="Yes",AA59*Tab_Data_Flows[[#This Row],[WC_'[%']]],"N.A.") -> N.A. | AE59: =Tab_Data_Flows[[#This Row],[UoM_Flow_Py]] -> 0 | AF59: =INDEX(Tab_Def_Flows[[Flow_ID]:[CC_DM_source]],MATCH(Tab_Data_Flows[[#This Row],[Name(EN)]],Tab_Def_Flows[Name(EN)],0),18) -> #N/A | AG59: =IF(K59="Yes",AF59*Tab_Data_Flows[[#This Row],[Flow_Py]],"N.A.") -> N.A. | AH59: =Tab_Data_Flows[[#This Row],[UoM_Flow_Py]] -> 0 | AI59: =INDEX(Tab_Def_Flows[[Flow_ID]:[CC_DM_source]],MATCH(Tab_Data_Flows[[#This Row],[Name(EN)]],Tab_Def_Flows[Name(EN)],0),20) -> #N/A | AJ59: =IF(L59="Yes",AI59*Tab_Data_Flows[[#This Row],[Flow_Py]]*Tab_Data_Flows[[#This Row],[DM_'[%']]],"N.A.") -> N.A. | AK59: =Tab_Data_Flows[[#This Row],[UoM_Flow_Py]] -> 0
A60: =ROW()-1 -> 59 | B60: =_xlfn.XLOOKUP(C60,Tab_Def_Flows[Name(EN)],Tab_Def_Flows[Flow_ID],,0,) -> F_12_12 | D60: =_xlfn.XLOOKUP(C60,Tab_Def_Flows[Name(EN)],Tab_Def_Flows[Type_Biomass],,0,) -> 0 | E60: =_xlfn.XLOOKUP(C60,Tab_Def_Flows[Name(EN)],Tab_Def_Flows[Output_Process],,0,) -> 0 | F60: =_xlfn.XLOOKUP(C60,Tab_Def_Flows[Name(EN)],Tab_Def_Flows[Process_ID_O],,0,) -> 12__ | G60: =_xlfn.XLOOKUP(C60,Tab_Def_Flows[Name(EN)],Tab_Def_Flows[Input_Process],,0,) -> 0 | H60: =_xlfn.XLOOKUP(C60,Tab_Def_Flows[Name(EN)],Tab_Def_Flows[Process_ID_I],,0,) -> 12__ | I60: =_xlfn.XLOOKUP(C60,Tab_Def_Flows[Name(EN)],Tab_Def_Flows[Value_Source],,0,) -> 0 | J60: =_xlfn.XLOOKUP(C60,Tab_Def_Flows[Name(EN)],Tab_Def_Flows[WC?],,0,) -> 0 | K60: =_xlfn.XLOOKUP(C60,Tab_Def_Flows[Name(EN)],Tab_Def_Flows[DM?],,0,) -> 0 | L60: =_xlfn.XLOOKUP(C60,Tab_Def_Flows[Name(EN)],Tab_Def_Flows[CC?],,0,) -> 0 | N60: BB | X60: No | AA60: =IF(X60="no",O60,O60*Y60) -> 0 | AC60: =INDEX(Tab_Def_Flows[[Flow_ID]:[CC_DM_source]],MATCH(Tab_Data_Flows[[#This Row],[Name(EN)]],Tab_Def_Flows[Name(EN)],0),16) -> #N/A | AD60: =IF(J60="Yes",AA60*Tab_Data_Flows[[#This Row],[WC_'[%']]],"N.A.") -> N.A. | AE60: =Tab_Data_Flows[[#This Row],[UoM_Flow_Py]] -> 0 | AF60: =INDEX(Tab_Def_Flows[[Flow_ID]:[CC_DM_source]],MATCH(Tab_Data_Flows[[#This Row],[Name(EN)]],Tab_Def_Flows[Name(EN)],0),18) -> #N/A | AG60: =IF(K60="Yes",AF60*Tab_Data_Flows[[#This Row],[Flow_Py]],"N.A.") -> N.A. | AH60: =Tab_Data_Flows[[#This Row],[UoM_Flow_Py]] -> 0 | AI60: =INDEX(Tab_Def_Flows[[Flow_ID]:[CC_DM_source]],MATCH(Tab_Data_Flows[[#This Row],[Name(EN)]],Tab_Def_Flows[Name(EN)],0),20) -> #N/A | AJ60: =IF(L60="Yes",AI60*Tab_Data_Flows[[#This Row],[Flow_Py]]*Tab_Data_Flows[[#This Row],[DM_'[%']]],"N.A.") -> N.A. | AK60: =Tab_Data_Flows[[#This Row],[UoM_Flow_Py]] -> 0
A61: =ROW()-1 -> 60 | B61: =_xlfn.XLOOKUP(C61,Tab_Def_Flows[Name(EN)],Tab_Def_Flows[Flow_ID],,0,) -> F_12_12 | D61: =_xlfn.XLOOKUP(C61,Tab_Def_Flows[Name(EN)],Tab_Def_Flows[Type_Biomass],,0,) -> 0 | E61: =_xlfn.XLOOKUP(C61,Tab_Def_Flows[Name(EN)],Tab_Def_Flows[Output_Process],,0,) -> 0 | F61: =_xlfn.XLOOKUP(C61,Tab_Def_Flows[Name(EN)],Tab_Def_Flows[Process_ID_O],,0,) -> 12__ | G61: =_xlfn.XLOOKUP(C61,Tab_Def_Flows[Name(EN)],Tab_Def_Flows[Input_Process],,0,) -> 0 | H61: =_xlfn.XLOOKUP(C61,Tab_Def_Flows[Name(EN)],Tab_Def_Flows[Process_ID_I],,0,) -> 12__ | I61: =_xlfn.XLOOKUP(C61,Tab_Def_Flows[Name(EN)],Tab_Def_Flows[Value_Source],,0,) -> 0 | J61: =_xlfn.XLOOKUP(C61,Tab_Def_Flows[Name(EN)],Tab_Def_Flows[WC?],,0,) -> 0 | K61: =_xlfn.XLOOKUP(C61,Tab_Def_Flows[Name(EN)],Tab_Def_Flows[DM?],,0,) -> 0 | L61: =_xlfn.XLOOKUP(C61,Tab_Def_Flows[Name(EN)],Tab_Def_Flows[CC?],,0,) -> 0 | N61: BB | X61: No | AA61: =IF(X61="no",O61,O61*Y61) -> 0 | AC61: =INDEX(Tab_Def_Flows[[Flow_ID]:[CC_DM_source]],MATCH(Tab_Data_Flows[[#This Row],[Name(EN)]],Tab_Def_Flows[Name(EN)],0),16) -> #N/A | AD61: =IF(J61="Yes",AA61*Tab_Data_Flows[[#This Row],[WC_'[%']]],"N.A.") -> N.A. | AE61: =Tab_Data_Flows[[#This Row],[UoM_Flow_Py]] -> 0 | AF61: =INDEX(Tab_Def_Flows[[Flow_ID]:[CC_DM_source]],MATCH(Tab_Data_Flows[[#This Row],[Name(EN)]],Tab_Def_Flows[Name(EN)],0),18) -> #N/A | AG61: =IF(K61="Yes",AF61*Tab_Data_Flows[[#This Row],[Flow_Py]],"N.A.") -> N.A. | AH61: =Tab_Data_Flows[[#This Row],[UoM_Flow_Py]] -> 0 | AI61: =INDEX(Tab_Def_Flows[[Flow_ID]:[CC_DM_source]],MATCH(Tab_Data_Flows[[#This Row],[Name(EN)]],Tab_Def_Flows[Name(EN)],0),20) -> #N/A | AJ61: =IF(L61="Yes",AI61*Tab_Data_Flows[[#This Row],[Flow_Py]]*Tab_Data_Flows[[#This Row],[DM_'[%']]],"N.A.") -> N.A. | AK61: =Tab_Data_Flows[[#This Row],[UoM_Flow_Py]] -> 0
A62: =ROW()-1 -> 61 | B62: =_xlfn.XLOOKUP(C62,Tab_Def_Flows[Name(EN)],Tab_Def_Flows[Flow_ID],,0,) -> F_12_12 | D62: =_xlfn.XLOOKUP(C62,Tab_Def_Flows[Name(EN)],Tab_Def_Flows[Type_Biomass],,0,) -> 0 | E62: =_xlfn.XLOOKUP(C62,Tab_Def_Flows[Name(EN)],Tab_Def_Flows[Output_Process],,0,) -> 0 | F62: =_xlfn.XLOOKUP(C62,Tab_Def_Flows[Name(EN)],Tab_Def_Flows[Process_ID_O],,0,) -> 12__ | G62: =_xlfn.XLOOKUP(C62,Tab_Def_Flows[Name(EN)],Tab_Def_Flows[Input_Process],,0,) -> 0 | H62: =_xlfn.XLOOKUP(C62,Tab_Def_Flows[Name(EN)],Tab_Def_Flows[Process_ID_I],,0,) -> 12__ | I62: =_xlfn.XLOOKUP(C62,Tab_Def_Flows[Name(EN)],Tab_Def_Flows[Value_Source],,0,) -> 0 | J62: =_xlfn.XLOOKUP(C62,Tab_Def_Flows[Name(EN)],Tab_Def_Flows[WC?],,0,) -> 0 | K62: =_xlfn.XLOOKUP(C62,Tab_Def_Flows[Name(EN)],Tab_Def_Flows[DM?],,0,) -> 0 | L62: =_xlfn.XLOOKUP(C62,Tab_Def_Flows[Name(EN)],Tab_Def_Flows[CC?],,0,) -> 0 | N62: BB | X62: No | AA62: =IF(X62="no",O62,O62*Y62) -> 0 | AC62: =INDEX(Tab_Def_Flows[[Flow_ID]:[CC_DM_source]],MATCH(Tab_Data_Flows[[#This Row],[Name(EN)]],Tab_Def_Flows[Name(EN)],0),16) -> #N/A | AD62: =IF(J62="Yes",AA62*Tab_Data_Flows[[#This Row],[WC_'[%']]],"N.A.") -> N.A. | AE62: =Tab_Data_Flows[[#This Row],[UoM_Flow_Py]] -> 0 | AF62: =INDEX(Tab_Def_Flows[[Flow_ID]:[CC_DM_source]],MATCH(Tab_Data_Flows[[#This Row],[Name(EN)]],Tab_Def_Flows[Name(EN)],0),18) -> #N/A | AG62: =IF(K62="Yes",AF62*Tab_Data_Flows[[#This Row],[Flow_Py]],"N.A.") -> N.A. | AH62: =Tab_Data_Flows[[#This Row],[UoM_Flow_Py]] -> 0 | AI62: =INDEX(Tab_Def_Flows[[Flow_ID]:[CC_DM_source]],MATCH(Tab_Data_Flows[[#This Row],[Name(EN)]],Tab_Def_Flows[Name(EN)],0),20) -> #N/A | AJ62: =IF(L62="Yes",AI62*Tab_Data_Flows[[#This Row],[Flow_Py]]*Tab_Data_Flows[[#This Row],[DM_'[%']]],"N.A.") -> N.A. | AK62: =Tab_Data_Flows[[#This Row],[UoM_Flow_Py]] -> 0
A63: =ROW()-1 -> 62 | B63: =_xlfn.XLOOKUP(C63,Tab_Def_Flows[Name(EN)],Tab_Def_Flows[Flow_ID],,0,) -> F_12_12 | D63: =_xlfn.XLOOKUP(C63,Tab_Def_Flows[Name(EN)],Tab_Def_Flows[Type_Biomass],,0,) -> 0 | E63: =_xlfn.XLOOKUP(C63,Tab_Def_Flows[Name(EN)],Tab_Def_Flows[Output_Process],,0,) -> 0 | F63: =_xlfn.XLOOKUP(C63,Tab_Def_Flows[Name(EN)],Tab_Def_Flows[Process_ID_O],,0,) -> 12__ | G63: =_xlfn.XLOOKUP(C63,Tab_Def_Flows[Name(EN)],Tab_Def_Flows[Input_Process],,0,) -> 0 | H63: =_xlfn.XLOOKUP(C63,Tab_Def_Flows[Name(EN)],Tab_Def_Flows[Process_ID_I],,0,) -> 12__ | I63: =_xlfn.XLOOKUP(C63,Tab_Def_Flows[Name(EN)],Tab_Def_Flows[Value_Source],,0,) -> 0 | J63: =_xlfn.XLOOKUP(C63,Tab_Def_Flows[Name(EN)],Tab_Def_Flows[WC?],,0,) -> 0 | K63: =_xlfn.XLOOKUP(C63,Tab_Def_Flows[Name(EN)],Tab_Def_Flows[DM?],,0,) -> 0 | L63: =_xlfn.XLOOKUP(C63,Tab_Def_Flows[Name(EN)],Tab_Def_Flows[CC?],,0,) -> 0 | N63: BB | X63: No | AA63: =IF(X63="no",O63,O63*Y63) -> 0 | AC63: =INDEX(Tab_Def_Flows[[Flow_ID]:[CC_DM_source]],MATCH(Tab_Data_Flows[[#This Row],[Name(EN)]],Tab_Def_Flows[Name(EN)],0),16) -> #N/A | AD63: =IF(J63="Yes",AA63*Tab_Data_Flows[[#This Row],[WC_'[%']]],"N.A.") -> N.A. | AE63: =Tab_Data_Flows[[#This Row],[UoM_Flow_Py]] -> 0 | AF63: =INDEX(Tab_Def_Flows[[Flow_ID]:[CC_DM_source]],MATCH(Tab_Data_Flows[[#This Row],[Name(EN)]],Tab_Def_Flows[Name(EN)],0),18) -> #N/A | AG63: =IF(K63="Yes",AF63*Tab_Data_Flows[[#This Row],[Flow_Py]],"N.A.") -> N.A. | AH63: =Tab_Data_Flows[[#This Row],[UoM_Flow_Py]] -> 0 | AI63: =INDEX(Tab_Def_Flows[[Flow_ID]:[CC_DM_source]],MATCH(Tab_Data_Flows[[#This Row],[Name(EN)]],Tab_Def_Flows[Name(EN)],0),20) -> #N/A | AJ63: =IF(L63="Yes",AI63*Tab_Data_Flows[[#This Row],[Flow_Py]]*Tab_Data_Flows[[#This Row],[DM_'[%']]],"N.A.") -> N.A. | AK63: =Tab_Data_Flows[[#This Row],[UoM_Flow_Py]] -> 0
A64: =ROW()-1 -> 63 | B64: =_xlfn.XLOOKUP(C64,Tab_Def_Flows[Name(EN)],Tab_Def_Flows[Flow_ID],,0,) -> F_12_12 | D64: =_xlfn.XLOOKUP(C64,Tab_Def_Flows[Name(EN)],Tab_Def_Flows[Type_Biomass],,0,) -> 0 | E64: =_xlfn.XLOOKUP(C64,Tab_Def_Flows[Name(EN)],Tab_Def_Flows[Output_Process],,0,) -> 0 | F64: =_xlfn.XLOOKUP(C64,Tab_Def_Flows[Name(EN)],Tab_Def_Flows[Process_ID_O],,0,) -> 12__ | G64: =_xlfn.XLOOKUP(C64,Tab_Def_Flows[Name(EN)],Tab_Def_Flows[Input_Process],,0,) -> 0 | H64: =_xlfn.XLOOKUP(C64,Tab_Def_Flows[Name(EN)],Tab_Def_Flows[Process_ID_I],,0,) -> 12__ | I64: =_xlfn.XLOOKUP(C64,Tab_Def_Flows[Name(EN)],Tab_Def_Flows[Value_Source],,0,) -> 0 | J64: =_xlfn.XLOOKUP(C64,Tab_Def_Flows[Name(EN)],Tab_Def_Flows[WC?],,0,) -> 0 | K64: =_xlfn.XLOOKUP(C64,Tab_Def_Flows[Name(EN)],Tab_Def_Flows[DM?],,0,) -> 0 | L64: =_xlfn.XLOOKUP(C64,Tab_Def_Flows[Name(EN)],Tab_Def_Flows[CC?],,0,) -> 0 | N64: BB | X64: No | AA64: =IF(X64="no",O64,O64*Y64) -> 0 | AC64: =INDEX(Tab_Def_Flows[[Flow_ID]:[CC_DM_source]],MATCH(Tab_Data_Flows[[#This Row],[Name(EN)]],Tab_Def_Flows[Name(EN)],0),16) -> #N/A | AD64: =IF(J64="Yes",AA64*Tab_Data_Flows[[#This Row],[WC_'[%']]],"N.A.") -> N.A. | AE64: =Tab_Data_Flows[[#This Row],[UoM_Flow_Py]] -> 0 | AF64: =INDEX(Tab_Def_Flows[[Flow_ID]:[CC_DM_source]],MATCH(Tab_Data_Flows[[#This Row],[Name(EN)]],Tab_Def_Flows[Name(EN)],0),18) -> #N/A | AG64: =IF(K64="Yes",AF64*Tab_Data_Flows[[#This Row],[Flow_Py]],"N.A.") -> N.A. | AH64: =Tab_Data_Flows[[#This Row],[UoM_Flow_Py]] -> 0 | AI64: =INDEX(Tab_Def_Flows[[Flow_ID]:[CC_DM_source]],MATCH(Tab_Data_Flows[[#This Row],[Name(EN)]],Tab_Def_Flows[Name(EN)],0),20) -> #N/A | AJ64: =IF(L64="Yes",AI64*Tab_Data_Flows[[#This Row],[Flow_Py]]*Tab_Data_Flows[[#This Row],[DM_'[%']]],"N.A.") -> N.A. | AK64: =Tab_Data_Flows[[#This Row],[UoM_Flow_Py]] -> 0
A65: =ROW()-1 -> 64 | B65: =_xlfn.XLOOKUP(C65,Tab_Def_Flows[Name(EN)],Tab_Def_Flows[Flow_ID],,0,) -> F_12_12 | D65: =_xlfn.XLOOKUP(C65,Tab_Def_Flows[Name(EN)],Tab_Def_Flows[Type_Biomass],,0,) -> 0 | E65: =_xlfn.XLOOKUP(C65,Tab_Def_Flows[Name(EN)],Tab_Def_Flows[Output_Process],,0,) -> 0 | F65: =_xlfn.XLOOKUP(C65,Tab_Def_Flows[Name(EN)],Tab_Def_Flows[Process_ID_O],,0,) -> 12__ | G65: =_xlfn.XLOOKUP(C65,Tab_Def_Flows[Name(EN)],Tab_Def_Flows[Input_Process],,0,) -> 0 | H65: =_xlfn.XLOOKUP(C65,Tab_Def_Flows[Name(EN)],Tab_Def_Flows[Process_ID_I],,0,) -> 12__ | I65: =_xlfn.XLOOKUP(C65,Tab_Def_Flows[Name(EN)],Tab_Def_Flows[Value_Source],,0,) -> 0 | J65: =_xlfn.XLOOKUP(C65,Tab_Def_Flows[Name(EN)],Tab_Def_Flows[WC?],,0,) -> 0 | K65: =_xlfn.XLOOKUP(C65,Tab_Def_Flows[Name(EN)],Tab_Def_Flows[DM?],,0,) -> 0 | L65: =_xlfn.XLOOKUP(C65,Tab_Def_Flows[Name(EN)],Tab_Def_Flows[CC?],,0,) -> 0 | N65: BB | X65: No | AA65: =IF(X65="no",O65,O65*Y65) -> 0 | AC65: =INDEX(Tab_Def_Flows[[Flow_ID]:[CC_DM_source]],MATCH(Tab_Data_Flows[[#This Row],[Name(EN)]],Tab_Def_Flows[Name(EN)],0),16) -> #N/A | AD65: =IF(J65="Yes",AA65*Tab_Data_Flows[[#This Row],[WC_'[%']]],"N.A.") -> N.A. | AE65: =Tab_Data_Flows[[#This Row],[UoM_Flow_Py]] -> 0 | AF65: =INDEX(Tab_Def_Flows[[Flow_ID]:[CC_DM_source]],MATCH(Tab_Data_Flows[[#This Row],[Name(EN)]],Tab_Def_Flows[Name(EN)],0),18) -> #N/A | AG65: =IF(K65="Yes",AF65*Tab_Data_Flows[[#This Row],[Flow_Py]],"N.A.") -> N.A. | AH65: =Tab_Data_Flows[[#This Row],[UoM_Flow_Py]] -> 0 | AI65: =INDEX(Tab_Def_Flows[[Flow_ID]:[CC_DM_source]],MATCH(Tab_Data_Flows[[#This Row],[Name(EN)]],Tab_Def_Flows[Name(EN)],0),20) -> #N/A | AJ65: =IF(L65="Yes",AI65*Tab_Data_Flows[[#This Row],[Flow_Py]]*Tab_Data_Flows[[#This Row],[DM_'[%']]],"N.A.") -> N.A. | AK65: =Tab_Data_Flows[[#This Row],[UoM_Flow_Py]] -> 0
A66: =ROW()-1 -> 65 | B66: =_xlfn.XLOOKUP(C66,Tab_Def_Flows[Name(EN)],Tab_Def_Flows[Flow_ID],,0,) -> F_12_12 | D66: =_xlfn.XLOOKUP(C66,Tab_Def_Flows[Name(EN)],Tab_Def_Flows[Type_Biomass],,0,) -> 0 | E66: =_xlfn.XLOOKUP(C66,Tab_Def_Flows[Name(EN)],Tab_Def_Flows[Output_Process],,0,) -> 0 | F66: =_xlfn.XLOOKUP(C66,Tab_Def_Flows[Name(EN)],Tab_Def_Flows[Process_ID_O],,0,) -> 12__ | G66: =_xlfn.XLOOKUP(C66,Tab_Def_Flows[Name(EN)],Tab_Def_Flows[Input_Process],,0,) -> 0 | H66: =_xlfn.XLOOKUP(C66,Tab_Def_Flows[Name(EN)],Tab_Def_Flows[Process_ID_I],,0,) -> 12__ | I66: =_xlfn.XLOOKUP(C66,Tab_Def_Flows[Name(EN)],Tab_Def_Flows[Value_Source],,0,) -> 0 | J66: =_xlfn.XLOOKUP(C66,Tab_Def_Flows[Name(EN)],Tab_Def_Flows[WC?],,0,) -> 0 | K66: =_xlfn.XLOOKUP(C66,Tab_Def_Flows[Name(EN)],Tab_Def_Flows[DM?],,0,) -> 0 | L66: =_xlfn.XLOOKUP(C66,Tab_Def_Flows[Name(EN)],Tab_Def_Flows[CC?],,0,) -> 0 | N66: BB | X66: No | AA66: =IF(X66="no",O66,O66*Y66) -> 0 | AC66: =INDEX(Tab_Def_Flows[[Flow_ID]:[CC_DM_source]],MATCH(Tab_Data_Flows[[#This Row],[Name(EN)]],Tab_Def_Flows[Name(EN)],0),16) -> #N/A | AD66: =IF(J66="Yes",AA66*Tab_Data_Flows[[#This Row],[WC_'[%']]],"N.A.") -> N.A. | AE66: =Tab_Data_Flows[[#This Row],[UoM_Flow_Py]] -> 0 | AF66: =INDEX(Tab_Def_Flows[[Flow_ID]:[CC_DM_source]],MATCH(Tab_Data_Flows[[#This Row],[Name(EN)]],Tab_Def_Flows[Name(EN)],0),18) -> #N/A | AG66: =IF(K66="Yes",AF66*Tab_Data_Flows[[#This Row],[Flow_Py]],"N.A.") -> N.A. | AH66: =Tab_Data_Flows[[#This Row],[UoM_Flow_Py]] -> 0 | AI66: =INDEX(Tab_Def_Flows[[Flow_ID]:[CC_DM_source]],MATCH(Tab_Data_Flows[[#This Row],[Name(EN)]],Tab_Def_Flows[Name(EN)],0),20) -> #N/A | AJ66: =IF(L66="Yes",AI66*Tab_Data_Flows[[#This Row],[Flow_Py]]*Tab_Data_Flows[[#This Row],[DM_'[%']]],"N.A.") -> N.A. | AK66: =Tab_Data_Flows[[#This Row],[UoM_Flow_Py]] -> 0
A67: =ROW()-1 -> 66 | B67: =_xlfn.XLOOKUP(C67,Tab_Def_Flows[Name(EN)],Tab_Def_Flows[Flow_ID],,0,) -> F_12_12 | E67: =_xlfn.XLOOKUP(C67,Tab_Def_Flows[Name(EN)],Tab_Def_Flows[Output_Process],,0,) -> 0 | F67: =_xlfn.XLOOKUP(C67,Tab_Def_Flows[Name(EN)],Tab_Def_Flows[Process_ID_O],,0,) -> 12__ | G67: =_xlfn.XLOOKUP(C67,Tab_Def_Flows[Name(EN)],Tab_Def_Flows[Input_Process],,0,) -> 0 | H67: =_xlfn.XLOOKUP(C67,Tab_Def_Flows[Name(EN)],Tab_Def_Flows[Process_ID_I],,0,) -> 12__ | I67: =_xlfn.XLOOKUP(C67,Tab_Def_Flows[Name(EN)],Tab_Def_Flows[Value_Source],,0,) -> 0 | J67: =_xlfn.XLOOKUP(C67,Tab_Def_Flows[Name(EN)],Tab_Def_Flows[WC?],,0,) -> 0 | K67: =_xlfn.XLOOKUP(C67,Tab_Def_Flows[Name(EN)],Tab_Def_Flows[DM?],,0,) -> 0 | L67: =_xlfn.XLOOKUP(C67,Tab_Def_Flows[Name(EN)],Tab_Def_Flows[CC?],,0,) -> 0 | R67: =INDEX(Tab_WC_DM_CC[[Flow_ID]:[CC_source]],MATCH(Tab_Data_Flows[[#This Row],[Name(EN)]],Tab_WC_DM_CC[Name(EN)],0),12) -> #N/A | S67: =MATCH(Tab_Data_Flows[[#This Row],[Name(EN)]],Tab_WC_DM_CC[Name(EN)],0) -> #N/A | X67: No | AA67: =IF(X67="no",O67,O67*Y67) -> 0 | AC67: =INDEX(Tab_Def_Flows[[Flow_ID]:[CC_DM_source]],MATCH(Tab_Data_Flows[[#This Row],[Name(EN)]],Tab_Def_Flows[Name(EN)],0),16) -> #N/A | AD67: =IF(J67="Yes",AA67*Tab_Data_Flows[[#This Row],[WC_'[%']]],"N.A.") -> N.A. | AE67: =Tab_Data_Flows[[#This Row],[UoM_Flow_Py]] -> 0 | AF67: =INDEX(Tab_Def_Flows[[Flow_ID]:[CC_DM_source]],MATCH(Tab_Data_Flows[[#This Row],[Name(EN)]],Tab_Def_Flows[Name(EN)],0),18) -> #N/A | AG67: =IF(K67="Yes",AF67*Tab_Data_Flows[[#This Row],[Flow_Py]],"N.A.") -> N.A. | AH67: =Tab_Data_Flows[[#This Row],[UoM_Flow_Py]] -> 0 | AI67: =INDEX(Tab_Def_Flows[[Flow_ID]:[CC_DM_source]],MATCH(Tab_Data_Flows[[#This Row],[Name(EN)]],Tab_Def_Flows[Name(EN)],0),20) -> #N/A | AJ67: =IF(L67="Yes",AI67*Tab_Data_Flows[[#This Row],[Flow_Py]]*Tab_Data_Flows[[#This Row],[DM_'[%']]],"N.A.") -> N.A. | AK67: =Tab_Data_Flows[[#This Row],[UoM_Flow_Py]] -> 0
A68: =ROW()-1 -> 67 | B68: =_xlfn.XLOOKUP(C68,Tab_Def_Flows[Name(EN)],Tab_Def_Flows[Flow_ID],,0,) -> F_12_12 | E68: =_xlfn.XLOOKUP(C68,Tab_Def_Flows[Name(EN)],Tab_Def_Flows[Output_Process],,0,) -> 0 | F68: =_xlfn.XLOOKUP(C68,Tab_Def_Flows[Name(EN)],Tab_Def_Flows[Process_ID_O],,0,) -> 12__ | G68: =_xlfn.XLOOKUP(C68,Tab_Def_Flows[Name(EN)],Tab_Def_Flows[Input_Process],,0,) -> 0 | H68: =_xlfn.XLOOKUP(C68,Tab_Def_Flows[Name(EN)],Tab_Def_Flows[Process_ID_I],,0,) -> 12__ | I68: =_xlfn.XLOOKUP(C68,Tab_Def_Flows[Name(EN)],Tab_Def_Flows[Value_Source],,0,) -> 0 | J68: =_xlfn.XLOOKUP(C68,Tab_Def_Flows[Name(EN)],Tab_Def_Flows[WC?],,0,) -> 0 | K68: =_xlfn.XLOOKUP(C68,Tab_Def_Flows[Name(EN)],Tab_Def_Flows[DM?],,0,) -> 0 | L68: =_xlfn.XLOOKUP(C68,Tab_Def_Flows[Name(EN)],Tab_Def_Flows[CC?],,0,) -> 0 | R68: =INDEX(Tab_WC_DM_CC[[Flow_ID]:[CC_source]],MATCH(Tab_Data_Flows[[#This Row],[Name(EN)]],Tab_WC_DM_CC[Name(EN)],0),12) -> #N/A | S68: =MATCH(Tab_Data_Flows[[#This Row],[Name(EN)]],Tab_WC_DM_CC[Name(EN)],0) -> #N/A | X68: No | AA68: =IF(X68="no",O68,O68*Y68) -> 0 | AC68: =INDEX(Tab_Def_Flows[[Flow_ID]:[CC_DM_source]],MATCH(Tab_Data_Flows[[#This Row],[Name(EN)]],Tab_Def_Flows[Name(EN)],0),16) -> #N/A | AD68: =IF(J68="Yes",AA68*Tab_Data_Flows[[#This Row],[WC_'[%']]],"N.A.") -> N.A. | AE68: =Tab_Data_Flows[[#This Row],[UoM_Flow_Py]] -> 0 | AF68: =INDEX(Tab_Def_Flows[[Flow_ID]:[CC_DM_source]],MATCH(Tab_Data_Flows[[#This Row],[Name(EN)]],Tab_Def_Flows[Name(EN)],0),18) -> #N/A | AG68: =IF(K68="Yes",AF68*Tab_Data_Flows[[#This Row],[Flow_Py]],"N.A.") -> N.A. | AH68: =Tab_Data_Flows[[#This Row],[UoM_Flow_Py]] -> 0 | AI68: =INDEX(Tab_Def_Flows[[Flow_ID]:[CC_DM_source]],MATCH(Tab_Data_Flows[[#This Row],[Name(EN)]],Tab_Def_Flows[Name(EN)],0),20) -> #N/A | AJ68: =IF(L68="Yes",AI68*Tab_Data_Flows[[#This Row],[Flow_Py]]*Tab_Data_Flows[[#This Row],[DM_'[%']]],"N.A.") -> N.A. | AK68: =Tab_Data_Flows[[#This Row],[UoM_Flow_Py]] -> 0
A69: =ROW()-1 -> 68 | B69: =_xlfn.XLOOKUP(C69,Tab_Def_Flows[Name(EN)],Tab_Def_Flows[Flow_ID],,0,) -> F_12_12 | E69: =_xlfn.XLOOKUP(C69,Tab_Def_Flows[Name(EN)],Tab_Def_Flows[Output_Process],,0,) -> 0 | F69: =_xlfn.XLOOKUP(C69,Tab_Def_Flows[Name(EN)],Tab_Def_Flows[Process_ID_O],,0,) -> 12__ | G69: =_xlfn.XLOOKUP(C69,Tab_Def_Flows[Name(EN)],Tab_Def_Flows[Input_Process],,0,) -> 0 | H69: =_xlfn.XLOOKUP(C69,Tab_Def_Flows[Name(EN)],Tab_Def_Flows[Process_ID_I],,0,) -> 12__ | I69: =_xlfn.XLOOKUP(C69,Tab_Def_Flows[Name(EN)],Tab_Def_Flows[Value_Source],,0,) -> 0 | J69: =_xlfn.XLOOKUP(C69,Tab_Def_Flows[Name(EN)],Tab_Def_Flows[WC?],,0,) -> 0 | K69: =_xlfn.XLOOKUP(C69,Tab_Def_Flows[Name(EN)],Tab_Def_Flows[DM?],,0,) -> 0 | L69: =_xlfn.XLOOKUP(C69,Tab_Def_Flows[Name(EN)],Tab_Def_Flows[CC?],,0,) -> 0 | R69: =INDEX(Tab_WC_DM_CC[[Flow_ID]:[CC_source]],MATCH(Tab_Data_Flows[[#This Row],[Name(EN)]],Tab_WC_DM_CC[Name(EN)],0),12) -> #N/A | S69: =MATCH(Tab_Data_Flows[[#This Row],[Name(EN)]],Tab_WC_DM_CC[Name(EN)],0) -> #N/A | X69: No | AA69: =IF(X69="no",O69,O69*Y69) -> 0 | AC69: =INDEX(Tab_Def_Flows[[Flow_ID]:[CC_DM_source]],MATCH(Tab_Data_Flows[[#This Row],[Name(EN)]],Tab_Def_Flows[Name(EN)],0),16) -> #N/A | AD69: =IF(J69="Yes",AA69*Tab_Data_Flows[[#This Row],[WC_'[%']]],"N.A.") -> N.A. | AE69: =Tab_Data_Flows[[#This Row],[UoM_Flow_Py]] -> 0 | AF69: =INDEX(Tab_Def_Flows[[Flow_ID]:[CC_DM_source]],MATCH(Tab_Data_Flows[[#This Row],[Name(EN)]],Tab_Def_Flows[Name(EN)],0),18) -> #N/A | AG69: =IF(K69="Yes",AF69*Tab_Data_Flows[[#This Row],[Flow_Py]],"N.A.") -> N.A. | AH69: =Tab_Data_Flows[[#This Row],[UoM_Flow_Py]] -> 0 | AI69: =INDEX(Tab_Def_Flows[[Flow_ID]:[CC_DM_source]],MATCH(Tab_Data_Flows[[#This Row],[Name(EN)]],Tab_Def_Flows[Name(EN)],0),20) -> #N/A | AJ69: =IF(L69="Yes",AI69*Tab_Data_Flows[[#This Row],[Flow_Py]]*Tab_Data_Flows[[#This Row],[DM_'[%']]],"N.A.") -> N.A. | AK69: =Tab_Data_Flows[[#This Row],[UoM_Flow_Py]] -> 0
A70: =ROW()-1 -> 69 | B70: =_xlfn.XLOOKUP(C70,Tab_Def_Flows[Name(EN)],Tab_Def_Flows[Flow_ID],,0,) -> F_12_12 | E70: =_xlfn.XLOOKUP(C70,Tab_Def_Flows[Name(EN)],Tab_Def_Flows[Output_Process],,0,) -> 0 | F70: =_xlfn.XLOOKUP(C70,Tab_Def_Flows[Name(EN)],Tab_Def_Flows[Process_ID_O],,0,) -> 12__ | G70: =_xlfn.XLOOKUP(C70,Tab_Def_Flows[Name(EN)],Tab_Def_Flows[Input_Process],,0,) -> 0 | H70: =_xlfn.XLOOKUP(C70,Tab_Def_Flows[Name(EN)],Tab_Def_Flows[Process_ID_I],,0,) -> 12__ | I70: =_xlfn.XLOOKUP(C70,Tab_Def_Flows[Name(EN)],Tab_Def_Flows[Value_Source],,0,) -> 0 | J70: =_xlfn.XLOOKUP(C70,Tab_Def_Flows[Name(EN)],Tab_Def_Flows[WC?],,0,) -> 0 | K70: =_xlfn.XLOOKUP(C70,Tab_Def_Flows[Name(EN)],Tab_Def_Flows[DM?],,0,) -> 0 | L70: =_xlfn.XLOOKUP(C70,Tab_Def_Flows[Name(EN)],Tab_Def_Flows[CC?],,0,) -> 0 | R70: =INDEX(Tab_WC_DM_CC[[Flow_ID]:[CC_source]],MATCH(Tab_Data_Flows[[#This Row],[Name(EN)]],Tab_WC_DM_CC[Name(EN)],0),12) -> #N/A | S70: =MATCH(Tab_Data_Flows[[#This Row],[Name(EN)]],Tab_WC_DM_CC[Name(EN)],0) -> #N/A | X70: No | AA70: =IF(X70="no",O70,O70*Y70) -> 0 | AC70: =INDEX(Tab_Def_Flows[[Flow_ID]:[CC_DM_source]],MATCH(Tab_Data_Flows[[#This Row],[Name(EN)]],Tab_Def_Flows[Name(EN)],0),16) -> #N/A | AD70: =IF(J70="Yes",AA70*Tab_Data_Flows[[#This Row],[WC_'[%']]],"N.A.") -> N.A. | AE70: =Tab_Data_Flows[[#This Row],[UoM_Flow_Py]] -> 0 | AF70: =INDEX(Tab_Def_Flows[[Flow_ID]:[CC_DM_source]],MATCH(Tab_Data_Flows[[#This Row],[Name(EN)]],Tab_Def_Flows[Name(EN)],0),18) -> #N/A | AG70: =IF(K70="Yes",AF70*Tab_Data_Flows[[#This Row],[Flow_Py]],"N.A.") -> N.A. | AH70: =Tab_Data_Flows[[#This Row],[UoM_Flow_Py]] -> 0 | AI70: =INDEX(Tab_Def_Flows[[Flow_ID]:[CC_DM_source]],MATCH(Tab_Data_Flows[[#This Row],[Name(EN)]],Tab_Def_Flows[Name(EN)],0),20) -> #N/A | AJ70: =IF(L70="Yes",AI70*Tab_Data_Flows[[#This Row],[Flow_Py]]*Tab_Data_Flows[[#This Row],[DM_'[%']]],"N.A.") -> N.A. | AK70: =Tab_Data_Flows[[#This Row],[UoM_Flow_Py]] -> 0
A71: =ROW()-1 -> 70 | B71: =_xlfn.XLOOKUP(C71,Tab_Def_Flows[Name(EN)],Tab_Def_Flows[Flow_ID],,0,) -> F_12_12 | E71: =_xlfn.XLOOKUP(C71,Tab_Def_Flows[Name(EN)],Tab_Def_Flows[Output_Process],,0,) -> 0 | F71: =_xlfn.XLOOKUP(C71,Tab_Def_Flows[Name(EN)],Tab_Def_Flows[Process_ID_O],,0,) -> 12__ | G71: =_xlfn.XLOOKUP(C71,Tab_Def_Flows[Name(EN)],Tab_Def_Flows[Input_Process],,0,) -> 0 | H71: =_xlfn.XLOOKUP(C71,Tab_Def_Flows[Name(EN)],Tab_Def_Flows[Process_ID_I],,0,) -> 12__ | I71: =_xlfn.XLOOKUP(C71,Tab_Def_Flows[Name(EN)],Tab_Def_Flows[Value_Source],,0,) -> 0 | J71: =_xlfn.XLOOKUP(C71,Tab_Def_Flows[Name(EN)],Tab_Def_Flows[WC?],,0,) -> 0 | K71: =_xlfn.XLOOKUP(C71,Tab_Def_Flows[Name(EN)],Tab_Def_Flows[DM?],,0,) -> 0 | L71: =_xlfn.XLOOKUP(C71,Tab_Def_Flows[Name(EN)],Tab_Def_Flows[CC?],,0,) -> 0 | R71: =INDEX(Tab_WC_DM_CC[[Flow_ID]:[CC_source]],MATCH(Tab_Data_Flows[[#This Row],[Name(EN)]],Tab_WC_DM_CC[Name(EN)],0),12) -> #N/A | S71: =MATCH(Tab_Data_Flows[[#This Row],[Name(EN)]],Tab_WC_DM_CC[Name(EN)],0) -> #N/A | X71: No | AA71: =IF(X71="no",O71,O71*Y71) -> 0 | AC71: =INDEX(Tab_Def_Flows[[Flow_ID]:[CC_DM_source]],MATCH(Tab_Data_Flows[[#This Row],[Name(EN)]],Tab_Def_Flows[Name(EN)],0),16) -> #N/A | AD71: =IF(J71="Yes",AA71*Tab_Data_Flows[[#This Row],[WC_'[%']]],"N.A.") -> N.A. | AE71: =Tab_Data_Flows[[#This Row],[UoM_Flow_Py]] -> 0 | AF71: =INDEX(Tab_Def_Flows[[Flow_ID]:[CC_DM_source]],MATCH(Tab_Data_Flows[[#This Row],[Name(EN)]],Tab_Def_Flows[Name(EN)],0),18) -> #N/A | AG71: =IF(K71="Yes",AF71*Tab_Data_Flows[[#This Row],[Flow_Py]],"N.A.") -> N.A. | AH71: =Tab_Data_Flows[[#This Row],[UoM_Flow_Py]] -> 0 | AI71: =INDEX(Tab_Def_Flows[[Flow_ID]:[CC_DM_source]],MATCH(Tab_Data_Flows[[#This Row],[Name(EN)]],Tab_Def_Flows[Name(EN)],0),20) -> #N/A | AJ71: =IF(L71="Yes",AI71*Tab_Data_Flows[[#This Row],[Flow_Py]]*Tab_Data_Flows[[#This Row],[DM_'[%']]],"N.A.") -> N.A. | AK71: =Tab_Data_Flows[[#This Row],[UoM_Flow_Py]] -> 0
A72: =ROW()-1 -> 71 | B72: =_xlfn.XLOOKUP(C72,Tab_Def_Flows[Name(EN)],Tab_Def_Flows[Flow_ID],,0,) -> F_12_12 | E72: =_xlfn.XLOOKUP(C72,Tab_Def_Flows[Name(EN)],Tab_Def_Flows[Output_Process],,0,) -> 0 | F72: =_xlfn.XLOOKUP(C72,Tab_Def_Flows[Name(EN)],Tab_Def_Flows[Process_ID_O],,0,) -> 12__ | G72: =_xlfn.XLOOKUP(C72,Tab_Def_Flows[Name(EN)],Tab_Def_Flows[Input_Process],,0,) -> 0 | H72: =_xlfn.XLOOKUP(C72,Tab_Def_Flows[Name(EN)],Tab_Def_Flows[Process_ID_I],,0,) -> 12__ | I72: =_xlfn.XLOOKUP(C72,Tab_Def_Flows[Name(EN)],Tab_Def_Flows[Value_Source],,0,) -> 0 | J72: =_xlfn.XLOOKUP(C72,Tab_Def_Flows[Name(EN)],Tab_Def_Flows[WC?],,0,) -> 0 | K72: =_xlfn.XLOOKUP(C72,Tab_Def_Flows[Name(EN)],Tab_Def_Flows[DM?],,0,) -> 0 | L72: =_xlfn.XLOOKUP(C72,Tab_Def_Flows[Name(EN)],Tab_Def_Flows[CC?],,0,) -> 0 | R72: =INDEX(Tab_WC_DM_CC[[Flow_ID]:[CC_source]],MATCH(Tab_Data_Flows[[#This Row],[Name(EN)]],Tab_WC_DM_CC[Name(EN)],0),12) -> #N/A | S72: =MATCH(Tab_Data_Flows[[#This Row],[Name(EN)]],Tab_WC_DM_CC[Name(EN)],0) -> #N/A | X72: No | AA72: =IF(X72="no",O72,O72*Y72) -> 0 | AC72: =INDEX(Tab_Def_Flows[[Flow_ID]:[CC_DM_source]],MATCH(Tab_Data_Flows[[#This Row],[Name(EN)]],Tab_Def_Flows[Name(EN)],0),16) -> #N/A | AD72: =IF(J72="Yes",AA72*Tab_Data_Flows[[#This Row],[WC_'[%']]],"N.A.") -> N.A. | AE72: =Tab_Data_Flows[[#This Row],[UoM_Flow_Py]] -> 0 | AF72: =INDEX(Tab_Def_Flows[[Flow_ID]:[CC_DM_source]],MATCH(Tab_Data_Flows[[#This Row],[Name(EN)]],Tab_Def_Flows[Name(EN)],0),18) -> #N/A | AG72: =IF(K72="Yes",AF72*Tab_Data_Flows[[#This Row],[Flow_Py]],"N.A.") -> N.A. | AH72: =Tab_Data_Flows[[#This Row],[UoM_Flow_Py]] -> 0 | AI72: =INDEX(Tab_Def_Flows[[Flow_ID]:[CC_DM_source]],MATCH(Tab_Data_Flows[[#This Row],[Name(EN)]],Tab_Def_Flows[Name(EN)],0),20) -> #N/A | AJ72: =IF(L72="Yes",AI72*Tab_Data_Flows[[#This Row],[Flow_Py]]*Tab_Data_Flows[[#This Row],[DM_'[%']]],"N.A.") -> N.A. | AK72: =Tab_Data_Flows[[#This Row],[UoM_Flow_Py]] -> 0
A73: =ROW()-1 -> 72 | B73: =_xlfn.XLOOKUP(C73,Tab_Def_Flows[Name(EN)],Tab_Def_Flows[Flow_ID],,0,) -> F_12_12 | E73: =_xlfn.XLOOKUP(C73,Tab_Def_Flows[Name(EN)],Tab_Def_Flows[Output_Process],,0,) -> 0 | F73: =_xlfn.XLOOKUP(C73,Tab_Def_Flows[Name(EN)],Tab_Def_Flows[Process_ID_O],,0,) -> 12__ | G73: =_xlfn.XLOOKUP(C73,Tab_Def_Flows[Name(EN)],Tab_Def_Flows[Input_Process],,0,) -> 0 | H73: =_xlfn.XLOOKUP(C73,Tab_Def_Flows[Name(EN)],Tab_Def_Flows[Process_ID_I],,0,) -> 12__ | I73: =_xlfn.XLOOKUP(C73,Tab_Def_Flows[Name(EN)],Tab_Def_Flows[Value_Source],,0,) -> 0 | J73: =_xlfn.XLOOKUP(C73,Tab_Def_Flows[Name(EN)],Tab_Def_Flows[WC?],,0,) -> 0 | K73: =_xlfn.XLOOKUP(C73,Tab_Def_Flows[Name(EN)],Tab_Def_Flows[DM?],,0,) -> 0 | L73: =_xlfn.XLOOKUP(C73,Tab_Def_Flows[Name(EN)],Tab_Def_Flows[CC?],,0,) -> 0 | R73: =INDEX(Tab_WC_DM_CC[[Flow_ID]:[CC_source]],MATCH(Tab_Data_Flows[[#This Row],[Name(EN)]],Tab_WC_DM_CC[Name(EN)],0),12) -> #N/A | S73: =MATCH(Tab_Data_Flows[[#This Row],[Name(EN)]],Tab_WC_DM_CC[Name(EN)],0) -> #N/A | X73: No | AA73: =IF(X73="no",O73,O73*Y73) -> 0 | AC73: =INDEX(Tab_Def_Flows[[Flow_ID]:[CC_DM_source]],MATCH(Tab_Data_Flows[[#This Row],[Name(EN)]],Tab_Def_Flows[Name(EN)],0),16) -> #N/A | AD73: =IF(J73="Yes",AA73*Tab_Data_Flows[[#This Row],[WC_'[%']]],"N.A.") -> N.A. | AE73: =Tab_Data_Flows[[#This Row],[UoM_Flow_Py]] -> 0 | AF73: =INDEX(Tab_Def_Flows[[Flow_ID]:[CC_DM_source]],MATCH(Tab_Data_Flows[[#This Row],[Name(EN)]],Tab_Def_Flows[Name(EN)],0),18) -> #N/A | AG73: =IF(K73="Yes",AF73*Tab_Data_Flows[[#This Row],[Flow_Py]],"N.A.") -> N.A. | AH73: =Tab_Data_Flows[[#This Row],[UoM_Flow_Py]] -> 0 | AI73: =INDEX(Tab_Def_Flows[[Flow_ID]:[CC_DM_source]],MATCH(Tab_Data_Flows[[#This Row],[Name(EN)]],Tab_Def_Flows[Name(EN)],0),20) -> #N/A | AJ73: =IF(L73="Yes",AI73*Tab_Data_Flows[[#This Row],[Flow_Py]]*Tab_Data_Flows[[#This Row],[DM_'[%']]],"N.A.") -> N.A. | AK73: =Tab_Data_Flows[[#This Row],[UoM_Flow_Py]] -> 0
A74: =ROW()-1 -> 73 | B74: =_xlfn.XLOOKUP(C74,Tab_Def_Flows[Name(EN)],Tab_Def_Flows[Flow_ID],,0,) -> F_12_12 | E74: =_xlfn.XLOOKUP(C74,Tab_Def_Flows[Name(EN)],Tab_Def_Flows[Output_Process],,0,) -> 0 | F74: =_xlfn.XLOOKUP(C74,Tab_Def_Flows[Name(EN)],Tab_Def_Flows[Process_ID_O],,0,) -> 12__ | G74: =_xlfn.XLOOKUP(C74,Tab_Def_Flows[Name(EN)],Tab_Def_Flows[Input_Process],,0,) -> 0 | H74: =_xlfn.XLOOKUP(C74,Tab_Def_Flows[Name(EN)],Tab_Def_Flows[Process_ID_I],,0,) -> 12__ | I74: =_xlfn.XLOOKUP(C74,Tab_Def_Flows[Name(EN)],Tab_Def_Flows[Value_Source],,0,) -> 0 | J74: =_xlfn.XLOOKUP(C74,Tab_Def_Flows[Name(EN)],Tab_Def_Flows[WC?],,0,) -> 0 | K74: =_xlfn.XLOOKUP(C74,Tab_Def_Flows[Name(EN)],Tab_Def_Flows[DM?],,0,) -> 0 | L74: =_xlfn.XLOOKUP(C74,Tab_Def_Flows[Name(EN)],Tab_Def_Flows[CC?],,0,) -> 0 | R74: =INDEX(Tab_WC_DM_CC[[Flow_ID]:[CC_source]],MATCH(Tab_Data_Flows[[#This Row],[Name(EN)]],Tab_WC_DM_CC[Name(EN)],0),12) -> #N/A | S74: =MATCH(Tab_Data_Flows[[#This Row],[Name(EN)]],Tab_WC_DM_CC[Name(EN)],0) -> #N/A | X74: No | AA74: =IF(X74="no",O74,O74*Y74) -> 0 | AC74: =INDEX(Tab_Def_Flows[[Flow_ID]:[CC_DM_source]],MATCH(Tab_Data_Flows[[#This Row],[Name(EN)]],Tab_Def_Flows[Name(EN)],0),16) -> #N/A | AD74: =IF(J74="Yes",AA74*Tab_Data_Flows[[#This Row],[WC_'[%']]],"N.A.") -> N.A. | AE74: =Tab_Data_Flows[[#This Row],[UoM_Flow_Py]] -> 0 | AF74: =INDEX(Tab_Def_Flows[[Flow_ID]:[CC_DM_source]],MATCH(Tab_Data_Flows[[#This Row],[Name(EN)]],Tab_Def_Flows[Name(EN)],0),18) -> #N/A | AG74: =IF(K74="Yes",AF74*Tab_Data_Flows[[#This Row],[Flow_Py]],"N.A.") -> N.A. | AH74: =Tab_Data_Flows[[#This Row],[UoM_Flow_Py]] -> 0 | AI74: =INDEX(Tab_Def_Flows[[Flow_ID]:[CC_DM_source]],MATCH(Tab_Data_Flows[[#This Row],[Name(EN)]],Tab_Def_Flows[Name(EN)],0),20) -> #N/A | AJ74: =IF(L74="Yes",AI74*Tab_Data_Flows[[#This Row],[Flow_Py]]*Tab_Data_Flows[[#This Row],[DM_'[%']]],"N.A.") -> N.A. | AK74: =Tab_Data_Flows[[#This Row],[UoM_Flow_Py]] -> 0
A75: =ROW()-1 -> 74 | B75: =_xlfn.XLOOKUP(C75,Tab_Def_Flows[Name(EN)],Tab_Def_Flows[Flow_ID],,0,) -> F_12_12 | E75: =_xlfn.XLOOKUP(C75,Tab_Def_Flows[Name(EN)],Tab_Def_Flows[Output_Process],,0,) -> 0 | F75: =_xlfn.XLOOKUP(C75,Tab_Def_Flows[Name(EN)],Tab_Def_Flows[Process_ID_O],,0,) -> 12__ | G75: =_xlfn.XLOOKUP(C75,Tab_Def_Flows[Name(EN)],Tab_Def_Flows[Input_Process],,0,) -> 0 | H75: =_xlfn.XLOOKUP(C75,Tab_Def_Flows[Name(EN)],Tab_Def_Flows[Process_ID_I],,0,) -> 12__ | I75: =_xlfn.XLOOKUP(C75,Tab_Def_Flows[Name(EN)],Tab_Def_Flows[Value_Source],,0,) -> 0 | J75: =_xlfn.XLOOKUP(C75,Tab_Def_Flows[Name(EN)],Tab_Def_Flows[WC?],,0,) -> 0 | K75: =_xlfn.XLOOKUP(C75,Tab_Def_Flows[Name(EN)],Tab_Def_Flows[DM?],,0,) -> 0 | L75: =_xlfn.XLOOKUP(C75,Tab_Def_Flows[Name(EN)],Tab_Def_Flows[CC?],,0,) -> 0 | R75: =INDEX(Tab_WC_DM_CC[[Flow_ID]:[CC_source]],MATCH(Tab_Data_Flows[[#This Row],[Name(EN)]],Tab_WC_DM_CC[Name(EN)],0),12) -> #N/A | S75: =MATCH(Tab_Data_Flows[[#This Row],[Name(EN)]],Tab_WC_DM_CC[Name(EN)],0) -> #N/A | X75: No | AA75: =IF(X75="no",O75,O75*Y75) -> 0 | AC75: =INDEX(Tab_Def_Flows[[Flow_ID]:[CC_DM_source]],MATCH(Tab_Data_Flows[[#This Row],[Name(EN)]],Tab_Def_Flows[Name(EN)],0),16) -> #N/A | AD75: =IF(J75="Yes",AA75*Tab_Data_Flows[[#This Row],[WC_'[%']]],"N.A.") -> N.A. | AE75: =Tab_Data_Flows[[#This Row],[UoM_Flow_Py]] -> 0 | AF75: =INDEX(Tab_Def_Flows[[Flow_ID]:[CC_DM_source]],MATCH(Tab_Data_Flows[[#This Row],[Name(EN)]],Tab_Def_Flows[Name(EN)],0),18) -> #N/A | AG75: =IF(K75="Yes",AF75*Tab_Data_Flows[[#This Row],[Flow_Py]],"N.A.") -> N.A. | AH75: =Tab_Data_Flows[[#This Row],[UoM_Flow_Py]] -> 0 | AI75: =INDEX(Tab_Def_Flows[[Flow_ID]:[CC_DM_source]],MATCH(Tab_Data_Flows[[#This Row],[Name(EN)]],Tab_Def_Flows[Name(EN)],0),20) -> #N/A | AJ75: =IF(L75="Yes",AI75*Tab_Data_Flows[[#This Row],[Flow_Py]]*Tab_Data_Flows[[#This Row],[DM_'[%']]],"N.A.") -> N.A. | AK75: =Tab_Data_Flows[[#This Row],[UoM_Flow_Py]] -> 0
A76: =ROW()-1 -> 75 | B76: =_xlfn.XLOOKUP(C76,Tab_Def_Flows[Name(EN)],Tab_Def_Flows[Flow_ID],,0,) -> F_12_12 | E76: =_xlfn.XLOOKUP(C76,Tab_Def_Flows[Name(EN)],Tab_Def_Flows[Output_Process],,0,) -> 0 | F76: =_xlfn.XLOOKUP(C76,Tab_Def_Flows[Name(EN)],Tab_Def_Flows[Process_ID_O],,0,) -> 12__ | G76: =_xlfn.XLOOKUP(C76,Tab_Def_Flows[Name(EN)],Tab_Def_Flows[Input_Process],,0,) -> 0 | H76: =_xlfn.XLOOKUP(C76,Tab_Def_Flows[Name(EN)],Tab_Def_Flows[Process_ID_I],,0,) -> 12__ | I76: =_xlfn.XLOOKUP(C76,Tab_Def_Flows[Name(EN)],Tab_Def_Flows[Value_Source],,0,) -> 0 | J76: =_xlfn.XLOOKUP(C76,Tab_Def_Flows[Name(EN)],Tab_Def_Flows[WC?],,0,) -> 0 | K76: =_xlfn.XLOOKUP(C76,Tab_Def_Flows[Name(EN)],Tab_Def_Flows[DM?],,0,) -> 0 | L76: =_xlfn.XLOOKUP(C76,Tab_Def_Flows[Name(EN)],Tab_Def_Flows[CC?],,0,) -> 0 | R76: =INDEX(Tab_WC_DM_CC[[Flow_ID]:[CC_source]],MATCH(Tab_Data_Flows[[#This Row],[Name(EN)]],Tab_WC_DM_CC[Name(EN)],0),12) -> #N/A | S76: =MATCH(Tab_Data_Flows[[#This Row],[Name(EN)]],Tab_WC_DM_CC[Name(EN)],0) -> #N/A | X76: No | AA76: =IF(X76="no",O76,O76*Y76) -> 0 | AC76: =INDEX(Tab_Def_Flows[[Flow_ID]:[CC_DM_source]],MATCH(Tab_Data_Flows[[#This Row],[Name(EN)]],Tab_Def_Flows[Name(EN)],0),16) -> #N/A | AD76: =IF(J76="Yes",AA76*Tab_Data_Flows[[#This Row],[WC_'[%']]],"N.A.") -> N.A. | AE76: =Tab_Data_Flows[[#This Row],[UoM_Flow_Py]] -> 0 | AF76: =INDEX(Tab_Def_Flows[[Flow_ID]:[CC_DM_source]],MATCH(Tab_Data_Flows[[#This Row],[Name(EN)]],Tab_Def_Flows[Name(EN)],0),18) -> #N/A | AG76: =IF(K76="Yes",AF76*Tab_Data_Flows[[#This Row],[Flow_Py]],"N.A.") -> N.A. | AH76: =Tab_Data_Flows[[#This Row],[UoM_Flow_Py]] -> 0 | AI76: =INDEX(Tab_Def_Flows[[Flow_ID]:[CC_DM_source]],MATCH(Tab_Data_Flows[[#This Row],[Name(EN)]],Tab_Def_Flows[Name(EN)],0),20) -> #N/A | AJ76: =IF(L76="Yes",AI76*Tab_Data_Flows[[#This Row],[Flow_Py]]*Tab_Data_Flows[[#This Row],[DM_'[%']]],"N.A.") -> N.A. | AK76: =Tab_Data_Flows[[#This Row],[UoM_Flow_Py]] -> 0
A77: =ROW()-1 -> 76 | B77: =_xlfn.XLOOKUP(C77,Tab_Def_Flows[Name(EN)],Tab_Def_Flows[Flow_ID],,0,) -> F_12_12 | E77: =_xlfn.XLOOKUP(C77,Tab_Def_Flows[Name(EN)],Tab_Def_Flows[Output_Process],,0,) -> 0 | F77: =_xlfn.XLOOKUP(C77,Tab_Def_Flows[Name(EN)],Tab_Def_Flows[Process_ID_O],,0,) -> 12__ | G77: =_xlfn.XLOOKUP(C77,Tab_Def_Flows[Name(EN)],Tab_Def_Flows[Input_Process],,0,) -> 0 | H77: =_xlfn.XLOOKUP(C77,Tab_Def_Flows[Name(EN)],Tab_Def_Flows[Process_ID_I],,0,) -> 12__ | I77: =_xlfn.XLOOKUP(C77,Tab_Def_Flows[Name(EN)],Tab_Def_Flows[Value_Source],,0,) -> 0 | J77: =_xlfn.XLOOKUP(C77,Tab_Def_Flows[Name(EN)],Tab_Def_Flows[WC?],,0,) -> 0 | K77: =_xlfn.XLOOKUP(C77,Tab_Def_Flows[Name(EN)],Tab_Def_Flows[DM?],,0,) -> 0 | L77: =_xlfn.XLOOKUP(C77,Tab_Def_Flows[Name(EN)],Tab_Def_Flows[CC?],,0,) -> 0 | R77: =INDEX(Tab_WC_DM_CC[[Flow_ID]:[CC_source]],MATCH(Tab_Data_Flows[[#This Row],[Name(EN)]],Tab_WC_DM_CC[Name(EN)],0),12) -> #N/A | S77: =MATCH(Tab_Data_Flows[[#This Row],[Name(EN)]],Tab_WC_DM_CC[Name(EN)],0) -> #N/A | X77: No | AA77: =IF(X77="no",O77,O77*Y77) -> 0 | AC77: =INDEX(Tab_Def_Flows[[Flow_ID]:[CC_DM_source]],MATCH(Tab_Data_Flows[[#This Row],[Name(EN)]],Tab_Def_Flows[Name(EN)],0),16) -> #N/A | AD77: =IF(J77="Yes",AA77*Tab_Data_Flows[[#This Row],[WC_'[%']]],"N.A.") -> N.A. | AE77: =Tab_Data_Flows[[#This Row],[UoM_Flow_Py]] -> 0 | AF77: =INDEX(Tab_Def_Flows[[Flow_ID]:[CC_DM_source]],MATCH(Tab_Data_Flows[[#This Row],[Name(EN)]],Tab_Def_Flows[Name(EN)],0),18) -> #N/A | AG77: =IF(K77="Yes",AF77*Tab_Data_Flows[[#This Row],[Flow_Py]],"N.A.") -> N.A. | AH77: =Tab_Data_Flows[[#This Row],[UoM_Flow_Py]] -> 0 | AI77: =INDEX(Tab_Def_Flows[[Flow_ID]:[CC_DM_source]],MATCH(Tab_Data_Flows[[#This Row],[Name(EN)]],Tab_Def_Flows[Name(EN)],0),20) -> #N/A | AJ77: =IF(L77="Yes",AI77*Tab_Data_Flows[[#This Row],[Flow_Py]]*Tab_Data_Flows[[#This Row],[DM_'[%']]],"N.A.") -> N.A. | AK77: =Tab_Data_Flows[[#This Row],[UoM_Flow_Py]] -> 0
A78: =ROW()-1 -> 77 | B78: =_xlfn.XLOOKUP(C78,Tab_Def_Flows[Name(EN)],Tab_Def_Flows[Flow_ID],,0,) -> F_12_12 | E78: =_xlfn.XLOOKUP(C78,Tab_Def_Flows[Name(EN)],Tab_Def_Flows[Output_Process],,0,) -> 0 | F78: =_xlfn.XLOOKUP(C78,Tab_Def_Flows[Name(EN)],Tab_Def_Flows[Process_ID_O],,0,) -> 12__ | G78: =_xlfn.XLOOKUP(C78,Tab_Def_Flows[Name(EN)],Tab_Def_Flows[Input_Process],,0,) -> 0 | H78: =_xlfn.XLOOKUP(C78,Tab_Def_Flows[Name(EN)],Tab_Def_Flows[Process_ID_I],,0,) -> 12__ | I78: =_xlfn.XLOOKUP(C78,Tab_Def_Flows[Name(EN)],Tab_Def_Flows[Value_Source],,0,) -> 0 | J78: =_xlfn.XLOOKUP(C78,Tab_Def_Flows[Name(EN)],Tab_Def_Flows[WC?],,0,) -> 0 | K78: =_xlfn.XLOOKUP(C78,Tab_Def_Flows[Name(EN)],Tab_Def_Flows[DM?],,0,) -> 0 | L78: =_xlfn.XLOOKUP(C78,Tab_Def_Flows[Name(EN)],Tab_Def_Flows[CC?],,0,) -> 0 | R78: =INDEX(Tab_WC_DM_CC[[Flow_ID]:[CC_source]],MATCH(Tab_Data_Flows[[#This Row],[Name(EN)]],Tab_WC_DM_CC[Name(EN)],0),12) -> #N/A | S78: =MATCH(Tab_Data_Flows[[#This Row],[Name(EN)]],Tab_WC_DM_CC[Name(EN)],0) -> #N/A | X78: No | AA78: =IF(X78="no",O78,O78*Y78) -> 0 | AC78: =INDEX(Tab_Def_Flows[[Flow_ID]:[CC_DM_source]],MATCH(Tab_Data_Flows[[#This Row],[Name(EN)]],Tab_Def_Flows[Name(EN)],0),16) -> #N/A | AD78: =IF(J78="Yes",AA78*Tab_Data_Flows[[#This Row],[WC_'[%']]],"N.A.") -> N.A. | AE78: =Tab_Data_Flows[[#This Row],[UoM_Flow_Py]] -> 0 | AF78: =INDEX(Tab_Def_Flows[[Flow_ID]:[CC_DM_source]],MATCH(Tab_Data_Flows[[#This Row],[Name(EN)]],Tab_Def_Flows[Name(EN)],0),18) -> #N/A | AG78: =IF(K78="Yes",AF78*Tab_Data_Flows[[#This Row],[Flow_Py]],"N.A.") -> N.A. | AH78: =Tab_Data_Flows[[#This Row],[UoM_Flow_Py]] -> 0 | AI78: =INDEX(Tab_Def_Flows[[Flow_ID]:[CC_DM_source]],MATCH(Tab_Data_Flows[[#This Row],[Name(EN)]],Tab_Def_Flows[Name(EN)],0),20) -> #N/A | AJ78: =IF(L78="Yes",AI78*Tab_Data_Flows[[#This Row],[Flow_Py]]*Tab_Data_Flows[[#This Row],[DM_'[%']]],"N.A.") -> N.A. | AK78: =Tab_Data_Flows[[#This Row],[UoM_Flow_Py]] -> 0
... A88: =ROW()-1 -> 87 | B88: =_xlfn.XLOOKUP(C88,Tab_Def_Flows[Name(EN)],Tab_Def_Flows[Flow_ID],,0,) -> F_12_12 | E88: =_xlfn.XLOOKUP(C88,Tab_Def_Flows[Name(EN)],Tab_Def_Flows[Output_Process],,0,) -> 0 | F88: =_xlfn.XLOOKUP(C88,Tab_Def_Flows[Name(EN)],Tab_Def_Flows[Process_ID_O],,0,) -> 12__ | G88: =_xlfn.XLOOKUP(C88,Tab_Def_Flows[Name(EN)],Tab_Def_Flows[Input_Process],,0,) -> 0 | H88: =_xlfn.XLOOKUP(C88,Tab_Def_Flows[Name(EN)],Tab_Def_Flows[Process_ID_I],,0,) -> 12__ | I88: =_xlfn.XLOOKUP(C88,Tab_Def_Flows[Name(EN)],Tab_Def_Flows[Value_Source],,0,) -> 0 | J88: =_xlfn.XLOOKUP(C88,Tab_Def_Flows[Name(EN)],Tab_Def_Flows[WC?],,0,) -> 0 | K88: =_xlfn.XLOOKUP(C88,Tab_Def_Flows[Name(EN)],Tab_Def_Flows[DM?],,0,) -> 0 | L88: =_xlfn.XLOOKUP(C88,Tab_Def_Flows[Name(EN)],Tab_Def_Flows[CC?],,0,) -> 0 | R88: =INDEX(Tab_WC_DM_CC[[Flow_ID]:[CC_source]],MATCH(Tab_Data_Flows[[#This Row],[Name(EN)]],Tab_WC_DM_CC[Name(EN)],0),12) -> #N/A | S88: =MATCH(Tab_Data_Flows[[#This Row],[Name(EN)]],Tab_WC_DM_CC[Name(EN)],0) -> #N/A | X88: No | AA88: =IF(X88="no",O88,O88*Y88) -> 0 | AC88: =INDEX(Tab_Def_Flows[[Flow_ID]:[CC_DM_source]],MATCH(Tab_Data_Flows[[#This Row],[Name(EN)]],Tab_Def_Flows[Name(EN)],0),16) -> #N/A | AD88: =IF(J88="Yes",AA88*Tab_Data_Flows[[#This Row],[WC_'[%']]],"N.A.") -> N.A. | AE88: =Tab_Data_Flows[[#This Row],[UoM_Flow_Py]] -> 0 | AF88: =INDEX(Tab_Def_Flows[[Flow_ID]:[CC_DM_source]],MATCH(Tab_Data_Flows[[#This Row],[Name(EN)]],Tab_Def_Flows[Name(EN)],0),18) -> #N/A | AG88: =IF(K88="Yes",AF88*Tab_Data_Flows[[#This Row],[Flow_Py]],"N.A.") -> N.A. | AH88: =Tab_Data_Flows[[#This Row],[UoM_Flow_Py]] -> 0 | AI88: =INDEX(Tab_Def_Flows[[Flow_ID]:[CC_DM_source]],MATCH(Tab_Data_Flows[[#This Row],[Name(EN)]],Tab_Def_Flows[Name(EN)],0),20) -> #N/A | AJ88: =IF(L88="Yes",AI88*Tab_Data_Flows[[#This Row],[Flow_Py]]*Tab_Data_Flows[[#This Row],[DM_'[%']]],"N.A.") -> N.A. | AK88: =Tab_Data_Flows[[#This Row],[UoM_Flow_Py]] -> 0
A89: =ROW()-1 -> 88 | B89: =_xlfn.XLOOKUP(C89,Tab_Def_Flows[Name(EN)],Tab_Def_Flows[Flow_ID],,0,) -> F_12_12 | D89: =_xlfn.XLOOKUP(C89,Tab_Def_Flows[Name(EN)],Tab_Def_Flows[Type_Biomass],,0,) -> 0 | E89: =_xlfn.XLOOKUP(C89,Tab_Def_Flows[Name(EN)],Tab_Def_Flows[Output_Process],,0,) -> 0 | F89: =_xlfn.XLOOKUP(C89,Tab_Def_Flows[Name(EN)],Tab_Def_Flows[Process_ID_O],,0,) -> 12__ | G89: =_xlfn.XLOOKUP(C89,Tab_Def_Flows[Name(EN)],Tab_Def_Flows[Input_Process],,0,) -> 0 | H89: =_xlfn.XLOOKUP(C89,Tab_Def_Flows[Name(EN)],Tab_Def_Flows[Process_ID_I],,0,) -> 12__ | I89: =_xlfn.XLOOKUP(C89,Tab_Def_Flows[Name(EN)],Tab_Def_Flows[Value_Source],,0,) -> 0 | J89: =_xlfn.XLOOKUP(C89,Tab_Def_Flows[Name(EN)],Tab_Def_Flows[WC?],,0,) -> 0 | K89: =_xlfn.XLOOKUP(C89,Tab_Def_Flows[Name(EN)],Tab_Def_Flows[DM?],,0,) -> 0 | L89: =_xlfn.XLOOKUP(C89,Tab_Def_Flows[Name(EN)],Tab_Def_Flows[CC?],,0,) -> 0 | N89: BB | X89: No | AA89: =IF(X89="no",O89,O89*Y89) -> 0 | AC89: =INDEX(Tab_Def_Flows[[Flow_ID]:[CC_DM_source]],MATCH(Tab_Data_Flows[[#This Row],[Name(EN)]],Tab_Def_Flows[Name(EN)],0),16) -> #N/A | AD89: =IF(J89="Yes",AA89*Tab_Data_Flows[[#This Row],[WC_'[%']]],"N.A.") -> N.A. | AE89: =Tab_Data_Flows[[#This Row],[UoM_Flow_Py]] -> 0 | AF89: =INDEX(Tab_Def_Flows[[Flow_ID]:[CC_DM_source]],MATCH(Tab_Data_Flows[[#This Row],[Name(EN)]],Tab_Def_Flows[Name(EN)],0),18) -> #N/A | AG89: =IF(K89="Yes",AF89*Tab_Data_Flows[[#This Row],[Flow_Py]],"N.A.") -> N.A. | AH89: =Tab_Data_Flows[[#This Row],[UoM_Flow_Py]] -> 0 | AI89: =INDEX(Tab_Def_Flows[[Flow_ID]:[CC_DM_source]],MATCH(Tab_Data_Flows[[#This Row],[Name(EN)]],Tab_Def_Flows[Name(EN)],0),20) -> #N/A | AJ89: =IF(L89="Yes",AI89*Tab_Data_Flows[[#This Row],[Flow_Py]]*Tab_Data_Flows[[#This Row],[DM_'[%']]],"N.A.") -> N.A. | AK89: =Tab_Data_Flows[[#This Row],[UoM_Flow_Py]] -> 0
A90: =ROW()-1 -> 89 | B90: =_xlfn.XLOOKUP(C90,Tab_Def_Flows[Name(EN)],Tab_Def_Flows[Flow_ID],,0,) -> F_12_12 | D90: =_xlfn.XLOOKUP(C90,Tab_Def_Flows[Name(EN)],Tab_Def_Flows[Type_Biomass],,0,) -> 0 | E90: =_xlfn.XLOOKUP(C90,Tab_Def_Flows[Name(EN)],Tab_Def_Flows[Output_Process],,0,) -> 0 | F90: =_xlfn.XLOOKUP(C90,Tab_Def_Flows[Name(EN)],Tab_Def_Flows[Process_ID_O],,0,) -> 12__ | G90: =_xlfn.XLOOKUP(C90,Tab_Def_Flows[Name(EN)],Tab_Def_Flows[Input_Process],,0,) -> 0 | H90: =_xlfn.XLOOKUP(C90,Tab_Def_Flows[Name(EN)],Tab_Def_Flows[Process_ID_I],,0,) -> 12__ | I90: =_xlfn.XLOOKUP(C90,Tab_Def_Flows[Name(EN)],Tab_Def_Flows[Value_Source],,0,) -> 0 | J90: =_xlfn.XLOOKUP(C90,Tab_Def_Flows[Name(EN)],Tab_Def_Flows[WC?],,0,) -> 0 | K90: =_xlfn.XLOOKUP(C90,Tab_Def_Flows[Name(EN)],Tab_Def_Flows[DM?],,0,) -> 0 | L90: =_xlfn.XLOOKUP(C90,Tab_Def_Flows[Name(EN)],Tab_Def_Flows[CC?],,0,) -> 0 | N90: BB | X90: No | AA90: =IF(X90="no",O90,O90*Y90) -> 0 | AC90: =INDEX(Tab_Def_Flows[[Flow_ID]:[CC_DM_source]],MATCH(Tab_Data_Flows[[#This Row],[Name(EN)]],Tab_Def_Flows[Name(EN)],0),16) -> #N/A | AD90: =IF(J90="Yes",AA90*Tab_Data_Flows[[#This Row],[WC_'[%']]],"N.A.") -> N.A. | AE90: =Tab_Data_Flows[[#This Row],[UoM_Flow_Py]] -> 0 | AF90: =INDEX(Tab_Def_Flows[[Flow_ID]:[CC_DM_source]],MATCH(Tab_Data_Flows[[#This Row],[Name(EN)]],Tab_Def_Flows[Name(EN)],0),18) -> #N/A | AG90: =IF(K90="Yes",AF90*Tab_Data_Flows[[#This Row],[Flow_Py]],"N.A.") -> N.A. | AH90: =Tab_Data_Flows[[#This Row],[UoM_Flow_Py]] -> 0 | AI90: =INDEX(Tab_Def_Flows[[Flow_ID]:[CC_DM_source]],MATCH(Tab_Data_Flows[[#This Row],[Name(EN)]],Tab_Def_Flows[Name(EN)],0),20) -> #N/A | AJ90: =IF(L90="Yes",AI90*Tab_Data_Flows[[#This Row],[Flow_Py]]*Tab_Data_Flows[[#This Row],[DM_'[%']]],"N.A.") -> N.A. | AK90: =Tab_Data_Flows[[#This Row],[UoM_Flow_Py]] -> 0
A91: =ROW()-1 -> 90 | B91: =_xlfn.XLOOKUP(C91,Tab_Def_Flows[Name(EN)],Tab_Def_Flows[Flow_ID],,0,) -> F_12_12 | D91: =_xlfn.XLOOKUP(C91,Tab_Def_Flows[Name(EN)],Tab_Def_Flows[Type_Biomass],,0,) -> 0 | E91: =_xlfn.XLOOKUP(C91,Tab_Def_Flows[Name(EN)],Tab_Def_Flows[Output_Process],,0,) -> 0 | F91: =_xlfn.XLOOKUP(C91,Tab_Def_Flows[Name(EN)],Tab_Def_Flows[Process_ID_O],,0,) -> 12__ | G91: =_xlfn.XLOOKUP(C91,Tab_Def_Flows[Name(EN)],Tab_Def_Flows[Input_Process],,0,) -> 0 | H91: =_xlfn.XLOOKUP(C91,Tab_Def_Flows[Name(EN)],Tab_Def_Flows[Process_ID_I],,0,) -> 12__ | I91: =_xlfn.XLOOKUP(C91,Tab_Def_Flows[Name(EN)],Tab_Def_Flows[Value_Source],,0,) -> 0 | J91: =_xlfn.XLOOKUP(C91,Tab_Def_Flows[Name(EN)],Tab_Def_Flows[WC?],,0,) -> 0 | K91: =_xlfn.XLOOKUP(C91,Tab_Def_Flows[Name(EN)],Tab_Def_Flows[DM?],,0,) -> 0 | L91: =_xlfn.XLOOKUP(C91,Tab_Def_Flows[Name(EN)],Tab_Def_Flows[CC?],,0,) -> 0 | N91: BB | X91: No | AA91: =IF(X91="no",O91,O91*Y91) -> 0 | AC91: =INDEX(Tab_Def_Flows[[Flow_ID]:[CC_DM_source]],MATCH(Tab_Data_Flows[[#This Row],[Name(EN)]],Tab_Def_Flows[Name(EN)],0),16) -> #N/A | AD91: =IF(J91="Yes",AA91*Tab_Data_Flows[[#This Row],[WC_'[%']]],"N.A.") -> N.A. | AE91: =Tab_Data_Flows[[#This Row],[UoM_Flow_Py]] -> 0 | AF91: =INDEX(Tab_Def_Flows[[Flow_ID]:[CC_DM_source]],MATCH(Tab_Data_Flows[[#This Row],[Name(EN)]],Tab_Def_Flows[Name(EN)],0),18) -> #N/A | AG91: =IF(K91="Yes",AF91*Tab_Data_Flows[[#This Row],[Flow_Py]],"N.A.") -> N.A. | AH91: =Tab_Data_Flows[[#This Row],[UoM_Flow_Py]] -> 0 | AI91: =INDEX(Tab_Def_Flows[[Flow_ID]:[CC_DM_source]],MATCH(Tab_Data_Flows[[#This Row],[Name(EN)]],Tab_Def_Flows[Name(EN)],0),20) -> #N/A | AJ91: =IF(L91="Yes",AI91*Tab_Data_Flows[[#This Row],[Flow_Py]]*Tab_Data_Flows[[#This Row],[DM_'[%']]],"N.A.") -> N.A. | AK91: =Tab_Data_Flows[[#This Row],[UoM_Flow_Py]] -> 0
A92: =ROW()-1 -> 91 | B92: =_xlfn.XLOOKUP(C92,Tab_Def_Flows[Name(EN)],Tab_Def_Flows[Flow_ID],,0,) -> F_12_12 | D92: =_xlfn.XLOOKUP(C92,Tab_Def_Flows[Name(EN)],Tab_Def_Flows[Type_Biomass],,0,) -> 0 | E92: =_xlfn.XLOOKUP(C92,Tab_Def_Flows[Name(EN)],Tab_Def_Flows[Output_Process],,0,) -> 0 | F92: =_xlfn.XLOOKUP(C92,Tab_Def_Flows[Name(EN)],Tab_Def_Flows[Process_ID_O],,0,) -> 12__ | G92: =_xlfn.XLOOKUP(C92,Tab_Def_Flows[Name(EN)],Tab_Def_Flows[Input_Process],,0,) -> 0 | H92: =_xlfn.XLOOKUP(C92,Tab_Def_Flows[Name(EN)],Tab_Def_Flows[Process_ID_I],,0,) -> 12__ | I92: =_xlfn.XLOOKUP(C92,Tab_Def_Flows[Name(EN)],Tab_Def_Flows[Value_Source],,0,) -> 0 | J92: =_xlfn.XLOOKUP(C92,Tab_Def_Flows[Name(EN)],Tab_Def_Flows[WC?],,0,) -> 0 | K92: =_xlfn.XLOOKUP(C92,Tab_Def_Flows[Name(EN)],Tab_Def_Flows[DM?],,0,) -> 0 | L92: =_xlfn.XLOOKUP(C92,Tab_Def_Flows[Name(EN)],Tab_Def_Flows[CC?],,0,) -> 0 | N92: BB | X92: No | AA92: =IF(X92="no",O92,O92*Y92) -> 0 | AC92: =INDEX(Tab_Def_Flows[[Flow_ID]:[CC_DM_source]],MATCH(Tab_Data_Flows[[#This Row],[Name(EN)]],Tab_Def_Flows[Name(EN)],0),16) -> #N/A | AD92: =IF(J92="Yes",AA92*Tab_Data_Flows[[#This Row],[WC_'[%']]],"N.A.") -> N.A. | AE92: =Tab_Data_Flows[[#This Row],[UoM_Flow_Py]] -> 0 | AF92: =INDEX(Tab_Def_Flows[[Flow_ID]:[CC_DM_source]],MATCH(Tab_Data_Flows[[#This Row],[Name(EN)]],Tab_Def_Flows[Name(EN)],0),18) -> #N/A | AG92: =IF(K92="Yes",AF92*Tab_Data_Flows[[#This Row],[Flow_Py]],"N.A.") -> N.A. | AH92: =Tab_Data_Flows[[#This Row],[UoM_Flow_Py]] -> 0 | AI92: =INDEX(Tab_Def_Flows[[Flow_ID]:[CC_DM_source]],MATCH(Tab_Data_Flows[[#This Row],[Name(EN)]],Tab_Def_Flows[Name(EN)],0),20) -> #N/A | AJ92: =IF(L92="Yes",AI92*Tab_Data_Flows[[#This Row],[Flow_Py]]*Tab_Data_Flows[[#This Row],[DM_'[%']]],"N.A.") -> N.A. | AK92: =Tab_Data_Flows[[#This Row],[UoM_Flow_Py]] -> 0
A93: =ROW()-1 -> 92 | B93: =_xlfn.XLOOKUP(C93,Tab_Def_Flows[Name(EN)],Tab_Def_Flows[Flow_ID],,0,) -> F_12_12 | D93: =_xlfn.XLOOKUP(C93,Tab_Def_Flows[Name(EN)],Tab_Def_Flows[Type_Biomass],,0,) -> 0 | E93: =_xlfn.XLOOKUP(C93,Tab_Def_Flows[Name(EN)],Tab_Def_Flows[Output_Process],,0,) -> 0 | F93: =_xlfn.XLOOKUP(C93,Tab_Def_Flows[Name(EN)],Tab_Def_Flows[Process_ID_O],,0,) -> 12__ | G93: =_xlfn.XLOOKUP(C93,Tab_Def_Flows[Name(EN)],Tab_Def_Flows[Input_Process],,0,) -> 0 | H93: =_xlfn.XLOOKUP(C93,Tab_Def_Flows[Name(EN)],Tab_Def_Flows[Process_ID_I],,0,) -> 12__ | I93: =_xlfn.XLOOKUP(C93,Tab_Def_Flows[Name(EN)],Tab_Def_Flows[Value_Source],,0,) -> 0 | J93: =_xlfn.XLOOKUP(C93,Tab_Def_Flows[Name(EN)],Tab_Def_Flows[WC?],,0,) -> 0 | K93: =_xlfn.XLOOKUP(C93,Tab_Def_Flows[Name(EN)],Tab_Def_Flows[DM?],,0,) -> 0 | L93: =_xlfn.XLOOKUP(C93,Tab_Def_Flows[Name(EN)],Tab_Def_Flows[CC?],,0,) -> 0 | N93: BB | X93: No | AA93: =IF(X93="no",O93,O93*Y93) -> 0 | AC93: =INDEX(Tab_Def_Flows[[Flow_ID]:[CC_DM_source]],MATCH(Tab_Data_Flows[[#This Row],[Name(EN)]],Tab_Def_Flows[Name(EN)],0),16) -> #N/A | AD93: =IF(J93="Yes",AA93*Tab_Data_Flows[[#This Row],[WC_'[%']]],"N.A.") -> N.A. | AE93: =Tab_Data_Flows[[#This Row],[UoM_Flow_Py]] -> 0 | AF93: =INDEX(Tab_Def_Flows[[Flow_ID]:[CC_DM_source]],MATCH(Tab_Data_Flows[[#This Row],[Name(EN)]],Tab_Def_Flows[Name(EN)],0),18) -> #N/A | AG93: =IF(K93="Yes",AF93*Tab_Data_Flows[[#This Row],[Flow_Py]],"N.A.") -> N.A. | AH93: =Tab_Data_Flows[[#This Row],[UoM_Flow_Py]] -> 0 | AI93: =INDEX(Tab_Def_Flows[[Flow_ID]:[CC_DM_source]],MATCH(Tab_Data_Flows[[#This Row],[Name(EN)]],Tab_Def_Flows[Name(EN)],0),20) -> #N/A | AJ93: =IF(L93="Yes",AI93*Tab_Data_Flows[[#This Row],[Flow_Py]]*Tab_Data_Flows[[#This Row],[DM_'[%']]],"N.A.") -> N.A. | AK93: =Tab_Data_Flows[[#This Row],[UoM_Flow_Py]] -> 0
A94: =ROW()-1 -> 93 | B94: =_xlfn.XLOOKUP(C94,Tab_Def_Flows[Name(EN)],Tab_Def_Flows[Flow_ID],,0,) -> F_12_12 | D94: =_xlfn.XLOOKUP(C94,Tab_Def_Flows[Name(EN)],Tab_Def_Flows[Type_Biomass],,0,) -> 0 | E94: =_xlfn.XLOOKUP(C94,Tab_Def_Flows[Name(EN)],Tab_Def_Flows[Output_Process],,0,) -> 0 | F94: =_xlfn.XLOOKUP(C94,Tab_Def_Flows[Name(EN)],Tab_Def_Flows[Process_ID_O],,0,) -> 12__ | G94: =_xlfn.XLOOKUP(C94,Tab_Def_Flows[Name(EN)],Tab_Def_Flows[Input_Process],,0,) -> 0 | H94: =_xlfn.XLOOKUP(C94,Tab_Def_Flows[Name(EN)],Tab_Def_Flows[Process_ID_I],,0,) -> 12__ | I94: =_xlfn.XLOOKUP(C94,Tab_Def_Flows[Name(EN)],Tab_Def_Flows[Value_Source],,0,) -> 0 | J94: =_xlfn.XLOOKUP(C94,Tab_Def_Flows[Name(EN)],Tab_Def_Flows[WC?],,0,) -> 0 | K94: =_xlfn.XLOOKUP(C94,Tab_Def_Flows[Name(EN)],Tab_Def_Flows[DM?],,0,) -> 0 | L94: =_xlfn.XLOOKUP(C94,Tab_Def_Flows[Name(EN)],Tab_Def_Flows[CC?],,0,) -> 0 | N94: BB | X94: No | AA94: =IF(X94="no",O94,O94*Y94) -> 0 | AC94: =INDEX(Tab_Def_Flows[[Flow_ID]:[CC_DM_source]],MATCH(Tab_Data_Flows[[#This Row],[Name(EN)]],Tab_Def_Flows[Name(EN)],0),16) -> #N/A | AD94: =IF(J94="Yes",AA94*Tab_Data_Flows[[#This Row],[WC_'[%']]],"N.A.") -> N.A. | AE94: =Tab_Data_Flows[[#This Row],[UoM_Flow_Py]] -> 0 | AF94: =INDEX(Tab_Def_Flows[[Flow_ID]:[CC_DM_source]],MATCH(Tab_Data_Flows[[#This Row],[Name(EN)]],Tab_Def_Flows[Name(EN)],0),18) -> #N/A | AG94: =IF(K94="Yes",AF94*Tab_Data_Flows[[#This Row],[Flow_Py]],"N.A.") -> N.A. | AH94: =Tab_Data_Flows[[#This Row],[UoM_Flow_Py]] -> 0 | AI94: =INDEX(Tab_Def_Flows[[Flow_ID]:[CC_DM_source]],MATCH(Tab_Data_Flows[[#This Row],[Name(EN)]],Tab_Def_Flows[Name(EN)],0),20) -> #N/A | AJ94: =IF(L94="Yes",AI94*Tab_Data_Flows[[#This Row],[Flow_Py]]*Tab_Data_Flows[[#This Row],[DM_'[%']]],"N.A.") -> N.A. | AK94: =Tab_Data_Flows[[#This Row],[UoM_Flow_Py]] -> 0
A95: =ROW()-1 -> 94 | B95: =_xlfn.XLOOKUP(C95,Tab_Def_Flows[Name(EN)],Tab_Def_Flows[Flow_ID],,0,) -> F_12_12 | D95: =_xlfn.XLOOKUP(C95,Tab_Def_Flows[Name(EN)],Tab_Def_Flows[Type_Biomass],,0,) -> 0 | E95: =_xlfn.XLOOKUP(C95,Tab_Def_Flows[Name(EN)],Tab_Def_Flows[Output_Process],,0,) -> 0 | F95: =_xlfn.XLOOKUP(C95,Tab_Def_Flows[Name(EN)],Tab_Def_Flows[Process_ID_O],,0,) -> 12__ | G95: =_xlfn.XLOOKUP(C95,Tab_Def_Flows[Name(EN)],Tab_Def_Flows[Input_Process],,0,) -> 0 | H95: =_xlfn.XLOOKUP(C95,Tab_Def_Flows[Name(EN)],Tab_Def_Flows[Process_ID_I],,0,) -> 12__ | I95: =_xlfn.XLOOKUP(C95,Tab_Def_Flows[Name(EN)],Tab_Def_Flows[Value_Source],,0,) -> 0 | J95: =_xlfn.XLOOKUP(C95,Tab_Def_Flows[Name(EN)],Tab_Def_Flows[WC?],,0,) -> 0 | K95: =_xlfn.XLOOKUP(C95,Tab_Def_Flows[Name(EN)],Tab_Def_Flows[DM?],,0,) -> 0 | L95: =_xlfn.XLOOKUP(C95,Tab_Def_Flows[Name(EN)],Tab_Def_Flows[CC?],,0,) -> 0 | N95: BB | X95: No | AA95: =IF(X95="no",O95,O95*Y95) -> 0 | AC95: =INDEX(Tab_Def_Flows[[Flow_ID]:[CC_DM_source]],MATCH(Tab_Data_Flows[[#This Row],[Name(EN)]],Tab_Def_Flows[Name(EN)],0),16) -> #N/A | AD95: =IF(J95="Yes",AA95*Tab_Data_Flows[[#This Row],[WC_'[%']]],"N.A.") -> N.A. | AE95: =Tab_Data_Flows[[#This Row],[UoM_Flow_Py]] -> 0 | AF95: =INDEX(Tab_Def_Flows[[Flow_ID]:[CC_DM_source]],MATCH(Tab_Data_Flows[[#This Row],[Name(EN)]],Tab_Def_Flows[Name(EN)],0),18) -> #N/A | AG95: =IF(K95="Yes",AF95*Tab_Data_Flows[[#This Row],[Flow_Py]],"N.A.") -> N.A. | AH95: =Tab_Data_Flows[[#This Row],[UoM_Flow_Py]] -> 0 | AI95: =INDEX(Tab_Def_Flows[[Flow_ID]:[CC_DM_source]],MATCH(Tab_Data_Flows[[#This Row],[Name(EN)]],Tab_Def_Flows[Name(EN)],0),20) -> #N/A | AJ95: =IF(L95="Yes",AI95*Tab_Data_Flows[[#This Row],[Flow_Py]]*Tab_Data_Flows[[#This Row],[DM_'[%']]],"N.A.") -> N.A. | AK95: =Tab_Data_Flows[[#This Row],[UoM_Flow_Py]] -> 0
A96: =ROW()-1 -> 95 | B96: =_xlfn.XLOOKUP(C96,Tab_Def_Flows[Name(EN)],Tab_Def_Flows[Flow_ID],,0,) -> F_12_12 | E96: =_xlfn.XLOOKUP(C96,Tab_Def_Flows[Name(EN)],Tab_Def_Flows[Output_Process],,0,) -> 0 | F96: =_xlfn.XLOOKUP(C96,Tab_Def_Flows[Name(EN)],Tab_Def_Flows[Process_ID_O],,0,) -> 12__ | G96: =_xlfn.XLOOKUP(C96,Tab_Def_Flows[Name(EN)],Tab_Def_Flows[Input_Process],,0,) -> 0 | H96: =_xlfn.XLOOKUP(C96,Tab_Def_Flows[Name(EN)],Tab_Def_Flows[Process_ID_I],,0,) -> 12__ | I96: =_xlfn.XLOOKUP(C96,Tab_Def_Flows[Name(EN)],Tab_Def_Flows[Value_Source],,0,) -> 0 | J96: =_xlfn.XLOOKUP(C96,Tab_Def_Flows[Name(EN)],Tab_Def_Flows[WC?],,0,) -> 0 | K96: =_xlfn.XLOOKUP(C96,Tab_Def_Flows[Name(EN)],Tab_Def_Flows[DM?],,0,) -> 0 | L96: =_xlfn.XLOOKUP(C96,Tab_Def_Flows[Name(EN)],Tab_Def_Flows[CC?],,0,) -> 0 | R96: =INDEX(Tab_WC_DM_CC[[Flow_ID]:[CC_source]],MATCH(Tab_Data_Flows[[#This Row],[Name(EN)]],Tab_WC_DM_CC[Name(EN)],0),12) -> #N/A | S96: =MATCH(Tab_Data_Flows[[#This Row],[Name(EN)]],Tab_WC_DM_CC[Name(EN)],0) -> #N/A | X96: No | AA96: =IF(X96="no",O96,O96*Y96) -> 0 | AC96: =INDEX(Tab_Def_Flows[[Flow_ID]:[CC_DM_source]],MATCH(Tab_Data_Flows[[#This Row],[Name(EN)]],Tab_Def_Flows[Name(EN)],0),16) -> #N/A | AD96: =IF(J96="Yes",AA96*Tab_Data_Flows[[#This Row],[WC_'[%']]],"N.A.") -> N.A. | AE96: =Tab_Data_Flows[[#This Row],[UoM_Flow_Py]] -> 0 | AF96: =INDEX(Tab_Def_Flows[[Flow_ID]:[CC_DM_source]],MATCH(Tab_Data_Flows[[#This Row],[Name(EN)]],Tab_Def_Flows[Name(EN)],0),18) -> #N/A | AG96: =IF(K96="Yes",AF96*Tab_Data_Flows[[#This Row],[Flow_Py]],"N.A.") -> N.A. | AH96: =Tab_Data_Flows[[#This Row],[UoM_Flow_Py]] -> 0 | AI96: =INDEX(Tab_Def_Flows[[Flow_ID]:[CC_DM_source]],MATCH(Tab_Data_Flows[[#This Row],[Name(EN)]],Tab_Def_Flows[Name(EN)],0),20) -> #N/A | AJ96: =IF(L96="Yes",AI96*Tab_Data_Flows[[#This Row],[Flow_Py]]*Tab_Data_Flows[[#This Row],[DM_'[%']]],"N.A.") -> N.A. | AK96: =Tab_Data_Flows[[#This Row],[UoM_Flow_Py]] -> 0
A97: =ROW()-1 -> 96 | B97: =_xlfn.XLOOKUP(C97,Tab_Def_Flows[Name(EN)],Tab_Def_Flows[Flow_ID],,0,) -> F_12_12 | E97: =_xlfn.XLOOKUP(C97,Tab_Def_Flows[Name(EN)],Tab_Def_Flows[Output_Process],,0,) -> 0 | F97: =_xlfn.XLOOKUP(C97,Tab_Def_Flows[Name(EN)],Tab_Def_Flows[Process_ID_O],,0,) -> 12__ | G97: =_xlfn.XLOOKUP(C97,Tab_Def_Flows[Name(EN)],Tab_Def_Flows[Input_Process],,0,) -> 0 | H97: =_xlfn.XLOOKUP(C97,Tab_Def_Flows[Name(EN)],Tab_Def_Flows[Process_ID_I],,0,) -> 12__ | I97: =_xlfn.XLOOKUP(C97,Tab_Def_Flows[Name(EN)],Tab_Def_Flows[Value_Source],,0,) -> 0 | J97: =_xlfn.XLOOKUP(C97,Tab_Def_Flows[Name(EN)],Tab_Def_Flows[WC?],,0,) -> 0 | K97: =_xlfn.XLOOKUP(C97,Tab_Def_Flows[Name(EN)],Tab_Def_Flows[DM?],,0,) -> 0 | L97: =_xlfn.XLOOKUP(C97,Tab_Def_Flows[Name(EN)],Tab_Def_Flows[CC?],,0,) -> 0 | R97: =INDEX(Tab_WC_DM_CC[[Flow_ID]:[CC_source]],MATCH(Tab_Data_Flows[[#This Row],[Name(EN)]],Tab_WC_DM_CC[Name(EN)],0),12) -> #N/A | S97: =MATCH(Tab_Data_Flows[[#This Row],[Name(EN)]],Tab_WC_DM_CC[Name(EN)],0) -> #N/A | X97: No | AA97: =IF(X97="no",O97,O97*Y97) -> 0 | AC97: =INDEX(Tab_Def_Flows[[Flow_ID]:[CC_DM_source]],MATCH(Tab_Data_Flows[[#This Row],[Name(EN)]],Tab_Def_Flows[Name(EN)],0),16) -> #N/A | AD97: =IF(J97="Yes",AA97*Tab_Data_Flows[[#This Row],[WC_'[%']]],"N.A.") -> N.A. | AE97: =Tab_Data_Flows[[#This Row],[UoM_Flow_Py]] -> 0 | AF97: =INDEX(Tab_Def_Flows[[Flow_ID]:[CC_DM_source]],MATCH(Tab_Data_Flows[[#This Row],[Name(EN)]],Tab_Def_Flows[Name(EN)],0),18) -> #N/A | AG97: =IF(K97="Yes",AF97*Tab_Data_Flows[[#This Row],[Flow_Py]],"N.A.") -> N.A. | AH97: =Tab_Data_Flows[[#This Row],[UoM_Flow_Py]] -> 0 | AI97: =INDEX(Tab_Def_Flows[[Flow_ID]:[CC_DM_source]],MATCH(Tab_Data_Flows[[#This Row],[Name(EN)]],Tab_Def_Flows[Name(EN)],0),20) -> #N/A | AJ97: =IF(L97="Yes",AI97*Tab_Data_Flows[[#This Row],[Flow_Py]]*Tab_Data_Flows[[#This Row],[DM_'[%']]],"N.A.") -> N.A. | AK97: =Tab_Data_Flows[[#This Row],[UoM_Flow_Py]] -> 0
A98: =ROW()-1 -> 97 | B98: =_xlfn.XLOOKUP(C98,Tab_Def_Flows[Name(EN)],Tab_Def_Flows[Flow_ID],,0,) -> F_12_12 | E98: =_xlfn.XLOOKUP(C98,Tab_Def_Flows[Name(EN)],Tab_Def_Flows[Output_Process],,0,) -> 0 | F98: =_xlfn.XLOOKUP(C98,Tab_Def_Flows[Name(EN)],Tab_Def_Flows[Process_ID_O],,0,) -> 12__ | G98: =_xlfn.XLOOKUP(C98,Tab_Def_Flows[Name(EN)],Tab_Def_Flows[Input_Process],,0,) -> 0 | H98: =_xlfn.XLOOKUP(C98,Tab_Def_Flows[Name(EN)],Tab_Def_Flows[Process_ID_I],,0,) -> 12__ | I98: =_xlfn.XLOOKUP(C98,Tab_Def_Flows[Name(EN)],Tab_Def_Flows[Value_Source],,0,) -> 0 | J98: =_xlfn.XLOOKUP(C98,Tab_Def_Flows[Name(EN)],Tab_Def_Flows[WC?],,0,) -> 0 | K98: =_xlfn.XLOOKUP(C98,Tab_Def_Flows[Name(EN)],Tab_Def_Flows[DM?],,0,) -> 0 | L98: =_xlfn.XLOOKUP(C98,Tab_Def_Flows[Name(EN)],Tab_Def_Flows[CC?],,0,) -> 0 | R98: =INDEX(Tab_WC_DM_CC[[Flow_ID]:[CC_source]],MATCH(Tab_Data_Flows[[#This Row],[Name(EN)]],Tab_WC_DM_CC[Name(EN)],0),12) -> #N/A | S98: =MATCH(Tab_Data_Flows[[#This Row],[Name(EN)]],Tab_WC_DM_CC[Name(EN)],0) -> #N/A | X98: No | AA98: =IF(X98="no",O98,O98*Y98) -> 0 | AC98: =INDEX(Tab_Def_Flows[[Flow_ID]:[CC_DM_source]],MATCH(Tab_Data_Flows[[#This Row],[Name(EN)]],Tab_Def_Flows[Name(EN)],0),16) -> #N/A | AD98: =IF(J98="Yes",AA98*Tab_Data_Flows[[#This Row],[WC_'[%']]],"N.A.") -> N.A. | AE98: =Tab_Data_Flows[[#This Row],[UoM_Flow_Py]] -> 0 | AF98: =INDEX(Tab_Def_Flows[[Flow_ID]:[CC_DM_source]],MATCH(Tab_Data_Flows[[#This Row],[Name(EN)]],Tab_Def_Flows[Name(EN)],0),18) -> #N/A | AG98: =IF(K98="Yes",AF98*Tab_Data_Flows[[#This Row],[Flow_Py]],"N.A.") -> N.A. | AH98: =Tab_Data_Flows[[#This Row],[UoM_Flow_Py]] -> 0 | AI98: =INDEX(Tab_Def_Flows[[Flow_ID]:[CC_DM_source]],MATCH(Tab_Data_Flows[[#This Row],[Name(EN)]],Tab_Def_Flows[Name(EN)],0),20) -> #N/A | AJ98: =IF(L98="Yes",AI98*Tab_Data_Flows[[#This Row],[Flow_Py]]*Tab_Data_Flows[[#This Row],[DM_'[%']]],"N.A.") -> N.A. | AK98: =Tab_Data_Flows[[#This Row],[UoM_Flow_Py]] -> 0
A99: =ROW()-1 -> 98 | B99: =_xlfn.XLOOKUP(C99,Tab_Def_Flows[Name(EN)],Tab_Def_Flows[Flow_ID],,0,) -> F_12_12 | E99: =_xlfn.XLOOKUP(C99,Tab_Def_Flows[Name(EN)],Tab_Def_Flows[Output_Process],,0,) -> 0 | F99: =_xlfn.XLOOKUP(C99,Tab_Def_Flows[Name(EN)],Tab_Def_Flows[Process_ID_O],,0,) -> 12__ | G99: =_xlfn.XLOOKUP(C99,Tab_Def_Flows[Name(EN)],Tab_Def_Flows[Input_Process],,0,) -> 0 | H99: =_xlfn.XLOOKUP(C99,Tab_Def_Flows[Name(EN)],Tab_Def_Flows[Process_ID_I],,0,) -> 12__ | I99: =_xlfn.XLOOKUP(C99,Tab_Def_Flows[Name(EN)],Tab_Def_Flows[Value_Source],,0,) -> 0 | J99: =_xlfn.XLOOKUP(C99,Tab_Def_Flows[Name(EN)],Tab_Def_Flows[WC?],,0,) -> 0 | K99: =_xlfn.XLOOKUP(C99,Tab_Def_Flows[Name(EN)],Tab_Def_Flows[DM?],,0,) -> 0 | L99: =_xlfn.XLOOKUP(C99,Tab_Def_Flows[Name(EN)],Tab_Def_Flows[CC?],,0,) -> 0 | R99: =INDEX(Tab_WC_DM_CC[[Flow_ID]:[CC_source]],MATCH(Tab_Data_Flows[[#This Row],[Name(EN)]],Tab_WC_DM_CC[Name(EN)],0),12) -> #N/A | S99: =MATCH(Tab_Data_Flows[[#This Row],[Name(EN)]],Tab_WC_DM_CC[Name(EN)],0) -> #N/A | X99: No | AA99: =IF(X99="no",O99,O99*Y99) -> 0 | AC99: =INDEX(Tab_Def_Flows[[Flow_ID]:[CC_DM_source]],MATCH(Tab_Data_Flows[[#This Row],[Name(EN)]],Tab_Def_Flows[Name(EN)],0),16) -> #N/A | AD99: =IF(J99="Yes",AA99*Tab_Data_Flows[[#This Row],[WC_'[%']]],"N.A.") -> N.A. | AE99: =Tab_Data_Flows[[#This Row],[UoM_Flow_Py]] -> 0 | AF99: =INDEX(Tab_Def_Flows[[Flow_ID]:[CC_DM_source]],MATCH(Tab_Data_Flows[[#This Row],[Name(EN)]],Tab_Def_Flows[Name(EN)],0),18) -> #N/A | AG99: =IF(K99="Yes",AF99*Tab_Data_Flows[[#This Row],[Flow_Py]],"N.A.") -> N.A. | AH99: =Tab_Data_Flows[[#This Row],[UoM_Flow_Py]] -> 0 | AI99: =INDEX(Tab_Def_Flows[[Flow_ID]:[CC_DM_source]],MATCH(Tab_Data_Flows[[#This Row],[Name(EN)]],Tab_Def_Flows[Name(EN)],0),20) -> #N/A | AJ99: =IF(L99="Yes",AI99*Tab_Data_Flows[[#This Row],[Flow_Py]]*Tab_Data_Flows[[#This Row],[DM_'[%']]],"N.A.") -> N.A. | AK99: =Tab_Data_Flows[[#This Row],[UoM_Flow_Py]] -> 0
A100: =ROW()-1 -> 99 | B100: =_xlfn.XLOOKUP(C100,Tab_Def_Flows[Name(EN)],Tab_Def_Flows[Flow_ID],,0,) -> F_12_12 | E100: =_xlfn.XLOOKUP(C100,Tab_Def_Flows[Name(EN)],Tab_Def_Flows[Output_Process],,0,) -> 0 | F100: =_xlfn.XLOOKUP(C100,Tab_Def_Flows[Name(EN)],Tab_Def_Flows[Process_ID_O],,0,) -> 12__ | G100: =_xlfn.XLOOKUP(C100,Tab_Def_Flows[Name(EN)],Tab_Def_Flows[Input_Process],,0,) -> 0 | H100: =_xlfn.XLOOKUP(C100,Tab_Def_Flows[Name(EN)],Tab_Def_Flows[Process_ID_I],,0,) -> 12__ | I100: =_xlfn.XLOOKUP(C100,Tab_Def_Flows[Name(EN)],Tab_Def_Flows[Value_Source],,0,) -> 0 | J100: =_xlfn.XLOOKUP(C100,Tab_Def_Flows[Name(EN)],Tab_Def_Flows[WC?],,0,) -> 0 | K100: =_xlfn.XLOOKUP(C100,Tab_Def_Flows[Name(EN)],Tab_Def_Flows[DM?],,0,) -> 0 | L100: =_xlfn.XLOOKUP(C100,Tab_Def_Flows[Name(EN)],Tab_Def_Flows[CC?],,0,) -> 0 | R100: =INDEX(Tab_WC_DM_CC[[Flow_ID]:[CC_source]],MATCH(Tab_Data_Flows[[#This Row],[Name(EN)]],Tab_WC_DM_CC[Name(EN)],0),12) -> #N/A | S100: =MATCH(Tab_Data_Flows[[#This Row],[Name(EN)]],Tab_WC_DM_CC[Name(EN)],0) -> #N/A | X100: No | AA100: =IF(X100="no",O100,O100*Y100) -> 0 | AC100: =INDEX(Tab_Def_Flows[[Flow_ID]:[CC_DM_source]],MATCH(Tab_Data_Flows[[#This Row],[Name(EN)]],Tab_Def_Flows[Name(EN)],0),16) -> #N/A | AD100: =IF(J100="Yes",AA100*Tab_Data_Flows[[#This Row],[WC_'[%']]],"N.A.") -> N.A. | AE100: =Tab_Data_Flows[[#This Row],[UoM_Flow_Py]] -> 0 | AF100: =INDEX(Tab_Def_Flows[[Flow_ID]:[CC_DM_source]],MATCH(Tab_Data_Flows[[#This Row],[Name(EN)]],Tab_Def_Flows[Name(EN)],0),18) -> #N/A | AG100: =IF(K100="Yes",AF100*Tab_Data_Flows[[#This Row],[Flow_Py]],"N.A.") -> N.A. | AH100: =Tab_Data_Flows[[#This Row],[UoM_Flow_Py]] -> 0 | AI100: =INDEX(Tab_Def_Flows[[Flow_ID]:[CC_DM_source]],MATCH(Tab_Data_Flows[[#This Row],[Name(EN)]],Tab_Def_Flows[Name(EN)],0),20) -> #N/A | AJ100: =IF(L100="Yes",AI100*Tab_Data_Flows[[#This Row],[Flow_Py]]*Tab_Data_Flows[[#This Row],[DM_'[%']]],"N.A.") -> N.A. | AK100: =Tab_Data_Flows[[#This Row],[UoM_Flow_Py]] -> 0
A101: =ROW()-1 -> 100 | B101: =_xlfn.XLOOKUP(C101,Tab_Def_Flows[Name(EN)],Tab_Def_Flows[Flow_ID],,0,) -> F_12_12 | E101: =_xlfn.XLOOKUP(C101,Tab_Def_Flows[Name(EN)],Tab_Def_Flows[Output_Process],,0,) -> 0 | F101: =_xlfn.XLOOKUP(C101,Tab_Def_Flows[Name(EN)],Tab_Def_Flows[Process_ID_O],,0,) -> 12__ | G101: =_xlfn.XLOOKUP(C101,Tab_Def_Flows[Name(EN)],Tab_Def_Flows[Input_Process],,0,) -> 0 | H101: =_xlfn.XLOOKUP(C101,Tab_Def_Flows[Name(EN)],Tab_Def_Flows[Process_ID_I],,0,) -> 12__ | I101: =_xlfn.XLOOKUP(C101,Tab_Def_Flows[Name(EN)],Tab_Def_Flows[Value_Source],,0,) -> 0 | J101: =_xlfn.XLOOKUP(C101,Tab_Def_Flows[Name(EN)],Tab_Def_Flows[WC?],,0,) -> 0 | K101: =_xlfn.XLOOKUP(C101,Tab_Def_Flows[Name(EN)],Tab_Def_Flows[DM?],,0,) -> 0 | L101: =_xlfn.XLOOKUP(C101,Tab_Def_Flows[Name(EN)],Tab_Def_Flows[CC?],,0,) -> 0 | R101: =INDEX(Tab_WC_DM_CC[[Flow_ID]:[CC_source]],MATCH(Tab_Data_Flows[[#This Row],[Name(EN)]],Tab_WC_DM_CC[Name(EN)],0),12) -> #N/A | S101: =MATCH(Tab_Data_Flows[[#This Row],[Name(EN)]],Tab_WC_DM_CC[Name(EN)],0) -> #N/A | X101: No | AA101: =IF(X101="no",O101,O101*Y101) -> 0 | AC101: =INDEX(Tab_Def_Flows[[Flow_ID]:[CC_DM_source]],MATCH(Tab_Data_Flows[[#This Row],[Name(EN)]],Tab_Def_Flows[Name(EN)],0),16) -> #N/A | AD101: =IF(J101="Yes",AA101*Tab_Data_Flows[[#This Row],[WC_'[%']]],"N.A.") -> N.A. | AE101: =Tab_Data_Flows[[#This Row],[UoM_Flow_Py]] -> 0 | AF101: =INDEX(Tab_Def_Flows[[Flow_ID]:[CC_DM_source]],MATCH(Tab_Data_Flows[[#This Row],[Name(EN)]],Tab_Def_Flows[Name(EN)],0),18) -> #N/A | AG101: =IF(K101="Yes",AF101*Tab_Data_Flows[[#This Row],[Flow_Py]],"N.A.") -> N.A. | AH101: =Tab_Data_Flows[[#This Row],[UoM_Flow_Py]] -> 0 | AI101: =INDEX(Tab_Def_Flows[[Flow_ID]:[CC_DM_source]],MATCH(Tab_Data_Flows[[#This Row],[Name(EN)]],Tab_Def_Flows[Name(EN)],0),20) -> #N/A | AJ101: =IF(L101="Yes",AI101*Tab_Data_Flows[[#This Row],[Flow_Py]]*Tab_Data_Flows[[#This Row],[DM_'[%']]],"N.A.") -> N.A. | AK101: =Tab_Data_Flows[[#This Row],[UoM_Flow_Py]] -> 0
A102: =ROW()-1 -> 101 | B102: =_xlfn.XLOOKUP(C102,Tab_Def_Flows[Name(EN)],Tab_Def_Flows[Flow_ID],,0,) -> F_12_12 | E102: =_xlfn.XLOOKUP(C102,Tab_Def_Flows[Name(EN)],Tab_Def_Flows[Output_Process],,0,) -> 0 | F102: =_xlfn.XLOOKUP(C102,Tab_Def_Flows[Name(EN)],Tab_Def_Flows[Process_ID_O],,0,) -> 12__ | G102: =_xlfn.XLOOKUP(C102,Tab_Def_Flows[Name(EN)],Tab_Def_Flows[Input_Process],,0,) -> 0 | H102: =_xlfn.XLOOKUP(C102,Tab_Def_Flows[Name(EN)],Tab_Def_Flows[Process_ID_I],,0,) -> 12__ | I102: =_xlfn.XLOOKUP(C102,Tab_Def_Flows[Name(EN)],Tab_Def_Flows[Value_Source],,0,) -> 0 | J102: =_xlfn.XLOOKUP(C102,Tab_Def_Flows[Name(EN)],Tab_Def_Flows[WC?],,0,) -> 0 | K102: =_xlfn.XLOOKUP(C102,Tab_Def_Flows[Name(EN)],Tab_Def_Flows[DM?],,0,) -> 0 | L102: =_xlfn.XLOOKUP(C102,Tab_Def_Flows[Name(EN)],Tab_Def_Flows[CC?],,0,) -> 0 | R102: =INDEX(Tab_WC_DM_CC[[Flow_ID]:[CC_source]],MATCH(Tab_Data_Flows[[#This Row],[Name(EN)]],Tab_WC_DM_CC[Name(EN)],0),12) -> #N/A | S102: =MATCH(Tab_Data_Flows[[#This Row],[Name(EN)]],Tab_WC_DM_CC[Name(EN)],0) -> #N/A | X102: No | AA102: =IF(X102="no",O102,O102*Y102) -> 0 | AC102: =INDEX(Tab_Def_Flows[[Flow_ID]:[CC_DM_source]],MATCH(Tab_Data_Flows[[#This Row],[Name(EN)]],Tab_Def_Flows[Name(EN)],0),16) -> #N/A | AD102: =IF(J102="Yes",AA102*Tab_Data_Flows[[#This Row],[WC_'[%']]],"N.A.") -> N.A. | AE102: =Tab_Data_Flows[[#This Row],[UoM_Flow_Py]] -> 0 | AF102: =INDEX(Tab_Def_Flows[[Flow_ID]:[CC_DM_source]],MATCH(Tab_Data_Flows[[#This Row],[Name(EN)]],Tab_Def_Flows[Name(EN)],0),18) -> #N/A | AG102: =IF(K102="Yes",AF102*Tab_Data_Flows[[#This Row],[Flow_Py]],"N.A.") -> N.A. | AH102: =Tab_Data_Flows[[#This Row],[UoM_Flow_Py]] -> 0 | AI102: =INDEX(Tab_Def_Flows[[Flow_ID]:[CC_DM_source]],MATCH(Tab_Data_Flows[[#This Row],[Name(EN)]],Tab_Def_Flows[Name(EN)],0),20) -> #N/A | AJ102: =IF(L102="Yes",AI102*Tab_Data_Flows[[#This Row],[Flow_Py]]*Tab_Data_Flows[[#This Row],[DM_'[%']]],"N.A.") -> N.A. | AK102: =Tab_Data_Flows[[#This Row],[UoM_Flow_Py]] -> 0
A103: =ROW()-1 -> 102 | B103: =_xlfn.XLOOKUP(C103,Tab_Def_Flows[Name(EN)],Tab_Def_Flows[Flow_ID],,0,) -> F_12_12 | E103: =_xlfn.XLOOKUP(C103,Tab_Def_Flows[Name(EN)],Tab_Def_Flows[Output_Process],,0,) -> 0 | F103: =_xlfn.XLOOKUP(C103,Tab_Def_Flows[Name(EN)],Tab_Def_Flows[Process_ID_O],,0,) -> 12__ | G103: =_xlfn.XLOOKUP(C103,Tab_Def_Flows[Name(EN)],Tab_Def_Flows[Input_Process],,0,) -> 0 | H103: =_xlfn.XLOOKUP(C103,Tab_Def_Flows[Name(EN)],Tab_Def_Flows[Process_ID_I],,0,) -> 12__ | I103: =_xlfn.XLOOKUP(C103,Tab_Def_Flows[Name(EN)],Tab_Def_Flows[Value_Source],,0,) -> 0 | J103: =_xlfn.XLOOKUP(C103,Tab_Def_Flows[Name(EN)],Tab_Def_Flows[WC?],,0,) -> 0 | K103: =_xlfn.XLOOKUP(C103,Tab_Def_Flows[Name(EN)],Tab_Def_Flows[DM?],,0,) -> 0 | L103: =_xlfn.XLOOKUP(C103,Tab_Def_Flows[Name(EN)],Tab_Def_Flows[CC?],,0,) -> 0 | R103: =INDEX(Tab_WC_DM_CC[[Flow_ID]:[CC_source]],MATCH(Tab_Data_Flows[[#This Row],[Name(EN)]],Tab_WC_DM_CC[Name(EN)],0),12) -> #N/A | S103: =MATCH(Tab_Data_Flows[[#This Row],[Name(EN)]],Tab_WC_DM_CC[Name(EN)],0) -> #N/A | X103: No | AA103: =IF(X103="no",O103,O103*Y103) -> 0 | AC103: =INDEX(Tab_Def_Flows[[Flow_ID]:[CC_DM_source]],MATCH(Tab_Data_Flows[[#This Row],[Name(EN)]],Tab_Def_Flows[Name(EN)],0),16) -> #N/A | AD103: =IF(J103="Yes",AA103*Tab_Data_Flows[[#This Row],[WC_'[%']]],"N.A.") -> N.A. | AE103: =Tab_Data_Flows[[#This Row],[UoM_Flow_Py]] -> 0 | AF103: =INDEX(Tab_Def_Flows[[Flow_ID]:[CC_DM_source]],MATCH(Tab_Data_Flows[[#This Row],[Name(EN)]],Tab_Def_Flows[Name(EN)],0),18) -> #N/A | AG103: =IF(K103="Yes",AF103*Tab_Data_Flows[[#This Row],[Flow_Py]],"N.A.") -> N.A. | AH103: =Tab_Data_Flows[[#This Row],[UoM_Flow_Py]] -> 0 | AI103: =INDEX(Tab_Def_Flows[[Flow_ID]:[CC_DM_source]],MATCH(Tab_Data_Flows[[#This Row],[Name(EN)]],Tab_Def_Flows[Name(EN)],0),20) -> #N/A | AJ103: =IF(L103="Yes",AI103*Tab_Data_Flows[[#This Row],[Flow_Py]]*Tab_Data_Flows[[#This Row],[DM_'[%']]],"N.A.") -> N.A. | AK103: =Tab_Data_Flows[[#This Row],[UoM_Flow_Py]] -> 0
A104: =ROW()-1 -> 103 | B104: =_xlfn.XLOOKUP(C104,Tab_Def_Flows[Name(EN)],Tab_Def_Flows[Flow_ID],,0,) -> F_12_12 | E104: =_xlfn.XLOOKUP(C104,Tab_Def_Flows[Name(EN)],Tab_Def_Flows[Output_Process],,0,) -> 0 | F104: =_xlfn.XLOOKUP(C104,Tab_Def_Flows[Name(EN)],Tab_Def_Flows[Process_ID_O],,0,) -> 12__ | G104: =_xlfn.XLOOKUP(C104,Tab_Def_Flows[Name(EN)],Tab_Def_Flows[Input_Process],,0,) -> 0 | H104: =_xlfn.XLOOKUP(C104,Tab_Def_Flows[Name(EN)],Tab_Def_Flows[Process_ID_I],,0,) -> 12__ | I104: =_xlfn.XLOOKUP(C104,Tab_Def_Flows[Name(EN)],Tab_Def_Flows[Value_Source],,0,) -> 0 | J104: =_xlfn.XLOOKUP(C104,Tab_Def_Flows[Name(EN)],Tab_Def_Flows[WC?],,0,) -> 0 | K104: =_xlfn.XLOOKUP(C104,Tab_Def_Flows[Name(EN)],Tab_Def_Flows[DM?],,0,) -> 0 | L104: =_xlfn.XLOOKUP(C104,Tab_Def_Flows[Name(EN)],Tab_Def_Flows[CC?],,0,) -> 0 | R104: =INDEX(Tab_WC_DM_CC[[Flow_ID]:[CC_source]],MATCH(Tab_Data_Flows[[#This Row],[Name(EN)]],Tab_WC_DM_CC[Name(EN)],0),12) -> #N/A | S104: =MATCH(Tab_Data_Flows[[#This Row],[Name(EN)]],Tab_WC_DM_CC[Name(EN)],0) -> #N/A | X104: No | AA104: =IF(X104="no",O104,O104*Y104) -> 0 | AC104: =INDEX(Tab_Def_Flows[[Flow_ID]:[CC_DM_source]],MATCH(Tab_Data_Flows[[#This Row],[Name(EN)]],Tab_Def_Flows[Name(EN)],0),16) -> #N/A | AD104: =IF(J104="Yes",AA104*Tab_Data_Flows[[#This Row],[WC_'[%']]],"N.A.") -> N.A. | AE104: =Tab_Data_Flows[[#This Row],[UoM_Flow_Py]] -> 0 | AF104: =INDEX(Tab_Def_Flows[[Flow_ID]:[CC_DM_source]],MATCH(Tab_Data_Flows[[#This Row],[Name(EN)]],Tab_Def_Flows[Name(EN)],0),18) -> #N/A | AG104: =IF(K104="Yes",AF104*Tab_Data_Flows[[#This Row],[Flow_Py]],"N.A.") -> N.A. | AH104: =Tab_Data_Flows[[#This Row],[UoM_Flow_Py]] -> 0 | AI104: =INDEX(Tab_Def_Flows[[Flow_ID]:[CC_DM_source]],MATCH(Tab_Data_Flows[[#This Row],[Name(EN)]],Tab_Def_Flows[Name(EN)],0),20) -> #N/A | AJ104: =IF(L104="Yes",AI104*Tab_Data_Flows[[#This Row],[Flow_Py]]*Tab_Data_Flows[[#This Row],[DM_'[%']]],"N.A.") -> N.A. | AK104: =Tab_Data_Flows[[#This Row],[UoM_Flow_Py]] -> 0
A105: =ROW()-1 -> 104 | B105: =_xlfn.XLOOKUP(C105,Tab_Def_Flows[Name(EN)],Tab_Def_Flows[Flow_ID],,0,) -> F_12_12 | E105: =_xlfn.XLOOKUP(C105,Tab_Def_Flows[Name(EN)],Tab_Def_Flows[Output_Process],,0,) -> 0 | F105: =_xlfn.XLOOKUP(C105,Tab_Def_Flows[Name(EN)],Tab_Def_Flows[Process_ID_O],,0,) -> 12__ | G105: =_xlfn.XLOOKUP(C105,Tab_Def_Flows[Name(EN)],Tab_Def_Flows[Input_Process],,0,) -> 0 | H105: =_xlfn.XLOOKUP(C105,Tab_Def_Flows[Name(EN)],Tab_Def_Flows[Process_ID_I],,0,) -> 12__ | I105: =_xlfn.XLOOKUP(C105,Tab_Def_Flows[Name(EN)],Tab_Def_Flows[Value_Source],,0,) -> 0 | J105: =_xlfn.XLOOKUP(C105,Tab_Def_Flows[Name(EN)],Tab_Def_Flows[WC?],,0,) -> 0 | K105: =_xlfn.XLOOKUP(C105,Tab_Def_Flows[Name(EN)],Tab_Def_Flows[DM?],,0,) -> 0 | L105: =_xlfn.XLOOKUP(C105,Tab_Def_Flows[Name(EN)],Tab_Def_Flows[CC?],,0,) -> 0 | R105: =INDEX(Tab_WC_DM_CC[[Flow_ID]:[CC_source]],MATCH(Tab_Data_Flows[[#This Row],[Name(EN)]],Tab_WC_DM_CC[Name(EN)],0),12) -> #N/A | S105: =MATCH(Tab_Data_Flows[[#This Row],[Name(EN)]],Tab_WC_DM_CC[Name(EN)],0) -> #N/A | X105: No | AA105: =IF(X105="no",O105,O105*Y105) -> 0 | AC105: =INDEX(Tab_Def_Flows[[Flow_ID]:[CC_DM_source]],MATCH(Tab_Data_Flows[[#This Row],[Name(EN)]],Tab_Def_Flows[Name(EN)],0),16) -> #N/A | AD105: =IF(J105="Yes",AA105*Tab_Data_Flows[[#This Row],[WC_'[%']]],"N.A.") -> N.A. | AE105: =Tab_Data_Flows[[#This Row],[UoM_Flow_Py]] -> 0 | AF105: =INDEX(Tab_Def_Flows[[Flow_ID]:[CC_DM_source]],MATCH(Tab_Data_Flows[[#This Row],[Name(EN)]],Tab_Def_Flows[Name(EN)],0),18) -> #N/A | AG105: =IF(K105="Yes",AF105*Tab_Data_Flows[[#This Row],[Flow_Py]],"N.A.") -> N.A. | AH105: =Tab_Data_Flows[[#This Row],[UoM_Flow_Py]] -> 0 | AI105: =INDEX(Tab_Def_Flows[[Flow_ID]:[CC_DM_source]],MATCH(Tab_Data_Flows[[#This Row],[Name(EN)]],Tab_Def_Flows[Name(EN)],0),20) -> #N/A | AJ105: =IF(L105="Yes",AI105*Tab_Data_Flows[[#This Row],[Flow_Py]]*Tab_Data_Flows[[#This Row],[DM_'[%']]],"N.A.") -> N.A. | AK105: =Tab_Data_Flows[[#This Row],[UoM_Flow_Py]] -> 0
A106: =ROW()-1 -> 105 | B106: =_xlfn.XLOOKUP(C106,Tab_Def_Flows[Name(EN)],Tab_Def_Flows[Flow_ID],,0,) -> F_12_12 | E106: =_xlfn.XLOOKUP(C106,Tab_Def_Flows[Name(EN)],Tab_Def_Flows[Output_Process],,0,) -> 0 | F106: =_xlfn.XLOOKUP(C106,Tab_Def_Flows[Name(EN)],Tab_Def_Flows[Process_ID_O],,0,) -> 12__ | G106: =_xlfn.XLOOKUP(C106,Tab_Def_Flows[Name(EN)],Tab_Def_Flows[Input_Process],,0,) -> 0 | H106: =_xlfn.XLOOKUP(C106,Tab_Def_Flows[Name(EN)],Tab_Def_Flows[Process_ID_I],,0,) -> 12__ | I106: =_xlfn.XLOOKUP(C106,Tab_Def_Flows[Name(EN)],Tab_Def_Flows[Value_Source],,0,) -> 0 | J106: =_xlfn.XLOOKUP(C106,Tab_Def_Flows[Name(EN)],Tab_Def_Flows[WC?],,0,) -> 0 | K106: =_xlfn.XLOOKUP(C106,Tab_Def_Flows[Name(EN)],Tab_Def_Flows[DM?],,0,) -> 0 | L106: =_xlfn.XLOOKUP(C106,Tab_Def_Flows[Name(EN)],Tab_Def_Flows[CC?],,0,) -> 0 | R106: =INDEX(Tab_WC_DM_CC[[Flow_ID]:[CC_source]],MATCH(Tab_Data_Flows[[#This Row],[Name(EN)]],Tab_WC_DM_CC[Name(EN)],0),12) -> #N/A | S106: =MATCH(Tab_Data_Flows[[#This Row],[Name(EN)]],Tab_WC_DM_CC[Name(EN)],0) -> #N/A | X106: No | AA106: =IF(X106="no",O106,O106*Y106) -> 0 | AC106: =INDEX(Tab_Def_Flows[[Flow_ID]:[CC_DM_source]],MATCH(Tab_Data_Flows[[#This Row],[Name(EN)]],Tab_Def_Flows[Name(EN)],0),16) -> #N/A | AD106: =IF(J106="Yes",AA106*Tab_Data_Flows[[#This Row],[WC_'[%']]],"N.A.") -> N.A. | AE106: =Tab_Data_Flows[[#This Row],[UoM_Flow_Py]] -> 0 | AF106: =INDEX(Tab_Def_Flows[[Flow_ID]:[CC_DM_source]],MATCH(Tab_Data_Flows[[#This Row],[Name(EN)]],Tab_Def_Flows[Name(EN)],0),18) -> #N/A | AG106: =IF(K106="Yes",AF106*Tab_Data_Flows[[#This Row],[Flow_Py]],"N.A.") -> N.A. | AH106: =Tab_Data_Flows[[#This Row],[UoM_Flow_Py]] -> 0 | AI106: =INDEX(Tab_Def_Flows[[Flow_ID]:[CC_DM_source]],MATCH(Tab_Data_Flows[[#This Row],[Name(EN)]],Tab_Def_Flows[Name(EN)],0),20) -> #N/A | AJ106: =IF(L106="Yes",AI106*Tab_Data_Flows[[#This Row],[Flow_Py]]*Tab_Data_Flows[[#This Row],[DM_'[%']]],"N.A.") -> N.A. | AK106: =Tab_Data_Flows[[#This Row],[UoM_Flow_Py]] -> 0
A107: =ROW()-1 -> 106 | B107: =_xlfn.XLOOKUP(C107,Tab_Def_Flows[Name(EN)],Tab_Def_Flows[Flow_ID],,0,) -> F_12_12 | E107: =_xlfn.XLOOKUP(C107,Tab_Def_Flows[Name(EN)],Tab_Def_Flows[Output_Process],,0,) -> 0 | F107: =_xlfn.XLOOKUP(C107,Tab_Def_Flows[Name(EN)],Tab_Def_Flows[Process_ID_O],,0,) -> 12__ | G107: =_xlfn.XLOOKUP(C107,Tab_Def_Flows[Name(EN)],Tab_Def_Flows[Input_Process],,0,) -> 0 | H107: =_xlfn.XLOOKUP(C107,Tab_Def_Flows[Name(EN)],Tab_Def_Flows[Process_ID_I],,0,) -> 12__ | I107: =_xlfn.XLOOKUP(C107,Tab_Def_Flows[Name(EN)],Tab_Def_Flows[Value_Source],,0,) -> 0 | J107: =_xlfn.XLOOKUP(C107,Tab_Def_Flows[Name(EN)],Tab_Def_Flows[WC?],,0,) -> 0 | K107: =_xlfn.XLOOKUP(C107,Tab_Def_Flows[Name(EN)],Tab_Def_Flows[DM?],,0,) -> 0 | L107: =_xlfn.XLOOKUP(C107,Tab_Def_Flows[Name(EN)],Tab_Def_Flows[CC?],,0,) -> 0 | R107: =INDEX(Tab_WC_DM_CC[[Flow_ID]:[CC_source]],MATCH(Tab_Data_Flows[[#This Row],[Name(EN)]],Tab_WC_DM_CC[Name(EN)],0),12) -> #N/A | S107: =MATCH(Tab_Data_Flows[[#This Row],[Name(EN)]],Tab_WC_DM_CC[Name(EN)],0) -> #N/A | X107: No | AA107: =IF(X107="no",O107,O107*Y107) -> 0 | AC107: =INDEX(Tab_Def_Flows[[Flow_ID]:[CC_DM_source]],MATCH(Tab_Data_Flows[[#This Row],[Name(EN)]],Tab_Def_Flows[Name(EN)],0),16) -> #N/A | AD107: =IF(J107="Yes",AA107*Tab_Data_Flows[[#This Row],[WC_'[%']]],"N.A.") -> N.A. | AE107: =Tab_Data_Flows[[#This Row],[UoM_Flow_Py]] -> 0 | AF107: =INDEX(Tab_Def_Flows[[Flow_ID]:[CC_DM_source]],MATCH(Tab_Data_Flows[[#This Row],[Name(EN)]],Tab_Def_Flows[Name(EN)],0),18) -> #N/A | AG107: =IF(K107="Yes",AF107*Tab_Data_Flows[[#This Row],[Flow_Py]],"N.A.") -> N.A. | AH107: =Tab_Data_Flows[[#This Row],[UoM_Flow_Py]] -> 0 | AI107: =INDEX(Tab_Def_Flows[[Flow_ID]:[CC_DM_source]],MATCH(Tab_Data_Flows[[#This Row],[Name(EN)]],Tab_Def_Flows[Name(EN)],0),20) -> #N/A | AJ107: =IF(L107="Yes",AI107*Tab_Data_Flows[[#This Row],[Flow_Py]]*Tab_Data_Flows[[#This Row],[DM_'[%']]],"N.A.") -> N.A. | AK107: =Tab_Data_Flows[[#This Row],[UoM_Flow_Py]] -> 0
... A117: =ROW()-1 -> 116 | B117: =_xlfn.XLOOKUP(C117,Tab_Def_Flows[Name(EN)],Tab_Def_Flows[Flow_ID],,0,) -> F_12_12 | E117: =_xlfn.XLOOKUP(C117,Tab_Def_Flows[Name(EN)],Tab_Def_Flows[Output_Process],,0,) -> 0 | F117: =_xlfn.XLOOKUP(C117,Tab_Def_Flows[Name(EN)],Tab_Def_Flows[Process_ID_O],,0,) -> 12__ | G117: =_xlfn.XLOOKUP(C117,Tab_Def_Flows[Name(EN)],Tab_Def_Flows[Input_Process],,0,) -> 0 | H117: =_xlfn.XLOOKUP(C117,Tab_Def_Flows[Name(EN)],Tab_Def_Flows[Process_ID_I],,0,) -> 12__ | I117: =_xlfn.XLOOKUP(C117,Tab_Def_Flows[Name(EN)],Tab_Def_Flows[Value_Source],,0,) -> 0 | J117: =_xlfn.XLOOKUP(C117,Tab_Def_Flows[Name(EN)],Tab_Def_Flows[WC?],,0,) -> 0 | K117: =_xlfn.XLOOKUP(C117,Tab_Def_Flows[Name(EN)],Tab_Def_Flows[DM?],,0,) -> 0 | L117: =_xlfn.XLOOKUP(C117,Tab_Def_Flows[Name(EN)],Tab_Def_Flows[CC?],,0,) -> 0 | R117: =INDEX(Tab_WC_DM_CC[[Flow_ID]:[CC_source]],MATCH(Tab_Data_Flows[[#This Row],[Name(EN)]],Tab_WC_DM_CC[Name(EN)],0),12) -> #N/A | S117: =MATCH(Tab_Data_Flows[[#This Row],[Name(EN)]],Tab_WC_DM_CC[Name(EN)],0) -> #N/A | X117: No | AA117: =IF(X117="no",O117,O117*Y117) -> 0 | AC117: =INDEX(Tab_Def_Flows[[Flow_ID]:[CC_DM_source]],MATCH(Tab_Data_Flows[[#This Row],[Name(EN)]],Tab_Def_Flows[Name(EN)],0),16) -> #N/A | AD117: =IF(J117="Yes",AA117*Tab_Data_Flows[[#This Row],[WC_'[%']]],"N.A.") -> N.A. | AE117: =Tab_Data_Flows[[#This Row],[UoM_Flow_Py]] -> 0 | AF117: =INDEX(Tab_Def_Flows[[Flow_ID]:[CC_DM_source]],MATCH(Tab_Data_Flows[[#This Row],[Name(EN)]],Tab_Def_Flows[Name(EN)],0),18) -> #N/A | AG117: =IF(K117="Yes",AF117*Tab_Data_Flows[[#This Row],[Flow_Py]],"N.A.") -> N.A. | AH117: =Tab_Data_Flows[[#This Row],[UoM_Flow_Py]] -> 0 | AI117: =INDEX(Tab_Def_Flows[[Flow_ID]:[CC_DM_source]],MATCH(Tab_Data_Flows[[#This Row],[Name(EN)]],Tab_Def_Flows[Name(EN)],0),20) -> #N/A | AJ117: =IF(L117="Yes",AI117*Tab_Data_Flows[[#This Row],[Flow_Py]]*Tab_Data_Flows[[#This Row],[DM_'[%']]],"N.A.") -> N.A. | AK117: =Tab_Data_Flows[[#This Row],[UoM_Flow_Py]] -> 0
A118: =ROW()-1 -> 117 | B118: =_xlfn.XLOOKUP(C118,Tab_Def_Flows[Name(EN)],Tab_Def_Flows[Flow_ID],,0,) -> F_12_12 | D118: =_xlfn.XLOOKUP(C118,Tab_Def_Flows[Name(EN)],Tab_Def_Flows[Type_Biomass],,0,) -> 0 | E118: =_xlfn.XLOOKUP(C118,Tab_Def_Flows[Name(EN)],Tab_Def_Flows[Output_Process],,0,) -> 0 | F118: =_xlfn.XLOOKUP(C118,Tab_Def_Flows[Name(EN)],Tab_Def_Flows[Process_ID_O],,0,) -> 12__ | G118: =_xlfn.XLOOKUP(C118,Tab_Def_Flows[Name(EN)],Tab_Def_Flows[Input_Process],,0,) -> 0 | H118: =_xlfn.XLOOKUP(C118,Tab_Def_Flows[Name(EN)],Tab_Def_Flows[Process_ID_I],,0,) -> 12__ | I118: =_xlfn.XLOOKUP(C118,Tab_Def_Flows[Name(EN)],Tab_Def_Flows[Value_Source],,0,) -> 0 | J118: =_xlfn.XLOOKUP(C118,Tab_Def_Flows[Name(EN)],Tab_Def_Flows[WC?],,0,) -> 0 | K118: =_xlfn.XLOOKUP(C118,Tab_Def_Flows[Name(EN)],Tab_Def_Flows[DM?],,0,) -> 0 | L118: =_xlfn.XLOOKUP(C118,Tab_Def_Flows[Name(EN)],Tab_Def_Flows[CC?],,0,) -> 0 | N118: BB | Q118: Stramento | X118: No | AA118: =IF(X118="no",O118,O118*Y118) -> 0 | AC118: =INDEX(Tab_Def_Flows[[Flow_ID]:[CC_DM_source]],MATCH(Tab_Data_Flows[[#This Row],[Name(EN)]],Tab_Def_Flows[Name(EN)],0),16) -> #N/A | AD118: =IF(J118="Yes",AA118*Tab_Data_Flows[[#This Row],[WC_'[%']]],"N.A.") -> N.A. | AE118: =Tab_Data_Flows[[#This Row],[UoM_Flow_Py]] -> 0 | AF118: =INDEX(Tab_Def_Flows[[Flow_ID]:[CC_DM_source]],MATCH(Tab_Data_Flows[[#This Row],[Name(EN)]],Tab_Def_Flows[Name(EN)],0),18) -> #N/A | AG118: =IF(K118="Yes",AF118*Tab_Data_Flows[[#This Row],[Flow_Py]],"N.A.") -> N.A. | AH118: =Tab_Data_Flows[[#This Row],[UoM_Flow_Py]] -> 0 | AI118: =INDEX(Tab_Def_Flows[[Flow_ID]:[CC_DM_source]],MATCH(Tab_Data_Flows[[#This Row],[Name(EN)]],Tab_Def_Flows[Name(EN)],0),20) -> #N/A | AJ118: =IF(L118="Yes",AI118*Tab_Data_Flows[[#This Row],[Flow_Py]]*Tab_Data_Flows[[#This Row],[DM_'[%']]],"N.A.") -> N.A. | AK118: =Tab_Data_Flows[[#This Row],[UoM_Flow_Py]] -> 0
A119: =ROW()-1 -> 118 | B119: =_xlfn.XLOOKUP(C119,Tab_Def_Flows[Name(EN)],Tab_Def_Flows[Flow_ID],,0,) -> F_12_12 | D119: =_xlfn.XLOOKUP(C119,Tab_Def_Flows[Name(EN)],Tab_Def_Flows[Type_Biomass],,0,) -> 0 | E119: =_xlfn.XLOOKUP(C119,Tab_Def_Flows[Name(EN)],Tab_Def_Flows[Output_Process],,0,) -> 0 | F119: =_xlfn.XLOOKUP(C119,Tab_Def_Flows[Name(EN)],Tab_Def_Flows[Process_ID_O],,0,) -> 12__ | G119: =_xlfn.XLOOKUP(C119,Tab_Def_Flows[Name(EN)],Tab_Def_Flows[Input_Process],,0,) -> 0 | H119: =_xlfn.XLOOKUP(C119,Tab_Def_Flows[Name(EN)],Tab_Def_Flows[Process_ID_I],,0,) -> 12__ | I119: =_xlfn.XLOOKUP(C119,Tab_Def_Flows[Name(EN)],Tab_Def_Flows[Value_Source],,0,) -> 0 | J119: =_xlfn.XLOOKUP(C119,Tab_Def_Flows[Name(EN)],Tab_Def_Flows[WC?],,0,) -> 0 | K119: =_xlfn.XLOOKUP(C119,Tab_Def_Flows[Name(EN)],Tab_Def_Flows[DM?],,0,) -> 0 | L119: =_xlfn.XLOOKUP(C119,Tab_Def_Flows[Name(EN)],Tab_Def_Flows[CC?],,0,) -> 0 | N119: BB | Q119: Stramento | X119: No | AA119: =IF(X119="no",O119,O119*Y119) -> 0 | AC119: =INDEX(Tab_Def_Flows[[Flow_ID]:[CC_DM_source]],MATCH(Tab_Data_Flows[[#This Row],[Name(EN)]],Tab_Def_Flows[Name(EN)],0),16) -> #N/A | AD119: =IF(J119="Yes",AA119*Tab_Data_Flows[[#This Row],[WC_'[%']]],"N.A.") -> N.A. | AE119: =Tab_Data_Flows[[#This Row],[UoM_Flow_Py]] -> 0 | AF119: =INDEX(Tab_Def_Flows[[Flow_ID]:[CC_DM_source]],MATCH(Tab_Data_Flows[[#This Row],[Name(EN)]],Tab_Def_Flows[Name(EN)],0),18) -> #N/A | AG119: =IF(K119="Yes",AF119*Tab_Data_Flows[[#This Row],[Flow_Py]]-AJ235,"N.A.") -> N.A. | AH119: =Tab_Data_Flows[[#This Row],[UoM_Flow_Py]] -> 0 | AI119: =INDEX(Tab_Def_Flows[[Flow_ID]:[CC_DM_source]],MATCH(Tab_Data_Flows[[#This Row],[Name(EN)]],Tab_Def_Flows[Name(EN)],0),20) -> #N/A | AJ119: =IF(L119="Yes",AI119*Tab_Data_Flows[[#This Row],[Flow_Py]]*Tab_Data_Flows[[#This Row],[DM_'[%']]],"N.A.") -> N.A. | AK119: =Tab_Data_Flows[[#This Row],[UoM_Flow_Py]] -> 0
A120: =ROW()-1 -> 119 | B120: =_xlfn.XLOOKUP(C120,Tab_Def_Flows[Name(EN)],Tab_Def_Flows[Flow_ID],,0,) -> F_12_12 | D120: =_xlfn.XLOOKUP(C120,Tab_Def_Flows[Name(EN)],Tab_Def_Flows[Type_Biomass],,0,) -> 0 | E120: =_xlfn.XLOOKUP(C120,Tab_Def_Flows[Name(EN)],Tab_Def_Flows[Output_Process],,0,) -> 0 | F120: =_xlfn.XLOOKUP(C120,Tab_Def_Flows[Name(EN)],Tab_Def_Flows[Process_ID_O],,0,) -> 12__ | G120: =_xlfn.XLOOKUP(C120,Tab_Def_Flows[Name(EN)],Tab_Def_Flows[Input_Process],,0,) -> 0 | H120: =_xlfn.XLOOKUP(C120,Tab_Def_Flows[Name(EN)],Tab_Def_Flows[Process_ID_I],,0,) -> 12__ | I120: =_xlfn.XLOOKUP(C120,Tab_Def_Flows[Name(EN)],Tab_Def_Flows[Value_Source],,0,) -> 0 | J120: =_xlfn.XLOOKUP(C120,Tab_Def_Flows[Name(EN)],Tab_Def_Flows[WC?],,0,) -> 0 | K120: =_xlfn.XLOOKUP(C120,Tab_Def_Flows[Name(EN)],Tab_Def_Flows[DM?],,0,) -> 0 | L120: =_xlfn.XLOOKUP(C120,Tab_Def_Flows[Name(EN)],Tab_Def_Flows[CC?],,0,) -> 0 | N120: BB | Q120: Stramento | X120: No | AA120: =IF(X120="no",O120,O120*Y120) -> 0 | AC120: =INDEX(Tab_Def_Flows[[Flow_ID]:[CC_DM_source]],MATCH(Tab_Data_Flows[[#This Row],[Name(EN)]],Tab_Def_Flows[Name(EN)],0),16) -> #N/A | AD120: =IF(J120="Yes",AA120*Tab_Data_Flows[[#This Row],[WC_'[%']]],"N.A.") -> N.A. | AE120: =Tab_Data_Flows[[#This Row],[UoM_Flow_Py]] -> 0 | AF120: =INDEX(Tab_Def_Flows[[Flow_ID]:[CC_DM_source]],MATCH(Tab_Data_Flows[[#This Row],[Name(EN)]],Tab_Def_Flows[Name(EN)],0),18) -> #N/A | AG120: =IF(K120="Yes",AF120*Tab_Data_Flows[[#This Row],[Flow_Py]]-AJ236,"N.A.") -> N.A. | AH120: =Tab_Data_Flows[[#This Row],[UoM_Flow_Py]] -> 0 | AI120: =INDEX(Tab_Def_Flows[[Flow_ID]:[CC_DM_source]],MATCH(Tab_Data_Flows[[#This Row],[Name(EN)]],Tab_Def_Flows[Name(EN)],0),20) -> #N/A | AJ120: =IF(L120="Yes",AI120*Tab_Data_Flows[[#This Row],[Flow_Py]]*Tab_Data_Flows[[#This Row],[DM_'[%']]],"N.A.") -> N.A. | AK120: =Tab_Data_Flows[[#This Row],[UoM_Flow_Py]] -> 0
A121: =ROW()-1 -> 120 | B121: =_xlfn.XLOOKUP(C121,Tab_Def_Flows[Name(EN)],Tab_Def_Flows[Flow_ID],,0,) -> F_12_12 | D121: =_xlfn.XLOOKUP(C121,Tab_Def_Flows[Name(EN)],Tab_Def_Flows[Type_Biomass],,0,) -> 0 | E121: =_xlfn.XLOOKUP(C121,Tab_Def_Flows[Name(EN)],Tab_Def_Flows[Output_Process],,0,) -> 0 | F121: =_xlfn.XLOOKUP(C121,Tab_Def_Flows[Name(EN)],Tab_Def_Flows[Process_ID_O],,0,) -> 12__ | G121: =_xlfn.XLOOKUP(C121,Tab_Def_Flows[Name(EN)],Tab_Def_Flows[Input_Process],,0,) -> 0 | H121: =_xlfn.XLOOKUP(C121,Tab_Def_Flows[Name(EN)],Tab_Def_Flows[Process_ID_I],,0,) -> 12__ | I121: =_xlfn.XLOOKUP(C121,Tab_Def_Flows[Name(EN)],Tab_Def_Flows[Value_Source],,0,) -> 0 | J121: =_xlfn.XLOOKUP(C121,Tab_Def_Flows[Name(EN)],Tab_Def_Flows[WC?],,0,) -> 0 | K121: =_xlfn.XLOOKUP(C121,Tab_Def_Flows[Name(EN)],Tab_Def_Flows[DM?],,0,) -> 0 | L121: =_xlfn.XLOOKUP(C121,Tab_Def_Flows[Name(EN)],Tab_Def_Flows[CC?],,0,) -> 0 | N121: BB | Q121: Stramento | X121: No | AA121: =IF(X121="no",O121,O121*Y121) -> 0 | AC121: =INDEX(Tab_Def_Flows[[Flow_ID]:[CC_DM_source]],MATCH(Tab_Data_Flows[[#This Row],[Name(EN)]],Tab_Def_Flows[Name(EN)],0),16) -> #N/A | AD121: =IF(J121="Yes",AA121*Tab_Data_Flows[[#This Row],[WC_'[%']]],"N.A.") -> N.A. | AE121: =Tab_Data_Flows[[#This Row],[UoM_Flow_Py]] -> 0 | AF121: =INDEX(Tab_Def_Flows[[Flow_ID]:[CC_DM_source]],MATCH(Tab_Data_Flows[[#This Row],[Name(EN)]],Tab_Def_Flows[Name(EN)],0),18) -> #N/A | AG121: =IF(K121="Yes",AF121*Tab_Data_Flows[[#This Row],[Flow_Py]]-AJ237,"N.A.") -> N.A. | AH121: =Tab_Data_Flows[[#This Row],[UoM_Flow_Py]] -> 0 | AI121: =INDEX(Tab_Def_Flows[[Flow_ID]:[CC_DM_source]],MATCH(Tab_Data_Flows[[#This Row],[Name(EN)]],Tab_Def_Flows[Name(EN)],0),20) -> #N/A | AJ121: =IF(L121="Yes",AI121*Tab_Data_Flows[[#This Row],[Flow_Py]]*Tab_Data_Flows[[#This Row],[DM_'[%']]],"N.A.") -> N.A. | AK121: =Tab_Data_Flows[[#This Row],[UoM_Flow_Py]] -> 0
A122: =ROW()-1 -> 121 | B122: =_xlfn.XLOOKUP(C122,Tab_Def_Flows[Name(EN)],Tab_Def_Flows[Flow_ID],,0,) -> F_12_12 | D122: =_xlfn.XLOOKUP(C122,Tab_Def_Flows[Name(EN)],Tab_Def_Flows[Type_Biomass],,0,) -> 0 | E122: =_xlfn.XLOOKUP(C122,Tab_Def_Flows[Name(EN)],Tab_Def_Flows[Output_Process],,0,) -> 0 | F122: =_xlfn.XLOOKUP(C122,Tab_Def_Flows[Name(EN)],Tab_Def_Flows[Process_ID_O],,0,) -> 12__ | G122: =_xlfn.XLOOKUP(C122,Tab_Def_Flows[Name(EN)],Tab_Def_Flows[Input_Process],,0,) -> 0 | H122: =_xlfn.XLOOKUP(C122,Tab_Def_Flows[Name(EN)],Tab_Def_Flows[Process_ID_I],,0,) -> 12__ | I122: =_xlfn.XLOOKUP(C122,Tab_Def_Flows[Name(EN)],Tab_Def_Flows[Value_Source],,0,) -> 0 | J122: =_xlfn.XLOOKUP(C122,Tab_Def_Flows[Name(EN)],Tab_Def_Flows[WC?],,0,) -> 0 | K122: =_xlfn.XLOOKUP(C122,Tab_Def_Flows[Name(EN)],Tab_Def_Flows[DM?],,0,) -> 0 | L122: =_xlfn.XLOOKUP(C122,Tab_Def_Flows[Name(EN)],Tab_Def_Flows[CC?],,0,) -> 0 | N122: BB | Q122: Stramento | X122: No | AA122: =IF(X122="no",O122,O122*Y122) -> 0 | AC122: =INDEX(Tab_Def_Flows[[Flow_ID]:[CC_DM_source]],MATCH(Tab_Data_Flows[[#This Row],[Name(EN)]],Tab_Def_Flows[Name(EN)],0),16) -> #N/A | AD122: =IF(J122="Yes",AA122*Tab_Data_Flows[[#This Row],[WC_'[%']]],"N.A.") -> N.A. | AE122: =Tab_Data_Flows[[#This Row],[UoM_Flow_Py]] -> 0 | AF122: =INDEX(Tab_Def_Flows[[Flow_ID]:[CC_DM_source]],MATCH(Tab_Data_Flows[[#This Row],[Name(EN)]],Tab_Def_Flows[Name(EN)],0),18) -> #N/A | AG122: =IF(K122="Yes",AF122*Tab_Data_Flows[[#This Row],[Flow_Py]]-AJ238,"N.A.") -> N.A. | AH122: =Tab_Data_Flows[[#This Row],[UoM_Flow_Py]] -> 0 | AI122: =INDEX(Tab_Def_Flows[[Flow_ID]:[CC_DM_source]],MATCH(Tab_Data_Flows[[#This Row],[Name(EN)]],Tab_Def_Flows[Name(EN)],0),20) -> #N/A | AJ122: =IF(L122="Yes",AI122*Tab_Data_Flows[[#This Row],[Flow_Py]]*Tab_Data_Flows[[#This Row],[DM_'[%']]],"N.A.") -> N.A. | AK122: =Tab_Data_Flows[[#This Row],[UoM_Flow_Py]] -> 0
A123: =ROW()-1 -> 122 | B123: =_xlfn.XLOOKUP(C123,Tab_Def_Flows[Name(EN)],Tab_Def_Flows[Flow_ID],,0,) -> F_12_12 | D123: =_xlfn.XLOOKUP(C123,Tab_Def_Flows[Name(EN)],Tab_Def_Flows[Type_Biomass],,0,) -> 0 | E123: =_xlfn.XLOOKUP(C123,Tab_Def_Flows[Name(EN)],Tab_Def_Flows[Output_Process],,0,) -> 0 | F123: =_xlfn.XLOOKUP(C123,Tab_Def_Flows[Name(EN)],Tab_Def_Flows[Process_ID_O],,0,) -> 12__ | G123: =_xlfn.XLOOKUP(C123,Tab_Def_Flows[Name(EN)],Tab_Def_Flows[Input_Process],,0,) -> 0 | H123: =_xlfn.XLOOKUP(C123,Tab_Def_Flows[Name(EN)],Tab_Def_Flows[Process_ID_I],,0,) -> 12__ | I123: =_xlfn.XLOOKUP(C123,Tab_Def_Flows[Name(EN)],Tab_Def_Flows[Value_Source],,0,) -> 0 | J123: =_xlfn.XLOOKUP(C123,Tab_Def_Flows[Name(EN)],Tab_Def_Flows[WC?],,0,) -> 0 | K123: =_xlfn.XLOOKUP(C123,Tab_Def_Flows[Name(EN)],Tab_Def_Flows[DM?],,0,) -> 0 | L123: =_xlfn.XLOOKUP(C123,Tab_Def_Flows[Name(EN)],Tab_Def_Flows[CC?],,0,) -> 0 | N123: BB | Q123: Stramento | X123: No | AA123: =IF(X123="no",O123,O123*Y123) -> 0 | AC123: =INDEX(Tab_Def_Flows[[Flow_ID]:[CC_DM_source]],MATCH(Tab_Data_Flows[[#This Row],[Name(EN)]],Tab_Def_Flows[Name(EN)],0),16) -> #N/A | AD123: =IF(J123="Yes",AA123*Tab_Data_Flows[[#This Row],[WC_'[%']]],"N.A.") -> N.A. | AE123: =Tab_Data_Flows[[#This Row],[UoM_Flow_Py]] -> 0 | AF123: =INDEX(Tab_Def_Flows[[Flow_ID]:[CC_DM_source]],MATCH(Tab_Data_Flows[[#This Row],[Name(EN)]],Tab_Def_Flows[Name(EN)],0),18) -> #N/A | AG123: =IF(K123="Yes",AF123*Tab_Data_Flows[[#This Row],[Flow_Py]]-AJ239,"N.A.") -> N.A. | AH123: =Tab_Data_Flows[[#This Row],[UoM_Flow_Py]] -> 0 | AI123: =INDEX(Tab_Def_Flows[[Flow_ID]:[CC_DM_source]],MATCH(Tab_Data_Flows[[#This Row],[Name(EN)]],Tab_Def_Flows[Name(EN)],0),20) -> #N/A | AJ123: =IF(L123="Yes",AI123*Tab_Data_Flows[[#This Row],[Flow_Py]]*Tab_Data_Flows[[#This Row],[DM_'[%']]],"N.A.") -> N.A. | AK123: =Tab_Data_Flows[[#This Row],[UoM_Flow_Py]] -> 0
A124: =ROW()-1 -> 123 | B124: =_xlfn.XLOOKUP(C124,Tab_Def_Flows[Name(EN)],Tab_Def_Flows[Flow_ID],,0,) -> F_12_12 | D124: =_xlfn.XLOOKUP(C124,Tab_Def_Flows[Name(EN)],Tab_Def_Flows[Type_Biomass],,0,) -> 0 | E124: =_xlfn.XLOOKUP(C124,Tab_Def_Flows[Name(EN)],Tab_Def_Flows[Output_Process],,0,) -> 0 | F124: =_xlfn.XLOOKUP(C124,Tab_Def_Flows[Name(EN)],Tab_Def_Flows[Process_ID_O],,0,) -> 12__ | G124: =_xlfn.XLOOKUP(C124,Tab_Def_Flows[Name(EN)],Tab_Def_Flows[Input_Process],,0,) -> 0 | H124: =_xlfn.XLOOKUP(C124,Tab_Def_Flows[Name(EN)],Tab_Def_Flows[Process_ID_I],,0,) -> 12__ | I124: =_xlfn.XLOOKUP(C124,Tab_Def_Flows[Name(EN)],Tab_Def_Flows[Value_Source],,0,) -> 0 | J124: =_xlfn.XLOOKUP(C124,Tab_Def_Flows[Name(EN)],Tab_Def_Flows[WC?],,0,) -> 0 | K124: =_xlfn.XLOOKUP(C124,Tab_Def_Flows[Name(EN)],Tab_Def_Flows[DM?],,0,) -> 0 | L124: =_xlfn.XLOOKUP(C124,Tab_Def_Flows[Name(EN)],Tab_Def_Flows[CC?],,0,) -> 0 | N124: BB | Q124: Stramento | X124: No | AA124: =IF(X124="no",O124,O124*Y124) -> 0 | AC124: =INDEX(Tab_Def_Flows[[Flow_ID]:[CC_DM_source]],MATCH(Tab_Data_Flows[[#This Row],[Name(EN)]],Tab_Def_Flows[Name(EN)],0),16) -> #N/A | AD124: =IF(J124="Yes",AA124*Tab_Data_Flows[[#This Row],[WC_'[%']]],"N.A.") -> N.A. | AE124: =Tab_Data_Flows[[#This Row],[UoM_Flow_Py]] -> 0 | AF124: =INDEX(Tab_Def_Flows[[Flow_ID]:[CC_DM_source]],MATCH(Tab_Data_Flows[[#This Row],[Name(EN)]],Tab_Def_Flows[Name(EN)],0),18) -> #N/A | AG124: =IF(K124="Yes",AF124*Tab_Data_Flows[[#This Row],[Flow_Py]]-AJ240,"N.A.") -> N.A. | AH124: =Tab_Data_Flows[[#This Row],[UoM_Flow_Py]] -> 0 | AI124: =INDEX(Tab_Def_Flows[[Flow_ID]:[CC_DM_source]],MATCH(Tab_Data_Flows[[#This Row],[Name(EN)]],Tab_Def_Flows[Name(EN)],0),20) -> #N/A | AJ124: =IF(L124="Yes",AI124*Tab_Data_Flows[[#This Row],[Flow_Py]]*Tab_Data_Flows[[#This Row],[DM_'[%']]],"N.A.") -> N.A. | AK124: =Tab_Data_Flows[[#This Row],[UoM_Flow_Py]] -> 0
A125: =ROW()-1 -> 124 | B125: =_xlfn.XLOOKUP(C125,Tab_Def_Flows[Name(EN)],Tab_Def_Flows[Flow_ID],,0,) -> F_12_12 | E125: =_xlfn.XLOOKUP(C125,Tab_Def_Flows[Name(EN)],Tab_Def_Flows[Output_Process],,0,) -> 0 | F125: =_xlfn.XLOOKUP(C125,Tab_Def_Flows[Name(EN)],Tab_Def_Flows[Process_ID_O],,0,) -> 12__ | G125: =_xlfn.XLOOKUP(C125,Tab_Def_Flows[Name(EN)],Tab_Def_Flows[Input_Process],,0,) -> 0 | H125: =_xlfn.XLOOKUP(C125,Tab_Def_Flows[Name(EN)],Tab_Def_Flows[Process_ID_I],,0,) -> 12__ | I125: =_xlfn.XLOOKUP(C125,Tab_Def_Flows[Name(EN)],Tab_Def_Flows[Value_Source],,0,) -> 0 | J125: =_xlfn.XLOOKUP(C125,Tab_Def_Flows[Name(EN)],Tab_Def_Flows[WC?],,0,) -> 0 | K125: =_xlfn.XLOOKUP(C125,Tab_Def_Flows[Name(EN)],Tab_Def_Flows[DM?],,0,) -> 0 | L125: =_xlfn.XLOOKUP(C125,Tab_Def_Flows[Name(EN)],Tab_Def_Flows[CC?],,0,) -> 0 | R125: =INDEX(Tab_WC_DM_CC[[Flow_ID]:[CC_source]],MATCH(Tab_Data_Flows[[#This Row],[Name(EN)]],Tab_WC_DM_CC[Name(EN)],0),12) -> #N/A | S125: =MATCH(Tab_Data_Flows[[#This Row],[Name(EN)]],Tab_WC_DM_CC[Name(EN)],0) -> #N/A | X125: No | AA125: =IF(X125="no",O125,O125*Y125) -> 0 | AC125: =INDEX(Tab_Def_Flows[[Flow_ID]:[CC_DM_source]],MATCH(Tab_Data_Flows[[#This Row],[Name(EN)]],Tab_Def_Flows[Name(EN)],0),16) -> #N/A | AD125: =IF(J125="Yes",AA125*Tab_Data_Flows[[#This Row],[WC_'[%']]],"N.A.") -> N.A. | AE125: =Tab_Data_Flows[[#This Row],[UoM_Flow_Py]] -> 0 | AF125: =INDEX(Tab_Def_Flows[[Flow_ID]:[CC_DM_source]],MATCH(Tab_Data_Flows[[#This Row],[Name(EN)]],Tab_Def_Flows[Name(EN)],0),18) -> #N/A | AG125: =IF(K125="Yes",AF125*Tab_Data_Flows[[#This Row],[Flow_Py]]-AJ241,"N.A.") -> N.A. | AH125: =Tab_Data_Flows[[#This Row],[UoM_Flow_Py]] -> 0 | AI125: =INDEX(Tab_Def_Flows[[Flow_ID]:[CC_DM_source]],MATCH(Tab_Data_Flows[[#This Row],[Name(EN)]],Tab_Def_Flows[Name(EN)],0),20) -> #N/A | AJ125: =IF(L125="Yes",AI125*Tab_Data_Flows[[#This Row],[Flow_Py]]*Tab_Data_Flows[[#This Row],[DM_'[%']]],"N.A.") -> N.A. | AK125: =Tab_Data_Flows[[#This Row],[UoM_Flow_Py]] -> 0
