Workbook

Sheet Flow_diagram

Sheet Flow_data_Biomass
A1: Years | B1: F_0_1 [t]
A2: 2020 | B2: 100
A3: 2021 | B3: 110
A4: 2022 | B4: 120
A5: 2023 | B5: 130
A6: 2024 | B6: 140
A7: 2025 | B7: 150
A8: 2026 | B8: 160
A9: 2027 | B9: 170
A10: 2028 | B10: 180
A11: 2029 | B11: 190
A12: 2030 | B12: 200
A13: 2031 | B13: 10
... A22: 2040 | B22: 300

Sheet TC_data_Biomass
A1: Years | B1: TC_1_2 | C1: TC_1_2_relSTD | D1: TC_1_3 | E1: TC_1_3_relSTD | F1: TC_3_4 | G1: TC_3_4_relSTD | H1: TC_3_5 | I1: TC_3_5_relSTD | J1: TC_3_6 | K1: TC_3_6_relSTD | L1: TC_3_7 | M1: TC_3_7_relSTD | N1: TC_3_8 | O1: TC_3_8_relSTD | P1: TC_4_9 | Q1: TC_4_9_relSTD | R1: TC_5_9 | S1: TC_5_9_relSTD | T1: TC_5_10 | U1: TC_5_10_relSTD | V1: TC_5_11 | W1: TC_5_11_relSTD | X1: TC_6_10 | Y1: TC_6_10_relSTD | Z1: TC_7_10 | AA1: TC_7_10_relSTD
A2: 2020 | B2: =1-D2 -> 0.5 | C2: =#REF! -> #REF! | D2: 0.5 | E2: =#REF! -> #REF! | F2: 0.3 | G2: =#REF! -> #REF! | H2: 0.3 | I2: =#REF! -> #REF! | J2: 0.1 | K2: =#REF! -> #REF! | L2: 0.2 | M2: =#REF! -> #REF! | N2: =1-(SUM(F2,H2,J2,L2)) -> 0.1 | O2: =#REF! -> #REF! | P2: 1 | Q2: =#REF! -> #REF! | R2: 0.7 | S2: =#REF! -> #REF! | T2: 0.15 | U2: =#REF! -> #REF! | V2: =1-R2-T2 -> 0.15 | W2: =#REF! -> #REF! | X2: 1 | Y2: =#REF! -> #REF! | Z2: 1 | AA2: =#REF! -> #REF!
A3: 2021 | B3: =1-D3 -> 0.5 | C3: =#REF! -> #REF! | D3: 0.5 | E3: =#REF! -> #REF! | F3: 0.3 | G3: =#REF! -> #REF! | H3: 0.3 | I3: =#REF! -> #REF! | J3: 0.1 | K3: =#REF! -> #REF! | L3: 0.2 | M3: =#REF! -> #REF! | N3: =1-(SUM(F3,H3,J3,L3)) -> 0.1 | O3: =#REF! -> #REF! | P3: 1 | Q3: =#REF! -> #REF! | R3: 0.7 | S3: =#REF! -> #REF! | T3: 0.15 | U3: =#REF! -> #REF! | V3: =1-R3-T3 -> 0.15 | W3: =#REF! -> #REF! | X3: 1 | Y3: =#REF! -> #REF! | Z3: 1 | AA3: =#REF! -> #REF!
A4: 2022 | B4: =1-D4 -> 0.5 | C4: =#REF! -> #REF! | D4: 0.5 | E4: =#REF! -> #REF! | F4: 0.3 | G4: =#REF! -> #REF! | H4: 0.3 | I4: =#REF! -> #REF! | J4: 0.1 | K4: =#REF! -> #REF! | L4: 0.2 | M4: =#REF! -> #REF! | N4: =1-(SUM(F4,H4,J4,L4)) -> 0.1 | O4: =#REF! -> #REF! | P4: 1 | Q4: =#REF! -> #REF! | R4: 0.7 | S4: =#REF! -> #REF! | T4: 0.15 | U4: =#REF! -> #REF! | V4: =1-R4-T4 -> 0.15 | W4: =#REF! -> #REF! | X4: 1 | Y4: =#REF! -> #REF! | Z4: 1 | AA4: =#REF! -> #REF!
A5: 2023 | B5: =1-D5 -> 0.5 | C5: =#REF! -> #REF! | D5: 0.5 | E5: =#REF! -> #REF! | F5: 0.3 | G5: =#REF! -> #REF! | H5: 0.3 | I5: =#REF! -> #REF! | J5: 0.1 | K5: =#REF! -> #REF! | L5: 0.2 | M5: =#REF! -> #REF! | N5: =1-(SUM(F5,H5,J5,L5)) -> 0.1 | O5: =#REF! -> #REF! | P5: 1 | Q5: =#REF! -> #REF! | R5: 0.7 | S5: =#REF! -> #REF! | T5: 0.15 | U5: =#REF! -> #REF! | V5: =1-R5-T5 -> 0.15 | W5: =#REF! -> #REF! | X5: 1 | Y5: =#REF! -> #REF! | Z5: 1 | AA5: =#REF! -> #REF!
A6: 2024 | B6: =1-D6 -> 0.5 | C6: =#REF! -> #REF! | D6: 0.5 | E6: =#REF! -> #REF! | F6: 0.3 | G6: =#REF! -> #REF! | H6: 0.3 | I6: =#REF! -> #REF! | J6: 0.1 | K6: =#REF! -> #REF! | L6: 0.2 | M6: =#REF! -> #REF! | N6: =1-(SUM(F6,H6,J6,L6)) -> 0.1 | O6: =#REF! -> #REF! | P6: 1 | Q6: =#REF! -> #REF! | R6: 0.7 | S6: =#REF! -> #REF! | T6: 0.15 | U6: =#REF! -> #REF! | V6: =1-R6-T6 -> 0.15 | W6: =#REF! -> #REF! | X6: 1 | Y6: =#REF! -> #REF! | Z6: 1 | AA6: =#REF! -> #REF!
A7: 2025 | B7: =1-D7 -> 0.5 | C7: =#REF! -> #REF! | D7: 0.5 | E7: =#REF! -> #REF! | F7: 0.3 | G7: =#REF! -> #REF! | H7: 0.3 | I7: =#REF! -> #REF! | J7: 0.1 | K7: =#REF! -> #REF! | L7: 0.2 | M7: =#REF! -> #REF! | N7: =1-(SUM(F7,H7,J7,L7)) -> 0.1 | O7: =#REF! -> #REF! | P7: 1 | Q7: =#REF! -> #REF! | R7: 0.7 | S7: =#REF! -> #REF! | T7: 0.15 | U7: =#REF! -> #REF! | V7: =1-R7-T7 -> 0.15 | W7: =#REF! -> #REF! | X7: 1 | Y7: =#REF! -> #REF! | Z7: 1 | AA7: =#REF! -> #REF!
A8: 2026 | B8: =1-D8 -> 0.5 | C8: =#REF! -> #REF! | D8: 0.5 | E8: =#REF! -> #REF! | F8: 0.3 | G8: =#REF! -> #REF! | H8: 0.3 | I8: =#REF! -> #REF! | J8: 0.1 | K8: =#REF! -> #REF! | L8: 0.2 | M8: =#REF! -> #REF! | N8: =1-(SUM(F8,H8,J8,L8)) -> 0.1 | O8: =#REF! -> #REF! | P8: 1 | Q8: =#REF! -> #REF! | R8: 0.7 | S8: =#REF! -> #REF! | T8: 0.15 | U8: =#REF! -> #REF! | V8: =1-R8-T8 -> 0.15 | W8: =#REF! -> #REF! | X8: 1 | Y8: =#REF! -> #REF! | Z8: 1 | AA8: =#REF! -> #REF!
A9: 2027 | B9: =1-D9 -> 0.5 | C9: =#REF! -> #REF! | D9: 0.5 | E9: =#REF! -> #REF! | F9: 0.3 | G9: =#REF! -> #REF! | H9: 0.3 | I9: =#REF! -> #REF! | J9: 0.1 | K9: =#REF! -> #REF! | L9: 0.2 | M9: =#REF! -> #REF! | N9: =1-(SUM(F9,H9,J9,L9)) -> 0.1 | O9: =#REF! -> #REF! | P9: 1 | Q9: =#REF! -> #REF! | R9: 0.7 | S9: =#REF! -> #REF! | T9: 0.15 | U9: =#REF! -> #REF! | V9: =1-R9-T9 -> 0.15 | W9: =#REF! -> #REF! | X9: 1 | Y9: =#REF! -> #REF! | Z9: 1 | AA9: =#REF! -> #REF!
A10: 2028 | B10: =1-D10 -> 0.5 | C10: =#REF! -> #REF! | D10: 0.5 | E10: =#REF! -> #REF! | F10: 0.3 | G10: =#REF! -> #REF! | H10: 0.3 | I10: =#REF! -> #REF! | J10: 0.1 | K10: =#REF! -> #REF! | L10: 0.2 | M10: =#REF! -> #REF! | N10: =1-(SUM(F10,H10,J10,L10)) -> 0.1 | O10: =#REF! -> #REF! | P10: 1 | Q10: =#REF! -> #REF! | R10: 0.7 | S10: =#REF! -> #REF! | T10: 0.15 | U10: =#REF! -> #REF! | V10: =1-R10-T10 -> 0.15 | W10: =#REF! -> #REF! | X10: 1 | Y10: =#REF! -> #REF! | Z10: 1 | AA10: =#REF! -> #REF!
A11: 2029 | B11: =1-D11 -> 0.5 | C11: =#REF! -> #REF! | D11: 0.5 | E11: =#REF! -> #REF! | F11: 0.3 | G11: =#REF! -> #REF! | H11: 0.3 | I11: =#REF! -> #REF! | J11: 0.1 | K11: =#REF! -> #REF! | L11: 0.2 | M11: =#REF! -> #REF! | N11: =1-(SUM(F11,H11,J11,L11)) -> 0.1 | O11: =#REF! -> #REF! | P11: 1 | Q11: =#REF! -> #REF! | R11: 0.7 | S11: =#REF! -> #REF! | T11: 0.15 | U11: =#REF! -> #REF! | V11: =1-R11-T11 -> 0.15 | W11: =#REF! -> #REF! | X11: 1 | Y11: =#REF! -> #REF! | Z11: 1 | AA11: =#REF! -> #REF!
A12: 2030 | B12: =1-D12 -> 0.5 | C12: =#REF! -> #REF! | D12: 0.5 | E12: =#REF! -> #REF! | F12: 0.3 | G12: =#REF! -> #REF! | H12: 0.3 | I12: =#REF! -> #REF! | J12: 0.1 | K12: =#REF! -> #REF! | L12: 0.2 | M12: =#REF! -> #REF! | N12: =1-(SUM(F12,H12,J12,L12)) -> 0.1 | O12: =#REF! -> #REF! | P12: 1 | Q12: =#REF! -> #REF! | R12: 0.7 | S12: =#REF! -> #REF! | T12: 0.15 | U12: =#REF! -> #REF! | V12: =1-R12-T12 -> 0.15 | W12: =#REF! -> #REF! | X12: 1 | Y12: =#REF! -> #REF! | Z12: 1 | AA12: =#REF! -> #REF!
A13: 2031 | B13: =1-D13 -> 0.5 | C13: =#REF! -> #REF! | D13: 0.5 | E13: =#REF! -> #REF! | F13: 0.3 | G13: =#REF! -> #REF! | H13: 0.3 | I13: =#REF! -> #REF! | J13: 0.1 | K13: =#REF! -> #REF! | L13: 0.2 | M13: =#REF! -> #REF! | N13: =1-(SUM(F13,H13,J13,L13)) -> 0.1 | O13: =#REF! -> #REF! | P13: 1 | Q13: =#REF! -> #REF! | R13: 0.7 | S13: =#REF! -> #REF! | T13: 0.15 | U13: =#REF! -> #REF! | V13: =1-R13-T13 -> 0.15 | W13: =#REF! -> #REF! | X13: 1 | Y13: =#REF! -> #REF! | Z13: 1 | AA13: =#REF! -> #REF!
... A22: 2040 | B22: =1-D22 -> 0.5 | C22: =#REF! -> #REF! | D22: 0.5 | E22: =#REF! -> #REF! | F22: 0.3 | G22: =#REF! -> #REF! | H22: 0.3 | I22: =#REF! -> #REF! | J22: 0.1 | K22: =#REF! -> #REF! | L22: 0.2 | M22: =#REF! -> #REF! | N22: =1-(SUM(F22,H22,J22,L22)) -> 0.1 | O22: =#REF! -> #REF! | P22: 1 | Q22: =#REF! -> #REF! | R22: 0.7 | S22: =#REF! -> #REF! | T22: 0.15 | U22: =#REF! -> #REF! | V22: =1-R22-T22 -> 0.15 | W22: =#REF! -> #REF! | X22: 1 | Y22: =#REF! -> #REF! | Z22: 1 | AA22: =#REF! -> #REF!

Sheet Flow_data_Carbon
A1: Years | B1: F_0_1 [t]
A2: 2020 | B2: =Flow_data_Biomass!B2*0.5 -> 50
A3: 2021 | B3: =Flow_data_Biomass!B3*0.5 -> 55
A4: 2022 | B4: =Flow_data_Biomass!B4*0.5 -> 60
A5: 2023 | B5: =Flow_data_Biomass!B5*0.5 -> 65
A6: 2024 | B6: =Flow_data_Biomass!B6*0.5 -> 70
A7: 2025 | B7: =Flow_data_Biomass!B7*0.5 -> 75
A8: 2026 | B8: =Flow_data_Biomass!B8*0.5 -> 80
A9: 2027 | B9: =Flow_data_Biomass!B9*0.5 -> 85
A10: 2028 | B10: =Flow_data_Biomass!B10*0.5 -> 90
A11: 2029 | B11: =Flow_data_Biomass!B11*0.5 -> 95
A12: 2030 | B12: =Flow_data_Biomass!B12*0.5 -> 100
A13: 2031 | B13: =Flow_data_Biomass!B13*0.5 -> 5
... A22: 2040 | B22: =Flow_data_Biomass!B22*0.5 -> 150

Sheet TC_data_Carbon
A1: Years | B1: TC_1_2 | C1: TC_1_2_relSTD | D1: TC_1_3 | E1: TC_1_3_relSTD | F1: TC_3_4 | G1: TC_3_4_relSTD | H1: TC_3_5 | I1: TC_3_5_relSTD | J1: TC_3_6 | K1: TC_3_6_relSTD | L1: TC_3_7 | M1: TC_3_7_relSTD | N1: TC_3_8 | O1: TC_3_8_relSTD | P1: TC_4_9 | Q1: TC_4_9_relSTD | R1: TC_5_9 | S1: TC_5_9_relSTD | T1: TC_5_10 | U1: TC_5_10_relSTD | V1: TC_5_11 | W1: TC_5_11_relSTD | X1: TC_6_10 | Y1: TC_6_10_relSTD | Z1: TC_7_10 | AA1: TC_7_10_relSTD
A2: 2020 | B2: =1-D2 -> 0.5 | C2: =#REF! -> #REF! | D2: 0.5 | E2: =#REF! -> #REF! | F2: 0.3 | G2: =#REF! -> #REF! | H2: 0.3 | I2: =#REF! -> #REF! | J2: 0.1 | K2: =#REF! -> #REF! | L2: 0.2 | M2: =#REF! -> #REF! | N2: =1-(SUM(F2,H2,J2,L2)) -> 0.1 | O2: =#REF! -> #REF! | P2: 1 | Q2: =#REF! -> #REF! | R2: 0.7 | S2: =#REF! -> #REF! | T2: 0.15 | U2: =#REF! -> #REF! | V2: =1-R2-T2 -> 0.15 | W2: =#REF! -> #REF! | X2: 1 | Y2: =#REF! -> #REF! | Z2: 1 | AA2: =#REF! -> #REF!
A3: 2021 | B3: =1-D3 -> 0.5 | C3: =#REF! -> #REF! | D3: 0.5 | E3: =#REF! -> #REF! | F3: 0.3 | G3: =#REF! -> #REF! | H3: 0.3 | I3: =#REF! -> #REF! | J3: 0.1 | K3: =#REF! -> #REF! | L3: 0.2 | M3: =#REF! -> #REF! | N3: =1-(SUM(F3,H3,J3,L3)) -> 0.1 | O3: =#REF! -> #REF! | P3: 1 | Q3: =#REF! -> #REF! | R3: 0.7 | S3: =#REF! -> #REF! | T3: 0.15 | U3: =#REF! -> #REF! | V3: =1-R3-T3 -> 0.15 | W3: =#REF! -> #REF! | X3: 1 | Y3: =#REF! -> #REF! | Z3: 1 | AA3: =#REF! -> #REF!
A4: 2022 | B4: =1-D4 -> 0.5 | C4: =#REF! -> #REF! | D4: 0.5 | E4: =#REF! -> #REF! | F4: 0.3 | G4: =#REF! -> #REF! | H4: 0.3 | I4: =#REF! -> #REF! | J4: 0.1 | K4: =#REF! -> #REF! | L4: 0.2 | M4: =#REF! -> #REF! | N4: =1-(SUM(F4,H4,J4,L4)) -> 0.1 | O4: =#REF! -> #REF! | P4: 1 | Q4: =#REF! -> #REF! | R4: 0.7 | S4: =#REF! -> #REF! | T4: 0.15 | U4: =#REF! -> #REF! | V4: =1-R4-T4 -> 0.15 | W4: =#REF! -> #REF! | X4: 1 | Y4: =#REF! -> #REF! | Z4: 1 | AA4: =#REF! -> #REF!
A5: 2023 | B5: =1-D5 -> 0.5 | C5: =#REF! -> #REF! | D5: 0.5 | E5: =#REF! -> #REF! | F5: 0.3 | G5: =#REF! -> #REF! | H5: 0.3 | I5: =#REF! -> #REF! | J5: 0.1 | K5: =#REF! -> #REF! | L5: 0.2 | M5: =#REF! -> #REF! | N5: =1-(SUM(F5,H5,J5,L5)) -> 0.1 | O5: =#REF! -> #REF! | P5: 1 | Q5: =#REF! -> #REF! | R5: 0.7 | S5: =#REF! -> #REF! | T5: 0.15 | U5: =#REF! -> #REF! | V5: =1-R5-T5 -> 0.15 | W5: =#REF! -> #REF! | X5: 1 | Y5: =#REF! -> #REF! | Z5: 1 | AA5: =#REF! -> #REF!
A6: 2024 | B6: =1-D6 -> 0.5 | C6: =#REF! -> #REF! | D6: 0.5 | E6: =#REF! -> #REF! | F6: 0.3 | G6: =#REF! -> #REF! | H6: 0.3 | I6: =#REF! -> #REF! | J6: 0.1 | K6: =#REF! -> #REF! | L6: 0.2 | M6: =#REF! -> #REF! | N6: =1-(SUM(F6,H6,J6,L6)) -> 0.1 | O6: =#REF! -> #REF! | P6: 1 | Q6: =#REF! -> #REF! | R6: 0.7 | S6: =#REF! -> #REF! | T6: 0.15 | U6: =#REF! -> #REF! | V6: =1-R6-T6 -> 0.15 | W6: =#REF! -> #REF! | X6: 1 | Y6: =#REF! -> #REF! | Z6: 1 | AA6: =#REF! -> #REF!
A7: 2025 | B7: =1-D7 -> 0.5 | C7: =#REF! -> #REF! | D7: 0.5 | E7: =#REF! -> #REF! | F7: 0.3 | G7: =#REF! -> #REF! | H7: 0.3 | I7: =#REF! -> #REF! | J7: 0.1 | K7: =#REF! -> #REF! | L7: 0.2 | M7: =#REF! -> #REF! | N7: =1-(SUM(F7,H7,J7,L7)) -> 0.1 | O7: =#REF! -> #REF! | P7: 1 | Q7: =#REF! -> #REF! | R7: 0.7 | S7: =#REF! -> #REF! | T7: 0.15 | U7: =#REF! -> #REF! | V7: =1-R7-T7 -> 0.15 | W7: =#REF! -> #REF! | X7: 1 | Y7: =#REF! -> #REF! | Z7: 1 | AA7: =#REF! -> #REF!
A8: 2026 | B8: =1-D8 -> 0.5 | C8: =#REF! -> #REF! | D8: 0.5 | E8: =#REF! -> #REF! | F8: 0.3 | G8: =#REF! -> #REF! | H8: 0.3 | I8: =#REF! -> #REF! | J8: 0.1 | K8: =#REF! -> #REF! | L8: 0.2 | M8: =#REF! -> #REF! | N8: =1-(SUM(F8,H8,J8,L8)) -> 0.1 | O8: =#REF! -> #REF! | P8: 1 | Q8: =#REF! -> #REF! | R8: 0.7 | S8: =#REF! -> #REF! | T8: 0.15 | U8: =#REF! -> #REF! | V8: =1-R8-T8 -> 0.15 | W8: =#REF! -> #REF! | X8: 1 | Y8: =#REF! -> #REF! | Z8: 1 | AA8: =#REF! -> #REF!
A9: 2027 | B9: =1-D9 -> 0.5 | C9: =#REF! -> #REF! | D9: 0.5 | E9: =#REF! -> #REF! | F9: 0.3 | G9: =#REF! -> #REF! | H9: 0.3 | I9: =#REF! -> #REF! | J9: 0.1 | K9: =#REF! -> #REF! | L9: 0.2 | M9: =#REF! -> #REF! | N9: =1-(SUM(F9,H9,J9,L9)) -> 0.1 | O9: =#REF! -> #REF! | P9: 1 | Q9: =#REF! -> #REF! | R9: 0.7 | S9: =#REF! -> #REF! | T9: 0.15 | U9: =#REF! -> #REF! | V9: =1-R9-T9 -> 0.15 | W9: =#REF! -> #REF! | X9: 1 | Y9: =#REF! -> #REF! | Z9: 1 | AA9: =#REF! -> #REF!
A10: 2028 | B10: =1-D10 -> 0.5 | C10: =#REF! -> #REF! | D10: 0.5 | E10: =#REF! -> #REF! | F10: 0.3 | G10: =#REF! -> #REF! | H10: 0.3 | I10: =#REF! -> #REF! | J10: 0.1 | K10: =#REF! -> #REF! | L10: 0.2 | M10: =#REF! -> #REF! | N10: =1-(SUM(F10,H10,J10,L10)) -> 0.1 | O10: =#REF! -> #REF! | P10: 1 | Q10: =#REF! -> #REF! | R10: 0.7 | S10: =#REF! -> #REF! | T10: 0.15 | U10: =#REF! -> #REF! | V10: =1-R10-T10 -> 0.15 | W10: =#REF! -> #REF! | X10: 1 | Y10: =#REF! -> #REF! | Z10: 1 | AA10: =#REF! -> #REF!
A11: 2029 | B11: =1-D11 -> 0.5 | C11: =#REF! -> #REF! | D11: 0.5 | E11: =#REF! -> #REF! | F11: 0.3 | G11: =#REF! -> #REF! | H11: 0.3 | I11: =#REF! -> #REF! | J11: 0.1 | K11: =#REF! -> #REF! | L11: 0.2 | M11: =#REF! -> #REF! | N11: =1-(SUM(F11,H11,J11,L11)) -> 0.1 | O11: =#REF! -> #REF! | P11: 1 | Q11: =#REF! -> #REF! | R11: 0.7 | S11: =#REF! -> #REF! | T11: 0.15 | U11: =#REF! -> #REF! | V11: =1-R11-T11 -> 0.15 | W11: =#REF! -> #REF! | X11: 1 | Y11: =#REF! -> #REF! | Z11: 1 | AA11: =#REF! -> #REF!
A12: 2030 | B12: =1-D12 -> 0.5 | C12: =#REF! -> #REF! | D12: 0.5 | E12: =#REF! -> #REF! | F12: 0.3 | G12: =#REF! -> #REF! | H12: 0.3 | I12: =#REF! -> #REF! | J12: 0.1 | K12: =#REF! -> #REF! | L12: 0.2 | M12: =#REF! -> #REF! | N12: =1-(SUM(F12,H12,J12,L12)) -> 0.1 | O12: =#REF! -> #REF! | P12: 1 | Q12: =#REF! -> #REF! | R12: 0.7 | S12: =#REF! -> #REF! | T12: 0.15 | U12: =#REF! -> #REF! | V12: =1-R12-T12 -> 0.15 | W12: =#REF! -> #REF! | X12: 1 | Y12: =#REF! -> #REF! | Z12: 1 | AA12: =#REF! -> #REF!
A13: 2031 | B13: =1-D13 -> 0.5 | C13: =#REF! -> #REF! | D13: 0.5 | E13: =#REF! -> #REF! | F13: 0.3 | G13: =#REF! -> #REF! | H13: 0.3 | I13: =#REF! -> #REF! | J13: 0.1 | K13: =#REF! -> #REF! | L13: 0.2 | M13: =#REF! -> #REF! | N13: =1-(SUM(F13,H13,J13,L13)) -> 0.1 | O13: =#REF! -> #REF! | P13: 1 | Q13: =#REF! -> #REF! | R13: 0.7 | S13: =#REF! -> #REF! | T13: 0.15 | U13: =#REF! -> #REF! | V13: =1-R13-T13 -> 0.15 | W13: =#REF! -> #REF! | X13: 1 | Y13: =#REF! -> #REF! | Z13: 1 | AA13: =#REF! -> #REF!
... A22: 2040 | B22: =1-D22 -> 0.5 | C22: =#REF! -> #REF! | D22: 0.5 | E22: =#REF! -> #REF! | F22: 0.3 | G22: =#REF! -> #REF! | H22: 0.3 | I22: =#REF! -> #REF! | J22: 0.1 | K22: =#REF! -> #REF! | L22: 0.2 | M22: =#REF! -> #REF! | N22: =1-(SUM(F22,H22,J22,L22)) -> 0.1 | O22: =#REF! -> #REF! | P22: 1 | Q22: =#REF! -> #REF! | R22: 0.7 | S22: =#REF! -> #REF! | T22: 0.15 | U22: =#REF! -> #REF! | V22: =1-R22-T22 -> 0.15 | W22: =#REF! -> #REF! | X22: 1 | Y22: =#REF! -> #REF! | Z22: 1 | AA22: =#REF! -> #REF!

Sheet Model_validation_Biomass
A1: Years | B1: F_1_2 | C1: F_1_3 | D1: F_3_4 | E1: F_3_5 | F1: F_3_6 | G1: F_3_7 | H1: F_3_8 | I1: Check process 3 balance | J1: F_4_9 | K1: F_5_9 | L1: F_5_10 | M1: F_5_11 | N1: F_6_10 | O1: F_7_10 | P1: F_9_10 | S1: dS_2 | T1: S_2 | U1: dS_8 | V1: S_8 | W1: dS_9 | X1: S_9 | Y1: dS_10 | Z1: S_10 | AA1: dS_11 | AB1: S_11
A2: 2020 | B2: =Flow_data_Biomass!B2*TC_data_Biomass!B2 -> 50 | C2: =Flow_data_Biomass!B2*TC_data_Biomass!D2 -> 50 | D2: =C2*TC_data_Biomass!F2 -> 15 | E2: =C2*TC_data_Biomass!H2 -> 15 | F2: =C2*TC_data_Biomass!J2 -> 5 | G2: =C2*TC_data_Biomass!L2 -> 10 | H2: =C2*TC_data_Biomass!N2 -> 5 | I2: =SUM(D2:H2)-C2 -> 0 | J2: =D2*TC_data_Biomass!P2 -> 15 | K2: =E2*TC_data_Biomass!R2 -> 10.5 | L2: =E2*TC_data_Biomass!T2 -> 2.25 | M2: =E2*TC_data_Biomass!V2 -> 2.25 | N2: =F2*TC_data_Biomass!X2 -> 5 | O2: =G2*TC_data_Biomass!Z2 -> 10 | P2: =Model_validation_Carbon!P2 -> 0 | S2: =B2 -> 50 | T2: =SUM($S$2:S2) -> 50 | U2: =H2 -> 5 | V2: =SUM($U$2:U2) -> 5 | W2: =J2+K2-P2 -> 25.5 | X2: =SUM($W$2:W2) -> 25.5 | Y2: =O2+P2+N2+L2 -> 17.25 | Z2: =SUM($Y$2:Y2) -> 17.25 | AA2: =M2 -> 2.25 | AB2: =SUM($AA$2:AA2) -> 2.25
A3: 2021 | B3: =Flow_data_Biomass!B3*TC_data_Biomass!B3 -> 55 | C3: =Flow_data_Biomass!B3*TC_data_Biomass!D3 -> 55 | D3: =C3*TC_data_Biomass!F3 -> 16.5 | E3: =C3*TC_data_Biomass!H3 -> 16.5 | F3: =C3*TC_data_Biomass!J3 -> 5.5 | G3: =C3*TC_data_Biomass!L3 -> 11 | H3: =C3*TC_data_Biomass!N3 -> 5.5 | I3: =SUM(D3:H3)-C3 -> 0 | J3: =D3*TC_data_Biomass!P3 -> 16.5 | K3: =E3*TC_data_Biomass!R3 -> 11.55 | L3: =E3*TC_data_Biomass!T3 -> 2.475 | M3: =E3*TC_data_Biomass!V3 -> 2.475 | N3: =F3*TC_data_Biomass!X3 -> 5.5 | O3: =G3*TC_data_Biomass!Z3 -> 11 | P3: =Model_validation_Carbon!P3 -> 8.2194605 | S3: =B3 -> 55 | T3: =SUM($S$2:S3) -> 105 | U3: =H3 -> 5.5 | V3: =SUM($U$2:U3) -> 10.5 | W3: =J3+K3-P3 -> 19.83054 | X3: =SUM($W$2:W3) -> 45.33054 | Y3: =O3+P3+N3+L3 -> 27.19446 | Z3: =SUM($Y$2:Y3) -> 44.44446 | AA3: =M3 -> 2.475 | AB3: =SUM($AA$2:AA3) -> 4.725
A4: 2022 | B4: =Flow_data_Biomass!B4*TC_data_Biomass!B4 -> 60 | C4: =Flow_data_Biomass!B4*TC_data_Biomass!D4 -> 60 | D4: =C4*TC_data_Biomass!F4 -> 18 | E4: =C4*TC_data_Biomass!H4 -> 18 | F4: =C4*TC_data_Biomass!J4 -> 6 | G4: =C4*TC_data_Biomass!L4 -> 12 | H4: =C4*TC_data_Biomass!N4 -> 6 | I4: =SUM(D4:H4)-C4 -> 0 | J4: =D4*TC_data_Biomass!P4 -> 18 | K4: =E4*TC_data_Biomass!R4 -> 12.6 | L4: =E4*TC_data_Biomass!T4 -> 2.7 | M4: =E4*TC_data_Biomass!V4 -> 2.7 | N4: =F4*TC_data_Biomass!X4 -> 6 | O4: =G4*TC_data_Biomass!Z4 -> 12 | P4: =Model_validation_Carbon!P4 -> 11.880911 | S4: =B4 -> 60 | T4: =SUM($S$2:S4) -> 165 | U4: =H4 -> 6 | V4: =SUM($U$2:U4) -> 16.5 | W4: =J4+K4-P4 -> 18.719089 | X4: =SUM($W$2:W4) -> 64.049629 | Y4: =O4+P4+N4+L4 -> 32.580911 | Z4: =SUM($Y$2:Y4) -> 77.025371 | AA4: =M4 -> 2.7 | AB4: =SUM($AA$2:AA4) -> 7.425
A5: 2023 | B5: =Flow_data_Biomass!B5*TC_data_Biomass!B5 -> 65 | C5: =Flow_data_Biomass!B5*TC_data_Biomass!D5 -> 65 | D5: =C5*TC_data_Biomass!F5 -> 19.5 | E5: =C5*TC_data_Biomass!H5 -> 19.5 | F5: =C5*TC_data_Biomass!J5 -> 6.5 | G5: =C5*TC_data_Biomass!L5 -> 13 | H5: =C5*TC_data_Biomass!N5 -> 6.5 | I5: =SUM(D5:H5)-C5 -> 0 | J5: =D5*TC_data_Biomass!P5 -> 19.5 | K5: =E5*TC_data_Biomass!R5 -> 13.65 | L5: =E5*TC_data_Biomass!T5 -> 2.925 | M5: =E5*TC_data_Biomass!V5 -> 2.925 | N5: =F5*TC_data_Biomass!X5 -> 6.5 | O5: =G5*TC_data_Biomass!Z5 -> 13 | P5: =Model_validation_Carbon!P5 -> 14.046659 | S5: =B5 -> 65 | T5: =SUM($S$2:S5) -> 230 | U5: =H5 -> 6.5 | V5: =SUM($U$2:U5) -> 23 | W5: =J5+K5-P5 -> 19.103341 | X5: =SUM($W$2:W5) -> 83.15297 | Y5: =O5+P5+N5+L5 -> 36.471659 | Z5: =SUM($Y$2:Y5) -> 113.49703 | AA5: =M5 -> 2.925 | AB5: =SUM($AA$2:AA5) -> 10.35
A6: 2024 | B6: =Flow_data_Biomass!B6*TC_data_Biomass!B6 -> 70 | C6: =Flow_data_Biomass!B6*TC_data_Biomass!D6 -> 70 | D6: =C6*TC_data_Biomass!F6 -> 21 | E6: =C6*TC_data_Biomass!H6 -> 21 | F6: =C6*TC_data_Biomass!J6 -> 7 | G6: =C6*TC_data_Biomass!L6 -> 14 | H6: =C6*TC_data_Biomass!N6 -> 7 | I6: =SUM(D6:H6)-C6 -> 0 | J6: =D6*TC_data_Biomass!P6 -> 21 | K6: =E6*TC_data_Biomass!R6 -> 14.7 | L6: =E6*TC_data_Biomass!T6 -> 3.15 | M6: =E6*TC_data_Biomass!V6 -> 3.15 | N6: =F6*TC_data_Biomass!X6 -> 7 | O6: =G6*TC_data_Biomass!Z6 -> 14 | P6: =Model_validation_Carbon!P6 -> 15.654133 | S6: =B6 -> 70 | T6: =SUM($S$2:S6) -> 300 | U6: =H6 -> 7 | V6: =SUM($U$2:U6) -> 30 | W6: =J6+K6-P6 -> 20.045867 | X6: =SUM($W$2:W6) -> 103.19884 | Y6: =O6+P6+N6+L6 -> 39.804133 | Z6: =SUM($Y$2:Y6) -> 153.30116 | AA6: =M6 -> 3.15 | AB6: =SUM($AA$2:AA6) -> 13.5
A7: 2025 | B7: =Flow_data_Biomass!B7*TC_data_Biomass!B7 -> 75 | C7: =Flow_data_Biomass!B7*TC_data_Biomass!D7 -> 75 | D7: =C7*TC_data_Biomass!F7 -> 22.5 | E7: =C7*TC_data_Biomass!H7 -> 22.5 | F7: =C7*TC_data_Biomass!J7 -> 7.5 | G7: =C7*TC_data_Biomass!L7 -> 15 | H7: =C7*TC_data_Biomass!N7 -> 7.5 | I7: =SUM(D7:H7)-C7 -> 0 | J7: =D7*TC_data_Biomass!P7 -> 22.5 | K7: =E7*TC_data_Biomass!R7 -> 15.75 | L7: =E7*TC_data_Biomass!T7 -> 3.375 | M7: =E7*TC_data_Biomass!V7 -> 3.375 | N7: =F7*TC_data_Biomass!X7 -> 7.5 | O7: =G7*TC_data_Biomass!Z7 -> 15 | P7: =Model_validation_Carbon!P7 -> 17.05323 | S7: =B7 -> 75 | T7: =SUM($S$2:S7) -> 375 | U7: =H7 -> 7.5 | V7: =SUM($U$2:U7) -> 37.5 | W7: =J7+K7-P7 -> 21.19677 | X7: =SUM($W$2:W7) -> 124.39561 | Y7: =O7+P7+N7+L7 -> 42.92823 | Z7: =SUM($Y$2:Y7) -> 196.22939 | AA7: =M7 -> 3.375 | AB7: =SUM($AA$2:AA7) -> 16.875
A8: 2026 | B8: =Flow_data_Biomass!B8*TC_data_Biomass!B8 -> 80 | C8: =Flow_data_Biomass!B8*TC_data_Biomass!D8 -> 80 | D8: =C8*TC_data_Biomass!F8 -> 24 | E8: =C8*TC_data_Biomass!H8 -> 24 | F8: =C8*TC_data_Biomass!J8 -> 8 | G8: =C8*TC_data_Biomass!L8 -> 16 | H8: =C8*TC_data_Biomass!N8 -> 8 | I8: =SUM(D8:H8)-C8 -> 0 | J8: =D8*TC_data_Biomass!P8 -> 24 | K8: =E8*TC_data_Biomass!R8 -> 16.8 | L8: =E8*TC_data_Biomass!T8 -> 3.6 | M8: =E8*TC_data_Biomass!V8 -> 3.6 | N8: =F8*TC_data_Biomass!X8 -> 8 | O8: =G8*TC_data_Biomass!Z8 -> 16 | P8: =Model_validation_Carbon!P8 -> 18.37455 | S8: =B8 -> 80 | T8: =SUM($S$2:S8) -> 455 | U8: =H8 -> 8 | V8: =SUM($U$2:U8) -> 45.5 | W8: =J8+K8-P8 -> 22.42545 | X8: =SUM($W$2:W8) -> 146.82106 | Y8: =O8+P8+N8+L8 -> 45.97455 | Z8: =SUM($Y$2:Y8) -> 242.20394 | AA8: =M8 -> 3.6 | AB8: =SUM($AA$2:AA8) -> 20.475
A9: 2027 | B9: =Flow_data_Biomass!B9*TC_data_Biomass!B9 -> 85 | C9: =Flow_data_Biomass!B9*TC_data_Biomass!D9 -> 85 | D9: =C9*TC_data_Biomass!F9 -> 25.5 | E9: =C9*TC_data_Biomass!H9 -> 25.5 | F9: =C9*TC_data_Biomass!J9 -> 8.5 | G9: =C9*TC_data_Biomass!L9 -> 17 | H9: =C9*TC_data_Biomass!N9 -> 8.5 | I9: =SUM(D9:H9)-C9 -> 0 | J9: =D9*TC_data_Biomass!P9 -> 25.5 | K9: =E9*TC_data_Biomass!R9 -> 17.85 | L9: =E9*TC_data_Biomass!T9 -> 3.825 | M9: =E9*TC_data_Biomass!V9 -> 3.825 | N9: =F9*TC_data_Biomass!X9 -> 8.5 | O9: =G9*TC_data_Biomass!Z9 -> 17 | P9: =Model_validation_Carbon!P9 -> 19.666839 | S9: =B9 -> 85 | T9: =SUM($S$2:S9) -> 540 | U9: =H9 -> 8.5 | V9: =SUM($U$2:U9) -> 54 | W9: =J9+K9-P9 -> 23.683161 | X9: =SUM($W$2:W9) -> 170.50422 | Y9: =O9+P9+N9+L9 -> 48.991839 | Z9: =SUM($Y$2:Y9) -> 291.19578 | AA9: =M9 -> 3.825 | AB9: =SUM($AA$2:AA9) -> 24.3
A10: 2028 | B10: =Flow_data_Biomass!B10*TC_data_Biomass!B10 -> 90 | C10: =Flow_data_Biomass!B10*TC_data_Biomass!D10 -> 90 | D10: =C10*TC_data_Biomass!F10 -> 27 | E10: =C10*TC_data_Biomass!H10 -> 27 | F10: =C10*TC_data_Biomass!J10 -> 9 | G10: =C10*TC_data_Biomass!L10 -> 18 | H10: =C10*TC_data_Biomass!N10 -> 9 | I10: =SUM(D10:H10)-C10 -> 0 | J10: =D10*TC_data_Biomass!P10 -> 27 | K10: =E10*TC_data_Biomass!R10 -> 18.9 | L10: =E10*TC_data_Biomass!T10 -> 4.05 | M10: =E10*TC_data_Biomass!V10 -> 4.05 | N10: =F10*TC_data_Biomass!X10 -> 9 | O10: =G10*TC_data_Biomass!Z10 -> 18 | P10: =Model_validation_Carbon!P10 -> 20.948292 | S10: =B10 -> 90 | T10: =SUM($S$2:S10) -> 630 | U10: =H10 -> 9 | V10: =SUM($U$2:U10) -> 63 | W10: =J10+K10-P10 -> 24.951708 | X10: =SUM($W$2:W10) -> 195.45593 | Y10: =O10+P10+N10+L10 -> 51.998292 | Z10: =SUM($Y$2:Y10) -> 343.19407 | AA10: =M10 -> 4.05 | AB10: =SUM($AA$2:AA10) -> 28.35
A11: 2029 | B11: =Flow_data_Biomass!B11*TC_data_Biomass!B11 -> 95 | C11: =Flow_data_Biomass!B11*TC_data_Biomass!D11 -> 95 | D11: =C11*TC_data_Biomass!F11 -> 28.5 | E11: =C11*TC_data_Biomass!H11 -> 28.5 | F11: =C11*TC_data_Biomass!J11 -> 9.5 | G11: =C11*TC_data_Biomass!L11 -> 19 | H11: =C11*TC_data_Biomass!N11 -> 9.5 | I11: =SUM(D11:H11)-C11 -> 0 | J11: =D11*TC_data_Biomass!P11 -> 28.5 | K11: =E11*TC_data_Biomass!R11 -> 19.95 | L11: =E11*TC_data_Biomass!T11 -> 4.275 | M11: =E11*TC_data_Biomass!V11 -> 4.275 | N11: =F11*TC_data_Biomass!X11 -> 9.5 | O11: =G11*TC_data_Biomass!Z11 -> 19 | P11: =Model_validation_Carbon!P11 -> 22.2257 | S11: =B11 -> 95 | T11: =SUM($S$2:S11) -> 725 | U11: =H11 -> 9.5 | V11: =SUM($U$2:U11) -> 72.5 | W11: =J11+K11-P11 -> 26.2243 | X11: =SUM($W$2:W11) -> 221.68023 | Y11: =O11+P11+N11+L11 -> 55.0007 | Z11: =SUM($Y$2:Y11) -> 398.19477 | AA11: =M11 -> 4.275 | AB11: =SUM($AA$2:AA11) -> 32.625
A12: 2030 | B12: =Flow_data_Biomass!B12*TC_data_Biomass!B12 -> 100 | C12: =Flow_data_Biomass!B12*TC_data_Biomass!D12 -> 100 | D12: =C12*TC_data_Biomass!F12 -> 30 | E12: =C12*TC_data_Biomass!H12 -> 30 | F12: =C12*TC_data_Biomass!J12 -> 10 | G12: =C12*TC_data_Biomass!L12 -> 20 | H12: =C12*TC_data_Biomass!N12 -> 10 | I12: =SUM(D12:H12)-C12 -> 0 | J12: =D12*TC_data_Biomass!P12 -> 30 | K12: =E12*TC_data_Biomass!R12 -> 21 | L12: =E12*TC_data_Biomass!T12 -> 4.5 | M12: =E12*TC_data_Biomass!V12 -> 4.5 | N12: =F12*TC_data_Biomass!X12 -> 10 | O12: =G12*TC_data_Biomass!Z12 -> 20 | P12: =Model_validation_Carbon!P12 -> 23.501599 | S12: =B12 -> 100 | T12: =SUM($S$2:S12) -> 825 | U12: =H12 -> 10 | V12: =SUM($U$2:U12) -> 82.5 | W12: =J12+K12-P12 -> 27.498401 | X12: =SUM($W$2:W12) -> 249.17863 | Y12: =O12+P12+N12+L12 -> 58.001599 | Z12: =SUM($Y$2:Y12) -> 456.19637 | AA12: =M12 -> 4.5 | AB12: =SUM($AA$2:AA12) -> 37.125
A13: 2031 | B13: =Flow_data_Biomass!B13*TC_data_Biomass!B13 -> 5 | C13: =Flow_data_Biomass!B13*TC_data_Biomass!D13 -> 5 | D13: =C13*TC_data_Biomass!F13 -> 1.5 | E13: =C13*TC_data_Biomass!H13 -> 1.5 | F13: =C13*TC_data_Biomass!J13 -> 0.5 | G13: =C13*TC_data_Biomass!L13 -> 1 | H13: =C13*TC_data_Biomass!N13 -> 0.5 | I13: =SUM(D13:H13)-C13 -> 0 | J13: =D13*TC_data_Biomass!P13 -> 1.5 | K13: =E13*TC_data_Biomass!R13 -> 1.05 | L13: =E13*TC_data_Biomass!T13 -> 0.225 | M13: =E13*TC_data_Biomass!V13 -> 0.225 | N13: =F13*TC_data_Biomass!X13 -> 0.5 | O13: =G13*TC_data_Biomass!Z13 -> 1 | P13: =Model_validation_Carbon!P13 -> 24.776935 | S13: =B13 -> 5 | T13: =SUM($S$2:S13) -> 830 | U13: =H13 -> 0.5 | V13: =SUM($U$2:U13) -> 83 | W13: =J13+K13-P13 -> -22.226935 | X13: =SUM($W$2:W13) -> 226.95169 | Y13: =O13+P13+N13+L13 -> 26.501935 | Z13: =SUM($Y$2:Y13) -> 482.69831 | AA13: =M13 -> 0.225 | AB13: =SUM($AA$2:AA13) -> 37.35
... A22: 2040 | B22: =Flow_data_Biomass!B22*TC_data_Biomass!B22 -> 150 | C22: =Flow_data_Biomass!B22*TC_data_Biomass!D22 -> 150 | D22: =C22*TC_data_Biomass!F22 -> 45 | E22: =C22*TC_data_Biomass!H22 -> 45 | F22: =C22*TC_data_Biomass!J22 -> 15 | G22: =C22*TC_data_Biomass!L22 -> 30 | H22: =C22*TC_data_Biomass!N22 -> 15 | I22: =SUM(D22:H22)-C22 -> 0 | J22: =D22*TC_data_Biomass!P22 -> 45 | K22: =E22*TC_data_Biomass!R22 -> 31.5 | L22: =E22*TC_data_Biomass!T22 -> 6.75 | M22: =E22*TC_data_Biomass!V22 -> 6.75 | N22: =F22*TC_data_Biomass!X22 -> 15 | O22: =G22*TC_data_Biomass!Z22 -> 30 | P22: =Model_validation_Carbon!P22 -> 36.246403 | S22: =B22 -> 150 | T22: =SUM($S$2:S22) -> 2000 | U22: =H22 -> 15 | V22: =SUM($U$2:U22) -> 200 | W22: =J22+K22-P22 -> 40.253597 | X22: =SUM($W$2:W22) -> 568.77918 | Y22: =O22+P22+N22+L22 -> 87.996403 | Z22: =SUM($Y$2:Y22) -> 1141.2208 | AA22: =M22 -> 6.75 | AB22: =SUM($AA$2:AA22) -> 90

Sheet Model_validation_Carbon
A1: Years | B1: F_1_2 | C1: F_1_3 | D1: F_3_4 | E1: F_3_5 | F1: F_3_6 | G1: F_3_7 | H1: F_3_8 | I1: Check process 3 balance | J1: F_4_9 | K1: F_5_9 | L1: F_5_10 | M1: F_5_11 | N1: F_6_10 | O1: F_7_10 | P1: F_9_10 | S1: dS_2 | T1: S_2 | U1: dS_8 | V1: S_8 | W1: dS_9 | X1: S_9 | Y1: dS_10 | Z1: S_10 | AA1: dS_11 | AB1: S_11
A2: 2020 | B2: =Flow_data_Carbon!B2*TC_data_Carbon!B2 -> 25 | C2: =Flow_data_Carbon!B2*TC_data_Carbon!D2 -> 25 | D2: =C2*TC_data_Carbon!F2 -> 7.5 | E2: =C2*TC_data_Carbon!H2 -> 7.5 | F2: =C2*TC_data_Carbon!J2 -> 2.5 | G2: =C2*TC_data_Carbon!L2 -> 5 | H2: =C2*TC_data_Carbon!N2 -> 2.5 | I2: =SUM(D2:H2)-C2 -> 0 | J2: =D2*TC_data_Carbon!P2 -> 7.5 | K2: =E2*TC_data_Carbon!R2 -> 5.25 | L2: =E2*TC_data_Carbon!T2 -> 1.125 | M2: =E2*TC_data_Carbon!V2 -> 1.125 | N2: =F2*TC_data_Carbon!X2 -> 2.5 | O2: =G2*TC_data_Carbon!Z2 -> 5 | P2: =J2+K2-W2 -> 0 | S2: =B2 -> 25 | T2: =SUM($S$2:S2) -> 25 | U2: =H2 -> 2.5 | V2: =SUM($U$2:U2) -> 2.5 | W2: =X2 -> 12.75 | X2: {=Sequestration_process!W11:W31} -> 12.75 | Y2: =O2+P2+N2+L2 -> 8.625 | Z2: =SUM($Y$2:Y2) -> 8.625 | AA2: =M2 -> 1.125 | AB2: =SUM($AA$2:AA2) -> 1.125
A3: 2021 | B3: =Flow_data_Carbon!B3*TC_data_Carbon!B3 -> 27.5 | C3: =Flow_data_Carbon!B3*TC_data_Carbon!D3 -> 27.5 | D3: =C3*TC_data_Carbon!F3 -> 8.25 | E3: =C3*TC_data_Carbon!H3 -> 8.25 | F3: =C3*TC_data_Carbon!J3 -> 2.75 | G3: =C3*TC_data_Carbon!L3 -> 5.5 | H3: =C3*TC_data_Carbon!N3 -> 2.75 | I3: =SUM(D3:H3)-C3 -> 0 | J3: =D3*TC_data_Carbon!P3 -> 8.25 | K3: =E3*TC_data_Carbon!R3 -> 5.775 | L3: =E3*TC_data_Carbon!T3 -> 1.2375 | M3: =E3*TC_data_Carbon!V3 -> 1.2375 | N3: =F3*TC_data_Carbon!X3 -> 2.75 | O3: =G3*TC_data_Carbon!Z3 -> 5.5 | P3: =J3+K3-W3 -> 8.2194605 | S3: =B3 -> 27.5 | T3: =SUM($S$2:S3) -> 52.5 | U3: =H3 -> 2.75 | V3: =SUM($U$2:U3) -> 5.25 | W3: =X3-X2 -> 5.8055395 | X3: 18.55554 | Y3: =O3+P3+N3+L3 -> 17.70696 | Z3: =SUM($Y$2:Y3) -> 26.33196 | AA3: =M3 -> 1.2375 | AB3: =SUM($AA$2:AA3) -> 2.3625
A4: 2022 | B4: =Flow_data_Carbon!B4*TC_data_Carbon!B4 -> 30 | C4: =Flow_data_Carbon!B4*TC_data_Carbon!D4 -> 30 | D4: =C4*TC_data_Carbon!F4 -> 9 | E4: =C4*TC_data_Carbon!H4 -> 9 | F4: =C4*TC_data_Carbon!J4 -> 3 | G4: =C4*TC_data_Carbon!L4 -> 6 | H4: =C4*TC_data_Carbon!N4 -> 3 | I4: =SUM(D4:H4)-C4 -> 0 | J4: =D4*TC_data_Carbon!P4 -> 9 | K4: =E4*TC_data_Carbon!R4 -> 6.3 | L4: =E4*TC_data_Carbon!T4 -> 1.35 | M4: =E4*TC_data_Carbon!V4 -> 1.35 | N4: =F4*TC_data_Carbon!X4 -> 3 | O4: =G4*TC_data_Carbon!Z4 -> 6 | P4: =J4+K4-W4 -> 11.880911 | S4: =B4 -> 30 | T4: =SUM($S$2:S4) -> 82.5 | U4: =H4 -> 3 | V4: =SUM($U$2:U4) -> 8.25 | W4: =X4-X3 -> 3.4190894 | X4: 21.974629 | Y4: =O4+P4+N4+L4 -> 22.230911 | Z4: =SUM($Y$2:Y4) -> 48.562871 | AA4: =M4 -> 1.35 | AB4: =SUM($AA$2:AA4) -> 3.7125
A5: 2023 | B5: =Flow_data_Carbon!B5*TC_data_Carbon!B5 -> 32.5 | C5: =Flow_data_Carbon!B5*TC_data_Carbon!D5 -> 32.5 | D5: =C5*TC_data_Carbon!F5 -> 9.75 | E5: =C5*TC_data_Carbon!H5 -> 9.75 | F5: =C5*TC_data_Carbon!J5 -> 3.25 | G5: =C5*TC_data_Carbon!L5 -> 6.5 | H5: =C5*TC_data_Carbon!N5 -> 3.25 | I5: =SUM(D5:H5)-C5 -> 0 | J5: =D5*TC_data_Carbon!P5 -> 9.75 | K5: =E5*TC_data_Carbon!R5 -> 6.825 | L5: =E5*TC_data_Carbon!T5 -> 1.4625 | M5: =E5*TC_data_Carbon!V5 -> 1.4625 | N5: =F5*TC_data_Carbon!X5 -> 3.25 | O5: =G5*TC_data_Carbon!Z5 -> 6.5 | P5: =J5+K5-W5 -> 14.046659 | S5: =B5 -> 32.5 | T5: =SUM($S$2:S5) -> 115 | U5: =H5 -> 3.25 | V5: =SUM($U$2:U5) -> 11.5 | W5: =X5-X4 -> 2.5283408 | X5: 24.50297 | Y5: =O5+P5+N5+L5 -> 25.259159 | Z5: =SUM($Y$2:Y5) -> 73.82203 | AA5: =M5 -> 1.4625 | AB5: =SUM($AA$2:AA5) -> 5.175
A6: 2024 | B6: =Flow_data_Carbon!B6*TC_data_Carbon!B6 -> 35 | C6: =Flow_data_Carbon!B6*TC_data_Carbon!D6 -> 35 | D6: =C6*TC_data_Carbon!F6 -> 10.5 | E6: =C6*TC_data_Carbon!H6 -> 10.5 | F6: =C6*TC_data_Carbon!J6 -> 3.5 | G6: =C6*TC_data_Carbon!L6 -> 7 | H6: =C6*TC_data_Carbon!N6 -> 3.5 | I6: =SUM(D6:H6)-C6 -> 0 | J6: =D6*TC_data_Carbon!P6 -> 10.5 | K6: =E6*TC_data_Carbon!R6 -> 7.35 | L6: =E6*TC_data_Carbon!T6 -> 1.575 | M6: =E6*TC_data_Carbon!V6 -> 1.575 | N6: =F6*TC_data_Carbon!X6 -> 3.5 | O6: =G6*TC_data_Carbon!Z6 -> 7 | P6: =J6+K6-W6 -> 15.654133 | S6: =B6 -> 35 | T6: =SUM($S$2:S6) -> 150 | U6: =H6 -> 3.5 | V6: =SUM($U$2:U6) -> 15 | W6: =X6-X5 -> 2.1958666 | X6: 26.698836 | Y6: =O6+P6+N6+L6 -> 27.729133 | Z6: =SUM($Y$2:Y6) -> 101.55116 | AA6: =M6 -> 1.575 | AB6: =SUM($AA$2:AA6) -> 6.75
A7: 2025 | B7: =Flow_data_Carbon!B7*TC_data_Carbon!B7 -> 37.5 | C7: =Flow_data_Carbon!B7*TC_data_Carbon!D7 -> 37.5 | D7: =C7*TC_data_Carbon!F7 -> 11.25 | E7: =C7*TC_data_Carbon!H7 -> 11.25 | F7: =C7*TC_data_Carbon!J7 -> 3.75 | G7: =C7*TC_data_Carbon!L7 -> 7.5 | H7: =C7*TC_data_Carbon!N7 -> 3.75 | I7: =SUM(D7:H7)-C7 -> 0 | J7: =D7*TC_data_Carbon!P7 -> 11.25 | K7: =E7*TC_data_Carbon!R7 -> 7.875 | L7: =E7*TC_data_Carbon!T7 -> 1.6875 | M7: =E7*TC_data_Carbon!V7 -> 1.6875 | N7: =F7*TC_data_Carbon!X7 -> 3.75 | O7: =G7*TC_data_Carbon!Z7 -> 7.5 | P7: =J7+K7-W7 -> 17.05323 | S7: =B7 -> 37.5 | T7: =SUM($S$2:S7) -> 187.5 | U7: =H7 -> 3.75 | V7: =SUM($U$2:U7) -> 18.75 | W7: =X7-X6 -> 2.0717698 | X7: 28.770606 | Y7: =O7+P7+N7+L7 -> 29.99073 | Z7: =SUM($Y$2:Y7) -> 131.54189 | AA7: =M7 -> 1.6875 | AB7: =SUM($AA$2:AA7) -> 8.4375
A8: 2026 | B8: =Flow_data_Carbon!B8*TC_data_Carbon!B8 -> 40 | C8: =Flow_data_Carbon!B8*TC_data_Carbon!D8 -> 40 | D8: =C8*TC_data_Carbon!F8 -> 12 | E8: =C8*TC_data_Carbon!H8 -> 12 | F8: =C8*TC_data_Carbon!J8 -> 4 | G8: =C8*TC_data_Carbon!L8 -> 8 | H8: =C8*TC_data_Carbon!N8 -> 4 | I8: =SUM(D8:H8)-C8 -> 0 | J8: =D8*TC_data_Carbon!P8 -> 12 | K8: =E8*TC_data_Carbon!R8 -> 8.4 | L8: =E8*TC_data_Carbon!T8 -> 1.8 | M8: =E8*TC_data_Carbon!V8 -> 1.8 | N8: =F8*TC_data_Carbon!X8 -> 4 | O8: =G8*TC_data_Carbon!Z8 -> 8 | P8: =J8+K8-W8 -> 18.37455 | S8: =B8 -> 40 | T8: =SUM($S$2:S8) -> 227.5 | U8: =H8 -> 4 | V8: =SUM($U$2:U8) -> 22.75 | W8: =X8-X7 -> 2.0254503 | X8: 30.796056 | Y8: =O8+P8+N8+L8 -> 32.17455 | Z8: =SUM($Y$2:Y8) -> 163.71644 | AA8: =M8 -> 1.8 | AB8: =SUM($AA$2:AA8) -> 10.2375
A9: 2027 | B9: =Flow_data_Carbon!B9*TC_data_Carbon!B9 -> 42.5 | C9: =Flow_data_Carbon!B9*TC_data_Carbon!D9 -> 42.5 | D9: =C9*TC_data_Carbon!F9 -> 12.75 | E9: =C9*TC_data_Carbon!H9 -> 12.75 | F9: =C9*TC_data_Carbon!J9 -> 4.25 | G9: =C9*TC_data_Carbon!L9 -> 8.5 | H9: =C9*TC_data_Carbon!N9 -> 4.25 | I9: =SUM(D9:H9)-C9 -> 0 | J9: =D9*TC_data_Carbon!P9 -> 12.75 | K9: =E9*TC_data_Carbon!R9 -> 8.925 | L9: =E9*TC_data_Carbon!T9 -> 1.9125 | M9: =E9*TC_data_Carbon!V9 -> 1.9125 | N9: =F9*TC_data_Carbon!X9 -> 4.25 | O9: =G9*TC_data_Carbon!Z9 -> 8.5 | P9: =J9+K9-W9 -> 19.666839 | S9: =B9 -> 42.5 | T9: =SUM($S$2:S9) -> 270 | U9: =H9 -> 4.25 | V9: =SUM($U$2:U9) -> 27 | W9: =X9-X8 -> 2.0081614 | X9: 32.804218 | Y9: =O9+P9+N9+L9 -> 34.329339 | Z9: =SUM($Y$2:Y9) -> 198.04578 | AA9: =M9 -> 1.9125 | AB9: =SUM($AA$2:AA9) -> 12.15
A10: 2028 | B10: =Flow_data_Carbon!B10*TC_data_Carbon!B10 -> 45 | C10: =Flow_data_Carbon!B10*TC_data_Carbon!D10 -> 45 | D10: =C10*TC_data_Carbon!F10 -> 13.5 | E10: =C10*TC_data_Carbon!H10 -> 13.5 | F10: =C10*TC_data_Carbon!J10 -> 4.5 | G10: =C10*TC_data_Carbon!L10 -> 9 | H10: =C10*TC_data_Carbon!N10 -> 4.5 | I10: =SUM(D10:H10)-C10 -> 0 | J10: =D10*TC_data_Carbon!P10 -> 13.5 | K10: =E10*TC_data_Carbon!R10 -> 9.45 | L10: =E10*TC_data_Carbon!T10 -> 2.025 | M10: =E10*TC_data_Carbon!V10 -> 2.025 | N10: =F10*TC_data_Carbon!X10 -> 4.5 | O10: =G10*TC_data_Carbon!Z10 -> 9 | P10: =J10+K10-W10 -> 20.948292 | S10: =B10 -> 45 | T10: =SUM($S$2:S10) -> 315 | U10: =H10 -> 4.5 | V10: =SUM($U$2:U10) -> 31.5 | W10: =X10-X9 -> 2.0017083 | X10: 34.805926 | Y10: =O10+P10+N10+L10 -> 36.473292 | Z10: =SUM($Y$2:Y10) -> 234.51907 | AA10: =M10 -> 2.025 | AB10: =SUM($AA$2:AA10) -> 14.175
A11: 2029 | B11: =Flow_data_Carbon!B11*TC_data_Carbon!B11 -> 47.5 | C11: =Flow_data_Carbon!B11*TC_data_Carbon!D11 -> 47.5 | D11: =C11*TC_data_Carbon!F11 -> 14.25 | E11: =C11*TC_data_Carbon!H11 -> 14.25 | F11: =C11*TC_data_Carbon!J11 -> 4.75 | G11: =C11*TC_data_Carbon!L11 -> 9.5 | H11: =C11*TC_data_Carbon!N11 -> 4.75 | I11: =SUM(D11:H11)-C11 -> 0 | J11: =D11*TC_data_Carbon!P11 -> 14.25 | K11: =E11*TC_data_Carbon!R11 -> 9.975 | L11: =E11*TC_data_Carbon!T11 -> 2.1375 | M11: =E11*TC_data_Carbon!V11 -> 2.1375 | N11: =F11*TC_data_Carbon!X11 -> 4.75 | O11: =G11*TC_data_Carbon!Z11 -> 9.5 | P11: =J11+K11-W11 -> 22.2257 | S11: =B11 -> 47.5 | T11: =SUM($S$2:S11) -> 362.5 | U11: =H11 -> 4.75 | V11: =SUM($U$2:U11) -> 36.25 | W11: =X11-X10 -> 1.9992997 | X11: 36.805226 | Y11: =O11+P11+N11+L11 -> 38.6132 | Z11: =SUM($Y$2:Y11) -> 273.13227 | AA11: =M11 -> 2.1375 | AB11: =SUM($AA$2:AA11) -> 16.3125
A12: 2030 | B12: =Flow_data_Carbon!B12*TC_data_Carbon!B12 -> 50 | C12: =Flow_data_Carbon!B12*TC_data_Carbon!D12 -> 50 | D12: =C12*TC_data_Carbon!F12 -> 15 | E12: =C12*TC_data_Carbon!H12 -> 15 | F12: =C12*TC_data_Carbon!J12 -> 5 | G12: =C12*TC_data_Carbon!L12 -> 10 | H12: =C12*TC_data_Carbon!N12 -> 5 | I12: =SUM(D12:H12)-C12 -> 0 | J12: =D12*TC_data_Carbon!P12 -> 15 | K12: =E12*TC_data_Carbon!R12 -> 10.5 | L12: =E12*TC_data_Carbon!T12 -> 2.25 | M12: =E12*TC_data_Carbon!V12 -> 2.25 | N12: =F12*TC_data_Carbon!X12 -> 5 | O12: =G12*TC_data_Carbon!Z12 -> 10 | P12: =J12+K12-W12 -> 23.501599 | S12: =B12 -> 50 | T12: =SUM($S$2:S12) -> 412.5 | U12: =H12 -> 5 | V12: =SUM($U$2:U12) -> 41.25 | W12: =X12-X11 -> 1.9984007 | X12: 38.803626 | Y12: =O12+P12+N12+L12 -> 40.751599 | Z12: =SUM($Y$2:Y12) -> 313.88387 | AA12: =M12 -> 2.25 | AB12: =SUM($AA$2:AA12) -> 18.5625
A13: 2031 | B13: =Flow_data_Carbon!B13*TC_data_Carbon!B13 -> 2.5 | C13: =Flow_data_Carbon!B13*TC_data_Carbon!D13 -> 2.5 | D13: =C13*TC_data_Carbon!F13 -> 0.75 | E13: =C13*TC_data_Carbon!H13 -> 0.75 | F13: =C13*TC_data_Carbon!J13 -> 0.25 | G13: =C13*TC_data_Carbon!L13 -> 0.5 | H13: =C13*TC_data_Carbon!N13 -> 0.25 | I13: =SUM(D13:H13)-C13 -> 0 | J13: =D13*TC_data_Carbon!P13 -> 0.75 | K13: =E13*TC_data_Carbon!R13 -> 0.525 | L13: =E13*TC_data_Carbon!T13 -> 0.1125 | M13: =E13*TC_data_Carbon!V13 -> 0.1125 | N13: =F13*TC_data_Carbon!X13 -> 0.25 | O13: =G13*TC_data_Carbon!Z13 -> 0.5 | P13: =J13+K13-W13 -> 24.776935 | S13: =B13 -> 2.5 | T13: =SUM($S$2:S13) -> 415 | U13: =H13 -> 0.25 | V13: =SUM($U$2:U13) -> 41.5 | W13: =X13-X12 -> -23.501935 | X13: 15.301692 | Y13: =O13+P13+N13+L13 -> 25.639435 | Z13: =SUM($Y$2:Y13) -> 339.52331 | AA13: =M13 -> 0.1125 | AB13: =SUM($AA$2:AA13) -> 18.675
A14: 2032 | B14: =Flow_data_Carbon!B14*TC_data_Carbon!B14 -> 55 | C14: =Flow_data_Carbon!B14*TC_data_Carbon!D14 -> 55 | D14: =C14*TC_data_Carbon!F14 -> 16.5 | E14: =C14*TC_data_Carbon!H14 -> 16.5 | F14: =C14*TC_data_Carbon!J14 -> 5.5 | G14: =C14*TC_data_Carbon!L14 -> 11 | H14: =C14*TC_data_Carbon!N14 -> 5.5 | I14: =SUM(D14:H14)-C14 -> 0 | J14: =D14*TC_data_Carbon!P14 -> 16.5 | K14: =E14*TC_data_Carbon!R14 -> 11.55 | L14: =E14*TC_data_Carbon!T14 -> 2.475 | M14: =E14*TC_data_Carbon!V14 -> 2.475 | N14: =F14*TC_data_Carbon!X14 -> 5.5 | O14: =G14*TC_data_Carbon!Z14 -> 11 | P14: =J14+K14-W14 -> 9.6131392 | S14: =B14 -> 55 | T14: =SUM($S$2:S14) -> 470 | U14: =H14 -> 5.5 | V14: =SUM($U$2:U14) -> 47 | W14: =X14-X13 -> 18.436861 | X14: 33.738552 | Y14: =O14+P14+N14+L14 -> 28.588139 | Z14: =SUM($Y$2:Y14) -> 368.11145 | AA14: =M14 -> 2.475 | AB14: =SUM($AA$2:AA14) -> 21.15
... A22: 2040 | B22: =Flow_data_Carbon!B22*TC_data_Carbon!B22 -> 75 | C22: =Flow_data_Carbon!B22*TC_data_Carbon!D22 -> 75 | D22: =C22*TC_data_Carbon!F22 -> 22.5 | E22: =C22*TC_data_Carbon!H22 -> 22.5 | F22: =C22*TC_data_Carbon!J22 -> 7.5 | G22: =C22*TC_data_Carbon!L22 -> 15 | H22: =C22*TC_data_Carbon!N22 -> 7.5 | I22: =SUM(D22:H22)-C22 -> 0 | J22: =D22*TC_data_Carbon!P22 -> 22.5 | K22: =E22*TC_data_Carbon!R22 -> 15.75 | L22: =E22*TC_data_Carbon!T22 -> 3.375 | M22: =E22*TC_data_Carbon!V22 -> 3.375 | N22: =F22*TC_data_Carbon!X22 -> 7.5 | O22: =G22*TC_data_Carbon!Z22 -> 15 | P22: =J22+K22-W22 -> 36.246403 | S22: =B22 -> 75 | T22: =SUM($S$2:S22) -> 1000 | U22: =H22 -> 7.5 | V22: =SUM($U$2:U22) -> 100 | W22: =X22-X21 -> 2.0035971 | X22: 58.779184 | Y22: =O22+P22+N22+L22 -> 62.121403 | Z22: =SUM($Y$2:Y22) -> 796.22082 | AA22: =M22 -> 3.375 | AB22: =SUM($AA$2:AA22) -> 45

Sheet Sequestration_process
A1: k1 | B1: =0.1975*365 -> 72.0875 | C1: 1/a | D1: 0.1975 | E1: 1/d
A2: f | B2: =4.8*10^-2 -> 0.048
A3: k2 | B3: =0.0027*365 -> 0.9855 | C3: 1/a | D3: 0.0027 | E3: 1/d
W4: Sum
B5: 2020 | C5: 2021 | D5: 2022 | E5: 2023 | F5: 2024 | G5: 2025 | H5: 2026 | I5: 2027 | J5: 2028 | K5: 2029 | L5: 2030 | M5: 2031 | N5: 2032 | O5: 2033 | P5: 2034 | Q5: 2035 | R5: 2036 | S5: 2037 | T5: 2038 | U5: 2039 | V5: 2040
B6: =SUM(Model_validation_Carbon!J2:K2) -> 12.75 | C6: =SUM(Model_validation_Carbon!J3:K3) -> 14.025 | D6: =SUM(Model_validation_Carbon!J4:K4) -> 15.3 | E6: =SUM(Model_validation_Carbon!J5:K5) -> 16.575 | F6: =SUM(Model_validation_Carbon!J6:K6) -> 17.85 | G6: =SUM(Model_validation_Carbon!J7:K7) -> 19.125 | H6: =SUM(Model_validation_Carbon!J8:K8) -> 20.4 | I6: =SUM(Model_validation_Carbon!J9:K9) -> 21.675 | J6: =SUM(Model_validation_Carbon!J10:K10) -> 22.95 | K6: =SUM(Model_validation_Carbon!J11:K11) -> 24.225 | L6: =SUM(Model_validation_Carbon!J12:K12) -> 25.5 | M6: =SUM(Model_validation_Carbon!J13:K13) -> 1.275 | N6: =SUM(Model_validation_Carbon!J14:K14) -> 28.05 | O6: =SUM(Model_validation_Carbon!J15:K15) -> 29.325 | P6: =SUM(Model_validation_Carbon!J16:K16) -> 30.6 | Q6: =SUM(Model_validation_Carbon!J17:K17) -> 31.875 | R6: =SUM(Model_validation_Carbon!J18:K18) -> 33.15 | S6: =SUM(Model_validation_Carbon!J19:K19) -> 34.425 | T6: =SUM(Model_validation_Carbon!J20:K20) -> 35.7 | U6: =SUM(Model_validation_Carbon!J21:K21) -> 36.975 | V6: =SUM(Model_validation_Carbon!J22:K22) -> 38.25
A11: 2020 | B11: =IF($A11-B$5<0,"-",(B$6*($B$2*EXP((-$B$1*($A11-B$5)))+(1-$B$2)*EXP(-$B$3*($A11-B$5))))) -> 12.75 | C11: =IF($A11-C$5<0,"-",($B$2*EXP((-$B$1*($A11-C$5)))+(100-C2)*EXP(-C3*($A11-C$5)))) -> - | D11: =IF($A11-D$5<0,"-",($B$2*EXP((-$B$1*($A11-D$5)))+(100-D2)*EXP(-D3*($A11-D$5)))) -> - | E11: =IF($A11-E$5<0,"-",($B$2*EXP((-$B$1*($A11-E$5)))+(100-E2)*EXP(-E3*($A11-E$5)))) -> - | F11: =IF($A11-F$5<0,"-",($B$2*EXP((-$B$1*($A11-F$5)))+(100-F2)*EXP(-F3*($A11-F$5)))) -> - | G11: =IF($A11-G$5<0,"-",($B$2*EXP((-$B$1*($A11-G$5)))+(100-G2)*EXP(-G3*($A11-G$5)))) -> - | H11: =IF($A11-H$5<0,"-",($B$2*EXP((-$B$1*($A11-H$5)))+(100-H2)*EXP(-H3*($A11-H$5)))) -> - | I11: =IF($A11-I$5<0,"-",($B$2*EXP((-$B$1*($A11-I$5)))+(100-I2)*EXP(-I3*($A11-I$5)))) -> - | J11: =IF($A11-J$5<0,"-",($B$2*EXP((-$B$1*($A11-J$5)))+(100-J2)*EXP(-J3*($A11-J$5)))) -> - | ... V11: =IF($A11-V$5<0,"-",($B$2*EXP((-$B$1*($A11-V$5)))+(100-V2)*EXP(-V3*($A11-V$5)))) -> - | W11: =SUM(B11:V11) -> 12.75
A12: 2021 | B12: =IF($A12-B$5<0,"-",(B$6*($B$2*EXP((-$B$1*($A12-B$5)))+(1-$B$2)*EXP(-$B$3*($A12-B$5))))) -> 4.5305395 | C12: =IF($A12-C$5<0,"-",(C$6*($B$2*EXP((-$B$1*($A12-C$5)))+(1-$B$2)*EXP(-$B$3*($A12-C$5))))) -> 14.025 | D12: =IF($A12-D$5<0,"-",(D$6*($B$2*EXP((-$B$1*($A12-D$5)))+(1-$B$2)*EXP(-$B$3*($A12-D$5))))) -> - | E12: =IF($A12-E$5<0,"-",(E$6*($B$2*EXP((-$B$1*($A12-E$5)))+(1-$B$2)*EXP(-$B$3*($A12-E$5))))) -> - | F12: =IF($A12-F$5<0,"-",(F$6*($B$2*EXP((-$B$1*($A12-F$5)))+(1-$B$2)*EXP(-$B$3*($A12-F$5))))) -> - | G12: =IF($A12-G$5<0,"-",(G$6*($B$2*EXP((-$B$1*($A12-G$5)))+(1-$B$2)*EXP(-$B$3*($A12-G$5))))) -> - | H12: =IF($A12-H$5<0,"-",(H$6*($B$2*EXP((-$B$1*($A12-H$5)))+(1-$B$2)*EXP(-$B$3*($A12-H$5))))) -> - | I12: =IF($A12-I$5<0,"-",(I$6*($B$2*EXP((-$B$1*($A12-I$5)))+(1-$B$2)*EXP(-$B$3*($A12-I$5))))) -> - | ... V12: =IF($A12-V$5<0,"-",(V$6*($B$2*EXP((-$B$1*($A12-V$5)))+(1-$B$2)*EXP(-$B$3*($A12-V$5))))) -> - | W12: =SUM(B12:V12) -> 18.55554
A13: 2022 | B13: =IF($A13-B$5<0,"-",(B$6*($B$2*EXP((-$B$1*($A13-B$5)))+(1-$B$2)*EXP(-$B$3*($A13-B$5))))) -> 1.6910354 | C13: =IF($A13-C$5<0,"-",(C$6*($B$2*EXP((-$B$1*($A13-C$5)))+(1-$B$2)*EXP(-$B$3*($A13-C$5))))) -> 4.9835935 | D13: =IF($A13-D$5<0,"-",(D$6*($B$2*EXP((-$B$1*($A13-D$5)))+(1-$B$2)*EXP(-$B$3*($A13-D$5))))) -> 15.3 | E13: =IF($A13-E$5<0,"-",(E$6*($B$2*EXP((-$B$1*($A13-E$5)))+(1-$B$2)*EXP(-$B$3*($A13-E$5))))) -> - | F13: =IF($A13-F$5<0,"-",(F$6*($B$2*EXP((-$B$1*($A13-F$5)))+(1-$B$2)*EXP(-$B$3*($A13-F$5))))) -> - | G13: =IF($A13-G$5<0,"-",(G$6*($B$2*EXP((-$B$1*($A13-G$5)))+(1-$B$2)*EXP(-$B$3*($A13-G$5))))) -> - | H13: =IF($A13-H$5<0,"-",(H$6*($B$2*EXP((-$B$1*($A13-H$5)))+(1-$B$2)*EXP(-$B$3*($A13-H$5))))) -> - | I13: =IF($A13-I$5<0,"-",(I$6*($B$2*EXP((-$B$1*($A13-I$5)))+(1-$B$2)*EXP(-$B$3*($A13-I$5))))) -> - | ... V13: =IF($A13-V$5<0,"-",(V$6*($B$2*EXP((-$B$1*($A13-V$5)))+(1-$B$2)*EXP(-$B$3*($A13-V$5))))) -> - | W13: =SUM(B13:V13) -> 21.974629
A14: 2023 | B14: =IF($A14-B$5<0,"-",(B$6*($B$2*EXP((-$B$1*($A14-B$5)))+(1-$B$2)*EXP(-$B$3*($A14-B$5))))) -> 0.6311833 | C14: =IF($A14-C$5<0,"-",(C$6*($B$2*EXP((-$B$1*($A14-C$5)))+(1-$B$2)*EXP(-$B$3*($A14-C$5))))) -> 1.860139 | D14: =IF($A14-D$5<0,"-",(D$6*($B$2*EXP((-$B$1*($A14-D$5)))+(1-$B$2)*EXP(-$B$3*($A14-D$5))))) -> 5.4366474 | E14: =IF($A14-E$5<0,"-",(E$6*($B$2*EXP((-$B$1*($A14-E$5)))+(1-$B$2)*EXP(-$B$3*($A14-E$5))))) -> 16.575 | F14: =IF($A14-F$5<0,"-",(F$6*($B$2*EXP((-$B$1*($A14-F$5)))+(1-$B$2)*EXP(-$B$3*($A14-F$5))))) -> - | G14: =IF($A14-G$5<0,"-",(G$6*($B$2*EXP((-$B$1*($A14-G$5)))+(1-$B$2)*EXP(-$B$3*($A14-G$5))))) -> - | H14: =IF($A14-H$5<0,"-",(H$6*($B$2*EXP((-$B$1*($A14-H$5)))+(1-$B$2)*EXP(-$B$3*($A14-H$5))))) -> - | I14: =IF($A14-I$5<0,"-",(I$6*($B$2*EXP((-$B$1*($A14-I$5)))+(1-$B$2)*EXP(-$B$3*($A14-I$5))))) -> - | ... V14: =IF($A14-V$5<0,"-",(V$6*($B$2*EXP((-$B$1*($A14-V$5)))+(1-$B$2)*EXP(-$B$3*($A14-V$5))))) -> - | W14: =SUM(B14:V14) -> 24.50297
A15: 2024 | B15: =IF($A15-B$5<0,"-",(B$6*($B$2*EXP((-$B$1*($A15-B$5)))+(1-$B$2)*EXP(-$B$3*($A15-B$5))))) -> 0.23559078 | C15: =IF($A15-C$5<0,"-",(C$6*($B$2*EXP((-$B$1*($A15-C$5)))+(1-$B$2)*EXP(-$B$3*($A15-C$5))))) -> 0.69430163 | D15: =IF($A15-D$5<0,"-",(D$6*($B$2*EXP((-$B$1*($A15-D$5)))+(1-$B$2)*EXP(-$B$3*($A15-D$5))))) -> 2.0292425 | E15: =IF($A15-E$5<0,"-",(E$6*($B$2*EXP((-$B$1*($A15-E$5)))+(1-$B$2)*EXP(-$B$3*($A15-E$5))))) -> 5.8897014 | F15: =IF($A15-F$5<0,"-",(F$6*($B$2*EXP((-$B$1*($A15-F$5)))+(1-$B$2)*EXP(-$B$3*($A15-F$5))))) -> 17.85 | G15: =IF($A15-G$5<0,"-",(G$6*($B$2*EXP((-$B$1*($A15-G$5)))+(1-$B$2)*EXP(-$B$3*($A15-G$5))))) -> - | H15: =IF($A15-H$5<0,"-",(H$6*($B$2*EXP((-$B$1*($A15-H$5)))+(1-$B$2)*EXP(-$B$3*($A15-H$5))))) -> - | I15: =IF($A15-I$5<0,"-",(I$6*($B$2*EXP((-$B$1*($A15-I$5)))+(1-$B$2)*EXP(-$B$3*($A15-I$5))))) -> - | ... V15: =IF($A15-V$5<0,"-",(V$6*($B$2*EXP((-$B$1*($A15-V$5)))+(1-$B$2)*EXP(-$B$3*($A15-V$5))))) -> - | W15: =SUM(B15:V15) -> 26.698836
A16: 2025 | B16: =IF($A16-B$5<0,"-",(B$6*($B$2*EXP((-$B$1*($A16-B$5)))+(1-$B$2)*EXP(-$B$3*($A16-B$5))))) -> 0.087934859 | C16: =IF($A16-C$5<0,"-",(C$6*($B$2*EXP((-$B$1*($A16-C$5)))+(1-$B$2)*EXP(-$B$3*($A16-C$5))))) -> 0.25914986 | D16: =IF($A16-D$5<0,"-",(D$6*($B$2*EXP((-$B$1*($A16-D$5)))+(1-$B$2)*EXP(-$B$3*($A16-D$5))))) -> 0.75741996 | E16: =IF($A16-E$5<0,"-",(E$6*($B$2*EXP((-$B$1*($A16-E$5)))+(1-$B$2)*EXP(-$B$3*($A16-E$5))))) -> 2.1983461 | F16: =IF($A16-F$5<0,"-",(F$6*($B$2*EXP((-$B$1*($A16-F$5)))+(1-$B$2)*EXP(-$B$3*($A16-F$5))))) -> 6.3427553 | G16: =IF($A16-G$5<0,"-",(G$6*($B$2*EXP((-$B$1*($A16-G$5)))+(1-$B$2)*EXP(-$B$3*($A16-G$5))))) -> 19.125 | H16: =IF($A16-H$5<0,"-",(H$6*($B$2*EXP((-$B$1*($A16-H$5)))+(1-$B$2)*EXP(-$B$3*($A16-H$5))))) -> - | I16: =IF($A16-I$5<0,"-",(I$6*($B$2*EXP((-$B$1*($A16-I$5)))+(1-$B$2)*EXP(-$B$3*($A16-I$5))))) -> - | ... V16: =IF($A16-V$5<0,"-",(V$6*($B$2*EXP((-$B$1*($A16-V$5)))+(1-$B$2)*EXP(-$B$3*($A16-V$5))))) -> - | W16: =SUM(B16:V16) -> 28.770606
A17: 2026 | B17: =IF($A17-B$5<0,"-",(B$6*($B$2*EXP((-$B$1*($A17-B$5)))+(1-$B$2)*EXP(-$B$3*($A17-B$5))))) -> 0.032821911 | C17: =IF($A17-C$5<0,"-",(C$6*($B$2*EXP((-$B$1*($A17-C$5)))+(1-$B$2)*EXP(-$B$3*($A17-C$5))))) -> 0.096728345 | D17: =IF($A17-D$5<0,"-",(D$6*($B$2*EXP((-$B$1*($A17-D$5)))+(1-$B$2)*EXP(-$B$3*($A17-D$5))))) -> 0.28270893 | E17: =IF($A17-E$5<0,"-",(E$6*($B$2*EXP((-$B$1*($A17-E$5)))+(1-$B$2)*EXP(-$B$3*($A17-E$5))))) -> 0.82053829 | F17: =IF($A17-F$5<0,"-",(F$6*($B$2*EXP((-$B$1*($A17-F$5)))+(1-$B$2)*EXP(-$B$3*($A17-F$5))))) -> 2.3674496 | G17: =IF($A17-G$5<0,"-",(G$6*($B$2*EXP((-$B$1*($A17-G$5)))+(1-$B$2)*EXP(-$B$3*($A17-G$5))))) -> 6.7958093 | H17: =IF($A17-H$5<0,"-",(H$6*($B$2*EXP((-$B$1*($A17-H$5)))+(1-$B$2)*EXP(-$B$3*($A17-H$5))))) -> 20.4 | I17: =IF($A17-I$5<0,"-",(I$6*($B$2*EXP((-$B$1*($A17-I$5)))+(1-$B$2)*EXP(-$B$3*($A17-I$5))))) -> - | ... V17: =IF($A17-V$5<0,"-",(V$6*($B$2*EXP((-$B$1*($A17-V$5)))+(1-$B$2)*EXP(-$B$3*($A17-V$5))))) -> - | W17: =SUM(B17:V17) -> 30.796056
A18: 2027 | B18: =IF($A18-B$5<0,"-",(B$6*($B$2*EXP((-$B$1*($A18-B$5)))+(1-$B$2)*EXP(-$B$3*($A18-B$5))))) -> 0.012250862 | C18: =IF($A18-C$5<0,"-",(C$6*($B$2*EXP((-$B$1*($A18-C$5)))+(1-$B$2)*EXP(-$B$3*($A18-C$5))))) -> 0.036104102 | D18: =IF($A18-D$5<0,"-",(D$6*($B$2*EXP((-$B$1*($A18-D$5)))+(1-$B$2)*EXP(-$B$3*($A18-D$5))))) -> 0.10552183 | E18: =IF($A18-E$5<0,"-",(E$6*($B$2*EXP((-$B$1*($A18-E$5)))+(1-$B$2)*EXP(-$B$3*($A18-E$5))))) -> 0.30626801 | F18: =IF($A18-F$5<0,"-",(F$6*($B$2*EXP((-$B$1*($A18-F$5)))+(1-$B$2)*EXP(-$B$3*($A18-F$5))))) -> 0.88365662 | G18: =IF($A18-G$5<0,"-",(G$6*($B$2*EXP((-$B$1*($A18-G$5)))+(1-$B$2)*EXP(-$B$3*($A18-G$5))))) -> 2.5365532 | H18: =IF($A18-H$5<0,"-",(H$6*($B$2*EXP((-$B$1*($A18-H$5)))+(1-$B$2)*EXP(-$B$3*($A18-H$5))))) -> 7.2488632 | I18: =IF($A18-I$5<0,"-",(I$6*($B$2*EXP((-$B$1*($A18-I$5)))+(1-$B$2)*EXP(-$B$3*($A18-I$5))))) -> 21.675 | ... V18: =IF($A18-V$5<0,"-",(V$6*($B$2*EXP((-$B$1*($A18-V$5)))+(1-$B$2)*EXP(-$B$3*($A18-V$5))))) -> - | W18: =SUM(B18:V18) -> 32.804218
A19: 2028 | B19: =IF($A19-B$5<0,"-",(B$6*($B$2*EXP((-$B$1*($A19-B$5)))+(1-$B$2)*EXP(-$B$3*($A19-B$5))))) -> 0.0045726656 | C19: =IF($A19-C$5<0,"-",(C$6*($B$2*EXP((-$B$1*($A19-C$5)))+(1-$B$2)*EXP(-$B$3*($A19-C$5))))) -> 0.013475948 | D19: =IF($A19-D$5<0,"-",(D$6*($B$2*EXP((-$B$1*($A19-D$5)))+(1-$B$2)*EXP(-$B$3*($A19-D$5))))) -> 0.039386293 | E19: =IF($A19-E$5<0,"-",(E$6*($B$2*EXP((-$B$1*($A19-E$5)))+(1-$B$2)*EXP(-$B$3*($A19-E$5))))) -> 0.11431532 | F19: =IF($A19-F$5<0,"-",(F$6*($B$2*EXP((-$B$1*($A19-F$5)))+(1-$B$2)*EXP(-$B$3*($A19-F$5))))) -> 0.32982709 | G19: =IF($A19-G$5<0,"-",(G$6*($B$2*EXP((-$B$1*($A19-G$5)))+(1-$B$2)*EXP(-$B$3*($A19-G$5))))) -> 0.94677495 | H19: =IF($A19-H$5<0,"-",(H$6*($B$2*EXP((-$B$1*($A19-H$5)))+(1-$B$2)*EXP(-$B$3*($A19-H$5))))) -> 2.7056567 | I19: =IF($A19-I$5<0,"-",(I$6*($B$2*EXP((-$B$1*($A19-I$5)))+(1-$B$2)*EXP(-$B$3*($A19-I$5))))) -> 7.7019172 | ... V19: =IF($A19-V$5<0,"-",(V$6*($B$2*EXP((-$B$1*($A19-V$5)))+(1-$B$2)*EXP(-$B$3*($A19-V$5))))) -> - | W19: =SUM(B19:V19) -> 34.805926
A20: 2029 | B20: =IF($A20-B$5<0,"-",(B$6*($B$2*EXP((-$B$1*($A20-B$5)))+(1-$B$2)*EXP(-$B$3*($A20-B$5))))) -> 0.0017067591 | C20: =IF($A20-C$5<0,"-",(C$6*($B$2*EXP((-$B$1*($A20-C$5)))+(1-$B$2)*EXP(-$B$3*($A20-C$5))))) -> 0.0050299321 | D20: =IF($A20-D$5<0,"-",(D$6*($B$2*EXP((-$B$1*($A20-D$5)))+(1-$B$2)*EXP(-$B$3*($A20-D$5))))) -> 0.014701034 | E20: =IF($A20-E$5<0,"-",(E$6*($B$2*EXP((-$B$1*($A20-E$5)))+(1-$B$2)*EXP(-$B$3*($A20-E$5))))) -> 0.042668484 | F20: =IF($A20-F$5<0,"-",(F$6*($B$2*EXP((-$B$1*($A20-F$5)))+(1-$B$2)*EXP(-$B$3*($A20-F$5))))) -> 0.1231088 | G20: =IF($A20-G$5<0,"-",(G$6*($B$2*EXP((-$B$1*($A20-G$5)))+(1-$B$2)*EXP(-$B$3*($A20-G$5))))) -> 0.35338617 | H20: =IF($A20-H$5<0,"-",(H$6*($B$2*EXP((-$B$1*($A20-H$5)))+(1-$B$2)*EXP(-$B$3*($A20-H$5))))) -> 1.0098933 | I20: =IF($A20-I$5<0,"-",(I$6*($B$2*EXP((-$B$1*($A20-I$5)))+(1-$B$2)*EXP(-$B$3*($A20-I$5))))) -> 2.8747602 | ... V20: =IF($A20-V$5<0,"-",(V$6*($B$2*EXP((-$B$1*($A20-V$5)))+(1-$B$2)*EXP(-$B$3*($A20-V$5))))) -> - | W20: =SUM(B20:V20) -> 36.805226
A21: 2030 | B21: =IF($A21-B$5<0,"-",(B$6*($B$2*EXP((-$B$1*($A21-B$5)))+(1-$B$2)*EXP(-$B$3*($A21-B$5))))) -> 0.00063705219 | C21: =IF($A21-C$5<0,"-",(C$6*($B$2*EXP((-$B$1*($A21-C$5)))+(1-$B$2)*EXP(-$B$3*($A21-C$5))))) -> 0.001877435 | D21: =IF($A21-D$5<0,"-",(D$6*($B$2*EXP((-$B$1*($A21-D$5)))+(1-$B$2)*EXP(-$B$3*($A21-D$5))))) -> 0.0054871987 | E21: =IF($A21-E$5<0,"-",(E$6*($B$2*EXP((-$B$1*($A21-E$5)))+(1-$B$2)*EXP(-$B$3*($A21-E$5))))) -> 0.015926121 | F21: =IF($A21-F$5<0,"-",(F$6*($B$2*EXP((-$B$1*($A21-F$5)))+(1-$B$2)*EXP(-$B$3*($A21-F$5))))) -> 0.045950675 | G21: =IF($A21-G$5<0,"-",(G$6*($B$2*EXP((-$B$1*($A21-G$5)))+(1-$B$2)*EXP(-$B$3*($A21-G$5))))) -> 0.13190229 | H21: =IF($A21-H$5<0,"-",(H$6*($B$2*EXP((-$B$1*($A21-H$5)))+(1-$B$2)*EXP(-$B$3*($A21-H$5))))) -> 0.37694524 | I21: =IF($A21-I$5<0,"-",(I$6*($B$2*EXP((-$B$1*($A21-I$5)))+(1-$B$2)*EXP(-$B$3*($A21-I$5))))) -> 1.0730116 | ... V21: =IF($A21-V$5<0,"-",(V$6*($B$2*EXP((-$B$1*($A21-V$5)))+(1-$B$2)*EXP(-$B$3*($A21-V$5))))) -> - | W21: =SUM(B21:V21) -> 38.803626
A22: 2031 | B22: =IF($A22-B$5<0,"-",(B$6*($B$2*EXP((-$B$1*($A22-B$5)))+(1-$B$2)*EXP(-$B$3*($A22-B$5))))) -> 0.00023778136 | C22: =IF($A22-C$5<0,"-",(C$6*($B$2*EXP((-$B$1*($A22-C$5)))+(1-$B$2)*EXP(-$B$3*($A22-C$5))))) -> 0.00070075741 | D22: =IF($A22-D$5<0,"-",(D$6*($B$2*EXP((-$B$1*($A22-D$5)))+(1-$B$2)*EXP(-$B$3*($A22-D$5))))) -> 0.0020481109 | E22: =IF($A22-E$5<0,"-",(E$6*($B$2*EXP((-$B$1*($A22-E$5)))+(1-$B$2)*EXP(-$B$3*($A22-E$5))))) -> 0.0059444652 | F22: =IF($A22-F$5<0,"-",(F$6*($B$2*EXP((-$B$1*($A22-F$5)))+(1-$B$2)*EXP(-$B$3*($A22-F$5))))) -> 0.017151207 | G22: =IF($A22-G$5<0,"-",(G$6*($B$2*EXP((-$B$1*($A22-G$5)))+(1-$B$2)*EXP(-$B$3*($A22-G$5))))) -> 0.049232866 | H22: =IF($A22-H$5<0,"-",(H$6*($B$2*EXP((-$B$1*($A22-H$5)))+(1-$B$2)*EXP(-$B$3*($A22-H$5))))) -> 0.14069578 | I22: =IF($A22-I$5<0,"-",(I$6*($B$2*EXP((-$B$1*($A22-I$5)))+(1-$B$2)*EXP(-$B$3*($A22-I$5))))) -> 0.40050432 | ... V22: =IF($A22-V$5<0,"-",(V$6*($B$2*EXP((-$B$1*($A22-V$5)))+(1-$B$2)*EXP(-$B$3*($A22-V$5))))) -> - | W22: =SUM(B22:V22) -> 15.301692
A23: 2032 | B23: =IF($A23-B$5<0,"-",(B$6*($B$2*EXP((-$B$1*($A23-B$5)))+(1-$B$2)*EXP(-$B$3*($A23-B$5))))) -> 8.8752499e-05 | C23: =IF($A23-C$5<0,"-",(C$6*($B$2*EXP((-$B$1*($A23-C$5)))+(1-$B$2)*EXP(-$B$3*($A23-C$5))))) -> 0.00026155949 | D23: =IF($A23-D$5<0,"-",(D$6*($B$2*EXP((-$B$1*($A23-D$5)))+(1-$B$2)*EXP(-$B$3*($A23-D$5))))) -> 0.00076446263 | E23: =IF($A23-E$5<0,"-",(E$6*($B$2*EXP((-$B$1*($A23-E$5)))+(1-$B$2)*EXP(-$B$3*($A23-E$5))))) -> 0.0022187868 | F23: =IF($A23-F$5<0,"-",(F$6*($B$2*EXP((-$B$1*($A23-F$5)))+(1-$B$2)*EXP(-$B$3*($A23-F$5))))) -> 0.0064017318 | G23: =IF($A23-G$5<0,"-",(G$6*($B$2*EXP((-$B$1*($A23-G$5)))+(1-$B$2)*EXP(-$B$3*($A23-G$5))))) -> 0.018376293 | H23: =IF($A23-H$5<0,"-",(H$6*($B$2*EXP((-$B$1*($A23-H$5)))+(1-$B$2)*EXP(-$B$3*($A23-H$5))))) -> 0.052515057 | I23: =IF($A23-I$5<0,"-",(I$6*($B$2*EXP((-$B$1*($A23-I$5)))+(1-$B$2)*EXP(-$B$3*($A23-I$5))))) -> 0.14948926 | ... V23: =IF($A23-V$5<0,"-",(V$6*($B$2*EXP((-$B$1*($A23-V$5)))+(1-$B$2)*EXP(-$B$3*($A23-V$5))))) -> - | W23: =SUM(B23:V23) -> 33.738552
... A31: 2040 | B31: =IF($A31-B$5<0,"-",(B$6*($B$2*EXP((-$B$1*($A31-B$5)))+(1-$B$2)*EXP(-$B$3*($A31-B$5))))) -> 3.3435121e-08 | C31: =IF($A31-C$5<0,"-",(C$6*($B$2*EXP((-$B$1*($A31-C$5)))+(1-$B$2)*EXP(-$B$3*($A31-C$5))))) -> 9.8535515e-08 | D31: =IF($A31-D$5<0,"-",(D$6*($B$2*EXP((-$B$1*($A31-D$5)))+(1-$B$2)*EXP(-$B$3*($A31-D$5))))) -> 2.8799077e-07 | E31: =IF($A31-E$5<0,"-",(E$6*($B$2*EXP((-$B$1*($A31-E$5)))+(1-$B$2)*EXP(-$B$3*($A31-E$5))))) -> 8.3586835e-07 | F31: =IF($A31-F$5<0,"-",(F$6*($B$2*EXP((-$B$1*($A31-F$5)))+(1-$B$2)*EXP(-$B$3*($A31-F$5))))) -> 2.4116805e-06 | G31: =IF($A31-G$5<0,"-",(G$6*($B$2*EXP((-$B$1*($A31-G$5)))+(1-$B$2)*EXP(-$B$3*($A31-G$5))))) -> 6.9227749e-06 | H31: =IF($A31-H$5<0,"-",(H$6*($B$2*EXP((-$B$1*($A31-H$5)))+(1-$B$2)*EXP(-$B$3*($A31-H$5))))) -> 1.9783638e-05 | I31: =IF($A31-I$5<0,"-",(I$6*($B$2*EXP((-$B$1*($A31-I$5)))+(1-$B$2)*EXP(-$B$3*($A31-I$5))))) -> 5.6316065e-05 | ... V31: =IF($A31-V$5<0,"-",(V$6*($B$2*EXP((-$B$1*($A31-V$5)))+(1-$B$2)*EXP(-$B$3*($A31-V$5))))) -> 38.25 | W31: =SUM(B31:V31) -> 58.779184
