Workbook
Name Baumart_: [1]!Baumart[Baumart]
Name Baumart_: [2]!Baumart[Baumart]
Name Cluster_: [1]!Cluster[Cluster]
Name Cluster_: [2]!Cluster[Cluster]
Name einheit: [1]!Tabelle14[Einheit]
Name einheit: [2]!Tabelle14[Einheit]
Name Erhebungsart_: [1]!Erhebungsart[Erhebungsart]
Name Erhebungsart_: [2]!Erhebungsart[Erhebungsart]
Name Herkunft_: [1]!Herkunft[Herkunft]
Name Herkunft_: [2]!Herkunft[Herkunft]
Name Holzstrom_: [1]!Holzstrom[Holzstrom]
Name Holzstrom_: [2]!Holzstrom[Holzstrom]
Name In_Out_: [1]!Tabelleinput[In/Out]
Name In_Out_: [2]!Tabelleinput[In/Out]
Name Inhaltsverzeichnis: "MTRANS(ERSETZEN(Inhalt;1;FINDEN(""]"";Inhalt);""))"
Name Klassifizierung: [1]!Tabelle9[Klassifizierung]
Name Klassifizierung: [2]!Tabelle9[Klassifizierung]
Name Ort_: [1]!Ort[Ort]
Name Ort_: [2]!Ort[Ort]
Name Ziel_: [1]!Ziel[Ziel]
Name Ziel_: [2]!Ziel[Ziel]

Sheet Intro
B3: Der angehängte Datensatz beinhalten Informationen über Materialflüsse, Prozesse sowie Lager in der Region Brandenburg. Der Datensatz bezieht sich dabei auf verschiedene Quellen und Dokumente.
B5: Definition der Systemgrenzen:
C6: Beobachtungszeitraum: | F6: 2010 - 2020
C7: Beobachtungsgebiet: | F7: Berlin
F8: Brandenburg
F9: Berlin + Brandenburg
B11: Für die Anfertigung der Materialflussanalyse werden die folgenden Daten benötigt. Die Daten werden in seperaten Tabellenblättern dargestellt. Für jeden Datensatz werden spezifische Anforderungen definiert. Diese lassen sich einem Systemübergreifenden Fließbild zuordnen. Dieses Fließbild beinhaltet die relevanten Flüsse, Prozesse und Lager.
B14: Prozesse bilden die Grundlage für das System. Prozesse können Transferkoefizienten und Lager beinhalten. Prozesse haben einen oder mehrere Flüsse als Input sowie einen oder mehrere Flüsse als Output.
B21: Flüsse:
C23: Flüsse müssen in Mg umgerechnet werden
B32: Prozesse:
B33: Lager
B34: Transferkoeffizienten
B35: Umrechnungsfaktoren:
B36: Codelisten:

Sheet Version_20.02.

Sheet 1_Flows>>>>

Sheet 1_1_Definition_Flows
A1: Complete? | B1: ID | C1: Flow_ID | D1: Name(EN) | E1: Name(DE) | F1: Region | G1: Type_Biomass | H1: Product/By-product/waste | I1: Comment | J1: Output_Process | K1: Process_ID_O | L1: Input_Process | M1: Process_ID_I | N1: Value_Source | O1: WC? | P1: DM? | Q1: CC? | R1: WC | S1: WC_source | T1: DM | U1: DM_source | V1: CC_DM[%] | W1: CC_DM_source | X1: CC | Y1: CC_FM_source
A2: TRUE | B2: =ROW()-1 -> 1 | C2: ="F_"&LEFT(K2,2)&"_"&LEFT(M2,2) -> F_13_20 | D2: Rye plant | E2: Roggen | F2: BB | H2: Product | J2: Rye cultivation | K2: =_xlfn.XLOOKUP(J2,Tab_Def_Processes[Name(EN)],Tab_Def_Processes[Process_ID],,0,) -> 13_Rye_BB | L2: Rye cultivation and harvest | M2: =_xlfn.XLOOKUP(L2,Tab_Def_Processes[Name(EN)],Tab_Def_Processes[Process_ID],,0,) -> 20_Rye_BB | N2: Data_assumption | O2: Yes | P2: Yes | Q2: Yes | R2: 0.06 | T2: 0.94 | U2: assumption | V2: 0.49 | W2: assumption | X2: =Tab_Def_Flows[[#This Row],[CC_DM'[%']]]*Tab_Def_Flows[[#This Row],[DM]] -> 0.4606
A3: TRUE | B3: =ROW()-1 -> 2 | C3: ="F_"&LEFT(K3,2)&"_"&LEFT(M3,2) -> F_20_15 | D3: Rye grain | E3: Roggen Körner | F3: BB | H3: Product | J3: Rye cultivation and harvest | K3: =_xlfn.XLOOKUP(J3,Tab_Def_Processes[Name(EN)],Tab_Def_Processes[Process_ID],,0,) -> 20_Rye_BB | L3: Rye processing and consumption | M3: =_xlfn.XLOOKUP(L3,Tab_Def_Processes[Name(EN)],Tab_Def_Processes[Process_ID],,0,) -> 15_Rye_BB | N3: Data_Literature | O3: Yes | P3: Yes | Q3: Yes | R3: 0.06 | T3: 0.94 | U3: assumption | V3: 0.49 | W3: assumption | X3: =Tab_Def_Flows[[#This Row],[CC_DM'[%']]]*Tab_Def_Flows[[#This Row],[DM]] -> 0.4606
A4: TRUE | B4: =ROW()-1 -> 3 | C4: ="F_"&LEFT(K4,2)&"_"&LEFT(M4,2) -> F_20_01 | D4: Technical usable rye straw | E4: Technische nutzbares Roggenstroh | F4: BB | H4: By-Product | J4: Rye cultivation and harvest | K4: =_xlfn.XLOOKUP(J4,Tab_Def_Processes[Name(EN)],Tab_Def_Processes[Process_ID],,0,) -> 20_Rye_BB | L4: Biogas production | M4: =_xlfn.XLOOKUP(L4,Tab_Def_Processes[Name(EN)],Tab_Def_Processes[Process_ID],,0,) -> 01_Bio_BB | N4: Data_Literature | O4: Yes | P4: Yes | Q4: Yes | R4: 0.06 | T4: 0.94 | U4: assumption | V4: 0.49 | W4: assumption | X4: =Tab_Def_Flows[[#This Row],[CC_DM'[%']]]*Tab_Def_Flows[[#This Row],[DM]] -> 0.4606
A5: TRUE | B5: =ROW()-1 -> 4 | C5: ="F_"&LEFT(K5,2)&"_"&LEFT(M5,2) -> F_20_16 | D5: Non technical usable Rye straw | E5: Nicht technische nutzbares Roggenstroh | F5: BB | H5: By-Product | J5: Rye cultivation and harvest | K5: =_xlfn.XLOOKUP(J5,Tab_Def_Processes[Name(EN)],Tab_Def_Processes[Process_ID],,0,) -> 20_Rye_BB | L5: Not mobilizable Rye Straw | M5: =_xlfn.XLOOKUP(L5,Tab_Def_Processes[Name(EN)],Tab_Def_Processes[Process_ID],,0,) -> 16_Not_BB | N5: Data_Literature | O5: Yes | P5: Yes | Q5: Yes | R5: 0.06 | T5: 0.94 | U5: assumption | V5: 0.49 | W5: assumption | X5: =Tab_Def_Flows[[#This Row],[CC_DM'[%']]]*Tab_Def_Flows[[#This Row],[DM]] -> 0.4606
A6: TRUE | B6: =ROW()-1 -> 5 | C6: ="F_"&LEFT(K6,2)&"_"&LEFT(M6,2) -> F_04_01 | D6: Cow Manure | E6: Rindergülle | F6: BB | H6: By-Product | J6: Life stock farming | K6: =_xlfn.XLOOKUP(J6,Tab_Def_Processes[Name(EN)],Tab_Def_Processes[Process_ID],,0,) -> 04_Lif_BB | L6: Biogas production | M6: =_xlfn.XLOOKUP(L6,Tab_Def_Processes[Name(EN)],Tab_Def_Processes[Process_ID],,0,) -> 01_Bio_BB | O6: Yes | P6: Yes | Q6: Yes | R6: 0.94 | T6: 0.06 | U6: Stramento | V6: 0.49 | W6: Stramento | X6: =Tab_Def_Flows[[#This Row],[CC_DM'[%']]]*Tab_Def_Flows[[#This Row],[DM]] -> 0.0294
A7: FALSE | B7: =ROW()-1 -> 6 | C7: ="F_"&LEFT(K7,2)&"_"&LEFT(M7,2) -> F_01_05 | D7: Biogas | E7: Biogas | F7: BB | H7: Product | J7: Biogas production | K7: =_xlfn.XLOOKUP(J7,Tab_Def_Processes[Name(EN)],Tab_Def_Processes[Process_ID],,0,) -> 01_Bio_BB | L7: Biogas Incineration | M7: =_xlfn.XLOOKUP(L7,Tab_Def_Processes[Name(EN)],Tab_Def_Processes[Process_ID],,0,) -> 05_Bio_BB | N7: Calculation_TC | O7: Yes | P7: Yes | Q7: Yes | R7: 0 | T7: 1 | U7: Stramento | V7: 0.27 | W7: Stramento | X7: =Tab_Def_Flows[[#This Row],[CC_DM'[%']]]*Tab_Def_Flows[[#This Row],[DM]] -> 0.27
A8: FALSE | B8: =ROW()-1 -> 7 | C8: ="F_"&LEFT(K8,2)&"_"&LEFT(M8,2) -> F_01_02 | D8: Rye straw digestate | E8: Roggenstroh Gärrest | F8: BB | H8: By-Product | J8: Biogas production | K8: =_xlfn.XLOOKUP(J8,Tab_Def_Processes[Name(EN)],Tab_Def_Processes[Process_ID],,0,) -> 01_Bio_BB | L8: MBC production | M8: =_xlfn.XLOOKUP(L8,Tab_Def_Processes[Name(EN)],Tab_Def_Processes[Process_ID],,0,) -> 02_MBC_BB | N8: Data_experiment | O8: Yes | P8: Yes | Q8: Yes | R8: 0.64 | T8: 0.36 | U8: Stramento | V8: 0.38 | W8: Stramento | X8: =Tab_Def_Flows[[#This Row],[CC_DM'[%']]]*Tab_Def_Flows[[#This Row],[DM]] -> 0.1368
A9: FALSE | B9: =ROW()-1 -> 8 | C9: ="F_"&LEFT(K9,2)&"_"&LEFT(M9,2) -> F_02_03 | D9: MBC (new) | E9: Mycel basierter composit | F9: BB | H9: Product | J9: MBC production | K9: =_xlfn.XLOOKUP(J9,Tab_Def_Processes[Name(EN)],Tab_Def_Processes[Process_ID],,0,) -> 02_MBC_BB | L9: MBC Use phase | M9: =_xlfn.XLOOKUP(L9,Tab_Def_Processes[Name(EN)],Tab_Def_Processes[Process_ID],,0,) -> 03_MBC_BB | O9: Yes | P9: Yes | Q9: Yes | R9: 0.61 | T9: 0.39 | V9: 0.4 | X9: =Tab_Def_Flows[[#This Row],[CC_DM'[%']]]*Tab_Def_Flows[[#This Row],[DM]] -> 0.156
A10: FALSE | B10: =ROW()-1 -> 9 | C10: ="F_"&LEFT(K10,2)&"_"&LEFT(M10,2) -> F_03_07 | D10: MBC (used) | E10: MBC verwendet | F10: BB | H10: Waste | J10: MBC Use phase | K10: =_xlfn.XLOOKUP(J10,Tab_Def_Processes[Name(EN)],Tab_Def_Processes[Process_ID],,0,) -> 03_MBC_BB | L10: EoL-Treatment (MBC) | M10: =_xlfn.XLOOKUP(L10,Tab_Def_Processes[Name(EN)],Tab_Def_Processes[Process_ID],,0,) -> 07_EoL_BB | O10: Yes | P10: Yes | Q10: Yes | R10: 0.61 | T10: 0.39 | V10: 0.4 | X10: =Tab_Def_Flows[[#This Row],[CC_DM'[%']]]*Tab_Def_Flows[[#This Row],[DM]] -> 0.156
A11: FALSE | B11: =ROW()-1 -> 10 | C11: ="F_"&LEFT(K11,2)&"_"&LEFT(M11,2) -> F_02_06 | D11: MBC production waste | E11: MBC Produktionsabfall | F11: BB | H11: Waste | J11: MBC production | K11: =_xlfn.XLOOKUP(J11,Tab_Def_Processes[Name(EN)],Tab_Def_Processes[Process_ID],,0,) -> 02_MBC_BB | L11: EoL-Treatment | M11: =_xlfn.XLOOKUP(L11,Tab_Def_Processes[Name(EN)],Tab_Def_Processes[Process_ID],,0,) -> 06_EoL_BB | O11: Yes | P11: Yes | Q11: Yes | R11: 0.64 | T11: 0.36 | V11: 0.38 | X11: =Tab_Def_Flows[[#This Row],[CC_DM'[%']]]*Tab_Def_Flows[[#This Row],[DM]] -> 0.1368
A12: FALSE | B12: =ROW()-1 -> 11 | C12: ="F_"&LEFT(K12,2)&"_"&LEFT(M12,2) -> F_11_02 | D12: Millet grain | E12: Hirsekörner | F12: BB | H12: Product | J12: Millet production | K12: =_xlfn.XLOOKUP(J12,Tab_Def_Processes[Name(EN)],Tab_Def_Processes[Process_ID],,0,) -> 11_Mil_BB | L12: MBC production | M12: =_xlfn.XLOOKUP(L12,Tab_Def_Processes[Name(EN)],Tab_Def_Processes[Process_ID],,0,) -> 02_MBC_BB | O12: Yes | P12: Yes | Q12: Yes | R12: 0.66 | T12: 0.34 | V12: 0.47 | X12: =Tab_Def_Flows[[#This Row],[CC_DM'[%']]]*Tab_Def_Flows[[#This Row],[DM]] -> 0.1598
A13: FALSE | B13: =ROW()-1 -> 12 | C13: ="F_"&LEFT(K13,2)&"_"&LEFT(M13,2) -> F_08_02 | D13: Water Input MBC Production | E13: Wasser Input MBC | F13: BB | H13: Product | J13: Water System (Import) | K13: =_xlfn.XLOOKUP(J13,Tab_Def_Processes[Name(EN)],Tab_Def_Processes[Process_ID],,0,) -> 08_Wat_BB | L13: MBC production | M13: =_xlfn.XLOOKUP(L13,Tab_Def_Processes[Name(EN)],Tab_Def_Processes[Process_ID],,0,) -> 02_MBC_BB | O13: Yes | P13: Yes | Q13: Yes | R13: 1 | T13: 0 | V13: 0 | X13: =Tab_Def_Flows[[#This Row],[CC_DM'[%']]]*Tab_Def_Flows[[#This Row],[DM]] -> 0
A14: FALSE | B14: =ROW()-1 -> 13 | C14: ="F_"&LEFT(K14,2)&"_"&LEFT(M14,2) -> F_02_14 | D14: Water Output MBC Production | E14: Wasser Output MBC | F14: BB | H14: Waste | J14: MBC production | K14: =_xlfn.XLOOKUP(J14,Tab_Def_Processes[Name(EN)],Tab_Def_Processes[Process_ID],,0,) -> 02_MBC_BB | L14: Water System (Export) | M14: =_xlfn.XLOOKUP(L14,Tab_Def_Processes[Name(EN)],Tab_Def_Processes[Process_ID],,0,) -> 14_Wat_BB | O14: Yes | P14: Yes | Q14: Yes | R14: 1 | T14: 0 | V14: 0 | X14: =Tab_Def_Flows[[#This Row],[CC_DM'[%']]]*Tab_Def_Flows[[#This Row],[DM]] -> 0
A15: FALSE | B15: =ROW()-1 -> 14 | C15: ="F_"&LEFT(K15,2)&"_"&LEFT(M15,2) -> F_02_12 | D15: Mass Delta MBC production | E15: Mass Delta | F15: BB | H15: Waste | J15: MBC production | K15: =_xlfn.XLOOKUP(J15,Tab_Def_Processes[Name(EN)],Tab_Def_Processes[Process_ID],,0,) -> 02_MBC_BB | L15: Delta (MBC) | M15: =_xlfn.XLOOKUP(L15,Tab_Def_Processes[Name(EN)],Tab_Def_Processes[Process_ID],,0,) -> 12_Del_BB | O15: Yes | P15: Yes | Q15: Yes | R15: 1 | T15: 0 | V15: 0 | X15: =Tab_Def_Flows[[#This Row],[CC_DM'[%']]]*Tab_Def_Flows[[#This Row],[DM]] -> 0
A16: FALSE | B16: =ROW()-1 -> 15 | C16: ="F_"&LEFT(K16,2)&"_"&LEFT(M16,2) -> F_07_09 | D16: EoL-MBC (Pyro) | E16: EoL-MBC (Pyro) | F16: BB | H16: Waste | J16: EoL-Treatment (MBC) | K16: =_xlfn.XLOOKUP(J16,Tab_Def_Processes[Name(EN)],Tab_Def_Processes[Process_ID],,0,) -> 07_EoL_BB | L16: Biomass Pyrolysis | M16: =_xlfn.XLOOKUP(L16,Tab_Def_Processes[Name(EN)],Tab_Def_Processes[Process_ID],,0,) -> 09_Bio_BB | O16: Yes | P16: Yes | Q16: Yes | R16: 0.61 | T16: 0.39 | V16: 0.4 | X16: =Tab_Def_Flows[[#This Row],[CC_DM'[%']]]*Tab_Def_Flows[[#This Row],[DM]] -> 0.156
A17: FALSE | B17: =ROW()-1 -> 16 | C17: ="F_"&LEFT(K17,2)&"_"&LEFT(M17,2) -> F_07_10 | D17: EoL-MBC (Inci) | E17: EoL-MBC (Inci) | F17: BB | H17: Waste | J17: EoL-Treatment (MBC) | K17: =_xlfn.XLOOKUP(J17,Tab_Def_Processes[Name(EN)],Tab_Def_Processes[Process_ID],,0,) -> 07_EoL_BB | L17: Biomass Incineration | M17: =_xlfn.XLOOKUP(L17,Tab_Def_Processes[Name(EN)],Tab_Def_Processes[Process_ID],,0,) -> 10_Bio_BB | O17: Yes | P17: Yes | Q17: Yes | R17: 0.61 | T17: 0.39 | V17: 0.4 | X17: =Tab_Def_Flows[[#This Row],[CC_DM'[%']]]*Tab_Def_Flows[[#This Row],[DM]] -> 0.156
A18: FALSE | B18: =ROW()-1 -> 17 | C18: ="F_"&LEFT(K18,2)&"_"&LEFT(M18,2) -> F_09_17 | D18: Pyrolisis Char | E18: Pyrolyse Kohle | F18: BB | H18: Product | J18: Biomass Pyrolysis | K18: =_xlfn.XLOOKUP(J18,Tab_Def_Processes[Name(EN)],Tab_Def_Processes[Process_ID],,0,) -> 09_Bio_BB | L18: Lithosphere | M18: =_xlfn.XLOOKUP(L18,Tab_Def_Processes[Name(EN)],Tab_Def_Processes[Process_ID],,0,) -> 17_Lit_BB | O18: Yes | P18: Yes | Q18: Yes | R18: 0 | T18: 1 | V18: 0.95 | W18: A review of pyrolysis technologies and feedstock: A blending approach for plastic and biomass towards optimum biochar yield | X18: =Tab_Def_Flows[[#This Row],[CC_DM'[%']]]*Tab_Def_Flows[[#This Row],[DM]] -> 0.95
A19: FALSE | B19: =ROW()-1 -> 18 | C19: ="F_"&LEFT(K19,2)&"_"&LEFT(M19,2) -> F_10_18 | D19: Ash | E19: Verbresnnungsasche | F19: BB | H19: Waste | J19: Biomass Incineration | K19: =_xlfn.XLOOKUP(J19,Tab_Def_Processes[Name(EN)],Tab_Def_Processes[Process_ID],,0,) -> 10_Bio_BB | L19: Ash Treatment | M19: =_xlfn.XLOOKUP(L19,Tab_Def_Processes[Name(EN)],Tab_Def_Processes[Process_ID],,0,) -> 18_Ash_BB | O19: Yes | P19: Yes | Q19: Yes | R19: 0 | T19: 1 | V19: 0.4 | X19: =Tab_Def_Flows[[#This Row],[CC_DM'[%']]]*Tab_Def_Flows[[#This Row],[DM]] -> 0.4
A20: FALSE | B20: =ROW()-1 -> 19 | C20: ="F_"&LEFT(K20,2)&"_"&LEFT(M20,2) -> F_10_19 | D20: Flue Gas | E20: Rauchgas | F20: BB | H20: Waste | J20: Biomass Incineration | K20: =_xlfn.XLOOKUP(J20,Tab_Def_Processes[Name(EN)],Tab_Def_Processes[Process_ID],,0,) -> 10_Bio_BB | L20: Atmosphere | M20: =_xlfn.XLOOKUP(L20,Tab_Def_Processes[Name(EN)],Tab_Def_Processes[Process_ID],,0,) -> 19_Atm_BB | N20: Calculation_TC | O20: Yes | P20: Yes | Q20: Yes | R20: 0 | T20: 1 | V20: 0.95 | W20: A review of pyrolysis technologies and feedstock: A blending approach for plastic and biomass towards optimum biochar yield | X20: =Tab_Def_Flows[[#This Row],[CC_DM'[%']]]*Tab_Def_Flows[[#This Row],[DM]] -> 0.95
A21: FALSE | B21: =ROW()-1 -> 20 | C21: ="F_"&LEFT(K21,2)&"_"&LEFT(M21,2) -> F_00_13 | D21: Rye Environment | F21: BB | H21: Product | J21: Environment | K21: =_xlfn.XLOOKUP(J21,Tab_Def_Processes[Name(EN)],Tab_Def_Processes[Process_ID],,0,) -> 00_Env_BB | L21: Rye cultivation | M21: =_xlfn.XLOOKUP(L21,Tab_Def_Processes[Name(EN)],Tab_Def_Processes[Process_ID],,0,) -> 13_Rye_BB | O21: Yes | P21: Yes | Q21: Yes | R21: 0.06 | T21: 0.94 | U21: assumption | V21: 0.49 | W21: assumption | X21: =Tab_Def_Flows[[#This Row],[CC_DM'[%']]]*Tab_Def_Flows[[#This Row],[DM]] -> 0.4606
A22: FALSE | B22: =ROW()-1 -> 21 | C22: ="F_"&LEFT(K22,2)&"_"&LEFT(M22,2) -> F_00_04 | D22: Cow Manure Environment | F22: BB | H22: By-Product | J22: Environment | K22: =_xlfn.XLOOKUP(J22,Tab_Def_Processes[Name(EN)],Tab_Def_Processes[Process_ID],,0,) -> 00_Env_BB | L22: Life stock farming | M22: =_xlfn.XLOOKUP(L22,Tab_Def_Processes[Name(EN)],Tab_Def_Processes[Process_ID],,0,) -> 04_Lif_BB | O22: Yes | P22: Yes | Q22: Yes | R22: 0.94 | T22: 0.06 | U22: Stramento | V22: 0.49 | W22: Stramento | X22: =Tab_Def_Flows[[#This Row],[CC_DM'[%']]]*Tab_Def_Flows[[#This Row],[DM]] -> 0.0294
A23: FALSE | B23: =ROW()-1 -> 22 | C23: ="F_"&LEFT(K23,2)&"_"&LEFT(M23,2) -> F_00_11 | D23: Millet grain Environment | F23: BB | H23: Product | J23: Environment | K23: =_xlfn.XLOOKUP(J23,Tab_Def_Processes[Name(EN)],Tab_Def_Processes[Process_ID],,0,) -> 00_Env_BB | L23: Millet production | M23: =_xlfn.XLOOKUP(L23,Tab_Def_Processes[Name(EN)],Tab_Def_Processes[Process_ID],,0,) -> 11_Mil_BB | O23: Yes | P23: Yes | Q23: Yes | R23: 0.66 | T23: 0.34 | V23: 0.47 | X23: =Tab_Def_Flows[[#This Row],[CC_DM'[%']]]*Tab_Def_Flows[[#This Row],[DM]] -> 0.1598
A24: FALSE | B24: =ROW()-1 -> 23 | C24: ="F_"&LEFT(K24,2)&"_"&LEFT(M24,2) -> F_00_08 | D24: Water Environment | F24: BB | H24: Product | J24: Environment | K24: =_xlfn.XLOOKUP(J24,Tab_Def_Processes[Name(EN)],Tab_Def_Processes[Process_ID],,0,) -> 00_Env_BB | L24: Water System (Import) | M24: =_xlfn.XLOOKUP(L24,Tab_Def_Processes[Name(EN)],Tab_Def_Processes[Process_ID],,0,) -> 08_Wat_BB | O24: Yes | P24: Yes | Q24: Yes | R24: 1 | T24: 0 | V24: 0 | X24: =Tab_Def_Flows[[#This Row],[CC_DM'[%']]]*Tab_Def_Flows[[#This Row],[DM]] -> 0
A25: FALSE | B25: =ROW()-1 -> 24 | C25: ="F_"&LEFT(K25,2)&"_"&LEFT(M25,2) -> F_09_19 | D25: Flue Gas from Biomass Pyrolysis | F25: BB | H25: Biomass Pyrolysis | J25: Biomass Pyrolysis | K25: =_xlfn.XLOOKUP(J25,Tab_Def_Processes[Name(EN)],Tab_Def_Processes[Process_ID],,0,) -> 09_Bio_BB | L25: Atmosphere | M25: =_xlfn.XLOOKUP(L25,Tab_Def_Processes[Name(EN)],Tab_Def_Processes[Process_ID],,0,) -> 19_Atm_BB | O25: Yes | P25: Yes | Q25: Yes | R25: 0 | T25: 1 | V25: 0.95 | W25: A review of pyrolysis technologies and feedstock: A blending approach for plastic and biomass towards optimum biochar yield | X25: =Tab_Def_Flows[[#This Row],[CC_DM'[%']]]*Tab_Def_Flows[[#This Row],[DM]] -> 0.95
A26: FALSE | B26: =ROW()-1 -> 25 | C26: ="F_"&LEFT(K26,2)&"_"&LEFT(M26,2) -> F_17_19 | D26: CO2 Sequestration | F26: BB | H26: Waste | J26: Lithosphere | K26: =_xlfn.XLOOKUP(J26,Tab_Def_Processes[Name(EN)],Tab_Def_Processes[Process_ID],,0,) -> 17_Lit_BB | L26: Atmosphere | M26: =_xlfn.XLOOKUP(L26,Tab_Def_Processes[Name(EN)],Tab_Def_Processes[Process_ID],,0,) -> 19_Atm_BB | O26: Yes | P26: Yes | Q26: Yes | R26: 0 | T26: 0 | V26: 0 | X26: =12.011/(12.011+2*15.999) -> 0.27292145
A27: FALSE | B27: =ROW()-1 -> 26 | C27: ="F_"&LEFT(K27,2)&"_"&LEFT(M27,2) -> F_21_21 | K27: =_xlfn.XLOOKUP(J27,Tab_Def_Processes[Name(EN)],Tab_Def_Processes[Process_ID],,0,) -> 21__ | M27: =_xlfn.XLOOKUP(L27,Tab_Def_Processes[Name(EN)],Tab_Def_Processes[Process_ID],,0,) -> 21__
A28: FALSE | B28: =ROW()-1 -> 27 | C28: ="F_"&LEFT(K28,2)&"_"&LEFT(M28,2) -> F_21_21 | K28: =_xlfn.XLOOKUP(J28,Tab_Def_Processes[Name(EN)],Tab_Def_Processes[Process_ID],,0,) -> 21__ | M28: =_xlfn.XLOOKUP(L28,Tab_Def_Processes[Name(EN)],Tab_Def_Processes[Process_ID],,0,) -> 21__
A29: FALSE | B29: =ROW()-1 -> 28 | C29: ="F_"&LEFT(K29,2)&"_"&LEFT(M29,2) -> F_21_21 | K29: =_xlfn.XLOOKUP(J29,Tab_Def_Processes[Name(EN)],Tab_Def_Processes[Process_ID],,0,) -> 21__ | M29: =_xlfn.XLOOKUP(L29,Tab_Def_Processes[Name(EN)],Tab_Def_Processes[Process_ID],,0,) -> 21__
A30: FALSE | B30: =ROW()-1 -> 29 | C30: ="F_"&LEFT(K30,2)&"_"&LEFT(M30,2) -> F_21_21 | K30: =_xlfn.XLOOKUP(J30,Tab_Def_Processes[Name(EN)],Tab_Def_Processes[Process_ID],,0,) -> 21__ | M30: =_xlfn.XLOOKUP(L30,Tab_Def_Processes[Name(EN)],Tab_Def_Processes[Process_ID],,0,) -> 21__
A31: FALSE | B31: =ROW()-1 -> 30 | C31: ="F_"&LEFT(K31,2)&"_"&LEFT(M31,2) -> F_21_21 | K31: =_xlfn.XLOOKUP(J31,Tab_Def_Processes[Name(EN)],Tab_Def_Processes[Process_ID],,0,) -> 21__ | M31: =_xlfn.XLOOKUP(L31,Tab_Def_Processes[Name(EN)],Tab_Def_Processes[Process_ID],,0,) -> 21__
A32: FALSE | B32: =ROW()-1 -> 31 | C32: ="F_"&LEFT(K32,2)&"_"&LEFT(M32,2) -> F_21_21 | K32: =_xlfn.XLOOKUP(J32,Tab_Def_Processes[Name(EN)],Tab_Def_Processes[Process_ID],,0,) -> 21__ | M32: =_xlfn.XLOOKUP(L32,Tab_Def_Processes[Name(EN)],Tab_Def_Processes[Process_ID],,0,) -> 21__
A33: FALSE | B33: =ROW()-1 -> 32 | C33: ="F_"&LEFT(K33,2)&"_"&LEFT(M33,2) -> F_21_21 | K33: =_xlfn.XLOOKUP(J33,Tab_Def_Processes[Name(EN)],Tab_Def_Processes[Process_ID],,0,) -> 21__ | M33: =_xlfn.XLOOKUP(L33,Tab_Def_Processes[Name(EN)],Tab_Def_Processes[Process_ID],,0,) -> 21__
A34: FALSE | B34: =ROW()-1 -> 33 | C34: ="F_"&LEFT(K34,2)&"_"&LEFT(M34,2) -> F_21_21 | K34: =_xlfn.XLOOKUP(J34,Tab_Def_Processes[Name(EN)],Tab_Def_Processes[Process_ID],,0,) -> 21__ | M34: =_xlfn.XLOOKUP(L34,Tab_Def_Processes[Name(EN)],Tab_Def_Processes[Process_ID],,0,) -> 21__
A35: FALSE | B35: =ROW()-1 -> 34 | C35: ="F_"&LEFT(K35,2)&"_"&LEFT(M35,2) -> F_21_21 | K35: =_xlfn.XLOOKUP(J35,Tab_Def_Processes[Name(EN)],Tab_Def_Processes[Process_ID],,0,) -> 21__ | M35: =_xlfn.XLOOKUP(L35,Tab_Def_Processes[Name(EN)],Tab_Def_Processes[Process_ID],,0,) -> 21__
A36: FALSE | B36: =ROW()-1 -> 35 | C36: ="F_"&LEFT(K36,2)&"_"&LEFT(M36,2) -> F_21_21 | K36: =_xlfn.XLOOKUP(J36,Tab_Def_Processes[Name(EN)],Tab_Def_Processes[Process_ID],,0,) -> 21__ | M36: =_xlfn.XLOOKUP(L36,Tab_Def_Processes[Name(EN)],Tab_Def_Processes[Process_ID],,0,) -> 21__
A37: FALSE | B37: =ROW()-1 -> 36 | C37: ="F_"&LEFT(K37,2)&"_"&LEFT(M37,2) -> F_21_21 | K37: =_xlfn.XLOOKUP(J37,Tab_Def_Processes[Name(EN)],Tab_Def_Processes[Process_ID],,0,) -> 21__ | M37: =_xlfn.XLOOKUP(L37,Tab_Def_Processes[Name(EN)],Tab_Def_Processes[Process_ID],,0,) -> 21__
A38: FALSE | B38: =ROW()-1 -> 37 | C38: ="F_"&LEFT(K38,2)&"_"&LEFT(M38,2) -> F_21_21 | K38: =_xlfn.XLOOKUP(J38,Tab_Def_Processes[Name(EN)],Tab_Def_Processes[Process_ID],,0,) -> 21__ | M38: =_xlfn.XLOOKUP(L38,Tab_Def_Processes[Name(EN)],Tab_Def_Processes[Process_ID],,0,) -> 21__
... A62: FALSE | B62: =ROW()-1 -> 61 | C62: ="F_"&LEFT(K62,2)&"_"&LEFT(M62,2) -> F_21_21 | K62: =_xlfn.XLOOKUP(J62,Tab_Def_Processes[Name(EN)],Tab_Def_Processes[Process_ID],,0,) -> 21__ | M62: =_xlfn.XLOOKUP(L62,Tab_Def_Processes[Name(EN)],Tab_Def_Processes[Process_ID],,0,) -> 21__
A63: FALSE | B63: =ROW()-1 -> 62 | C63: ="F_"&LEFT(K63,2)&"_"&LEFT(M63,2) -> F_21_21 | K63: =_xlfn.XLOOKUP(J63,Tab_Def_Processes[Name(EN)],Tab_Def_Processes[Process_ID],,0,) -> 21__ | M63: =_xlfn.XLOOKUP(L63,Tab_Def_Processes[Name(EN)],Tab_Def_Processes[Process_ID],,0,) -> 21__ | O63: Yes
A64: FALSE | B64: =ROW()-1 -> 63 | C64: ="F_"&LEFT(K64,2)&"_"&LEFT(M64,2) -> F_21_21 | K64: =_xlfn.XLOOKUP(J64,Tab_Def_Processes[Name(EN)],Tab_Def_Processes[Process_ID],,0,) -> 21__ | M64: =_xlfn.XLOOKUP(L64,Tab_Def_Processes[Name(EN)],Tab_Def_Processes[Process_ID],,0,) -> 21__ | O64: Yes
A65: FALSE | B65: =ROW()-1 -> 64 | C65: ="F_"&LEFT(K65,2)&"_"&LEFT(M65,2) -> F_21_21 | K65: =_xlfn.XLOOKUP(J65,Tab_Def_Processes[Name(EN)],Tab_Def_Processes[Process_ID],,0,) -> 21__ | M65: =_xlfn.XLOOKUP(L65,Tab_Def_Processes[Name(EN)],Tab_Def_Processes[Process_ID],,0,) -> 21__ | O65: Yes
A66: FALSE | B66: =ROW()-1 -> 65 | C66: ="F_"&LEFT(K66,2)&"_"&LEFT(M66,2) -> F_21_21 | K66: =_xlfn.XLOOKUP(J66,Tab_Def_Processes[Name(EN)],Tab_Def_Processes[Process_ID],,0,) -> 21__ | M66: =_xlfn.XLOOKUP(L66,Tab_Def_Processes[Name(EN)],Tab_Def_Processes[Process_ID],,0,) -> 21__ | O66: Yes
A67: FALSE | B67: =ROW()-1 -> 66 | C67: ="F_"&LEFT(K67,2)&"_"&LEFT(M67,2) -> F_21_21 | K67: =_xlfn.XLOOKUP(J67,Tab_Def_Processes[Name(EN)],Tab_Def_Processes[Process_ID],,0,) -> 21__ | M67: =_xlfn.XLOOKUP(L67,Tab_Def_Processes[Name(EN)],Tab_Def_Processes[Process_ID],,0,) -> 21__ | O67: Yes
A68: FALSE | B68: =ROW()-1 -> 67 | C68: ="F_"&LEFT(K68,2)&"_"&LEFT(M68,2) -> F_21_21 | K68: =_xlfn.XLOOKUP(J68,Tab_Def_Processes[Name(EN)],Tab_Def_Processes[Process_ID],,0,) -> 21__ | M68: =_xlfn.XLOOKUP(L68,Tab_Def_Processes[Name(EN)],Tab_Def_Processes[Process_ID],,0,) -> 21__ | O68: Yes
A69: FALSE | B69: =ROW()-1 -> 68 | C69: ="F_"&LEFT(K69,2)&"_"&LEFT(M69,2) -> F_21_21 | K69: =_xlfn.XLOOKUP(J69,Tab_Def_Processes[Name(EN)],Tab_Def_Processes[Process_ID],,0,) -> 21__ | M69: =_xlfn.XLOOKUP(L69,Tab_Def_Processes[Name(EN)],Tab_Def_Processes[Process_ID],,0,) -> 21__ | O69: Yes
A70: FALSE | B70: =ROW()-1 -> 69 | C70: ="F_"&LEFT(K70,2)&"_"&LEFT(M70,2) -> F_21_21 | K70: =_xlfn.XLOOKUP(J70,Tab_Def_Processes[Name(EN)],Tab_Def_Processes[Process_ID],,0,) -> 21__ | M70: =_xlfn.XLOOKUP(L70,Tab_Def_Processes[Name(EN)],Tab_Def_Processes[Process_ID],,0,) -> 21__ | O70: Yes
A71: FALSE | B71: =ROW()-1 -> 70 | C71: ="F_"&LEFT(K71,2)&"_"&LEFT(M71,2) -> F_21_21 | K71: =_xlfn.XLOOKUP(J71,Tab_Def_Processes[Name(EN)],Tab_Def_Processes[Process_ID],,0,) -> 21__ | M71: =_xlfn.XLOOKUP(L71,Tab_Def_Processes[Name(EN)],Tab_Def_Processes[Process_ID],,0,) -> 21__ | O71: Yes
A72: FALSE | B72: =ROW()-1 -> 71 | C72: ="F_"&LEFT(K72,2)&"_"&LEFT(M72,2) -> F_21_21 | K72: =_xlfn.XLOOKUP(J72,Tab_Def_Processes[Name(EN)],Tab_Def_Processes[Process_ID],,0,) -> 21__ | M72: =_xlfn.XLOOKUP(L72,Tab_Def_Processes[Name(EN)],Tab_Def_Processes[Process_ID],,0,) -> 21__ | O72: Yes
A73: FALSE | B73: =ROW()-1 -> 72 | C73: ="F_"&LEFT(K73,2)&"_"&LEFT(M73,2) -> F_21_21 | K73: =_xlfn.XLOOKUP(J73,Tab_Def_Processes[Name(EN)],Tab_Def_Processes[Process_ID],,0,) -> 21__ | M73: =_xlfn.XLOOKUP(L73,Tab_Def_Processes[Name(EN)],Tab_Def_Processes[Process_ID],,0,) -> 21__ | O73: Yes
A74: FALSE | B74: =ROW()-1 -> 73 | C74: ="F_"&LEFT(K74,2)&"_"&LEFT(M74,2) -> F_21_21 | K74: =_xlfn.XLOOKUP(J74,Tab_Def_Processes[Name(EN)],Tab_Def_Processes[Process_ID],,0,) -> 21__ | M74: =_xlfn.XLOOKUP(L74,Tab_Def_Processes[Name(EN)],Tab_Def_Processes[Process_ID],,0,) -> 21__ | O74: Yes
... A77: FALSE | B77: =ROW()-1 -> 76 | C77: ="F_"&LEFT(K77,2)&"_"&LEFT(M77,2) -> F_21_21 | K77: =_xlfn.XLOOKUP(J77,Tab_Def_Processes[Name(EN)],Tab_Def_Processes[Process_ID],,0,) -> 21__ | M77: =_xlfn.XLOOKUP(L77,Tab_Def_Processes[Name(EN)],Tab_Def_Processes[Process_ID],,0,) -> 21__ | O77: Yes

Sheet 1_2_Data_Flows
A1: ID | B1: Flow_ID | C1: Name(EN) | D1: Type_Biomass | E1: Output_Process | F1: Process_ID_O | G1: Input_Process | H1: Process_ID_I | I1: TC? | J1: WC? | K1: DM? | L1: CC? | M1: Year_Flow | N1: Region_Flow | O1: Flow_Source | P1: UoM_Source | Q1: Name_Source | R1: AVV | S1: Titel_Source | T1: Year_Source | U1: Author_Source | V1: Type_Source | W1: URL | X1: CF_required? | Y1: CF | Z1: Name_CF | AA1: Flow_Py | AB1: UoM_Flow_Py | AC1: WC_[%] | AD1: WC_Flow_Py | AE1: UoM_WC_Flow_Py | AF1: DM_[%] | AG1: DM_Flow_Py2 | AH1: UoM_DM_Flow_Py | AI1: CC_[%] | AJ1: CC_Flow_Py | AK1: UoM_CC_Flow_Py
A2: =ROW()-1 -> 1 | B2: =_xlfn.XLOOKUP(C2,Tab_Def_Flows[Name(EN)],Tab_Def_Flows[Flow_ID],,0,) -> F_13_20 | C2: Rye plant | D2: =_xlfn.XLOOKUP(C2,Tab_Def_Flows[Name(EN)],Tab_Def_Flows[Type_Biomass],,0,) -> 0 | E2: =_xlfn.XLOOKUP(C2,Tab_Def_Flows[Name(EN)],Tab_Def_Flows[Output_Process],,0,) -> Rye cultivation | F2: =_xlfn.XLOOKUP(C2,Tab_Def_Flows[Name(EN)],Tab_Def_Flows[Process_ID_O],,0,) -> 13_Rye_BB | G2: =_xlfn.XLOOKUP(C2,Tab_Def_Flows[Name(EN)],Tab_Def_Flows[Input_Process],,0,) -> Rye cultivation and harvest | H2: =_xlfn.XLOOKUP(C2,Tab_Def_Flows[Name(EN)],Tab_Def_Flows[Process_ID_I],,0,) -> 20_Rye_BB | I2: =_xlfn.XLOOKUP(C2,Tab_Def_Flows[Name(EN)],Tab_Def_Flows[Value_Source],,0,) -> Data_assumption | J2: =_xlfn.XLOOKUP(C2,Tab_Def_Flows[Name(EN)],Tab_Def_Flows[WC?],,0,) -> Yes | K2: =_xlfn.XLOOKUP(C2,Tab_Def_Flows[Name(EN)],Tab_Def_Flows[DM?],,0,) -> Yes | L2: =_xlfn.XLOOKUP(C2,Tab_Def_Flows[Name(EN)],Tab_Def_Flows[CC?],,0,) -> Yes | M2: 2022 | N2: BB | O2: 129 | P2: Mg/a | Q2: Stramento | X2: No | Y2: 365 | AA2: =IF(X2="no",O2,O2*Y2) -> 129 | AB2: Mg | AC2: =INDEX(Tab_Def_Flows[[Flow_ID]:[CC_DM_source]],MATCH(Tab_Data_Flows[[#This Row],[Name(EN)]],Tab_Def_Flows[Name(EN)],0),16) -> 0.06 | AD2: =IF(J2="Yes",AA2*Tab_Data_Flows[[#This Row],[WC_'[%']]],"N.A.") -> 7.74 | AE2: =Tab_Data_Flows[[#This Row],[UoM_Flow_Py]] -> Mg | AF2: =INDEX(Tab_Def_Flows[[Flow_ID]:[CC_DM_source]],MATCH(Tab_Data_Flows[[#This Row],[Name(EN)]],Tab_Def_Flows[Name(EN)],0),18) -> 0.94 | AG2: =IF(K2="Yes",AF2*Tab_Data_Flows[[#This Row],[Flow_Py]],"N.A.") -> 121.26 | AH2: =Tab_Data_Flows[[#This Row],[UoM_Flow_Py]] -> Mg | AI2: =INDEX(Tab_Def_Flows[[Flow_ID]:[CC_DM_source]],MATCH(Tab_Data_Flows[[#This Row],[Name(EN)]],Tab_Def_Flows[Name(EN)],0),20) -> 0.49 | AJ2: =IF(L2="Yes",AI2*Tab_Data_Flows[[#This Row],[Flow_Py]],"N.A.") -> 63.21 | AK2: =Tab_Data_Flows[[#This Row],[UoM_Flow_Py]] -> Mg
A3: =ROW()-1 -> 2 | B3: =_xlfn.XLOOKUP(C3,Tab_Def_Flows[Name(EN)],Tab_Def_Flows[Flow_ID],,0,) -> F_13_20 | C3: Rye plant | D3: =_xlfn.XLOOKUP(C3,Tab_Def_Flows[Name(EN)],Tab_Def_Flows[Type_Biomass],,0,) -> 0 | E3: =_xlfn.XLOOKUP(C3,Tab_Def_Flows[Name(EN)],Tab_Def_Flows[Output_Process],,0,) -> Rye cultivation | F3: =_xlfn.XLOOKUP(C3,Tab_Def_Flows[Name(EN)],Tab_Def_Flows[Process_ID_O],,0,) -> 13_Rye_BB | G3: =_xlfn.XLOOKUP(C3,Tab_Def_Flows[Name(EN)],Tab_Def_Flows[Input_Process],,0,) -> Rye cultivation and harvest | H3: =_xlfn.XLOOKUP(C3,Tab_Def_Flows[Name(EN)],Tab_Def_Flows[Process_ID_I],,0,) -> 20_Rye_BB | I3: =_xlfn.XLOOKUP(C3,Tab_Def_Flows[Name(EN)],Tab_Def_Flows[Value_Source],,0,) -> Data_assumption | J3: =_xlfn.XLOOKUP(C3,Tab_Def_Flows[Name(EN)],Tab_Def_Flows[WC?],,0,) -> Yes | K3: =_xlfn.XLOOKUP(C3,Tab_Def_Flows[Name(EN)],Tab_Def_Flows[DM?],,0,) -> Yes | L3: =_xlfn.XLOOKUP(C3,Tab_Def_Flows[Name(EN)],Tab_Def_Flows[CC?],,0,) -> Yes | M3: 2023 | N3: BB | O3: =O2*1.02 -> 131.58 | P3: Mg/a | Q3: Stramento | X3: No | Y3: 365 | AA3: =IF(X3="no",O3,O3*Y3) -> 131.58 | AB3: Mg | AC3: =INDEX(Tab_Def_Flows[[Flow_ID]:[CC_DM_source]],MATCH(Tab_Data_Flows[[#This Row],[Name(EN)]],Tab_Def_Flows[Name(EN)],0),16) -> 0.06 | AD3: =IF(J3="Yes",AA3*Tab_Data_Flows[[#This Row],[WC_'[%']]],"N.A.") -> 7.8948 | AE3: =Tab_Data_Flows[[#This Row],[UoM_Flow_Py]] -> Mg | AF3: =INDEX(Tab_Def_Flows[[Flow_ID]:[CC_DM_source]],MATCH(Tab_Data_Flows[[#This Row],[Name(EN)]],Tab_Def_Flows[Name(EN)],0),18) -> 0.94 | AG3: =IF(K3="Yes",AF3*Tab_Data_Flows[[#This Row],[Flow_Py]],"N.A.") -> 123.6852 | AH3: =Tab_Data_Flows[[#This Row],[UoM_Flow_Py]] -> Mg | AI3: =INDEX(Tab_Def_Flows[[Flow_ID]:[CC_DM_source]],MATCH(Tab_Data_Flows[[#This Row],[Name(EN)]],Tab_Def_Flows[Name(EN)],0),20) -> 0.49 | AJ3: =IF(L3="Yes",AI3*Tab_Data_Flows[[#This Row],[Flow_Py]],"N.A.") -> 64.4742 | AK3: =Tab_Data_Flows[[#This Row],[UoM_Flow_Py]] -> Mg
A4: =ROW()-1 -> 3 | B4: =_xlfn.XLOOKUP(C4,Tab_Def_Flows[Name(EN)],Tab_Def_Flows[Flow_ID],,0,) -> F_13_20 | C4: Rye plant | D4: =_xlfn.XLOOKUP(C4,Tab_Def_Flows[Name(EN)],Tab_Def_Flows[Type_Biomass],,0,) -> 0 | E4: =_xlfn.XLOOKUP(C4,Tab_Def_Flows[Name(EN)],Tab_Def_Flows[Output_Process],,0,) -> Rye cultivation | F4: =_xlfn.XLOOKUP(C4,Tab_Def_Flows[Name(EN)],Tab_Def_Flows[Process_ID_O],,0,) -> 13_Rye_BB | G4: =_xlfn.XLOOKUP(C4,Tab_Def_Flows[Name(EN)],Tab_Def_Flows[Input_Process],,0,) -> Rye cultivation and harvest | H4: =_xlfn.XLOOKUP(C4,Tab_Def_Flows[Name(EN)],Tab_Def_Flows[Process_ID_I],,0,) -> 20_Rye_BB | I4: =_xlfn.XLOOKUP(C4,Tab_Def_Flows[Name(EN)],Tab_Def_Flows[Value_Source],,0,) -> Data_assumption | J4: =_xlfn.XLOOKUP(C4,Tab_Def_Flows[Name(EN)],Tab_Def_Flows[WC?],,0,) -> Yes | K4: =_xlfn.XLOOKUP(C4,Tab_Def_Flows[Name(EN)],Tab_Def_Flows[DM?],,0,) -> Yes | L4: =_xlfn.XLOOKUP(C4,Tab_Def_Flows[Name(EN)],Tab_Def_Flows[CC?],,0,) -> Yes | M4: 2024 | N4: BB | O4: =O3*1.02 -> 134.2116 | P4: Mg/a | Q4: Stramento | X4: No | Y4: 365 | AA4: =IF(X4="no",O4,O4*Y4) -> 134.2116 | AB4: Mg | AC4: =INDEX(Tab_Def_Flows[[Flow_ID]:[CC_DM_source]],MATCH(Tab_Data_Flows[[#This Row],[Name(EN)]],Tab_Def_Flows[Name(EN)],0),16) -> 0.06 | AD4: =IF(J4="Yes",AA4*Tab_Data_Flows[[#This Row],[WC_'[%']]],"N.A.") -> 8.052696 | AE4: =Tab_Data_Flows[[#This Row],[UoM_Flow_Py]] -> Mg | AF4: =INDEX(Tab_Def_Flows[[Flow_ID]:[CC_DM_source]],MATCH(Tab_Data_Flows[[#This Row],[Name(EN)]],Tab_Def_Flows[Name(EN)],0),18) -> 0.94 | AG4: =IF(K4="Yes",AF4*Tab_Data_Flows[[#This Row],[Flow_Py]],"N.A.") -> 126.1589 | AH4: =Tab_Data_Flows[[#This Row],[UoM_Flow_Py]] -> Mg | AI4: =INDEX(Tab_Def_Flows[[Flow_ID]:[CC_DM_source]],MATCH(Tab_Data_Flows[[#This Row],[Name(EN)]],Tab_Def_Flows[Name(EN)],0),20) -> 0.49 | AJ4: =IF(L4="Yes",AI4*Tab_Data_Flows[[#This Row],[Flow_Py]],"N.A.") -> 65.763684 | AK4: =Tab_Data_Flows[[#This Row],[UoM_Flow_Py]] -> Mg
A5: =ROW()-1 -> 4 | B5: =_xlfn.XLOOKUP(C5,Tab_Def_Flows[Name(EN)],Tab_Def_Flows[Flow_ID],,0,) -> F_13_20 | C5: Rye plant | D5: =_xlfn.XLOOKUP(C5,Tab_Def_Flows[Name(EN)],Tab_Def_Flows[Type_Biomass],,0,) -> 0 | E5: =_xlfn.XLOOKUP(C5,Tab_Def_Flows[Name(EN)],Tab_Def_Flows[Output_Process],,0,) -> Rye cultivation | F5: =_xlfn.XLOOKUP(C5,Tab_Def_Flows[Name(EN)],Tab_Def_Flows[Process_ID_O],,0,) -> 13_Rye_BB | G5: =_xlfn.XLOOKUP(C5,Tab_Def_Flows[Name(EN)],Tab_Def_Flows[Input_Process],,0,) -> Rye cultivation and harvest | H5: =_xlfn.XLOOKUP(C5,Tab_Def_Flows[Name(EN)],Tab_Def_Flows[Process_ID_I],,0,) -> 20_Rye_BB | I5: =_xlfn.XLOOKUP(C5,Tab_Def_Flows[Name(EN)],Tab_Def_Flows[Value_Source],,0,) -> Data_assumption | J5: =_xlfn.XLOOKUP(C5,Tab_Def_Flows[Name(EN)],Tab_Def_Flows[WC?],,0,) -> Yes | K5: =_xlfn.XLOOKUP(C5,Tab_Def_Flows[Name(EN)],Tab_Def_Flows[DM?],,0,) -> Yes | L5: =_xlfn.XLOOKUP(C5,Tab_Def_Flows[Name(EN)],Tab_Def_Flows[CC?],,0,) -> Yes | M5: 2025 | N5: BB | O5: =O4*1.02 -> 136.89583 | P5: Mg/a | Q5: Stramento | X5: No | Y5: 365 | AA5: =IF(X5="no",O5,O5*Y5) -> 136.89583 | AB5: Mg | AC5: =INDEX(Tab_Def_Flows[[Flow_ID]:[CC_DM_source]],MATCH(Tab_Data_Flows[[#This Row],[Name(EN)]],Tab_Def_Flows[Name(EN)],0),16) -> 0.06 | AD5: =IF(J5="Yes",AA5*Tab_Data_Flows[[#This Row],[WC_'[%']]],"N.A.") -> 8.2137499 | AE5: =Tab_Data_Flows[[#This Row],[UoM_Flow_Py]] -> Mg | AF5: =INDEX(Tab_Def_Flows[[Flow_ID]:[CC_DM_source]],MATCH(Tab_Data_Flows[[#This Row],[Name(EN)]],Tab_Def_Flows[Name(EN)],0),18) -> 0.94 | AG5: =IF(K5="Yes",AF5*Tab_Data_Flows[[#This Row],[Flow_Py]],"N.A.") -> 128.68208 | AH5: =Tab_Data_Flows[[#This Row],[UoM_Flow_Py]] -> Mg | AI5: =INDEX(Tab_Def_Flows[[Flow_ID]:[CC_DM_source]],MATCH(Tab_Data_Flows[[#This Row],[Name(EN)]],Tab_Def_Flows[Name(EN)],0),20) -> 0.49 | AJ5: =IF(L5="Yes",AI5*Tab_Data_Flows[[#This Row],[Flow_Py]],"N.A.") -> 67.078958 | AK5: =Tab_Data_Flows[[#This Row],[UoM_Flow_Py]] -> Mg
A6: =ROW()-1 -> 5 | B6: =_xlfn.XLOOKUP(C6,Tab_Def_Flows[Name(EN)],Tab_Def_Flows[Flow_ID],,0,) -> F_13_20 | C6: Rye plant | D6: =_xlfn.XLOOKUP(C6,Tab_Def_Flows[Name(EN)],Tab_Def_Flows[Type_Biomass],,0,) -> 0 | E6: =_xlfn.XLOOKUP(C6,Tab_Def_Flows[Name(EN)],Tab_Def_Flows[Output_Process],,0,) -> Rye cultivation | F6: =_xlfn.XLOOKUP(C6,Tab_Def_Flows[Name(EN)],Tab_Def_Flows[Process_ID_O],,0,) -> 13_Rye_BB | G6: =_xlfn.XLOOKUP(C6,Tab_Def_Flows[Name(EN)],Tab_Def_Flows[Input_Process],,0,) -> Rye cultivation and harvest | H6: =_xlfn.XLOOKUP(C6,Tab_Def_Flows[Name(EN)],Tab_Def_Flows[Process_ID_I],,0,) -> 20_Rye_BB | I6: =_xlfn.XLOOKUP(C6,Tab_Def_Flows[Name(EN)],Tab_Def_Flows[Value_Source],,0,) -> Data_assumption | J6: =_xlfn.XLOOKUP(C6,Tab_Def_Flows[Name(EN)],Tab_Def_Flows[WC?],,0,) -> Yes | K6: =_xlfn.XLOOKUP(C6,Tab_Def_Flows[Name(EN)],Tab_Def_Flows[DM?],,0,) -> Yes | L6: =_xlfn.XLOOKUP(C6,Tab_Def_Flows[Name(EN)],Tab_Def_Flows[CC?],,0,) -> Yes | M6: 2026 | N6: BB | O6: =O5*1.02 -> 139.63375 | P6: Mg/a | Q6: Stramento | X6: No | Y6: 365 | AA6: =IF(X6="no",O6,O6*Y6) -> 139.63375 | AB6: Mg | AC6: =INDEX(Tab_Def_Flows[[Flow_ID]:[CC_DM_source]],MATCH(Tab_Data_Flows[[#This Row],[Name(EN)]],Tab_Def_Flows[Name(EN)],0),16) -> 0.06 | AD6: =IF(J6="Yes",AA6*Tab_Data_Flows[[#This Row],[WC_'[%']]],"N.A.") -> 8.3780249 | AE6: =Tab_Data_Flows[[#This Row],[UoM_Flow_Py]] -> Mg | AF6: =INDEX(Tab_Def_Flows[[Flow_ID]:[CC_DM_source]],MATCH(Tab_Data_Flows[[#This Row],[Name(EN)]],Tab_Def_Flows[Name(EN)],0),18) -> 0.94 | AG6: =IF(K6="Yes",AF6*Tab_Data_Flows[[#This Row],[Flow_Py]],"N.A.") -> 131.25572 | AH6: =Tab_Data_Flows[[#This Row],[UoM_Flow_Py]] -> Mg | AI6: =INDEX(Tab_Def_Flows[[Flow_ID]:[CC_DM_source]],MATCH(Tab_Data_Flows[[#This Row],[Name(EN)]],Tab_Def_Flows[Name(EN)],0),20) -> 0.49 | AJ6: =IF(L6="Yes",AI6*Tab_Data_Flows[[#This Row],[Flow_Py]],"N.A.") -> 68.420537 | AK6: =Tab_Data_Flows[[#This Row],[UoM_Flow_Py]] -> Mg
A7: =ROW()-1 -> 6 | B7: =_xlfn.XLOOKUP(C7,Tab_Def_Flows[Name(EN)],Tab_Def_Flows[Flow_ID],,0,) -> F_13_20 | C7: Rye plant | D7: =_xlfn.XLOOKUP(C7,Tab_Def_Flows[Name(EN)],Tab_Def_Flows[Type_Biomass],,0,) -> 0 | E7: =_xlfn.XLOOKUP(C7,Tab_Def_Flows[Name(EN)],Tab_Def_Flows[Output_Process],,0,) -> Rye cultivation | F7: =_xlfn.XLOOKUP(C7,Tab_Def_Flows[Name(EN)],Tab_Def_Flows[Process_ID_O],,0,) -> 13_Rye_BB | G7: =_xlfn.XLOOKUP(C7,Tab_Def_Flows[Name(EN)],Tab_Def_Flows[Input_Process],,0,) -> Rye cultivation and harvest | H7: =_xlfn.XLOOKUP(C7,Tab_Def_Flows[Name(EN)],Tab_Def_Flows[Process_ID_I],,0,) -> 20_Rye_BB | I7: =_xlfn.XLOOKUP(C7,Tab_Def_Flows[Name(EN)],Tab_Def_Flows[Value_Source],,0,) -> Data_assumption | J7: =_xlfn.XLOOKUP(C7,Tab_Def_Flows[Name(EN)],Tab_Def_Flows[WC?],,0,) -> Yes | K7: =_xlfn.XLOOKUP(C7,Tab_Def_Flows[Name(EN)],Tab_Def_Flows[DM?],,0,) -> Yes | L7: =_xlfn.XLOOKUP(C7,Tab_Def_Flows[Name(EN)],Tab_Def_Flows[CC?],,0,) -> Yes | M7: 2027 | N7: BB | O7: =O6*1.02 -> 142.42642 | P7: Mg/a | Q7: Stramento | X7: No | Y7: 365 | AA7: =IF(X7="no",O7,O7*Y7) -> 142.42642 | AB7: Mg | AC7: =INDEX(Tab_Def_Flows[[Flow_ID]:[CC_DM_source]],MATCH(Tab_Data_Flows[[#This Row],[Name(EN)]],Tab_Def_Flows[Name(EN)],0),16) -> 0.06 | AD7: =IF(J7="Yes",AA7*Tab_Data_Flows[[#This Row],[WC_'[%']]],"N.A.") -> 8.5455854 | AE7: =Tab_Data_Flows[[#This Row],[UoM_Flow_Py]] -> Mg | AF7: =INDEX(Tab_Def_Flows[[Flow_ID]:[CC_DM_source]],MATCH(Tab_Data_Flows[[#This Row],[Name(EN)]],Tab_Def_Flows[Name(EN)],0),18) -> 0.94 | AG7: =IF(K7="Yes",AF7*Tab_Data_Flows[[#This Row],[Flow_Py]],"N.A.") -> 133.88084 | AH7: =Tab_Data_Flows[[#This Row],[UoM_Flow_Py]] -> Mg | AI7: =INDEX(Tab_Def_Flows[[Flow_ID]:[CC_DM_source]],MATCH(Tab_Data_Flows[[#This Row],[Name(EN)]],Tab_Def_Flows[Name(EN)],0),20) -> 0.49 | AJ7: =IF(L7="Yes",AI7*Tab_Data_Flows[[#This Row],[Flow_Py]],"N.A.") -> 69.788948 | AK7: =Tab_Data_Flows[[#This Row],[UoM_Flow_Py]] -> Mg
A8: =ROW()-1 -> 7 | B8: =_xlfn.XLOOKUP(C8,Tab_Def_Flows[Name(EN)],Tab_Def_Flows[Flow_ID],,0,) -> F_13_20 | C8: Rye plant | D8: =_xlfn.XLOOKUP(C8,Tab_Def_Flows[Name(EN)],Tab_Def_Flows[Type_Biomass],,0,) -> 0 | E8: =_xlfn.XLOOKUP(C8,Tab_Def_Flows[Name(EN)],Tab_Def_Flows[Output_Process],,0,) -> Rye cultivation | F8: =_xlfn.XLOOKUP(C8,Tab_Def_Flows[Name(EN)],Tab_Def_Flows[Process_ID_O],,0,) -> 13_Rye_BB | G8: =_xlfn.XLOOKUP(C8,Tab_Def_Flows[Name(EN)],Tab_Def_Flows[Input_Process],,0,) -> Rye cultivation and harvest | H8: =_xlfn.XLOOKUP(C8,Tab_Def_Flows[Name(EN)],Tab_Def_Flows[Process_ID_I],,0,) -> 20_Rye_BB | I8: =_xlfn.XLOOKUP(C8,Tab_Def_Flows[Name(EN)],Tab_Def_Flows[Value_Source],,0,) -> Data_assumption | J8: =_xlfn.XLOOKUP(C8,Tab_Def_Flows[Name(EN)],Tab_Def_Flows[WC?],,0,) -> Yes | K8: =_xlfn.XLOOKUP(C8,Tab_Def_Flows[Name(EN)],Tab_Def_Flows[DM?],,0,) -> Yes | L8: =_xlfn.XLOOKUP(C8,Tab_Def_Flows[Name(EN)],Tab_Def_Flows[CC?],,0,) -> Yes | M8: 2028 | N8: BB | O8: =O7*1.02 -> 145.27495 | P8: Mg/a | Q8: Stramento | X8: No | Y8: 365 | AA8: =IF(X8="no",O8,O8*Y8) -> 145.27495 | AB8: Mg | AC8: =INDEX(Tab_Def_Flows[[Flow_ID]:[CC_DM_source]],MATCH(Tab_Data_Flows[[#This Row],[Name(EN)]],Tab_Def_Flows[Name(EN)],0),16) -> 0.06 | AD8: =IF(J8="Yes",AA8*Tab_Data_Flows[[#This Row],[WC_'[%']]],"N.A.") -> 8.7164971 | AE8: =Tab_Data_Flows[[#This Row],[UoM_Flow_Py]] -> Mg | AF8: =INDEX(Tab_Def_Flows[[Flow_ID]:[CC_DM_source]],MATCH(Tab_Data_Flows[[#This Row],[Name(EN)]],Tab_Def_Flows[Name(EN)],0),18) -> 0.94 | AG8: =IF(K8="Yes",AF8*Tab_Data_Flows[[#This Row],[Flow_Py]],"N.A.") -> 136.55845 | AH8: =Tab_Data_Flows[[#This Row],[UoM_Flow_Py]] -> Mg | AI8: =INDEX(Tab_Def_Flows[[Flow_ID]:[CC_DM_source]],MATCH(Tab_Data_Flows[[#This Row],[Name(EN)]],Tab_Def_Flows[Name(EN)],0),20) -> 0.49 | AJ8: =IF(L8="Yes",AI8*Tab_Data_Flows[[#This Row],[Flow_Py]],"N.A.") -> 71.184727 | AK8: =Tab_Data_Flows[[#This Row],[UoM_Flow_Py]] -> Mg
A9: =ROW()-1 -> 8 | B9: =_xlfn.XLOOKUP(C9,Tab_Def_Flows[Name(EN)],Tab_Def_Flows[Flow_ID],,0,) -> F_13_20 | C9: Rye plant | D9: =_xlfn.XLOOKUP(C9,Tab_Def_Flows[Name(EN)],Tab_Def_Flows[Type_Biomass],,0,) -> 0 | E9: =_xlfn.XLOOKUP(C9,Tab_Def_Flows[Name(EN)],Tab_Def_Flows[Output_Process],,0,) -> Rye cultivation | F9: =_xlfn.XLOOKUP(C9,Tab_Def_Flows[Name(EN)],Tab_Def_Flows[Process_ID_O],,0,) -> 13_Rye_BB | G9: =_xlfn.XLOOKUP(C9,Tab_Def_Flows[Name(EN)],Tab_Def_Flows[Input_Process],,0,) -> Rye cultivation and harvest | H9: =_xlfn.XLOOKUP(C9,Tab_Def_Flows[Name(EN)],Tab_Def_Flows[Process_ID_I],,0,) -> 20_Rye_BB | I9: =_xlfn.XLOOKUP(C9,Tab_Def_Flows[Name(EN)],Tab_Def_Flows[Value_Source],,0,) -> Data_assumption | J9: =_xlfn.XLOOKUP(C9,Tab_Def_Flows[Name(EN)],Tab_Def_Flows[WC?],,0,) -> Yes | K9: =_xlfn.XLOOKUP(C9,Tab_Def_Flows[Name(EN)],Tab_Def_Flows[DM?],,0,) -> Yes | L9: =_xlfn.XLOOKUP(C9,Tab_Def_Flows[Name(EN)],Tab_Def_Flows[CC?],,0,) -> Yes | M9: 2029 | N9: BB | O9: =O8*1.02 -> 148.18045 | P9: Mg/a | Q9: Stramento | X9: No | Y9: 366 | AA9: =IF(X9="no",O9,O9*Y9) -> 148.18045 | AB9: Mg | AC9: =INDEX(Tab_Def_Flows[[Flow_ID]:[CC_DM_source]],MATCH(Tab_Data_Flows[[#This Row],[Name(EN)]],Tab_Def_Flows[Name(EN)],0),16) -> 0.06 | AD9: =IF(J9="Yes",AA9*Tab_Data_Flows[[#This Row],[WC_'[%']]],"N.A.") -> 8.8908271 | AE9: =Tab_Data_Flows[[#This Row],[UoM_Flow_Py]] -> Mg | AF9: =INDEX(Tab_Def_Flows[[Flow_ID]:[CC_DM_source]],MATCH(Tab_Data_Flows[[#This Row],[Name(EN)]],Tab_Def_Flows[Name(EN)],0),18) -> 0.94 | AG9: =IF(K9="Yes",AF9*Tab_Data_Flows[[#This Row],[Flow_Py]],"N.A.") -> 139.28962 | AH9: =Tab_Data_Flows[[#This Row],[UoM_Flow_Py]] -> Mg | AI9: =INDEX(Tab_Def_Flows[[Flow_ID]:[CC_DM_source]],MATCH(Tab_Data_Flows[[#This Row],[Name(EN)]],Tab_Def_Flows[Name(EN)],0),20) -> 0.49 | AJ9: =IF(L9="Yes",AI9*Tab_Data_Flows[[#This Row],[Flow_Py]],"N.A.") -> 72.608421 | AK9: =Tab_Data_Flows[[#This Row],[UoM_Flow_Py]] -> Mg
A10: =ROW()-1 -> 9 | B10: =_xlfn.XLOOKUP(C10,Tab_Def_Flows[Name(EN)],Tab_Def_Flows[Flow_ID],,0,) -> F_13_20 | C10: Rye plant | D10: =_xlfn.XLOOKUP(C10,Tab_Def_Flows[Name(EN)],Tab_Def_Flows[Type_Biomass],,0,) -> 0 | E10: =_xlfn.XLOOKUP(C10,Tab_Def_Flows[Name(EN)],Tab_Def_Flows[Output_Process],,0,) -> Rye cultivation | F10: =_xlfn.XLOOKUP(C10,Tab_Def_Flows[Name(EN)],Tab_Def_Flows[Process_ID_O],,0,) -> 13_Rye_BB | G10: =_xlfn.XLOOKUP(C10,Tab_Def_Flows[Name(EN)],Tab_Def_Flows[Input_Process],,0,) -> Rye cultivation and harvest | H10: =_xlfn.XLOOKUP(C10,Tab_Def_Flows[Name(EN)],Tab_Def_Flows[Process_ID_I],,0,) -> 20_Rye_BB | I10: =_xlfn.XLOOKUP(C10,Tab_Def_Flows[Name(EN)],Tab_Def_Flows[Value_Source],,0,) -> Data_assumption | J10: =_xlfn.XLOOKUP(C10,Tab_Def_Flows[Name(EN)],Tab_Def_Flows[WC?],,0,) -> Yes | K10: =_xlfn.XLOOKUP(C10,Tab_Def_Flows[Name(EN)],Tab_Def_Flows[DM?],,0,) -> Yes | L10: =_xlfn.XLOOKUP(C10,Tab_Def_Flows[Name(EN)],Tab_Def_Flows[CC?],,0,) -> Yes | M10: 2030 | N10: BB | O10: =O9*1.02 -> 151.14406 | P10: Mg/a | Q10: Stramento | X10: No | Y10: 367 | AA10: =IF(X10="no",O10,O10*Y10) -> 151.14406 | AB10: Mg | AC10: =INDEX(Tab_Def_Flows[[Flow_ID]:[CC_DM_source]],MATCH(Tab_Data_Flows[[#This Row],[Name(EN)]],Tab_Def_Flows[Name(EN)],0),16) -> 0.06 | AD10: =IF(J10="Yes",AA10*Tab_Data_Flows[[#This Row],[WC_'[%']]],"N.A.") -> 9.0686436 | AE10: =Tab_Data_Flows[[#This Row],[UoM_Flow_Py]] -> Mg | AF10: =INDEX(Tab_Def_Flows[[Flow_ID]:[CC_DM_source]],MATCH(Tab_Data_Flows[[#This Row],[Name(EN)]],Tab_Def_Flows[Name(EN)],0),18) -> 0.94 | AG10: =IF(K10="Yes",AF10*Tab_Data_Flows[[#This Row],[Flow_Py]],"N.A.") -> 142.07542 | AH10: =Tab_Data_Flows[[#This Row],[UoM_Flow_Py]] -> Mg | AI10: =INDEX(Tab_Def_Flows[[Flow_ID]:[CC_DM_source]],MATCH(Tab_Data_Flows[[#This Row],[Name(EN)]],Tab_Def_Flows[Name(EN)],0),20) -> 0.49 | AJ10: =IF(L10="Yes",AI10*Tab_Data_Flows[[#This Row],[Flow_Py]],"N.A.") -> 74.060589 | AK10: =Tab_Data_Flows[[#This Row],[UoM_Flow_Py]] -> Mg
A11: =ROW()-1 -> 10 | B11: =_xlfn.XLOOKUP(C11,Tab_Def_Flows[Name(EN)],Tab_Def_Flows[Flow_ID],,0,) -> F_13_20 | C11: Rye plant | D11: =_xlfn.XLOOKUP(C11,Tab_Def_Flows[Name(EN)],Tab_Def_Flows[Type_Biomass],,0,) -> 0 | E11: =_xlfn.XLOOKUP(C11,Tab_Def_Flows[Name(EN)],Tab_Def_Flows[Output_Process],,0,) -> Rye cultivation | F11: =_xlfn.XLOOKUP(C11,Tab_Def_Flows[Name(EN)],Tab_Def_Flows[Process_ID_O],,0,) -> 13_Rye_BB | G11: =_xlfn.XLOOKUP(C11,Tab_Def_Flows[Name(EN)],Tab_Def_Flows[Input_Process],,0,) -> Rye cultivation and harvest | H11: =_xlfn.XLOOKUP(C11,Tab_Def_Flows[Name(EN)],Tab_Def_Flows[Process_ID_I],,0,) -> 20_Rye_BB | I11: =_xlfn.XLOOKUP(C11,Tab_Def_Flows[Name(EN)],Tab_Def_Flows[Value_Source],,0,) -> Data_assumption | J11: =_xlfn.XLOOKUP(C11,Tab_Def_Flows[Name(EN)],Tab_Def_Flows[WC?],,0,) -> Yes | K11: =_xlfn.XLOOKUP(C11,Tab_Def_Flows[Name(EN)],Tab_Def_Flows[DM?],,0,) -> Yes | L11: =_xlfn.XLOOKUP(C11,Tab_Def_Flows[Name(EN)],Tab_Def_Flows[CC?],,0,) -> Yes | M11: 2031 | N11: BB | O11: =O10*1.02 -> 154.16694 | P11: Mg/a | Q11: Stramento | X11: No | Y11: 368 | AA11: =IF(X11="no",O11,O11*Y11) -> 154.16694 | AB11: Mg | AC11: =INDEX(Tab_Def_Flows[[Flow_ID]:[CC_DM_source]],MATCH(Tab_Data_Flows[[#This Row],[Name(EN)]],Tab_Def_Flows[Name(EN)],0),16) -> 0.06 | AD11: =IF(J11="Yes",AA11*Tab_Data_Flows[[#This Row],[WC_'[%']]],"N.A.") -> 9.2500165 | AE11: =Tab_Data_Flows[[#This Row],[UoM_Flow_Py]] -> Mg | AF11: =INDEX(Tab_Def_Flows[[Flow_ID]:[CC_DM_source]],MATCH(Tab_Data_Flows[[#This Row],[Name(EN)]],Tab_Def_Flows[Name(EN)],0),18) -> 0.94 | AG11: =IF(K11="Yes",AF11*Tab_Data_Flows[[#This Row],[Flow_Py]],"N.A.") -> 144.91692 | AH11: =Tab_Data_Flows[[#This Row],[UoM_Flow_Py]] -> Mg | AI11: =INDEX(Tab_Def_Flows[[Flow_ID]:[CC_DM_source]],MATCH(Tab_Data_Flows[[#This Row],[Name(EN)]],Tab_Def_Flows[Name(EN)],0),20) -> 0.49 | AJ11: =IF(L11="Yes",AI11*Tab_Data_Flows[[#This Row],[Flow_Py]],"N.A.") -> 75.541801 | AK11: =Tab_Data_Flows[[#This Row],[UoM_Flow_Py]] -> Mg
A12: =ROW()-1 -> 11 | B12: =_xlfn.XLOOKUP(C12,Tab_Def_Flows[Name(EN)],Tab_Def_Flows[Flow_ID],,0,) -> F_13_20 | C12: Rye plant | D12: =_xlfn.XLOOKUP(C12,Tab_Def_Flows[Name(EN)],Tab_Def_Flows[Type_Biomass],,0,) -> 0 | E12: =_xlfn.XLOOKUP(C12,Tab_Def_Flows[Name(EN)],Tab_Def_Flows[Output_Process],,0,) -> Rye cultivation | F12: =_xlfn.XLOOKUP(C12,Tab_Def_Flows[Name(EN)],Tab_Def_Flows[Process_ID_O],,0,) -> 13_Rye_BB | G12: =_xlfn.XLOOKUP(C12,Tab_Def_Flows[Name(EN)],Tab_Def_Flows[Input_Process],,0,) -> Rye cultivation and harvest | H12: =_xlfn.XLOOKUP(C12,Tab_Def_Flows[Name(EN)],Tab_Def_Flows[Process_ID_I],,0,) -> 20_Rye_BB | I12: =_xlfn.XLOOKUP(C12,Tab_Def_Flows[Name(EN)],Tab_Def_Flows[Value_Source],,0,) -> Data_assumption | J12: =_xlfn.XLOOKUP(C12,Tab_Def_Flows[Name(EN)],Tab_Def_Flows[WC?],,0,) -> Yes | K12: =_xlfn.XLOOKUP(C12,Tab_Def_Flows[Name(EN)],Tab_Def_Flows[DM?],,0,) -> Yes | L12: =_xlfn.XLOOKUP(C12,Tab_Def_Flows[Name(EN)],Tab_Def_Flows[CC?],,0,) -> Yes | M12: 2032 | N12: BB | O12: =O11*1.02 -> 157.25028 | P12: Mg/a | Q12: Stramento | X12: No | Y12: 369 | AA12: =IF(X12="no",O12,O12*Y12) -> 157.25028 | AB12: Mg | AC12: =INDEX(Tab_Def_Flows[[Flow_ID]:[CC_DM_source]],MATCH(Tab_Data_Flows[[#This Row],[Name(EN)]],Tab_Def_Flows[Name(EN)],0),16) -> 0.06 | AD12: =IF(J12="Yes",AA12*Tab_Data_Flows[[#This Row],[WC_'[%']]],"N.A.") -> 9.4350168 | AE12: =Tab_Data_Flows[[#This Row],[UoM_Flow_Py]] -> Mg | AF12: =INDEX(Tab_Def_Flows[[Flow_ID]:[CC_DM_source]],MATCH(Tab_Data_Flows[[#This Row],[Name(EN)]],Tab_Def_Flows[Name(EN)],0),18) -> 0.94 | AG12: =IF(K12="Yes",AF12*Tab_Data_Flows[[#This Row],[Flow_Py]],"N.A.") -> 147.81526 | AH12: =Tab_Data_Flows[[#This Row],[UoM_Flow_Py]] -> Mg | AI12: =INDEX(Tab_Def_Flows[[Flow_ID]:[CC_DM_source]],MATCH(Tab_Data_Flows[[#This Row],[Name(EN)]],Tab_Def_Flows[Name(EN)],0),20) -> 0.49 | AJ12: =IF(L12="Yes",AI12*Tab_Data_Flows[[#This Row],[Flow_Py]],"N.A.") -> 77.052637 | AK12: =Tab_Data_Flows[[#This Row],[UoM_Flow_Py]] -> Mg
A13: =ROW()-1 -> 12 | B13: =_xlfn.XLOOKUP(C13,Tab_Def_Flows[Name(EN)],Tab_Def_Flows[Flow_ID],,0,) -> F_13_20 | C13: Rye plant | D13: =_xlfn.XLOOKUP(C13,Tab_Def_Flows[Name(EN)],Tab_Def_Flows[Type_Biomass],,0,) -> 0 | E13: =_xlfn.XLOOKUP(C13,Tab_Def_Flows[Name(EN)],Tab_Def_Flows[Output_Process],,0,) -> Rye cultivation | F13: =_xlfn.XLOOKUP(C13,Tab_Def_Flows[Name(EN)],Tab_Def_Flows[Process_ID_O],,0,) -> 13_Rye_BB | G13: =_xlfn.XLOOKUP(C13,Tab_Def_Flows[Name(EN)],Tab_Def_Flows[Input_Process],,0,) -> Rye cultivation and harvest | H13: =_xlfn.XLOOKUP(C13,Tab_Def_Flows[Name(EN)],Tab_Def_Flows[Process_ID_I],,0,) -> 20_Rye_BB | I13: =_xlfn.XLOOKUP(C13,Tab_Def_Flows[Name(EN)],Tab_Def_Flows[Value_Source],,0,) -> Data_assumption | J13: =_xlfn.XLOOKUP(C13,Tab_Def_Flows[Name(EN)],Tab_Def_Flows[WC?],,0,) -> Yes | K13: =_xlfn.XLOOKUP(C13,Tab_Def_Flows[Name(EN)],Tab_Def_Flows[DM?],,0,) -> Yes | L13: =_xlfn.XLOOKUP(C13,Tab_Def_Flows[Name(EN)],Tab_Def_Flows[CC?],,0,) -> Yes | M13: 2033 | N13: BB | O13: =O12*1.02 -> 160.39529 | P13: Mg/a | Q13: Stramento | X13: No | Y13: 370 | AA13: =IF(X13="no",O13,O13*Y13) -> 160.39529 | AB13: Mg | AC13: =INDEX(Tab_Def_Flows[[Flow_ID]:[CC_DM_source]],MATCH(Tab_Data_Flows[[#This Row],[Name(EN)]],Tab_Def_Flows[Name(EN)],0),16) -> 0.06 | AD13: =IF(J13="Yes",AA13*Tab_Data_Flows[[#This Row],[WC_'[%']]],"N.A.") -> 9.6237171 | AE13: =Tab_Data_Flows[[#This Row],[UoM_Flow_Py]] -> Mg | AF13: =INDEX(Tab_Def_Flows[[Flow_ID]:[CC_DM_source]],MATCH(Tab_Data_Flows[[#This Row],[Name(EN)]],Tab_Def_Flows[Name(EN)],0),18) -> 0.94 | AG13: =IF(K13="Yes",AF13*Tab_Data_Flows[[#This Row],[Flow_Py]],"N.A.") -> 150.77157 | AH13: =Tab_Data_Flows[[#This Row],[UoM_Flow_Py]] -> Mg | AI13: =INDEX(Tab_Def_Flows[[Flow_ID]:[CC_DM_source]],MATCH(Tab_Data_Flows[[#This Row],[Name(EN)]],Tab_Def_Flows[Name(EN)],0),20) -> 0.49 | AJ13: =IF(L13="Yes",AI13*Tab_Data_Flows[[#This Row],[Flow_Py]],"N.A.") -> 78.59369 | AK13: =Tab_Data_Flows[[#This Row],[UoM_Flow_Py]] -> Mg
A14: =ROW()-1 -> 13 | B14: =_xlfn.XLOOKUP(C14,Tab_Def_Flows[Name(EN)],Tab_Def_Flows[Flow_ID],,0,) -> F_13_20 | C14: Rye plant | D14: =_xlfn.XLOOKUP(C14,Tab_Def_Flows[Name(EN)],Tab_Def_Flows[Type_Biomass],,0,) -> 0 | E14: =_xlfn.XLOOKUP(C14,Tab_Def_Flows[Name(EN)],Tab_Def_Flows[Output_Process],,0,) -> Rye cultivation | F14: =_xlfn.XLOOKUP(C14,Tab_Def_Flows[Name(EN)],Tab_Def_Flows[Process_ID_O],,0,) -> 13_Rye_BB | G14: =_xlfn.XLOOKUP(C14,Tab_Def_Flows[Name(EN)],Tab_Def_Flows[Input_Process],,0,) -> Rye cultivation and harvest | H14: =_xlfn.XLOOKUP(C14,Tab_Def_Flows[Name(EN)],Tab_Def_Flows[Process_ID_I],,0,) -> 20_Rye_BB | I14: =_xlfn.XLOOKUP(C14,Tab_Def_Flows[Name(EN)],Tab_Def_Flows[Value_Source],,0,) -> Data_assumption | J14: =_xlfn.XLOOKUP(C14,Tab_Def_Flows[Name(EN)],Tab_Def_Flows[WC?],,0,) -> Yes | K14: =_xlfn.XLOOKUP(C14,Tab_Def_Flows[Name(EN)],Tab_Def_Flows[DM?],,0,) -> Yes | L14: =_xlfn.XLOOKUP(C14,Tab_Def_Flows[Name(EN)],Tab_Def_Flows[CC?],,0,) -> Yes | M14: 2034 | N14: BB | O14: =O13*1.02 -> 163.60319 | P14: Mg/a | Q14: Stramento | X14: No | Y14: 371 | AA14: =IF(X14="no",O14,O14*Y14) -> 163.60319 | AB14: Mg | AC14: =INDEX(Tab_Def_Flows[[Flow_ID]:[CC_DM_source]],MATCH(Tab_Data_Flows[[#This Row],[Name(EN)]],Tab_Def_Flows[Name(EN)],0),16) -> 0.06 | AD14: =IF(J14="Yes",AA14*Tab_Data_Flows[[#This Row],[WC_'[%']]],"N.A.") -> 9.8161915 | AE14: =Tab_Data_Flows[[#This Row],[UoM_Flow_Py]] -> Mg | AF14: =INDEX(Tab_Def_Flows[[Flow_ID]:[CC_DM_source]],MATCH(Tab_Data_Flows[[#This Row],[Name(EN)]],Tab_Def_Flows[Name(EN)],0),18) -> 0.94 | AG14: =IF(K14="Yes",AF14*Tab_Data_Flows[[#This Row],[Flow_Py]],"N.A.") -> 153.787 | AH14: =Tab_Data_Flows[[#This Row],[UoM_Flow_Py]] -> Mg | AI14: =INDEX(Tab_Def_Flows[[Flow_ID]:[CC_DM_source]],MATCH(Tab_Data_Flows[[#This Row],[Name(EN)]],Tab_Def_Flows[Name(EN)],0),20) -> 0.49 | AJ14: =IF(L14="Yes",AI14*Tab_Data_Flows[[#This Row],[Flow_Py]],"N.A.") -> 80.165564 | AK14: =Tab_Data_Flows[[#This Row],[UoM_Flow_Py]] -> Mg
... A16: =ROW()-1 -> 15 | B16: =_xlfn.XLOOKUP(C16,Tab_Def_Flows[Name(EN)],Tab_Def_Flows[Flow_ID],,0,) -> F_13_20 | C16: Rye plant | D16: =_xlfn.XLOOKUP(C16,Tab_Def_Flows[Name(EN)],Tab_Def_Flows[Type_Biomass],,0,) -> 0 | E16: =_xlfn.XLOOKUP(C16,Tab_Def_Flows[Name(EN)],Tab_Def_Flows[Output_Process],,0,) -> Rye cultivation | F16: =_xlfn.XLOOKUP(C16,Tab_Def_Flows[Name(EN)],Tab_Def_Flows[Process_ID_O],,0,) -> 13_Rye_BB | G16: =_xlfn.XLOOKUP(C16,Tab_Def_Flows[Name(EN)],Tab_Def_Flows[Input_Process],,0,) -> Rye cultivation and harvest | H16: =_xlfn.XLOOKUP(C16,Tab_Def_Flows[Name(EN)],Tab_Def_Flows[Process_ID_I],,0,) -> 20_Rye_BB | I16: =_xlfn.XLOOKUP(C16,Tab_Def_Flows[Name(EN)],Tab_Def_Flows[Value_Source],,0,) -> Data_assumption | J16: =_xlfn.XLOOKUP(C16,Tab_Def_Flows[Name(EN)],Tab_Def_Flows[WC?],,0,) -> Yes | K16: =_xlfn.XLOOKUP(C16,Tab_Def_Flows[Name(EN)],Tab_Def_Flows[DM?],,0,) -> Yes | L16: =_xlfn.XLOOKUP(C16,Tab_Def_Flows[Name(EN)],Tab_Def_Flows[CC?],,0,) -> Yes | M16: 2036 | N16: BB | O16: =O15*1.02 -> 170.21276 | P16: Mg/a | Q16: Stramento | X16: No | Y16: 371 | AA16: =IF(X16="no",O16,O16*Y16) -> 170.21276 | AB16: Mg | AC16: =INDEX(Tab_Def_Flows[[Flow_ID]:[CC_DM_source]],MATCH(Tab_Data_Flows[[#This Row],[Name(EN)]],Tab_Def_Flows[Name(EN)],0),16) -> 0.06 | AD16: =IF(J16="Yes",AA16*Tab_Data_Flows[[#This Row],[WC_'[%']]],"N.A.") -> 10.212766 | AE16: =Tab_Data_Flows[[#This Row],[UoM_Flow_Py]] -> Mg | AF16: =INDEX(Tab_Def_Flows[[Flow_ID]:[CC_DM_source]],MATCH(Tab_Data_Flows[[#This Row],[Name(EN)]],Tab_Def_Flows[Name(EN)],0),18) -> 0.94 | AG16: =IF(K16="Yes",AF16*Tab_Data_Flows[[#This Row],[Flow_Py]],"N.A.") -> 159.99999 | AH16: =Tab_Data_Flows[[#This Row],[UoM_Flow_Py]] -> Mg | AI16: =INDEX(Tab_Def_Flows[[Flow_ID]:[CC_DM_source]],MATCH(Tab_Data_Flows[[#This Row],[Name(EN)]],Tab_Def_Flows[Name(EN)],0),20) -> 0.49 | AJ16: =IF(L16="Yes",AI16*Tab_Data_Flows[[#This Row],[Flow_Py]],"N.A.") -> 83.404253 | AK16: =Tab_Data_Flows[[#This Row],[UoM_Flow_Py]] -> Mg
A17: =ROW()-1 -> 16 | B17: =_xlfn.XLOOKUP(C17,Tab_Def_Flows[Name(EN)],Tab_Def_Flows[Flow_ID],,0,) -> F_04_01 | C17: Cow Manure | D17: =_xlfn.XLOOKUP(C17,Tab_Def_Flows[Name(EN)],Tab_Def_Flows[Type_Biomass],,0,) -> 0 | E17: =_xlfn.XLOOKUP(C17,Tab_Def_Flows[Name(EN)],Tab_Def_Flows[Output_Process],,0,) -> Life stock farming | F17: =_xlfn.XLOOKUP(C17,Tab_Def_Flows[Name(EN)],Tab_Def_Flows[Process_ID_O],,0,) -> 04_Lif_BB | G17: =_xlfn.XLOOKUP(C17,Tab_Def_Flows[Name(EN)],Tab_Def_Flows[Input_Process],,0,) -> Biogas production | H17: =_xlfn.XLOOKUP(C17,Tab_Def_Flows[Name(EN)],Tab_Def_Flows[Process_ID_I],,0,) -> 01_Bio_BB | I17: =_xlfn.XLOOKUP(C17,Tab_Def_Flows[Name(EN)],Tab_Def_Flows[Value_Source],,0,) -> 0 | J17: =_xlfn.XLOOKUP(C17,Tab_Def_Flows[Name(EN)],Tab_Def_Flows[WC?],,0,) -> Yes | K17: =_xlfn.XLOOKUP(C17,Tab_Def_Flows[Name(EN)],Tab_Def_Flows[DM?],,0,) -> Yes | L17: =_xlfn.XLOOKUP(C17,Tab_Def_Flows[Name(EN)],Tab_Def_Flows[CC?],,0,) -> Yes | M17: 2022 | N17: BB | O17: 39 | P17: Mg/a | X17: No | AA17: =IF(X17="no",O17,O17*Y17) -> 39 | AB17: Mg | AC17: =INDEX(Tab_Def_Flows[[Flow_ID]:[CC_DM_source]],MATCH(Tab_Data_Flows[[#This Row],[Name(EN)]],Tab_Def_Flows[Name(EN)],0),16) -> 0.94 | AD17: =IF(J17="Yes",AA17*Tab_Data_Flows[[#This Row],[WC_'[%']]],"N.A.") -> 36.66 | AE17: =Tab_Data_Flows[[#This Row],[UoM_Flow_Py]] -> Mg | AF17: =INDEX(Tab_Def_Flows[[Flow_ID]:[CC_DM_source]],MATCH(Tab_Data_Flows[[#This Row],[Name(EN)]],Tab_Def_Flows[Name(EN)],0),18) -> 0.06 | AG17: =IF(K17="Yes",AF17*Tab_Data_Flows[[#This Row],[Flow_Py]],"N.A.") -> 2.34 | AH17: =Tab_Data_Flows[[#This Row],[UoM_Flow_Py]] -> Mg | AI17: =INDEX(Tab_Def_Flows[[Flow_ID]:[CC_DM_source]],MATCH(Tab_Data_Flows[[#This Row],[Name(EN)]],Tab_Def_Flows[Name(EN)],0),20) -> 0.49 | AJ17: =IF(L17="Yes",AI17*Tab_Data_Flows[[#This Row],[Flow_Py]],"N.A.") -> 19.11 | AK17: =Tab_Data_Flows[[#This Row],[UoM_Flow_Py]] -> Mg
A18: =ROW()-1 -> 17 | B18: =_xlfn.XLOOKUP(C18,Tab_Def_Flows[Name(EN)],Tab_Def_Flows[Flow_ID],,0,) -> F_04_01 | C18: Cow Manure | D18: =_xlfn.XLOOKUP(C18,Tab_Def_Flows[Name(EN)],Tab_Def_Flows[Type_Biomass],,0,) -> 0 | E18: =_xlfn.XLOOKUP(C18,Tab_Def_Flows[Name(EN)],Tab_Def_Flows[Output_Process],,0,) -> Life stock farming | F18: =_xlfn.XLOOKUP(C18,Tab_Def_Flows[Name(EN)],Tab_Def_Flows[Process_ID_O],,0,) -> 04_Lif_BB | G18: =_xlfn.XLOOKUP(C18,Tab_Def_Flows[Name(EN)],Tab_Def_Flows[Input_Process],,0,) -> Biogas production | H18: =_xlfn.XLOOKUP(C18,Tab_Def_Flows[Name(EN)],Tab_Def_Flows[Process_ID_I],,0,) -> 01_Bio_BB | I18: =_xlfn.XLOOKUP(C18,Tab_Def_Flows[Name(EN)],Tab_Def_Flows[Value_Source],,0,) -> 0 | J18: =_xlfn.XLOOKUP(C18,Tab_Def_Flows[Name(EN)],Tab_Def_Flows[WC?],,0,) -> Yes | K18: =_xlfn.XLOOKUP(C18,Tab_Def_Flows[Name(EN)],Tab_Def_Flows[DM?],,0,) -> Yes | L18: =_xlfn.XLOOKUP(C18,Tab_Def_Flows[Name(EN)],Tab_Def_Flows[CC?],,0,) -> Yes | M18: 2023 | N18: BB | O18: =O17*1.02 -> 39.78 | P18: Mg/a | X18: No | AA18: =IF(X18="no",O18,O18*Y18) -> 39.78 | AB18: Mg | AC18: =INDEX(Tab_Def_Flows[[Flow_ID]:[CC_DM_source]],MATCH(Tab_Data_Flows[[#This Row],[Name(EN)]],Tab_Def_Flows[Name(EN)],0),16) -> 0.94 | AD18: =IF(J18="Yes",AA18*Tab_Data_Flows[[#This Row],[WC_'[%']]],"N.A.") -> 37.3932 | AE18: =Tab_Data_Flows[[#This Row],[UoM_Flow_Py]] -> Mg | AF18: =INDEX(Tab_Def_Flows[[Flow_ID]:[CC_DM_source]],MATCH(Tab_Data_Flows[[#This Row],[Name(EN)]],Tab_Def_Flows[Name(EN)],0),18) -> 0.06 | AG18: =IF(K18="Yes",AF18*Tab_Data_Flows[[#This Row],[Flow_Py]],"N.A.") -> 2.3868 | AH18: =Tab_Data_Flows[[#This Row],[UoM_Flow_Py]] -> Mg | AI18: =INDEX(Tab_Def_Flows[[Flow_ID]:[CC_DM_source]],MATCH(Tab_Data_Flows[[#This Row],[Name(EN)]],Tab_Def_Flows[Name(EN)],0),20) -> 0.49 | AJ18: =IF(L18="Yes",AI18*Tab_Data_Flows[[#This Row],[Flow_Py]],"N.A.") -> 19.4922 | AK18: =Tab_Data_Flows[[#This Row],[UoM_Flow_Py]] -> Mg
A19: =ROW()-1 -> 18 | B19: =_xlfn.XLOOKUP(C19,Tab_Def_Flows[Name(EN)],Tab_Def_Flows[Flow_ID],,0,) -> F_04_01 | C19: Cow Manure | D19: =_xlfn.XLOOKUP(C19,Tab_Def_Flows[Name(EN)],Tab_Def_Flows[Type_Biomass],,0,) -> 0 | E19: =_xlfn.XLOOKUP(C19,Tab_Def_Flows[Name(EN)],Tab_Def_Flows[Output_Process],,0,) -> Life stock farming | F19: =_xlfn.XLOOKUP(C19,Tab_Def_Flows[Name(EN)],Tab_Def_Flows[Process_ID_O],,0,) -> 04_Lif_BB | G19: =_xlfn.XLOOKUP(C19,Tab_Def_Flows[Name(EN)],Tab_Def_Flows[Input_Process],,0,) -> Biogas production | H19: =_xlfn.XLOOKUP(C19,Tab_Def_Flows[Name(EN)],Tab_Def_Flows[Process_ID_I],,0,) -> 01_Bio_BB | I19: =_xlfn.XLOOKUP(C19,Tab_Def_Flows[Name(EN)],Tab_Def_Flows[Value_Source],,0,) -> 0 | J19: =_xlfn.XLOOKUP(C19,Tab_Def_Flows[Name(EN)],Tab_Def_Flows[WC?],,0,) -> Yes | K19: =_xlfn.XLOOKUP(C19,Tab_Def_Flows[Name(EN)],Tab_Def_Flows[DM?],,0,) -> Yes | L19: =_xlfn.XLOOKUP(C19,Tab_Def_Flows[Name(EN)],Tab_Def_Flows[CC?],,0,) -> Yes | M19: 2024 | N19: BB | O19: =O18*1.02 -> 40.5756 | P19: Mg/a | X19: No | AA19: =IF(X19="no",O19,O19*Y19) -> 40.5756 | AB19: Mg | AC19: =INDEX(Tab_Def_Flows[[Flow_ID]:[CC_DM_source]],MATCH(Tab_Data_Flows[[#This Row],[Name(EN)]],Tab_Def_Flows[Name(EN)],0),16) -> 0.94 | AD19: =IF(J19="Yes",AA19*Tab_Data_Flows[[#This Row],[WC_'[%']]],"N.A.") -> 38.141064 | AE19: =Tab_Data_Flows[[#This Row],[UoM_Flow_Py]] -> Mg | AF19: =INDEX(Tab_Def_Flows[[Flow_ID]:[CC_DM_source]],MATCH(Tab_Data_Flows[[#This Row],[Name(EN)]],Tab_Def_Flows[Name(EN)],0),18) -> 0.06 | AG19: =IF(K19="Yes",AF19*Tab_Data_Flows[[#This Row],[Flow_Py]],"N.A.") -> 2.434536 | AH19: =Tab_Data_Flows[[#This Row],[UoM_Flow_Py]] -> Mg | AI19: =INDEX(Tab_Def_Flows[[Flow_ID]:[CC_DM_source]],MATCH(Tab_Data_Flows[[#This Row],[Name(EN)]],Tab_Def_Flows[Name(EN)],0),20) -> 0.49 | AJ19: =IF(L19="Yes",AI19*Tab_Data_Flows[[#This Row],[Flow_Py]],"N.A.") -> 19.882044 | AK19: =Tab_Data_Flows[[#This Row],[UoM_Flow_Py]] -> Mg
A20: =ROW()-1 -> 19 | B20: =_xlfn.XLOOKUP(C20,Tab_Def_Flows[Name(EN)],Tab_Def_Flows[Flow_ID],,0,) -> F_04_01 | C20: Cow Manure | D20: =_xlfn.XLOOKUP(C20,Tab_Def_Flows[Name(EN)],Tab_Def_Flows[Type_Biomass],,0,) -> 0 | E20: =_xlfn.XLOOKUP(C20,Tab_Def_Flows[Name(EN)],Tab_Def_Flows[Output_Process],,0,) -> Life stock farming | F20: =_xlfn.XLOOKUP(C20,Tab_Def_Flows[Name(EN)],Tab_Def_Flows[Process_ID_O],,0,) -> 04_Lif_BB | G20: =_xlfn.XLOOKUP(C20,Tab_Def_Flows[Name(EN)],Tab_Def_Flows[Input_Process],,0,) -> Biogas production | H20: =_xlfn.XLOOKUP(C20,Tab_Def_Flows[Name(EN)],Tab_Def_Flows[Process_ID_I],,0,) -> 01_Bio_BB | I20: =_xlfn.XLOOKUP(C20,Tab_Def_Flows[Name(EN)],Tab_Def_Flows[Value_Source],,0,) -> 0 | J20: =_xlfn.XLOOKUP(C20,Tab_Def_Flows[Name(EN)],Tab_Def_Flows[WC?],,0,) -> Yes | K20: =_xlfn.XLOOKUP(C20,Tab_Def_Flows[Name(EN)],Tab_Def_Flows[DM?],,0,) -> Yes | L20: =_xlfn.XLOOKUP(C20,Tab_Def_Flows[Name(EN)],Tab_Def_Flows[CC?],,0,) -> Yes | M20: 2025 | N20: BB | O20: =O19*1.02 -> 41.387112 | P20: Mg/a | X20: No | AA20: =IF(X20="no",O20,O20*Y20) -> 41.387112 | AB20: Mg | AC20: =INDEX(Tab_Def_Flows[[Flow_ID]:[CC_DM_source]],MATCH(Tab_Data_Flows[[#This Row],[Name(EN)]],Tab_Def_Flows[Name(EN)],0),16) -> 0.94 | AD20: =IF(J20="Yes",AA20*Tab_Data_Flows[[#This Row],[WC_'[%']]],"N.A.") -> 38.903885 | AE20: =Tab_Data_Flows[[#This Row],[UoM_Flow_Py]] -> Mg | AF20: =INDEX(Tab_Def_Flows[[Flow_ID]:[CC_DM_source]],MATCH(Tab_Data_Flows[[#This Row],[Name(EN)]],Tab_Def_Flows[Name(EN)],0),18) -> 0.06 | AG20: =IF(K20="Yes",AF20*Tab_Data_Flows[[#This Row],[Flow_Py]],"N.A.") -> 2.4832267 | AH20: =Tab_Data_Flows[[#This Row],[UoM_Flow_Py]] -> Mg | AI20: =INDEX(Tab_Def_Flows[[Flow_ID]:[CC_DM_source]],MATCH(Tab_Data_Flows[[#This Row],[Name(EN)]],Tab_Def_Flows[Name(EN)],0),20) -> 0.49 | AJ20: =IF(L20="Yes",AI20*Tab_Data_Flows[[#This Row],[Flow_Py]],"N.A.") -> 20.279685 | AK20: =Tab_Data_Flows[[#This Row],[UoM_Flow_Py]] -> Mg
A21: =ROW()-1 -> 20 | B21: =_xlfn.XLOOKUP(C21,Tab_Def_Flows[Name(EN)],Tab_Def_Flows[Flow_ID],,0,) -> F_04_01 | C21: Cow Manure | D21: =_xlfn.XLOOKUP(C21,Tab_Def_Flows[Name(EN)],Tab_Def_Flows[Type_Biomass],,0,) -> 0 | E21: =_xlfn.XLOOKUP(C21,Tab_Def_Flows[Name(EN)],Tab_Def_Flows[Output_Process],,0,) -> Life stock farming | F21: =_xlfn.XLOOKUP(C21,Tab_Def_Flows[Name(EN)],Tab_Def_Flows[Process_ID_O],,0,) -> 04_Lif_BB | G21: =_xlfn.XLOOKUP(C21,Tab_Def_Flows[Name(EN)],Tab_Def_Flows[Input_Process],,0,) -> Biogas production | H21: =_xlfn.XLOOKUP(C21,Tab_Def_Flows[Name(EN)],Tab_Def_Flows[Process_ID_I],,0,) -> 01_Bio_BB | I21: =_xlfn.XLOOKUP(C21,Tab_Def_Flows[Name(EN)],Tab_Def_Flows[Value_Source],,0,) -> 0 | J21: =_xlfn.XLOOKUP(C21,Tab_Def_Flows[Name(EN)],Tab_Def_Flows[WC?],,0,) -> Yes | K21: =_xlfn.XLOOKUP(C21,Tab_Def_Flows[Name(EN)],Tab_Def_Flows[DM?],,0,) -> Yes | L21: =_xlfn.XLOOKUP(C21,Tab_Def_Flows[Name(EN)],Tab_Def_Flows[CC?],,0,) -> Yes | M21: 2026 | N21: BB | O21: =O20*1.02 -> 42.214854 | P21: Mg/a | X21: No | AA21: =IF(X21="no",O21,O21*Y21) -> 42.214854 | AB21: Mg | AC21: =INDEX(Tab_Def_Flows[[Flow_ID]:[CC_DM_source]],MATCH(Tab_Data_Flows[[#This Row],[Name(EN)]],Tab_Def_Flows[Name(EN)],0),16) -> 0.94 | AD21: =IF(J21="Yes",AA21*Tab_Data_Flows[[#This Row],[WC_'[%']]],"N.A.") -> 39.681963 | AE21: =Tab_Data_Flows[[#This Row],[UoM_Flow_Py]] -> Mg | AF21: =INDEX(Tab_Def_Flows[[Flow_ID]:[CC_DM_source]],MATCH(Tab_Data_Flows[[#This Row],[Name(EN)]],Tab_Def_Flows[Name(EN)],0),18) -> 0.06 | AG21: =IF(K21="Yes",AF21*Tab_Data_Flows[[#This Row],[Flow_Py]],"N.A.") -> 2.5328913 | AH21: =Tab_Data_Flows[[#This Row],[UoM_Flow_Py]] -> Mg | AI21: =INDEX(Tab_Def_Flows[[Flow_ID]:[CC_DM_source]],MATCH(Tab_Data_Flows[[#This Row],[Name(EN)]],Tab_Def_Flows[Name(EN)],0),20) -> 0.49 | AJ21: =IF(L21="Yes",AI21*Tab_Data_Flows[[#This Row],[Flow_Py]],"N.A.") -> 20.685279 | AK21: =Tab_Data_Flows[[#This Row],[UoM_Flow_Py]] -> Mg
A22: =ROW()-1 -> 21 | B22: =_xlfn.XLOOKUP(C22,Tab_Def_Flows[Name(EN)],Tab_Def_Flows[Flow_ID],,0,) -> F_04_01 | C22: Cow Manure | D22: =_xlfn.XLOOKUP(C22,Tab_Def_Flows[Name(EN)],Tab_Def_Flows[Type_Biomass],,0,) -> 0 | E22: =_xlfn.XLOOKUP(C22,Tab_Def_Flows[Name(EN)],Tab_Def_Flows[Output_Process],,0,) -> Life stock farming | F22: =_xlfn.XLOOKUP(C22,Tab_Def_Flows[Name(EN)],Tab_Def_Flows[Process_ID_O],,0,) -> 04_Lif_BB | G22: =_xlfn.XLOOKUP(C22,Tab_Def_Flows[Name(EN)],Tab_Def_Flows[Input_Process],,0,) -> Biogas production | H22: =_xlfn.XLOOKUP(C22,Tab_Def_Flows[Name(EN)],Tab_Def_Flows[Process_ID_I],,0,) -> 01_Bio_BB | I22: =_xlfn.XLOOKUP(C22,Tab_Def_Flows[Name(EN)],Tab_Def_Flows[Value_Source],,0,) -> 0 | J22: =_xlfn.XLOOKUP(C22,Tab_Def_Flows[Name(EN)],Tab_Def_Flows[WC?],,0,) -> Yes | K22: =_xlfn.XLOOKUP(C22,Tab_Def_Flows[Name(EN)],Tab_Def_Flows[DM?],,0,) -> Yes | L22: =_xlfn.XLOOKUP(C22,Tab_Def_Flows[Name(EN)],Tab_Def_Flows[CC?],,0,) -> Yes | M22: 2027 | N22: BB | O22: =O21*1.02 -> 43.059151 | P22: Mg/a | X22: No | AA22: =IF(X22="no",O22,O22*Y22) -> 43.059151 | AB22: Mg | AC22: =INDEX(Tab_Def_Flows[[Flow_ID]:[CC_DM_source]],MATCH(Tab_Data_Flows[[#This Row],[Name(EN)]],Tab_Def_Flows[Name(EN)],0),16) -> 0.94 | AD22: =IF(J22="Yes",AA22*Tab_Data_Flows[[#This Row],[WC_'[%']]],"N.A.") -> 40.475602 | AE22: =Tab_Data_Flows[[#This Row],[UoM_Flow_Py]] -> Mg | AF22: =INDEX(Tab_Def_Flows[[Flow_ID]:[CC_DM_source]],MATCH(Tab_Data_Flows[[#This Row],[Name(EN)]],Tab_Def_Flows[Name(EN)],0),18) -> 0.06 | AG22: =IF(K22="Yes",AF22*Tab_Data_Flows[[#This Row],[Flow_Py]],"N.A.") -> 2.5835491 | AH22: =Tab_Data_Flows[[#This Row],[UoM_Flow_Py]] -> Mg | AI22: =INDEX(Tab_Def_Flows[[Flow_ID]:[CC_DM_source]],MATCH(Tab_Data_Flows[[#This Row],[Name(EN)]],Tab_Def_Flows[Name(EN)],0),20) -> 0.49 | AJ22: =IF(L22="Yes",AI22*Tab_Data_Flows[[#This Row],[Flow_Py]],"N.A.") -> 21.098984 | AK22: =Tab_Data_Flows[[#This Row],[UoM_Flow_Py]] -> Mg
A23: =ROW()-1 -> 22 | B23: =_xlfn.XLOOKUP(C23,Tab_Def_Flows[Name(EN)],Tab_Def_Flows[Flow_ID],,0,) -> F_04_01 | C23: Cow Manure | D23: =_xlfn.XLOOKUP(C23,Tab_Def_Flows[Name(EN)],Tab_Def_Flows[Type_Biomass],,0,) -> 0 | E23: =_xlfn.XLOOKUP(C23,Tab_Def_Flows[Name(EN)],Tab_Def_Flows[Output_Process],,0,) -> Life stock farming | F23: =_xlfn.XLOOKUP(C23,Tab_Def_Flows[Name(EN)],Tab_Def_Flows[Process_ID_O],,0,) -> 04_Lif_BB | G23: =_xlfn.XLOOKUP(C23,Tab_Def_Flows[Name(EN)],Tab_Def_Flows[Input_Process],,0,) -> Biogas production | H23: =_xlfn.XLOOKUP(C23,Tab_Def_Flows[Name(EN)],Tab_Def_Flows[Process_ID_I],,0,) -> 01_Bio_BB | I23: =_xlfn.XLOOKUP(C23,Tab_Def_Flows[Name(EN)],Tab_Def_Flows[Value_Source],,0,) -> 0 | J23: =_xlfn.XLOOKUP(C23,Tab_Def_Flows[Name(EN)],Tab_Def_Flows[WC?],,0,) -> Yes | K23: =_xlfn.XLOOKUP(C23,Tab_Def_Flows[Name(EN)],Tab_Def_Flows[DM?],,0,) -> Yes | L23: =_xlfn.XLOOKUP(C23,Tab_Def_Flows[Name(EN)],Tab_Def_Flows[CC?],,0,) -> Yes | M23: 2028 | N23: BB | O23: =O22*1.02 -> 43.920334 | P23: Mg/a | X23: No | AA23: =IF(X23="no",O23,O23*Y23) -> 43.920334 | AB23: Mg | AC23: =INDEX(Tab_Def_Flows[[Flow_ID]:[CC_DM_source]],MATCH(Tab_Data_Flows[[#This Row],[Name(EN)]],Tab_Def_Flows[Name(EN)],0),16) -> 0.94 | AD23: =IF(J23="Yes",AA23*Tab_Data_Flows[[#This Row],[WC_'[%']]],"N.A.") -> 41.285114 | AE23: =Tab_Data_Flows[[#This Row],[UoM_Flow_Py]] -> Mg | AF23: =INDEX(Tab_Def_Flows[[Flow_ID]:[CC_DM_source]],MATCH(Tab_Data_Flows[[#This Row],[Name(EN)]],Tab_Def_Flows[Name(EN)],0),18) -> 0.06 | AG23: =IF(K23="Yes",AF23*Tab_Data_Flows[[#This Row],[Flow_Py]],"N.A.") -> 2.6352201 | AH23: =Tab_Data_Flows[[#This Row],[UoM_Flow_Py]] -> Mg | AI23: =INDEX(Tab_Def_Flows[[Flow_ID]:[CC_DM_source]],MATCH(Tab_Data_Flows[[#This Row],[Name(EN)]],Tab_Def_Flows[Name(EN)],0),20) -> 0.49 | AJ23: =IF(L23="Yes",AI23*Tab_Data_Flows[[#This Row],[Flow_Py]],"N.A.") -> 21.520964 | AK23: =Tab_Data_Flows[[#This Row],[UoM_Flow_Py]] -> Mg
A24: =ROW()-1 -> 23 | B24: =_xlfn.XLOOKUP(C24,Tab_Def_Flows[Name(EN)],Tab_Def_Flows[Flow_ID],,0,) -> F_04_01 | C24: Cow Manure | D24: =_xlfn.XLOOKUP(C24,Tab_Def_Flows[Name(EN)],Tab_Def_Flows[Type_Biomass],,0,) -> 0 | E24: =_xlfn.XLOOKUP(C24,Tab_Def_Flows[Name(EN)],Tab_Def_Flows[Output_Process],,0,) -> Life stock farming | F24: =_xlfn.XLOOKUP(C24,Tab_Def_Flows[Name(EN)],Tab_Def_Flows[Process_ID_O],,0,) -> 04_Lif_BB | G24: =_xlfn.XLOOKUP(C24,Tab_Def_Flows[Name(EN)],Tab_Def_Flows[Input_Process],,0,) -> Biogas production | H24: =_xlfn.XLOOKUP(C24,Tab_Def_Flows[Name(EN)],Tab_Def_Flows[Process_ID_I],,0,) -> 01_Bio_BB | I24: =_xlfn.XLOOKUP(C24,Tab_Def_Flows[Name(EN)],Tab_Def_Flows[Value_Source],,0,) -> 0 | J24: =_xlfn.XLOOKUP(C24,Tab_Def_Flows[Name(EN)],Tab_Def_Flows[WC?],,0,) -> Yes | K24: =_xlfn.XLOOKUP(C24,Tab_Def_Flows[Name(EN)],Tab_Def_Flows[DM?],,0,) -> Yes | L24: =_xlfn.XLOOKUP(C24,Tab_Def_Flows[Name(EN)],Tab_Def_Flows[CC?],,0,) -> Yes | M24: 2029 | N24: BB | O24: =O23*1.02 -> 44.798741 | P24: Mg/a | X24: No | AA24: =IF(X24="no",O24,O24*Y24) -> 44.798741 | AB24: Mg | AC24: =INDEX(Tab_Def_Flows[[Flow_ID]:[CC_DM_source]],MATCH(Tab_Data_Flows[[#This Row],[Name(EN)]],Tab_Def_Flows[Name(EN)],0),16) -> 0.94 | AD24: =IF(J24="Yes",AA24*Tab_Data_Flows[[#This Row],[WC_'[%']]],"N.A.") -> 42.110817 | AE24: =Tab_Data_Flows[[#This Row],[UoM_Flow_Py]] -> Mg | AF24: =INDEX(Tab_Def_Flows[[Flow_ID]:[CC_DM_source]],MATCH(Tab_Data_Flows[[#This Row],[Name(EN)]],Tab_Def_Flows[Name(EN)],0),18) -> 0.06 | AG24: =IF(K24="Yes",AF24*Tab_Data_Flows[[#This Row],[Flow_Py]],"N.A.") -> 2.6879245 | AH24: =Tab_Data_Flows[[#This Row],[UoM_Flow_Py]] -> Mg | AI24: =INDEX(Tab_Def_Flows[[Flow_ID]:[CC_DM_source]],MATCH(Tab_Data_Flows[[#This Row],[Name(EN)]],Tab_Def_Flows[Name(EN)],0),20) -> 0.49 | AJ24: =IF(L24="Yes",AI24*Tab_Data_Flows[[#This Row],[Flow_Py]],"N.A.") -> 21.951383 | AK24: =Tab_Data_Flows[[#This Row],[UoM_Flow_Py]] -> Mg
A25: =ROW()-1 -> 24 | B25: =_xlfn.XLOOKUP(C25,Tab_Def_Flows[Name(EN)],Tab_Def_Flows[Flow_ID],,0,) -> F_04_01 | C25: Cow Manure | D25: =_xlfn.XLOOKUP(C25,Tab_Def_Flows[Name(EN)],Tab_Def_Flows[Type_Biomass],,0,) -> 0 | E25: =_xlfn.XLOOKUP(C25,Tab_Def_Flows[Name(EN)],Tab_Def_Flows[Output_Process],,0,) -> Life stock farming | F25: =_xlfn.XLOOKUP(C25,Tab_Def_Flows[Name(EN)],Tab_Def_Flows[Process_ID_O],,0,) -> 04_Lif_BB | G25: =_xlfn.XLOOKUP(C25,Tab_Def_Flows[Name(EN)],Tab_Def_Flows[Input_Process],,0,) -> Biogas production | H25: =_xlfn.XLOOKUP(C25,Tab_Def_Flows[Name(EN)],Tab_Def_Flows[Process_ID_I],,0,) -> 01_Bio_BB | I25: =_xlfn.XLOOKUP(C25,Tab_Def_Flows[Name(EN)],Tab_Def_Flows[Value_Source],,0,) -> 0 | J25: =_xlfn.XLOOKUP(C25,Tab_Def_Flows[Name(EN)],Tab_Def_Flows[WC?],,0,) -> Yes | K25: =_xlfn.XLOOKUP(C25,Tab_Def_Flows[Name(EN)],Tab_Def_Flows[DM?],,0,) -> Yes | L25: =_xlfn.XLOOKUP(C25,Tab_Def_Flows[Name(EN)],Tab_Def_Flows[CC?],,0,) -> Yes | M25: 2030 | N25: BB | O25: =O24*1.02 -> 45.694716 | P25: Mg/a | X25: No | AA25: =IF(X25="no",O25,O25*Y25) -> 45.694716 | AB25: Mg | AC25: =INDEX(Tab_Def_Flows[[Flow_ID]:[CC_DM_source]],MATCH(Tab_Data_Flows[[#This Row],[Name(EN)]],Tab_Def_Flows[Name(EN)],0),16) -> 0.94 | AD25: =IF(J25="Yes",AA25*Tab_Data_Flows[[#This Row],[WC_'[%']]],"N.A.") -> 42.953033 | AE25: =Tab_Data_Flows[[#This Row],[UoM_Flow_Py]] -> Mg | AF25: =INDEX(Tab_Def_Flows[[Flow_ID]:[CC_DM_source]],MATCH(Tab_Data_Flows[[#This Row],[Name(EN)]],Tab_Def_Flows[Name(EN)],0),18) -> 0.06 | AG25: =IF(K25="Yes",AF25*Tab_Data_Flows[[#This Row],[Flow_Py]],"N.A.") -> 2.741683 | AH25: =Tab_Data_Flows[[#This Row],[UoM_Flow_Py]] -> Mg | AI25: =INDEX(Tab_Def_Flows[[Flow_ID]:[CC_DM_source]],MATCH(Tab_Data_Flows[[#This Row],[Name(EN)]],Tab_Def_Flows[Name(EN)],0),20) -> 0.49 | AJ25: =IF(L25="Yes",AI25*Tab_Data_Flows[[#This Row],[Flow_Py]],"N.A.") -> 22.390411 | AK25: =Tab_Data_Flows[[#This Row],[UoM_Flow_Py]] -> Mg
A26: =ROW()-1 -> 25 | B26: =_xlfn.XLOOKUP(C26,Tab_Def_Flows[Name(EN)],Tab_Def_Flows[Flow_ID],,0,) -> F_04_01 | C26: Cow Manure | D26: =_xlfn.XLOOKUP(C26,Tab_Def_Flows[Name(EN)],Tab_Def_Flows[Type_Biomass],,0,) -> 0 | E26: =_xlfn.XLOOKUP(C26,Tab_Def_Flows[Name(EN)],Tab_Def_Flows[Output_Process],,0,) -> Life stock farming | F26: =_xlfn.XLOOKUP(C26,Tab_Def_Flows[Name(EN)],Tab_Def_Flows[Process_ID_O],,0,) -> 04_Lif_BB | G26: =_xlfn.XLOOKUP(C26,Tab_Def_Flows[Name(EN)],Tab_Def_Flows[Input_Process],,0,) -> Biogas production | H26: =_xlfn.XLOOKUP(C26,Tab_Def_Flows[Name(EN)],Tab_Def_Flows[Process_ID_I],,0,) -> 01_Bio_BB | I26: =_xlfn.XLOOKUP(C26,Tab_Def_Flows[Name(EN)],Tab_Def_Flows[Value_Source],,0,) -> 0 | J26: =_xlfn.XLOOKUP(C26,Tab_Def_Flows[Name(EN)],Tab_Def_Flows[WC?],,0,) -> Yes | K26: =_xlfn.XLOOKUP(C26,Tab_Def_Flows[Name(EN)],Tab_Def_Flows[DM?],,0,) -> Yes | L26: =_xlfn.XLOOKUP(C26,Tab_Def_Flows[Name(EN)],Tab_Def_Flows[CC?],,0,) -> Yes | M26: 2031 | N26: BB | O26: =O25*1.02 -> 46.60861 | P26: Mg/a | X26: No | AA26: =IF(X26="no",O26,O26*Y26) -> 46.60861 | AB26: Mg | AC26: =INDEX(Tab_Def_Flows[[Flow_ID]:[CC_DM_source]],MATCH(Tab_Data_Flows[[#This Row],[Name(EN)]],Tab_Def_Flows[Name(EN)],0),16) -> 0.94 | AD26: =IF(J26="Yes",AA26*Tab_Data_Flows[[#This Row],[WC_'[%']]],"N.A.") -> 43.812094 | AE26: =Tab_Data_Flows[[#This Row],[UoM_Flow_Py]] -> Mg | AF26: =INDEX(Tab_Def_Flows[[Flow_ID]:[CC_DM_source]],MATCH(Tab_Data_Flows[[#This Row],[Name(EN)]],Tab_Def_Flows[Name(EN)],0),18) -> 0.06 | AG26: =IF(K26="Yes",AF26*Tab_Data_Flows[[#This Row],[Flow_Py]],"N.A.") -> 2.7965166 | AH26: =Tab_Data_Flows[[#This Row],[UoM_Flow_Py]] -> Mg | AI26: =INDEX(Tab_Def_Flows[[Flow_ID]:[CC_DM_source]],MATCH(Tab_Data_Flows[[#This Row],[Name(EN)]],Tab_Def_Flows[Name(EN)],0),20) -> 0.49 | AJ26: =IF(L26="Yes",AI26*Tab_Data_Flows[[#This Row],[Flow_Py]],"N.A.") -> 22.838219 | AK26: =Tab_Data_Flows[[#This Row],[UoM_Flow_Py]] -> Mg
A27: =ROW()-1 -> 26 | B27: =_xlfn.XLOOKUP(C27,Tab_Def_Flows[Name(EN)],Tab_Def_Flows[Flow_ID],,0,) -> F_04_01 | C27: Cow Manure | D27: =_xlfn.XLOOKUP(C27,Tab_Def_Flows[Name(EN)],Tab_Def_Flows[Type_Biomass],,0,) -> 0 | E27: =_xlfn.XLOOKUP(C27,Tab_Def_Flows[Name(EN)],Tab_Def_Flows[Output_Process],,0,) -> Life stock farming | F27: =_xlfn.XLOOKUP(C27,Tab_Def_Flows[Name(EN)],Tab_Def_Flows[Process_ID_O],,0,) -> 04_Lif_BB | G27: =_xlfn.XLOOKUP(C27,Tab_Def_Flows[Name(EN)],Tab_Def_Flows[Input_Process],,0,) -> Biogas production | H27: =_xlfn.XLOOKUP(C27,Tab_Def_Flows[Name(EN)],Tab_Def_Flows[Process_ID_I],,0,) -> 01_Bio_BB | I27: =_xlfn.XLOOKUP(C27,Tab_Def_Flows[Name(EN)],Tab_Def_Flows[Value_Source],,0,) -> 0 | J27: =_xlfn.XLOOKUP(C27,Tab_Def_Flows[Name(EN)],Tab_Def_Flows[WC?],,0,) -> Yes | K27: =_xlfn.XLOOKUP(C27,Tab_Def_Flows[Name(EN)],Tab_Def_Flows[DM?],,0,) -> Yes | L27: =_xlfn.XLOOKUP(C27,Tab_Def_Flows[Name(EN)],Tab_Def_Flows[CC?],,0,) -> Yes | M27: 2032 | N27: BB | O27: =O26*1.02 -> 47.540782 | P27: Mg/a | X27: No | AA27: =IF(X27="no",O27,O27*Y27) -> 47.540782 | AB27: Mg | AC27: =INDEX(Tab_Def_Flows[[Flow_ID]:[CC_DM_source]],MATCH(Tab_Data_Flows[[#This Row],[Name(EN)]],Tab_Def_Flows[Name(EN)],0),16) -> 0.94 | AD27: =IF(J27="Yes",AA27*Tab_Data_Flows[[#This Row],[WC_'[%']]],"N.A.") -> 44.688335 | AE27: =Tab_Data_Flows[[#This Row],[UoM_Flow_Py]] -> Mg | AF27: =INDEX(Tab_Def_Flows[[Flow_ID]:[CC_DM_source]],MATCH(Tab_Data_Flows[[#This Row],[Name(EN)]],Tab_Def_Flows[Name(EN)],0),18) -> 0.06 | AG27: =IF(K27="Yes",AF27*Tab_Data_Flows[[#This Row],[Flow_Py]],"N.A.") -> 2.8524469 | AH27: =Tab_Data_Flows[[#This Row],[UoM_Flow_Py]] -> Mg | AI27: =INDEX(Tab_Def_Flows[[Flow_ID]:[CC_DM_source]],MATCH(Tab_Data_Flows[[#This Row],[Name(EN)]],Tab_Def_Flows[Name(EN)],0),20) -> 0.49 | AJ27: =IF(L27="Yes",AI27*Tab_Data_Flows[[#This Row],[Flow_Py]],"N.A.") -> 23.294983 | AK27: =Tab_Data_Flows[[#This Row],[UoM_Flow_Py]] -> Mg
A28: =ROW()-1 -> 27 | B28: =_xlfn.XLOOKUP(C28,Tab_Def_Flows[Name(EN)],Tab_Def_Flows[Flow_ID],,0,) -> F_04_01 | C28: Cow Manure | D28: =_xlfn.XLOOKUP(C28,Tab_Def_Flows[Name(EN)],Tab_Def_Flows[Type_Biomass],,0,) -> 0 | E28: =_xlfn.XLOOKUP(C28,Tab_Def_Flows[Name(EN)],Tab_Def_Flows[Output_Process],,0,) -> Life stock farming | F28: =_xlfn.XLOOKUP(C28,Tab_Def_Flows[Name(EN)],Tab_Def_Flows[Process_ID_O],,0,) -> 04_Lif_BB | G28: =_xlfn.XLOOKUP(C28,Tab_Def_Flows[Name(EN)],Tab_Def_Flows[Input_Process],,0,) -> Biogas production | H28: =_xlfn.XLOOKUP(C28,Tab_Def_Flows[Name(EN)],Tab_Def_Flows[Process_ID_I],,0,) -> 01_Bio_BB | I28: =_xlfn.XLOOKUP(C28,Tab_Def_Flows[Name(EN)],Tab_Def_Flows[Value_Source],,0,) -> 0 | J28: =_xlfn.XLOOKUP(C28,Tab_Def_Flows[Name(EN)],Tab_Def_Flows[WC?],,0,) -> Yes | K28: =_xlfn.XLOOKUP(C28,Tab_Def_Flows[Name(EN)],Tab_Def_Flows[DM?],,0,) -> Yes | L28: =_xlfn.XLOOKUP(C28,Tab_Def_Flows[Name(EN)],Tab_Def_Flows[CC?],,0,) -> Yes | M28: 2033 | N28: BB | O28: =O27*1.02 -> 48.491598 | P28: Mg/a | X28: No | AA28: =IF(X28="no",O28,O28*Y28) -> 48.491598 | AB28: Mg | AC28: =INDEX(Tab_Def_Flows[[Flow_ID]:[CC_DM_source]],MATCH(Tab_Data_Flows[[#This Row],[Name(EN)]],Tab_Def_Flows[Name(EN)],0),16) -> 0.94 | AD28: =IF(J28="Yes",AA28*Tab_Data_Flows[[#This Row],[WC_'[%']]],"N.A.") -> 45.582102 | AE28: =Tab_Data_Flows[[#This Row],[UoM_Flow_Py]] -> Mg | AF28: =INDEX(Tab_Def_Flows[[Flow_ID]:[CC_DM_source]],MATCH(Tab_Data_Flows[[#This Row],[Name(EN)]],Tab_Def_Flows[Name(EN)],0),18) -> 0.06 | AG28: =IF(K28="Yes",AF28*Tab_Data_Flows[[#This Row],[Flow_Py]],"N.A.") -> 2.9094959 | AH28: =Tab_Data_Flows[[#This Row],[UoM_Flow_Py]] -> Mg | AI28: =INDEX(Tab_Def_Flows[[Flow_ID]:[CC_DM_source]],MATCH(Tab_Data_Flows[[#This Row],[Name(EN)]],Tab_Def_Flows[Name(EN)],0),20) -> 0.49 | AJ28: =IF(L28="Yes",AI28*Tab_Data_Flows[[#This Row],[Flow_Py]],"N.A.") -> 23.760883 | AK28: =Tab_Data_Flows[[#This Row],[UoM_Flow_Py]] -> Mg
A29: =ROW()-1 -> 28 | B29: =_xlfn.XLOOKUP(C29,Tab_Def_Flows[Name(EN)],Tab_Def_Flows[Flow_ID],,0,) -> F_04_01 | C29: Cow Manure | D29: =_xlfn.XLOOKUP(C29,Tab_Def_Flows[Name(EN)],Tab_Def_Flows[Type_Biomass],,0,) -> 0 | E29: =_xlfn.XLOOKUP(C29,Tab_Def_Flows[Name(EN)],Tab_Def_Flows[Output_Process],,0,) -> Life stock farming | F29: =_xlfn.XLOOKUP(C29,Tab_Def_Flows[Name(EN)],Tab_Def_Flows[Process_ID_O],,0,) -> 04_Lif_BB | G29: =_xlfn.XLOOKUP(C29,Tab_Def_Flows[Name(EN)],Tab_Def_Flows[Input_Process],,0,) -> Biogas production | H29: =_xlfn.XLOOKUP(C29,Tab_Def_Flows[Name(EN)],Tab_Def_Flows[Process_ID_I],,0,) -> 01_Bio_BB | I29: =_xlfn.XLOOKUP(C29,Tab_Def_Flows[Name(EN)],Tab_Def_Flows[Value_Source],,0,) -> 0 | J29: =_xlfn.XLOOKUP(C29,Tab_Def_Flows[Name(EN)],Tab_Def_Flows[WC?],,0,) -> Yes | K29: =_xlfn.XLOOKUP(C29,Tab_Def_Flows[Name(EN)],Tab_Def_Flows[DM?],,0,) -> Yes | L29: =_xlfn.XLOOKUP(C29,Tab_Def_Flows[Name(EN)],Tab_Def_Flows[CC?],,0,) -> Yes | M29: 2034 | N29: BB | O29: =O28*1.02 -> 49.46143 | P29: Mg/a | X29: No | AA29: =IF(X29="no",O29,O29*Y29) -> 49.46143 | AB29: Mg | AC29: =INDEX(Tab_Def_Flows[[Flow_ID]:[CC_DM_source]],MATCH(Tab_Data_Flows[[#This Row],[Name(EN)]],Tab_Def_Flows[Name(EN)],0),16) -> 0.94 | AD29: =IF(J29="Yes",AA29*Tab_Data_Flows[[#This Row],[WC_'[%']]],"N.A.") -> 46.493744 | AE29: =Tab_Data_Flows[[#This Row],[UoM_Flow_Py]] -> Mg | AF29: =INDEX(Tab_Def_Flows[[Flow_ID]:[CC_DM_source]],MATCH(Tab_Data_Flows[[#This Row],[Name(EN)]],Tab_Def_Flows[Name(EN)],0),18) -> 0.06 | AG29: =IF(K29="Yes",AF29*Tab_Data_Flows[[#This Row],[Flow_Py]],"N.A.") -> 2.9676858 | AH29: =Tab_Data_Flows[[#This Row],[UoM_Flow_Py]] -> Mg | AI29: =INDEX(Tab_Def_Flows[[Flow_ID]:[CC_DM_source]],MATCH(Tab_Data_Flows[[#This Row],[Name(EN)]],Tab_Def_Flows[Name(EN)],0),20) -> 0.49 | AJ29: =IF(L29="Yes",AI29*Tab_Data_Flows[[#This Row],[Flow_Py]],"N.A.") -> 24.236101 | AK29: =Tab_Data_Flows[[#This Row],[UoM_Flow_Py]] -> Mg
... A31: =ROW()-1 -> 30 | B31: =_xlfn.XLOOKUP(C31,Tab_Def_Flows[Name(EN)],Tab_Def_Flows[Flow_ID],,0,) -> F_04_01 | C31: Cow Manure | D31: =_xlfn.XLOOKUP(C31,Tab_Def_Flows[Name(EN)],Tab_Def_Flows[Type_Biomass],,0,) -> 0 | E31: =_xlfn.XLOOKUP(C31,Tab_Def_Flows[Name(EN)],Tab_Def_Flows[Output_Process],,0,) -> Life stock farming | F31: =_xlfn.XLOOKUP(C31,Tab_Def_Flows[Name(EN)],Tab_Def_Flows[Process_ID_O],,0,) -> 04_Lif_BB | G31: =_xlfn.XLOOKUP(C31,Tab_Def_Flows[Name(EN)],Tab_Def_Flows[Input_Process],,0,) -> Biogas production | H31: =_xlfn.XLOOKUP(C31,Tab_Def_Flows[Name(EN)],Tab_Def_Flows[Process_ID_I],,0,) -> 01_Bio_BB | I31: =_xlfn.XLOOKUP(C31,Tab_Def_Flows[Name(EN)],Tab_Def_Flows[Value_Source],,0,) -> 0 | J31: =_xlfn.XLOOKUP(C31,Tab_Def_Flows[Name(EN)],Tab_Def_Flows[WC?],,0,) -> Yes | K31: =_xlfn.XLOOKUP(C31,Tab_Def_Flows[Name(EN)],Tab_Def_Flows[DM?],,0,) -> Yes | L31: =_xlfn.XLOOKUP(C31,Tab_Def_Flows[Name(EN)],Tab_Def_Flows[CC?],,0,) -> Yes | M31: 2036 | N31: BB | O31: =O30*1.02 -> 51.459672 | P31: Mg/a | X31: No | AA31: =IF(X31="no",O31,O31*Y31) -> 51.459672 | AB31: Mg | AC31: =INDEX(Tab_Def_Flows[[Flow_ID]:[CC_DM_source]],MATCH(Tab_Data_Flows[[#This Row],[Name(EN)]],Tab_Def_Flows[Name(EN)],0),16) -> 0.94 | AD31: =IF(J31="Yes",AA31*Tab_Data_Flows[[#This Row],[WC_'[%']]],"N.A.") -> 48.372091 | AE31: =Tab_Data_Flows[[#This Row],[UoM_Flow_Py]] -> Mg | AF31: =INDEX(Tab_Def_Flows[[Flow_ID]:[CC_DM_source]],MATCH(Tab_Data_Flows[[#This Row],[Name(EN)]],Tab_Def_Flows[Name(EN)],0),18) -> 0.06 | AG31: =IF(K31="Yes",AF31*Tab_Data_Flows[[#This Row],[Flow_Py]],"N.A.") -> 3.0875803 | AH31: =Tab_Data_Flows[[#This Row],[UoM_Flow_Py]] -> Mg | AI31: =INDEX(Tab_Def_Flows[[Flow_ID]:[CC_DM_source]],MATCH(Tab_Data_Flows[[#This Row],[Name(EN)]],Tab_Def_Flows[Name(EN)],0),20) -> 0.49 | AJ31: =IF(L31="Yes",AI31*Tab_Data_Flows[[#This Row],[Flow_Py]],"N.A.") -> 25.215239 | AK31: =Tab_Data_Flows[[#This Row],[UoM_Flow_Py]] -> Mg
A32: =ROW()-1 -> 31 | B32: =_xlfn.XLOOKUP(C32,Tab_Def_Flows[Name(EN)],Tab_Def_Flows[Flow_ID],,0,) -> F_11_02 | C32: Millet grain | D32: =_xlfn.XLOOKUP(C32,Tab_Def_Flows[Name(EN)],Tab_Def_Flows[Type_Biomass],,0,) -> 0 | E32: =_xlfn.XLOOKUP(C32,Tab_Def_Flows[Name(EN)],Tab_Def_Flows[Output_Process],,0,) -> Millet production | F32: =_xlfn.XLOOKUP(C32,Tab_Def_Flows[Name(EN)],Tab_Def_Flows[Process_ID_O],,0,) -> 11_Mil_BB | G32: =_xlfn.XLOOKUP(C32,Tab_Def_Flows[Name(EN)],Tab_Def_Flows[Input_Process],,0,) -> MBC production | H32: =_xlfn.XLOOKUP(C32,Tab_Def_Flows[Name(EN)],Tab_Def_Flows[Process_ID_I],,0,) -> 02_MBC_BB | I32: =_xlfn.XLOOKUP(C32,Tab_Def_Flows[Name(EN)],Tab_Def_Flows[Value_Source],,0,) -> 0 | J32: =_xlfn.XLOOKUP(C32,Tab_Def_Flows[Name(EN)],Tab_Def_Flows[WC?],,0,) -> Yes | K32: =_xlfn.XLOOKUP(C32,Tab_Def_Flows[Name(EN)],Tab_Def_Flows[DM?],,0,) -> Yes | L32: =_xlfn.XLOOKUP(C32,Tab_Def_Flows[Name(EN)],Tab_Def_Flows[CC?],,0,) -> Yes | M32: 2022 | N32: BB | O32: 1 | P32: Mg/a | X32: No | AA32: =IF(X32="no",O32,O32*Y32) -> 1 | AB32: Mg | AC32: =INDEX(Tab_Def_Flows[[Flow_ID]:[CC_DM_source]],MATCH(Tab_Data_Flows[[#This Row],[Name(EN)]],Tab_Def_Flows[Name(EN)],0),16) -> 0.66 | AD32: =IF(J32="Yes",AA32*Tab_Data_Flows[[#This Row],[WC_'[%']]],"N.A.") -> 0.66 | AE32: =Tab_Data_Flows[[#This Row],[UoM_Flow_Py]] -> Mg | AF32: =INDEX(Tab_Def_Flows[[Flow_ID]:[CC_DM_source]],MATCH(Tab_Data_Flows[[#This Row],[Name(EN)]],Tab_Def_Flows[Name(EN)],0),18) -> 0.34 | AG32: =IF(K32="Yes",AF32*Tab_Data_Flows[[#This Row],[Flow_Py]],"N.A.") -> 0.34 | AH32: =Tab_Data_Flows[[#This Row],[UoM_Flow_Py]] -> Mg | AI32: =INDEX(Tab_Def_Flows[[Flow_ID]:[CC_DM_source]],MATCH(Tab_Data_Flows[[#This Row],[Name(EN)]],Tab_Def_Flows[Name(EN)],0),20) -> 0.47 | AJ32: =IF(L32="Yes",AI32*Tab_Data_Flows[[#This Row],[Flow_Py]],"N.A.") -> 0.47 | AK32: =Tab_Data_Flows[[#This Row],[UoM_Flow_Py]] -> Mg
A33: =ROW()-1 -> 32 | B33: =_xlfn.XLOOKUP(C33,Tab_Def_Flows[Name(EN)],Tab_Def_Flows[Flow_ID],,0,) -> F_11_02 | C33: Millet grain | D33: =_xlfn.XLOOKUP(C33,Tab_Def_Flows[Name(EN)],Tab_Def_Flows[Type_Biomass],,0,) -> 0 | E33: =_xlfn.XLOOKUP(C33,Tab_Def_Flows[Name(EN)],Tab_Def_Flows[Output_Process],,0,) -> Millet production | F33: =_xlfn.XLOOKUP(C33,Tab_Def_Flows[Name(EN)],Tab_Def_Flows[Process_ID_O],,0,) -> 11_Mil_BB | G33: =_xlfn.XLOOKUP(C33,Tab_Def_Flows[Name(EN)],Tab_Def_Flows[Input_Process],,0,) -> MBC production | H33: =_xlfn.XLOOKUP(C33,Tab_Def_Flows[Name(EN)],Tab_Def_Flows[Process_ID_I],,0,) -> 02_MBC_BB | I33: =_xlfn.XLOOKUP(C33,Tab_Def_Flows[Name(EN)],Tab_Def_Flows[Value_Source],,0,) -> 0 | J33: =_xlfn.XLOOKUP(C33,Tab_Def_Flows[Name(EN)],Tab_Def_Flows[WC?],,0,) -> Yes | K33: =_xlfn.XLOOKUP(C33,Tab_Def_Flows[Name(EN)],Tab_Def_Flows[DM?],,0,) -> Yes | L33: =_xlfn.XLOOKUP(C33,Tab_Def_Flows[Name(EN)],Tab_Def_Flows[CC?],,0,) -> Yes | M33: 2023 | N33: BB | O33: =O32*1.02 -> 1.02 | P33: Mg/a | X33: No | AA33: =IF(X33="no",O33,O33*Y33) -> 1.02 | AB33: Mg | AC33: =INDEX(Tab_Def_Flows[[Flow_ID]:[CC_DM_source]],MATCH(Tab_Data_Flows[[#This Row],[Name(EN)]],Tab_Def_Flows[Name(EN)],0),16) -> 0.66 | AD33: =IF(J33="Yes",AA33*Tab_Data_Flows[[#This Row],[WC_'[%']]],"N.A.") -> 0.6732 | AE33: =Tab_Data_Flows[[#This Row],[UoM_Flow_Py]] -> Mg | AF33: =INDEX(Tab_Def_Flows[[Flow_ID]:[CC_DM_source]],MATCH(Tab_Data_Flows[[#This Row],[Name(EN)]],Tab_Def_Flows[Name(EN)],0),18) -> 0.34 | AG33: =IF(K33="Yes",AF33*Tab_Data_Flows[[#This Row],[Flow_Py]],"N.A.") -> 0.3468 | AH33: =Tab_Data_Flows[[#This Row],[UoM_Flow_Py]] -> Mg | AI33: =INDEX(Tab_Def_Flows[[Flow_ID]:[CC_DM_source]],MATCH(Tab_Data_Flows[[#This Row],[Name(EN)]],Tab_Def_Flows[Name(EN)],0),20) -> 0.47 | AJ33: =IF(L33="Yes",AI33*Tab_Data_Flows[[#This Row],[Flow_Py]],"N.A.") -> 0.4794 | AK33: =Tab_Data_Flows[[#This Row],[UoM_Flow_Py]] -> Mg
A34: =ROW()-1 -> 33 | B34: =_xlfn.XLOOKUP(C34,Tab_Def_Flows[Name(EN)],Tab_Def_Flows[Flow_ID],,0,) -> F_11_02 | C34: Millet grain | D34: =_xlfn.XLOOKUP(C34,Tab_Def_Flows[Name(EN)],Tab_Def_Flows[Type_Biomass],,0,) -> 0 | E34: =_xlfn.XLOOKUP(C34,Tab_Def_Flows[Name(EN)],Tab_Def_Flows[Output_Process],,0,) -> Millet production | F34: =_xlfn.XLOOKUP(C34,Tab_Def_Flows[Name(EN)],Tab_Def_Flows[Process_ID_O],,0,) -> 11_Mil_BB | G34: =_xlfn.XLOOKUP(C34,Tab_Def_Flows[Name(EN)],Tab_Def_Flows[Input_Process],,0,) -> MBC production | H34: =_xlfn.XLOOKUP(C34,Tab_Def_Flows[Name(EN)],Tab_Def_Flows[Process_ID_I],,0,) -> 02_MBC_BB | I34: =_xlfn.XLOOKUP(C34,Tab_Def_Flows[Name(EN)],Tab_Def_Flows[Value_Source],,0,) -> 0 | J34: =_xlfn.XLOOKUP(C34,Tab_Def_Flows[Name(EN)],Tab_Def_Flows[WC?],,0,) -> Yes | K34: =_xlfn.XLOOKUP(C34,Tab_Def_Flows[Name(EN)],Tab_Def_Flows[DM?],,0,) -> Yes | L34: =_xlfn.XLOOKUP(C34,Tab_Def_Flows[Name(EN)],Tab_Def_Flows[CC?],,0,) -> Yes | M34: 2024 | N34: BB | O34: =O33*1.02 -> 1.0404 | P34: Mg/a | X34: No | AA34: =IF(X34="no",O34,O34*Y34) -> 1.0404 | AB34: Mg | AC34: =INDEX(Tab_Def_Flows[[Flow_ID]:[CC_DM_source]],MATCH(Tab_Data_Flows[[#This Row],[Name(EN)]],Tab_Def_Flows[Name(EN)],0),16) -> 0.66 | AD34: =IF(J34="Yes",AA34*Tab_Data_Flows[[#This Row],[WC_'[%']]],"N.A.") -> 0.686664 | AE34: =Tab_Data_Flows[[#This Row],[UoM_Flow_Py]] -> Mg | AF34: =INDEX(Tab_Def_Flows[[Flow_ID]:[CC_DM_source]],MATCH(Tab_Data_Flows[[#This Row],[Name(EN)]],Tab_Def_Flows[Name(EN)],0),18) -> 0.34 | AG34: =IF(K34="Yes",AF34*Tab_Data_Flows[[#This Row],[Flow_Py]],"N.A.") -> 0.353736 | AH34: =Tab_Data_Flows[[#This Row],[UoM_Flow_Py]] -> Mg | AI34: =INDEX(Tab_Def_Flows[[Flow_ID]:[CC_DM_source]],MATCH(Tab_Data_Flows[[#This Row],[Name(EN)]],Tab_Def_Flows[Name(EN)],0),20) -> 0.47 | AJ34: =IF(L34="Yes",AI34*Tab_Data_Flows[[#This Row],[Flow_Py]],"N.A.") -> 0.488988 | AK34: =Tab_Data_Flows[[#This Row],[UoM_Flow_Py]] -> Mg
A35: =ROW()-1 -> 34 | B35: =_xlfn.XLOOKUP(C35,Tab_Def_Flows[Name(EN)],Tab_Def_Flows[Flow_ID],,0,) -> F_11_02 | C35: Millet grain | D35: =_xlfn.XLOOKUP(C35,Tab_Def_Flows[Name(EN)],Tab_Def_Flows[Type_Biomass],,0,) -> 0 | E35: =_xlfn.XLOOKUP(C35,Tab_Def_Flows[Name(EN)],Tab_Def_Flows[Output_Process],,0,) -> Millet production | F35: =_xlfn.XLOOKUP(C35,Tab_Def_Flows[Name(EN)],Tab_Def_Flows[Process_ID_O],,0,) -> 11_Mil_BB | G35: =_xlfn.XLOOKUP(C35,Tab_Def_Flows[Name(EN)],Tab_Def_Flows[Input_Process],,0,) -> MBC production | H35: =_xlfn.XLOOKUP(C35,Tab_Def_Flows[Name(EN)],Tab_Def_Flows[Process_ID_I],,0,) -> 02_MBC_BB | I35: =_xlfn.XLOOKUP(C35,Tab_Def_Flows[Name(EN)],Tab_Def_Flows[Value_Source],,0,) -> 0 | J35: =_xlfn.XLOOKUP(C35,Tab_Def_Flows[Name(EN)],Tab_Def_Flows[WC?],,0,) -> Yes | K35: =_xlfn.XLOOKUP(C35,Tab_Def_Flows[Name(EN)],Tab_Def_Flows[DM?],,0,) -> Yes | L35: =_xlfn.XLOOKUP(C35,Tab_Def_Flows[Name(EN)],Tab_Def_Flows[CC?],,0,) -> Yes | M35: 2025 | N35: BB | O35: =O34*1.02 -> 1.061208 | P35: Mg/a | X35: No | AA35: =IF(X35="no",O35,O35*Y35) -> 1.061208 | AB35: Mg | AC35: =INDEX(Tab_Def_Flows[[Flow_ID]:[CC_DM_source]],MATCH(Tab_Data_Flows[[#This Row],[Name(EN)]],Tab_Def_Flows[Name(EN)],0),16) -> 0.66 | AD35: =IF(J35="Yes",AA35*Tab_Data_Flows[[#This Row],[WC_'[%']]],"N.A.") -> 0.70039728 | AE35: =Tab_Data_Flows[[#This Row],[UoM_Flow_Py]] -> Mg | AF35: =INDEX(Tab_Def_Flows[[Flow_ID]:[CC_DM_source]],MATCH(Tab_Data_Flows[[#This Row],[Name(EN)]],Tab_Def_Flows[Name(EN)],0),18) -> 0.34 | AG35: =IF(K35="Yes",AF35*Tab_Data_Flows[[#This Row],[Flow_Py]],"N.A.") -> 0.36081072 | AH35: =Tab_Data_Flows[[#This Row],[UoM_Flow_Py]] -> Mg | AI35: =INDEX(Tab_Def_Flows[[Flow_ID]:[CC_DM_source]],MATCH(Tab_Data_Flows[[#This Row],[Name(EN)]],Tab_Def_Flows[Name(EN)],0),20) -> 0.47 | AJ35: =IF(L35="Yes",AI35*Tab_Data_Flows[[#This Row],[Flow_Py]],"N.A.") -> 0.49876776 | AK35: =Tab_Data_Flows[[#This Row],[UoM_Flow_Py]] -> Mg
A36: =ROW()-1 -> 35 | B36: =_xlfn.XLOOKUP(C36,Tab_Def_Flows[Name(EN)],Tab_Def_Flows[Flow_ID],,0,) -> F_11_02 | C36: Millet grain | D36: =_xlfn.XLOOKUP(C36,Tab_Def_Flows[Name(EN)],Tab_Def_Flows[Type_Biomass],,0,) -> 0 | E36: =_xlfn.XLOOKUP(C36,Tab_Def_Flows[Name(EN)],Tab_Def_Flows[Output_Process],,0,) -> Millet production | F36: =_xlfn.XLOOKUP(C36,Tab_Def_Flows[Name(EN)],Tab_Def_Flows[Process_ID_O],,0,) -> 11_Mil_BB | G36: =_xlfn.XLOOKUP(C36,Tab_Def_Flows[Name(EN)],Tab_Def_Flows[Input_Process],,0,) -> MBC production | H36: =_xlfn.XLOOKUP(C36,Tab_Def_Flows[Name(EN)],Tab_Def_Flows[Process_ID_I],,0,) -> 02_MBC_BB | I36: =_xlfn.XLOOKUP(C36,Tab_Def_Flows[Name(EN)],Tab_Def_Flows[Value_Source],,0,) -> 0 | J36: =_xlfn.XLOOKUP(C36,Tab_Def_Flows[Name(EN)],Tab_Def_Flows[WC?],,0,) -> Yes | K36: =_xlfn.XLOOKUP(C36,Tab_Def_Flows[Name(EN)],Tab_Def_Flows[DM?],,0,) -> Yes | L36: =_xlfn.XLOOKUP(C36,Tab_Def_Flows[Name(EN)],Tab_Def_Flows[CC?],,0,) -> Yes | M36: 2026 | N36: BB | O36: =O35*1.02 -> 1.0824322 | P36: Mg/a | X36: No | AA36: =IF(X36="no",O36,O36*Y36) -> 1.0824322 | AB36: Mg | AC36: =INDEX(Tab_Def_Flows[[Flow_ID]:[CC_DM_source]],MATCH(Tab_Data_Flows[[#This Row],[Name(EN)]],Tab_Def_Flows[Name(EN)],0),16) -> 0.66 | AD36: =IF(J36="Yes",AA36*Tab_Data_Flows[[#This Row],[WC_'[%']]],"N.A.") -> 0.71440523 | AE36: =Tab_Data_Flows[[#This Row],[UoM_Flow_Py]] -> Mg | AF36: =INDEX(Tab_Def_Flows[[Flow_ID]:[CC_DM_source]],MATCH(Tab_Data_Flows[[#This Row],[Name(EN)]],Tab_Def_Flows[Name(EN)],0),18) -> 0.34 | AG36: =IF(K36="Yes",AF36*Tab_Data_Flows[[#This Row],[Flow_Py]],"N.A.") -> 0.36802693 | AH36: =Tab_Data_Flows[[#This Row],[UoM_Flow_Py]] -> Mg | AI36: =INDEX(Tab_Def_Flows[[Flow_ID]:[CC_DM_source]],MATCH(Tab_Data_Flows[[#This Row],[Name(EN)]],Tab_Def_Flows[Name(EN)],0),20) -> 0.47 | AJ36: =IF(L36="Yes",AI36*Tab_Data_Flows[[#This Row],[Flow_Py]],"N.A.") -> 0.50874312 | AK36: =Tab_Data_Flows[[#This Row],[UoM_Flow_Py]] -> Mg
A37: =ROW()-1 -> 36 | B37: =_xlfn.XLOOKUP(C37,Tab_Def_Flows[Name(EN)],Tab_Def_Flows[Flow_ID],,0,) -> F_11_02 | C37: Millet grain | D37: =_xlfn.XLOOKUP(C37,Tab_Def_Flows[Name(EN)],Tab_Def_Flows[Type_Biomass],,0,) -> 0 | E37: =_xlfn.XLOOKUP(C37,Tab_Def_Flows[Name(EN)],Tab_Def_Flows[Output_Process],,0,) -> Millet production | F37: =_xlfn.XLOOKUP(C37,Tab_Def_Flows[Name(EN)],Tab_Def_Flows[Process_ID_O],,0,) -> 11_Mil_BB | G37: =_xlfn.XLOOKUP(C37,Tab_Def_Flows[Name(EN)],Tab_Def_Flows[Input_Process],,0,) -> MBC production | H37: =_xlfn.XLOOKUP(C37,Tab_Def_Flows[Name(EN)],Tab_Def_Flows[Process_ID_I],,0,) -> 02_MBC_BB | I37: =_xlfn.XLOOKUP(C37,Tab_Def_Flows[Name(EN)],Tab_Def_Flows[Value_Source],,0,) -> 0 | J37: =_xlfn.XLOOKUP(C37,Tab_Def_Flows[Name(EN)],Tab_Def_Flows[WC?],,0,) -> Yes | K37: =_xlfn.XLOOKUP(C37,Tab_Def_Flows[Name(EN)],Tab_Def_Flows[DM?],,0,) -> Yes | L37: =_xlfn.XLOOKUP(C37,Tab_Def_Flows[Name(EN)],Tab_Def_Flows[CC?],,0,) -> Yes | M37: 2027 | N37: BB | O37: =O36*1.02 -> 1.1040808 | P37: Mg/a | X37: No | AA37: =IF(X37="no",O37,O37*Y37) -> 1.1040808 | AB37: Mg | AC37: =INDEX(Tab_Def_Flows[[Flow_ID]:[CC_DM_source]],MATCH(Tab_Data_Flows[[#This Row],[Name(EN)]],Tab_Def_Flows[Name(EN)],0),16) -> 0.66 | AD37: =IF(J37="Yes",AA37*Tab_Data_Flows[[#This Row],[WC_'[%']]],"N.A.") -> 0.72869333 | AE37: =Tab_Data_Flows[[#This Row],[UoM_Flow_Py]] -> Mg | AF37: =INDEX(Tab_Def_Flows[[Flow_ID]:[CC_DM_source]],MATCH(Tab_Data_Flows[[#This Row],[Name(EN)]],Tab_Def_Flows[Name(EN)],0),18) -> 0.34 | AG37: =IF(K37="Yes",AF37*Tab_Data_Flows[[#This Row],[Flow_Py]],"N.A.") -> 0.37538747 | AH37: =Tab_Data_Flows[[#This Row],[UoM_Flow_Py]] -> Mg | AI37: =INDEX(Tab_Def_Flows[[Flow_ID]:[CC_DM_source]],MATCH(Tab_Data_Flows[[#This Row],[Name(EN)]],Tab_Def_Flows[Name(EN)],0),20) -> 0.47 | AJ37: =IF(L37="Yes",AI37*Tab_Data_Flows[[#This Row],[Flow_Py]],"N.A.") -> 0.51891798 | AK37: =Tab_Data_Flows[[#This Row],[UoM_Flow_Py]] -> Mg
A38: =ROW()-1 -> 37 | B38: =_xlfn.XLOOKUP(C38,Tab_Def_Flows[Name(EN)],Tab_Def_Flows[Flow_ID],,0,) -> F_11_02 | C38: Millet grain | D38: =_xlfn.XLOOKUP(C38,Tab_Def_Flows[Name(EN)],Tab_Def_Flows[Type_Biomass],,0,) -> 0 | E38: =_xlfn.XLOOKUP(C38,Tab_Def_Flows[Name(EN)],Tab_Def_Flows[Output_Process],,0,) -> Millet production | F38: =_xlfn.XLOOKUP(C38,Tab_Def_Flows[Name(EN)],Tab_Def_Flows[Process_ID_O],,0,) -> 11_Mil_BB | G38: =_xlfn.XLOOKUP(C38,Tab_Def_Flows[Name(EN)],Tab_Def_Flows[Input_Process],,0,) -> MBC production | H38: =_xlfn.XLOOKUP(C38,Tab_Def_Flows[Name(EN)],Tab_Def_Flows[Process_ID_I],,0,) -> 02_MBC_BB | I38: =_xlfn.XLOOKUP(C38,Tab_Def_Flows[Name(EN)],Tab_Def_Flows[Value_Source],,0,) -> 0 | J38: =_xlfn.XLOOKUP(C38,Tab_Def_Flows[Name(EN)],Tab_Def_Flows[WC?],,0,) -> Yes | K38: =_xlfn.XLOOKUP(C38,Tab_Def_Flows[Name(EN)],Tab_Def_Flows[DM?],,0,) -> Yes | L38: =_xlfn.XLOOKUP(C38,Tab_Def_Flows[Name(EN)],Tab_Def_Flows[CC?],,0,) -> Yes | M38: 2028 | N38: BB | O38: =O37*1.02 -> 1.1261624 | P38: Mg/a | X38: No | AA38: =IF(X38="no",O38,O38*Y38) -> 1.1261624 | AB38: Mg | AC38: =INDEX(Tab_Def_Flows[[Flow_ID]:[CC_DM_source]],MATCH(Tab_Data_Flows[[#This Row],[Name(EN)]],Tab_Def_Flows[Name(EN)],0),16) -> 0.66 | AD38: =IF(J38="Yes",AA38*Tab_Data_Flows[[#This Row],[WC_'[%']]],"N.A.") -> 0.7432672 | AE38: =Tab_Data_Flows[[#This Row],[UoM_Flow_Py]] -> Mg | AF38: =INDEX(Tab_Def_Flows[[Flow_ID]:[CC_DM_source]],MATCH(Tab_Data_Flows[[#This Row],[Name(EN)]],Tab_Def_Flows[Name(EN)],0),18) -> 0.34 | AG38: =IF(K38="Yes",AF38*Tab_Data_Flows[[#This Row],[Flow_Py]],"N.A.") -> 0.38289522 | AH38: =Tab_Data_Flows[[#This Row],[UoM_Flow_Py]] -> Mg | AI38: =INDEX(Tab_Def_Flows[[Flow_ID]:[CC_DM_source]],MATCH(Tab_Data_Flows[[#This Row],[Name(EN)]],Tab_Def_Flows[Name(EN)],0),20) -> 0.47 | AJ38: =IF(L38="Yes",AI38*Tab_Data_Flows[[#This Row],[Flow_Py]],"N.A.") -> 0.52929634 | AK38: =Tab_Data_Flows[[#This Row],[UoM_Flow_Py]] -> Mg
A39: =ROW()-1 -> 38 | B39: =_xlfn.XLOOKUP(C39,Tab_Def_Flows[Name(EN)],Tab_Def_Flows[Flow_ID],,0,) -> F_11_02 | C39: Millet grain | D39: =_xlfn.XLOOKUP(C39,Tab_Def_Flows[Name(EN)],Tab_Def_Flows[Type_Biomass],,0,) -> 0 | E39: =_xlfn.XLOOKUP(C39,Tab_Def_Flows[Name(EN)],Tab_Def_Flows[Output_Process],,0,) -> Millet production | F39: =_xlfn.XLOOKUP(C39,Tab_Def_Flows[Name(EN)],Tab_Def_Flows[Process_ID_O],,0,) -> 11_Mil_BB | G39: =_xlfn.XLOOKUP(C39,Tab_Def_Flows[Name(EN)],Tab_Def_Flows[Input_Process],,0,) -> MBC production | H39: =_xlfn.XLOOKUP(C39,Tab_Def_Flows[Name(EN)],Tab_Def_Flows[Process_ID_I],,0,) -> 02_MBC_BB | I39: =_xlfn.XLOOKUP(C39,Tab_Def_Flows[Name(EN)],Tab_Def_Flows[Value_Source],,0,) -> 0 | J39: =_xlfn.XLOOKUP(C39,Tab_Def_Flows[Name(EN)],Tab_Def_Flows[WC?],,0,) -> Yes | K39: =_xlfn.XLOOKUP(C39,Tab_Def_Flows[Name(EN)],Tab_Def_Flows[DM?],,0,) -> Yes | L39: =_xlfn.XLOOKUP(C39,Tab_Def_Flows[Name(EN)],Tab_Def_Flows[CC?],,0,) -> Yes | M39: 2029 | N39: BB | O39: =O38*1.02 -> 1.1486857 | P39: Mg/a | X39: No | AA39: =IF(X39="no",O39,O39*Y39) -> 1.1486857 | AB39: Mg | AC39: =INDEX(Tab_Def_Flows[[Flow_ID]:[CC_DM_source]],MATCH(Tab_Data_Flows[[#This Row],[Name(EN)]],Tab_Def_Flows[Name(EN)],0),16) -> 0.66 | AD39: =IF(J39="Yes",AA39*Tab_Data_Flows[[#This Row],[WC_'[%']]],"N.A.") -> 0.75813254 | AE39: =Tab_Data_Flows[[#This Row],[UoM_Flow_Py]] -> Mg | AF39: =INDEX(Tab_Def_Flows[[Flow_ID]:[CC_DM_source]],MATCH(Tab_Data_Flows[[#This Row],[Name(EN)]],Tab_Def_Flows[Name(EN)],0),18) -> 0.34 | AG39: =IF(K39="Yes",AF39*Tab_Data_Flows[[#This Row],[Flow_Py]],"N.A.") -> 0.39055313 | AH39: =Tab_Data_Flows[[#This Row],[UoM_Flow_Py]] -> Mg | AI39: =INDEX(Tab_Def_Flows[[Flow_ID]:[CC_DM_source]],MATCH(Tab_Data_Flows[[#This Row],[Name(EN)]],Tab_Def_Flows[Name(EN)],0),20) -> 0.47 | AJ39: =IF(L39="Yes",AI39*Tab_Data_Flows[[#This Row],[Flow_Py]],"N.A.") -> 0.53988226 | AK39: =Tab_Data_Flows[[#This Row],[UoM_Flow_Py]] -> Mg
A40: =ROW()-1 -> 39 | B40: =_xlfn.XLOOKUP(C40,Tab_Def_Flows[Name(EN)],Tab_Def_Flows[Flow_ID],,0,) -> F_11_02 | C40: Millet grain | D40: =_xlfn.XLOOKUP(C40,Tab_Def_Flows[Name(EN)],Tab_Def_Flows[Type_Biomass],,0,) -> 0 | E40: =_xlfn.XLOOKUP(C40,Tab_Def_Flows[Name(EN)],Tab_Def_Flows[Output_Process],,0,) -> Millet production | F40: =_xlfn.XLOOKUP(C40,Tab_Def_Flows[Name(EN)],Tab_Def_Flows[Process_ID_O],,0,) -> 11_Mil_BB | G40: =_xlfn.XLOOKUP(C40,Tab_Def_Flows[Name(EN)],Tab_Def_Flows[Input_Process],,0,) -> MBC production | H40: =_xlfn.XLOOKUP(C40,Tab_Def_Flows[Name(EN)],Tab_Def_Flows[Process_ID_I],,0,) -> 02_MBC_BB | I40: =_xlfn.XLOOKUP(C40,Tab_Def_Flows[Name(EN)],Tab_Def_Flows[Value_Source],,0,) -> 0 | J40: =_xlfn.XLOOKUP(C40,Tab_Def_Flows[Name(EN)],Tab_Def_Flows[WC?],,0,) -> Yes | K40: =_xlfn.XLOOKUP(C40,Tab_Def_Flows[Name(EN)],Tab_Def_Flows[DM?],,0,) -> Yes | L40: =_xlfn.XLOOKUP(C40,Tab_Def_Flows[Name(EN)],Tab_Def_Flows[CC?],,0,) -> Yes | M40: 2030 | N40: BB | O40: =O39*1.02 -> 1.1716594 | P40: Mg/a | X40: No | AA40: =IF(X40="no",O40,O40*Y40) -> 1.1716594 | AB40: Mg | AC40: =INDEX(Tab_Def_Flows[[Flow_ID]:[CC_DM_source]],MATCH(Tab_Data_Flows[[#This Row],[Name(EN)]],Tab_Def_Flows[Name(EN)],0),16) -> 0.66 | AD40: =IF(J40="Yes",AA40*Tab_Data_Flows[[#This Row],[WC_'[%']]],"N.A.") -> 0.77329519 | AE40: =Tab_Data_Flows[[#This Row],[UoM_Flow_Py]] -> Mg | AF40: =INDEX(Tab_Def_Flows[[Flow_ID]:[CC_DM_source]],MATCH(Tab_Data_Flows[[#This Row],[Name(EN)]],Tab_Def_Flows[Name(EN)],0),18) -> 0.34 | AG40: =IF(K40="Yes",AF40*Tab_Data_Flows[[#This Row],[Flow_Py]],"N.A.") -> 0.39836419 | AH40: =Tab_Data_Flows[[#This Row],[UoM_Flow_Py]] -> Mg | AI40: =INDEX(Tab_Def_Flows[[Flow_ID]:[CC_DM_source]],MATCH(Tab_Data_Flows[[#This Row],[Name(EN)]],Tab_Def_Flows[Name(EN)],0),20) -> 0.47 | AJ40: =IF(L40="Yes",AI40*Tab_Data_Flows[[#This Row],[Flow_Py]],"N.A.") -> 0.55067991 | AK40: =Tab_Data_Flows[[#This Row],[UoM_Flow_Py]] -> Mg
A41: =ROW()-1 -> 40 | B41: =_xlfn.XLOOKUP(C41,Tab_Def_Flows[Name(EN)],Tab_Def_Flows[Flow_ID],,0,) -> F_11_02 | C41: Millet grain | D41: =_xlfn.XLOOKUP(C41,Tab_Def_Flows[Name(EN)],Tab_Def_Flows[Type_Biomass],,0,) -> 0 | E41: =_xlfn.XLOOKUP(C41,Tab_Def_Flows[Name(EN)],Tab_Def_Flows[Output_Process],,0,) -> Millet production | F41: =_xlfn.XLOOKUP(C41,Tab_Def_Flows[Name(EN)],Tab_Def_Flows[Process_ID_O],,0,) -> 11_Mil_BB | G41: =_xlfn.XLOOKUP(C41,Tab_Def_Flows[Name(EN)],Tab_Def_Flows[Input_Process],,0,) -> MBC production | H41: =_xlfn.XLOOKUP(C41,Tab_Def_Flows[Name(EN)],Tab_Def_Flows[Process_ID_I],,0,) -> 02_MBC_BB | I41: =_xlfn.XLOOKUP(C41,Tab_Def_Flows[Name(EN)],Tab_Def_Flows[Value_Source],,0,) -> 0 | J41: =_xlfn.XLOOKUP(C41,Tab_Def_Flows[Name(EN)],Tab_Def_Flows[WC?],,0,) -> Yes | K41: =_xlfn.XLOOKUP(C41,Tab_Def_Flows[Name(EN)],Tab_Def_Flows[DM?],,0,) -> Yes | L41: =_xlfn.XLOOKUP(C41,Tab_Def_Flows[Name(EN)],Tab_Def_Flows[CC?],,0,) -> Yes | M41: 2031 | N41: BB | O41: =O40*1.02 -> 1.1950926 | P41: Mg/a | X41: No | AA41: =IF(X41="no",O41,O41*Y41) -> 1.1950926 | AB41: Mg | AC41: =INDEX(Tab_Def_Flows[[Flow_ID]:[CC_DM_source]],MATCH(Tab_Data_Flows[[#This Row],[Name(EN)]],Tab_Def_Flows[Name(EN)],0),16) -> 0.66 | AD41: =IF(J41="Yes",AA41*Tab_Data_Flows[[#This Row],[WC_'[%']]],"N.A.") -> 0.7887611 | AE41: =Tab_Data_Flows[[#This Row],[UoM_Flow_Py]] -> Mg | AF41: =INDEX(Tab_Def_Flows[[Flow_ID]:[CC_DM_source]],MATCH(Tab_Data_Flows[[#This Row],[Name(EN)]],Tab_Def_Flows[Name(EN)],0),18) -> 0.34 | AG41: =IF(K41="Yes",AF41*Tab_Data_Flows[[#This Row],[Flow_Py]],"N.A.") -> 0.40633147 | AH41: =Tab_Data_Flows[[#This Row],[UoM_Flow_Py]] -> Mg | AI41: =INDEX(Tab_Def_Flows[[Flow_ID]:[CC_DM_source]],MATCH(Tab_Data_Flows[[#This Row],[Name(EN)]],Tab_Def_Flows[Name(EN)],0),20) -> 0.47 | AJ41: =IF(L41="Yes",AI41*Tab_Data_Flows[[#This Row],[Flow_Py]],"N.A.") -> 0.56169351 | AK41: =Tab_Data_Flows[[#This Row],[UoM_Flow_Py]] -> Mg
A42: =ROW()-1 -> 41 | B42: =_xlfn.XLOOKUP(C42,Tab_Def_Flows[Name(EN)],Tab_Def_Flows[Flow_ID],,0,) -> F_11_02 | C42: Millet grain | D42: =_xlfn.XLOOKUP(C42,Tab_Def_Flows[Name(EN)],Tab_Def_Flows[Type_Biomass],,0,) -> 0 | E42: =_xlfn.XLOOKUP(C42,Tab_Def_Flows[Name(EN)],Tab_Def_Flows[Output_Process],,0,) -> Millet production | F42: =_xlfn.XLOOKUP(C42,Tab_Def_Flows[Name(EN)],Tab_Def_Flows[Process_ID_O],,0,) -> 11_Mil_BB | G42: =_xlfn.XLOOKUP(C42,Tab_Def_Flows[Name(EN)],Tab_Def_Flows[Input_Process],,0,) -> MBC production | H42: =_xlfn.XLOOKUP(C42,Tab_Def_Flows[Name(EN)],Tab_Def_Flows[Process_ID_I],,0,) -> 02_MBC_BB | I42: =_xlfn.XLOOKUP(C42,Tab_Def_Flows[Name(EN)],Tab_Def_Flows[Value_Source],,0,) -> 0 | J42: =_xlfn.XLOOKUP(C42,Tab_Def_Flows[Name(EN)],Tab_Def_Flows[WC?],,0,) -> Yes | K42: =_xlfn.XLOOKUP(C42,Tab_Def_Flows[Name(EN)],Tab_Def_Flows[DM?],,0,) -> Yes | L42: =_xlfn.XLOOKUP(C42,Tab_Def_Flows[Name(EN)],Tab_Def_Flows[CC?],,0,) -> Yes | M42: 2032 | N42: BB | O42: =O41*1.02 -> 1.2189944 | P42: Mg/a | X42: No | AA42: =IF(X42="no",O42,O42*Y42) -> 1.2189944 | AB42: Mg | AC42: =INDEX(Tab_Def_Flows[[Flow_ID]:[CC_DM_source]],MATCH(Tab_Data_Flows[[#This Row],[Name(EN)]],Tab_Def_Flows[Name(EN)],0),16) -> 0.66 | AD42: =IF(J42="Yes",AA42*Tab_Data_Flows[[#This Row],[WC_'[%']]],"N.A.") -> 0.80453632 | AE42: =Tab_Data_Flows[[#This Row],[UoM_Flow_Py]] -> Mg | AF42: =INDEX(Tab_Def_Flows[[Flow_ID]:[CC_DM_source]],MATCH(Tab_Data_Flows[[#This Row],[Name(EN)]],Tab_Def_Flows[Name(EN)],0),18) -> 0.34 | AG42: =IF(K42="Yes",AF42*Tab_Data_Flows[[#This Row],[Flow_Py]],"N.A.") -> 0.4144581 | AH42: =Tab_Data_Flows[[#This Row],[UoM_Flow_Py]] -> Mg | AI42: =INDEX(Tab_Def_Flows[[Flow_ID]:[CC_DM_source]],MATCH(Tab_Data_Flows[[#This Row],[Name(EN)]],Tab_Def_Flows[Name(EN)],0),20) -> 0.47 | AJ42: =IF(L42="Yes",AI42*Tab_Data_Flows[[#This Row],[Flow_Py]],"N.A.") -> 0.57292738 | AK42: =Tab_Data_Flows[[#This Row],[UoM_Flow_Py]] -> Mg
A43: =ROW()-1 -> 42 | B43: =_xlfn.XLOOKUP(C43,Tab_Def_Flows[Name(EN)],Tab_Def_Flows[Flow_ID],,0,) -> F_11_02 | C43: Millet grain | D43: =_xlfn.XLOOKUP(C43,Tab_Def_Flows[Name(EN)],Tab_Def_Flows[Type_Biomass],,0,) -> 0 | E43: =_xlfn.XLOOKUP(C43,Tab_Def_Flows[Name(EN)],Tab_Def_Flows[Output_Process],,0,) -> Millet production | F43: =_xlfn.XLOOKUP(C43,Tab_Def_Flows[Name(EN)],Tab_Def_Flows[Process_ID_O],,0,) -> 11_Mil_BB | G43: =_xlfn.XLOOKUP(C43,Tab_Def_Flows[Name(EN)],Tab_Def_Flows[Input_Process],,0,) -> MBC production | H43: =_xlfn.XLOOKUP(C43,Tab_Def_Flows[Name(EN)],Tab_Def_Flows[Process_ID_I],,0,) -> 02_MBC_BB | I43: =_xlfn.XLOOKUP(C43,Tab_Def_Flows[Name(EN)],Tab_Def_Flows[Value_Source],,0,) -> 0 | J43: =_xlfn.XLOOKUP(C43,Tab_Def_Flows[Name(EN)],Tab_Def_Flows[WC?],,0,) -> Yes | K43: =_xlfn.XLOOKUP(C43,Tab_Def_Flows[Name(EN)],Tab_Def_Flows[DM?],,0,) -> Yes | L43: =_xlfn.XLOOKUP(C43,Tab_Def_Flows[Name(EN)],Tab_Def_Flows[CC?],,0,) -> Yes | M43: 2033 | N43: BB | O43: =O42*1.02 -> 1.2433743 | P43: Mg/a | X43: No | AA43: =IF(X43="no",O43,O43*Y43) -> 1.2433743 | AB43: Mg | AC43: =INDEX(Tab_Def_Flows[[Flow_ID]:[CC_DM_source]],MATCH(Tab_Data_Flows[[#This Row],[Name(EN)]],Tab_Def_Flows[Name(EN)],0),16) -> 0.66 | AD43: =IF(J43="Yes",AA43*Tab_Data_Flows[[#This Row],[WC_'[%']]],"N.A.") -> 0.82062704 | AE43: =Tab_Data_Flows[[#This Row],[UoM_Flow_Py]] -> Mg | AF43: =INDEX(Tab_Def_Flows[[Flow_ID]:[CC_DM_source]],MATCH(Tab_Data_Flows[[#This Row],[Name(EN)]],Tab_Def_Flows[Name(EN)],0),18) -> 0.34 | AG43: =IF(K43="Yes",AF43*Tab_Data_Flows[[#This Row],[Flow_Py]],"N.A.") -> 0.42274726 | AH43: =Tab_Data_Flows[[#This Row],[UoM_Flow_Py]] -> Mg | AI43: =INDEX(Tab_Def_Flows[[Flow_ID]:[CC_DM_source]],MATCH(Tab_Data_Flows[[#This Row],[Name(EN)]],Tab_Def_Flows[Name(EN)],0),20) -> 0.47 | AJ43: =IF(L43="Yes",AI43*Tab_Data_Flows[[#This Row],[Flow_Py]],"N.A.") -> 0.58438592 | AK43: =Tab_Data_Flows[[#This Row],[UoM_Flow_Py]] -> Mg
A44: =ROW()-1 -> 43 | B44: =_xlfn.XLOOKUP(C44,Tab_Def_Flows[Name(EN)],Tab_Def_Flows[Flow_ID],,0,) -> F_11_02 | C44: Millet grain | D44: =_xlfn.XLOOKUP(C44,Tab_Def_Flows[Name(EN)],Tab_Def_Flows[Type_Biomass],,0,) -> 0 | E44: =_xlfn.XLOOKUP(C44,Tab_Def_Flows[Name(EN)],Tab_Def_Flows[Output_Process],,0,) -> Millet production | F44: =_xlfn.XLOOKUP(C44,Tab_Def_Flows[Name(EN)],Tab_Def_Flows[Process_ID_O],,0,) -> 11_Mil_BB | G44: =_xlfn.XLOOKUP(C44,Tab_Def_Flows[Name(EN)],Tab_Def_Flows[Input_Process],,0,) -> MBC production | H44: =_xlfn.XLOOKUP(C44,Tab_Def_Flows[Name(EN)],Tab_Def_Flows[Process_ID_I],,0,) -> 02_MBC_BB | I44: =_xlfn.XLOOKUP(C44,Tab_Def_Flows[Name(EN)],Tab_Def_Flows[Value_Source],,0,) -> 0 | J44: =_xlfn.XLOOKUP(C44,Tab_Def_Flows[Name(EN)],Tab_Def_Flows[WC?],,0,) -> Yes | K44: =_xlfn.XLOOKUP(C44,Tab_Def_Flows[Name(EN)],Tab_Def_Flows[DM?],,0,) -> Yes | L44: =_xlfn.XLOOKUP(C44,Tab_Def_Flows[Name(EN)],Tab_Def_Flows[CC?],,0,) -> Yes | M44: 2034 | N44: BB | O44: =O43*1.02 -> 1.2682418 | P44: Mg/a | X44: No | AA44: =IF(X44="no",O44,O44*Y44) -> 1.2682418 | AB44: Mg | AC44: =INDEX(Tab_Def_Flows[[Flow_ID]:[CC_DM_source]],MATCH(Tab_Data_Flows[[#This Row],[Name(EN)]],Tab_Def_Flows[Name(EN)],0),16) -> 0.66 | AD44: =IF(J44="Yes",AA44*Tab_Data_Flows[[#This Row],[WC_'[%']]],"N.A.") -> 0.83703958 | AE44: =Tab_Data_Flows[[#This Row],[UoM_Flow_Py]] -> Mg | AF44: =INDEX(Tab_Def_Flows[[Flow_ID]:[CC_DM_source]],MATCH(Tab_Data_Flows[[#This Row],[Name(EN)]],Tab_Def_Flows[Name(EN)],0),18) -> 0.34 | AG44: =IF(K44="Yes",AF44*Tab_Data_Flows[[#This Row],[Flow_Py]],"N.A.") -> 0.43120221 | AH44: =Tab_Data_Flows[[#This Row],[UoM_Flow_Py]] -> Mg | AI44: =INDEX(Tab_Def_Flows[[Flow_ID]:[CC_DM_source]],MATCH(Tab_Data_Flows[[#This Row],[Name(EN)]],Tab_Def_Flows[Name(EN)],0),20) -> 0.47 | AJ44: =IF(L44="Yes",AI44*Tab_Data_Flows[[#This Row],[Flow_Py]],"N.A.") -> 0.59607364 | AK44: =Tab_Data_Flows[[#This Row],[UoM_Flow_Py]] -> Mg
... A46: =ROW()-1 -> 45 | B46: =_xlfn.XLOOKUP(C46,Tab_Def_Flows[Name(EN)],Tab_Def_Flows[Flow_ID],,0,) -> F_11_02 | C46: Millet grain | D46: =_xlfn.XLOOKUP(C46,Tab_Def_Flows[Name(EN)],Tab_Def_Flows[Type_Biomass],,0,) -> 0 | E46: =_xlfn.XLOOKUP(C46,Tab_Def_Flows[Name(EN)],Tab_Def_Flows[Output_Process],,0,) -> Millet production | F46: =_xlfn.XLOOKUP(C46,Tab_Def_Flows[Name(EN)],Tab_Def_Flows[Process_ID_O],,0,) -> 11_Mil_BB | G46: =_xlfn.XLOOKUP(C46,Tab_Def_Flows[Name(EN)],Tab_Def_Flows[Input_Process],,0,) -> MBC production | H46: =_xlfn.XLOOKUP(C46,Tab_Def_Flows[Name(EN)],Tab_Def_Flows[Process_ID_I],,0,) -> 02_MBC_BB | I46: =_xlfn.XLOOKUP(C46,Tab_Def_Flows[Name(EN)],Tab_Def_Flows[Value_Source],,0,) -> 0 | J46: =_xlfn.XLOOKUP(C46,Tab_Def_Flows[Name(EN)],Tab_Def_Flows[WC?],,0,) -> Yes | K46: =_xlfn.XLOOKUP(C46,Tab_Def_Flows[Name(EN)],Tab_Def_Flows[DM?],,0,) -> Yes | L46: =_xlfn.XLOOKUP(C46,Tab_Def_Flows[Name(EN)],Tab_Def_Flows[CC?],,0,) -> Yes | M46: 2036 | N46: BB | O46: =O45*1.02 -> 1.3194788 | P46: Mg/a | X46: No | AA46: =IF(X46="no",O46,O46*Y46) -> 1.3194788 | AB46: Mg | AC46: =INDEX(Tab_Def_Flows[[Flow_ID]:[CC_DM_source]],MATCH(Tab_Data_Flows[[#This Row],[Name(EN)]],Tab_Def_Flows[Name(EN)],0),16) -> 0.66 | AD46: =IF(J46="Yes",AA46*Tab_Data_Flows[[#This Row],[WC_'[%']]],"N.A.") -> 0.87085598 | AE46: =Tab_Data_Flows[[#This Row],[UoM_Flow_Py]] -> Mg | AF46: =INDEX(Tab_Def_Flows[[Flow_ID]:[CC_DM_source]],MATCH(Tab_Data_Flows[[#This Row],[Name(EN)]],Tab_Def_Flows[Name(EN)],0),18) -> 0.34 | AG46: =IF(K46="Yes",AF46*Tab_Data_Flows[[#This Row],[Flow_Py]],"N.A.") -> 0.44862278 | AH46: =Tab_Data_Flows[[#This Row],[UoM_Flow_Py]] -> Mg | AI46: =INDEX(Tab_Def_Flows[[Flow_ID]:[CC_DM_source]],MATCH(Tab_Data_Flows[[#This Row],[Name(EN)]],Tab_Def_Flows[Name(EN)],0),20) -> 0.47 | AJ46: =IF(L46="Yes",AI46*Tab_Data_Flows[[#This Row],[Flow_Py]],"N.A.") -> 0.62015502 | AK46: =Tab_Data_Flows[[#This Row],[UoM_Flow_Py]] -> Mg
A47: =ROW()-1 -> 46 | B47: =_xlfn.XLOOKUP(C47,Tab_Def_Flows[Name(EN)],Tab_Def_Flows[Flow_ID],,0,) -> F_08_02 | C47: Water Input MBC Production | D47: =_xlfn.XLOOKUP(C47,Tab_Def_Flows[Name(EN)],Tab_Def_Flows[Type_Biomass],,0,) -> 0 | E47: =_xlfn.XLOOKUP(C47,Tab_Def_Flows[Name(EN)],Tab_Def_Flows[Output_Process],,0,) -> Water System (Import) | F47: =_xlfn.XLOOKUP(C47,Tab_Def_Flows[Name(EN)],Tab_Def_Flows[Process_ID_O],,0,) -> 08_Wat_BB | G47: =_xlfn.XLOOKUP(C47,Tab_Def_Flows[Name(EN)],Tab_Def_Flows[Input_Process],,0,) -> MBC production | H47: =_xlfn.XLOOKUP(C47,Tab_Def_Flows[Name(EN)],Tab_Def_Flows[Process_ID_I],,0,) -> 02_MBC_BB | I47: =_xlfn.XLOOKUP(C47,Tab_Def_Flows[Name(EN)],Tab_Def_Flows[Value_Source],,0,) -> 0 | J47: =_xlfn.XLOOKUP(C47,Tab_Def_Flows[Name(EN)],Tab_Def_Flows[WC?],,0,) -> Yes | K47: =_xlfn.XLOOKUP(C47,Tab_Def_Flows[Name(EN)],Tab_Def_Flows[DM?],,0,) -> Yes | L47: =_xlfn.XLOOKUP(C47,Tab_Def_Flows[Name(EN)],Tab_Def_Flows[CC?],,0,) -> Yes | M47: 2022 | N47: BB | O47: 74 | P47: Mg/a | X47: No | AA47: =IF(X47="no",O47,O47*Y47) -> 74 | AB47: Mg | AC47: =INDEX(Tab_Def_Flows[[Flow_ID]:[CC_DM_source]],MATCH(Tab_Data_Flows[[#This Row],[Name(EN)]],Tab_Def_Flows[Name(EN)],0),16) -> 1 | AD47: =IF(J47="Yes",AA47*Tab_Data_Flows[[#This Row],[WC_'[%']]],"N.A.") -> 74 | AE47: =Tab_Data_Flows[[#This Row],[UoM_Flow_Py]] -> Mg | AF47: =INDEX(Tab_Def_Flows[[Flow_ID]:[CC_DM_source]],MATCH(Tab_Data_Flows[[#This Row],[Name(EN)]],Tab_Def_Flows[Name(EN)],0),18) -> 0 | AG47: =IF(K47="Yes",AF47*Tab_Data_Flows[[#This Row],[Flow_Py]],"N.A.") -> 0 | AH47: =Tab_Data_Flows[[#This Row],[UoM_Flow_Py]] -> Mg | AI47: =INDEX(Tab_Def_Flows[[Flow_ID]:[CC_DM_source]],MATCH(Tab_Data_Flows[[#This Row],[Name(EN)]],Tab_Def_Flows[Name(EN)],0),20) -> 0 | AJ47: =IF(L47="Yes",AI47*Tab_Data_Flows[[#This Row],[Flow_Py]],"N.A.") -> 0 | AK47: =Tab_Data_Flows[[#This Row],[UoM_Flow_Py]] -> Mg
A48: =ROW()-1 -> 47 | B48: =_xlfn.XLOOKUP(C48,Tab_Def_Flows[Name(EN)],Tab_Def_Flows[Flow_ID],,0,) -> F_08_02 | C48: Water Input MBC Production | D48: =_xlfn.XLOOKUP(C48,Tab_Def_Flows[Name(EN)],Tab_Def_Flows[Type_Biomass],,0,) -> 0 | E48: =_xlfn.XLOOKUP(C48,Tab_Def_Flows[Name(EN)],Tab_Def_Flows[Output_Process],,0,) -> Water System (Import) | F48: =_xlfn.XLOOKUP(C48,Tab_Def_Flows[Name(EN)],Tab_Def_Flows[Process_ID_O],,0,) -> 08_Wat_BB | G48: =_xlfn.XLOOKUP(C48,Tab_Def_Flows[Name(EN)],Tab_Def_Flows[Input_Process],,0,) -> MBC production | H48: =_xlfn.XLOOKUP(C48,Tab_Def_Flows[Name(EN)],Tab_Def_Flows[Process_ID_I],,0,) -> 02_MBC_BB | I48: =_xlfn.XLOOKUP(C48,Tab_Def_Flows[Name(EN)],Tab_Def_Flows[Value_Source],,0,) -> 0 | J48: =_xlfn.XLOOKUP(C48,Tab_Def_Flows[Name(EN)],Tab_Def_Flows[WC?],,0,) -> Yes | K48: =_xlfn.XLOOKUP(C48,Tab_Def_Flows[Name(EN)],Tab_Def_Flows[DM?],,0,) -> Yes | L48: =_xlfn.XLOOKUP(C48,Tab_Def_Flows[Name(EN)],Tab_Def_Flows[CC?],,0,) -> Yes | M48: 2023 | N48: BB | O48: =O47*1.02 -> 75.48 | P48: Mg/a | X48: No | AA48: =IF(X48="no",O48,O48*Y48) -> 75.48 | AB48: Mg | AC48: =INDEX(Tab_Def_Flows[[Flow_ID]:[CC_DM_source]],MATCH(Tab_Data_Flows[[#This Row],[Name(EN)]],Tab_Def_Flows[Name(EN)],0),16) -> 1 | AD48: =IF(J48="Yes",AA48*Tab_Data_Flows[[#This Row],[WC_'[%']]],"N.A.") -> 75.48 | AE48: =Tab_Data_Flows[[#This Row],[UoM_Flow_Py]] -> Mg | AF48: =INDEX(Tab_Def_Flows[[Flow_ID]:[CC_DM_source]],MATCH(Tab_Data_Flows[[#This Row],[Name(EN)]],Tab_Def_Flows[Name(EN)],0),18) -> 0 | AG48: =IF(K48="Yes",AF48*Tab_Data_Flows[[#This Row],[Flow_Py]],"N.A.") -> 0 | AH48: =Tab_Data_Flows[[#This Row],[UoM_Flow_Py]] -> Mg | AI48: =INDEX(Tab_Def_Flows[[Flow_ID]:[CC_DM_source]],MATCH(Tab_Data_Flows[[#This Row],[Name(EN)]],Tab_Def_Flows[Name(EN)],0),20) -> 0 | AJ48: =IF(L48="Yes",AI48*Tab_Data_Flows[[#This Row],[Flow_Py]],"N.A.") -> 0 | AK48: =Tab_Data_Flows[[#This Row],[UoM_Flow_Py]] -> Mg
A49: =ROW()-1 -> 48 | B49: =_xlfn.XLOOKUP(C49,Tab_Def_Flows[Name(EN)],Tab_Def_Flows[Flow_ID],,0,) -> F_08_02 | C49: Water Input MBC Production | D49: =_xlfn.XLOOKUP(C49,Tab_Def_Flows[Name(EN)],Tab_Def_Flows[Type_Biomass],,0,) -> 0 | E49: =_xlfn.XLOOKUP(C49,Tab_Def_Flows[Name(EN)],Tab_Def_Flows[Output_Process],,0,) -> Water System (Import) | F49: =_xlfn.XLOOKUP(C49,Tab_Def_Flows[Name(EN)],Tab_Def_Flows[Process_ID_O],,0,) -> 08_Wat_BB | G49: =_xlfn.XLOOKUP(C49,Tab_Def_Flows[Name(EN)],Tab_Def_Flows[Input_Process],,0,) -> MBC production | H49: =_xlfn.XLOOKUP(C49,Tab_Def_Flows[Name(EN)],Tab_Def_Flows[Process_ID_I],,0,) -> 02_MBC_BB | I49: =_xlfn.XLOOKUP(C49,Tab_Def_Flows[Name(EN)],Tab_Def_Flows[Value_Source],,0,) -> 0 | J49: =_xlfn.XLOOKUP(C49,Tab_Def_Flows[Name(EN)],Tab_Def_Flows[WC?],,0,) -> Yes | K49: =_xlfn.XLOOKUP(C49,Tab_Def_Flows[Name(EN)],Tab_Def_Flows[DM?],,0,) -> Yes | L49: =_xlfn.XLOOKUP(C49,Tab_Def_Flows[Name(EN)],Tab_Def_Flows[CC?],,0,) -> Yes | M49: 2024 | N49: BB | O49: =O48*1.02 -> 76.9896 | P49: Mg/a | X49: No | AA49: =IF(X49="no",O49,O49*Y49) -> 76.9896 | AB49: Mg | AC49: =INDEX(Tab_Def_Flows[[Flow_ID]:[CC_DM_source]],MATCH(Tab_Data_Flows[[#This Row],[Name(EN)]],Tab_Def_Flows[Name(EN)],0),16) -> 1 | AD49: =IF(J49="Yes",AA49*Tab_Data_Flows[[#This Row],[WC_'[%']]],"N.A.") -> 76.9896 | AE49: =Tab_Data_Flows[[#This Row],[UoM_Flow_Py]] -> Mg | AF49: =INDEX(Tab_Def_Flows[[Flow_ID]:[CC_DM_source]],MATCH(Tab_Data_Flows[[#This Row],[Name(EN)]],Tab_Def_Flows[Name(EN)],0),18) -> 0 | AG49: =IF(K49="Yes",AF49*Tab_Data_Flows[[#This Row],[Flow_Py]],"N.A.") -> 0 | AH49: =Tab_Data_Flows[[#This Row],[UoM_Flow_Py]] -> Mg | AI49: =INDEX(Tab_Def_Flows[[Flow_ID]:[CC_DM_source]],MATCH(Tab_Data_Flows[[#This Row],[Name(EN)]],Tab_Def_Flows[Name(EN)],0),20) -> 0 | AJ49: =IF(L49="Yes",AI49*Tab_Data_Flows[[#This Row],[Flow_Py]],"N.A.") -> 0 | AK49: =Tab_Data_Flows[[#This Row],[UoM_Flow_Py]] -> Mg
A50: =ROW()-1 -> 49 | B50: =_xlfn.XLOOKUP(C50,Tab_Def_Flows[Name(EN)],Tab_Def_Flows[Flow_ID],,0,) -> F_08_02 | C50: Water Input MBC Production | D50: =_xlfn.XLOOKUP(C50,Tab_Def_Flows[Name(EN)],Tab_Def_Flows[Type_Biomass],,0,) -> 0 | E50: =_xlfn.XLOOKUP(C50,Tab_Def_Flows[Name(EN)],Tab_Def_Flows[Output_Process],,0,) -> Water System (Import) | F50: =_xlfn.XLOOKUP(C50,Tab_Def_Flows[Name(EN)],Tab_Def_Flows[Process_ID_O],,0,) -> 08_Wat_BB | G50: =_xlfn.XLOOKUP(C50,Tab_Def_Flows[Name(EN)],Tab_Def_Flows[Input_Process],,0,) -> MBC production | H50: =_xlfn.XLOOKUP(C50,Tab_Def_Flows[Name(EN)],Tab_Def_Flows[Process_ID_I],,0,) -> 02_MBC_BB | I50: =_xlfn.XLOOKUP(C50,Tab_Def_Flows[Name(EN)],Tab_Def_Flows[Value_Source],,0,) -> 0 | J50: =_xlfn.XLOOKUP(C50,Tab_Def_Flows[Name(EN)],Tab_Def_Flows[WC?],,0,) -> Yes | K50: =_xlfn.XLOOKUP(C50,Tab_Def_Flows[Name(EN)],Tab_Def_Flows[DM?],,0,) -> Yes | L50: =_xlfn.XLOOKUP(C50,Tab_Def_Flows[Name(EN)],Tab_Def_Flows[CC?],,0,) -> Yes | M50: 2025 | N50: BB | O50: =O49*1.02 -> 78.529392 | P50: Mg/a | X50: No | AA50: =IF(X50="no",O50,O50*Y50) -> 78.529392 | AB50: Mg | AC50: =INDEX(Tab_Def_Flows[[Flow_ID]:[CC_DM_source]],MATCH(Tab_Data_Flows[[#This Row],[Name(EN)]],Tab_Def_Flows[Name(EN)],0),16) -> 1 | AD50: =IF(J50="Yes",AA50*Tab_Data_Flows[[#This Row],[WC_'[%']]],"N.A.") -> 78.529392 | AE50: =Tab_Data_Flows[[#This Row],[UoM_Flow_Py]] -> Mg | AF50: =INDEX(Tab_Def_Flows[[Flow_ID]:[CC_DM_source]],MATCH(Tab_Data_Flows[[#This Row],[Name(EN)]],Tab_Def_Flows[Name(EN)],0),18) -> 0 | AG50: =IF(K50="Yes",AF50*Tab_Data_Flows[[#This Row],[Flow_Py]],"N.A.") -> 0 | AH50: =Tab_Data_Flows[[#This Row],[UoM_Flow_Py]] -> Mg | AI50: =INDEX(Tab_Def_Flows[[Flow_ID]:[CC_DM_source]],MATCH(Tab_Data_Flows[[#This Row],[Name(EN)]],Tab_Def_Flows[Name(EN)],0),20) -> 0 | AJ50: =IF(L50="Yes",AI50*Tab_Data_Flows[[#This Row],[Flow_Py]],"N.A.") -> 0 | AK50: =Tab_Data_Flows[[#This Row],[UoM_Flow_Py]] -> Mg
A51: =ROW()-1 -> 50 | B51: =_xlfn.XLOOKUP(C51,Tab_Def_Flows[Name(EN)],Tab_Def_Flows[Flow_ID],,0,) -> F_08_02 | C51: Water Input MBC Production | D51: =_xlfn.XLOOKUP(C51,Tab_Def_Flows[Name(EN)],Tab_Def_Flows[Type_Biomass],,0,) -> 0 | E51: =_xlfn.XLOOKUP(C51,Tab_Def_Flows[Name(EN)],Tab_Def_Flows[Output_Process],,0,) -> Water System (Import) | F51: =_xlfn.XLOOKUP(C51,Tab_Def_Flows[Name(EN)],Tab_Def_Flows[Process_ID_O],,0,) -> 08_Wat_BB | G51: =_xlfn.XLOOKUP(C51,Tab_Def_Flows[Name(EN)],Tab_Def_Flows[Input_Process],,0,) -> MBC production | H51: =_xlfn.XLOOKUP(C51,Tab_Def_Flows[Name(EN)],Tab_Def_Flows[Process_ID_I],,0,) -> 02_MBC_BB | I51: =_xlfn.XLOOKUP(C51,Tab_Def_Flows[Name(EN)],Tab_Def_Flows[Value_Source],,0,) -> 0 | J51: =_xlfn.XLOOKUP(C51,Tab_Def_Flows[Name(EN)],Tab_Def_Flows[WC?],,0,) -> Yes | K51: =_xlfn.XLOOKUP(C51,Tab_Def_Flows[Name(EN)],Tab_Def_Flows[DM?],,0,) -> Yes | L51: =_xlfn.XLOOKUP(C51,Tab_Def_Flows[Name(EN)],Tab_Def_Flows[CC?],,0,) -> Yes | M51: 2026 | N51: BB | O51: =O50*1.02 -> 80.09998 | P51: Mg/a | X51: No | AA51: =IF(X51="no",O51,O51*Y51) -> 80.09998 | AB51: Mg | AC51: =INDEX(Tab_Def_Flows[[Flow_ID]:[CC_DM_source]],MATCH(Tab_Data_Flows[[#This Row],[Name(EN)]],Tab_Def_Flows[Name(EN)],0),16) -> 1 | AD51: =IF(J51="Yes",AA51*Tab_Data_Flows[[#This Row],[WC_'[%']]],"N.A.") -> 80.09998 | AE51: =Tab_Data_Flows[[#This Row],[UoM_Flow_Py]] -> Mg | AF51: =INDEX(Tab_Def_Flows[[Flow_ID]:[CC_DM_source]],MATCH(Tab_Data_Flows[[#This Row],[Name(EN)]],Tab_Def_Flows[Name(EN)],0),18) -> 0 | AG51: =IF(K51="Yes",AF51*Tab_Data_Flows[[#This Row],[Flow_Py]],"N.A.") -> 0 | AH51: =Tab_Data_Flows[[#This Row],[UoM_Flow_Py]] -> Mg | AI51: =INDEX(Tab_Def_Flows[[Flow_ID]:[CC_DM_source]],MATCH(Tab_Data_Flows[[#This Row],[Name(EN)]],Tab_Def_Flows[Name(EN)],0),20) -> 0 | AJ51: =IF(L51="Yes",AI51*Tab_Data_Flows[[#This Row],[Flow_Py]],"N.A.") -> 0 | AK51: =Tab_Data_Flows[[#This Row],[UoM_Flow_Py]] -> Mg
A52: =ROW()-1 -> 51 | B52: =_xlfn.XLOOKUP(C52,Tab_Def_Flows[Name(EN)],Tab_Def_Flows[Flow_ID],,0,) -> F_08_02 | C52: Water Input MBC Production | D52: =_xlfn.XLOOKUP(C52,Tab_Def_Flows[Name(EN)],Tab_Def_Flows[Type_Biomass],,0,) -> 0 | E52: =_xlfn.XLOOKUP(C52,Tab_Def_Flows[Name(EN)],Tab_Def_Flows[Output_Process],,0,) -> Water System (Import) | F52: =_xlfn.XLOOKUP(C52,Tab_Def_Flows[Name(EN)],Tab_Def_Flows[Process_ID_O],,0,) -> 08_Wat_BB | G52: =_xlfn.XLOOKUP(C52,Tab_Def_Flows[Name(EN)],Tab_Def_Flows[Input_Process],,0,) -> MBC production | H52: =_xlfn.XLOOKUP(C52,Tab_Def_Flows[Name(EN)],Tab_Def_Flows[Process_ID_I],,0,) -> 02_MBC_BB | I52: =_xlfn.XLOOKUP(C52,Tab_Def_Flows[Name(EN)],Tab_Def_Flows[Value_Source],,0,) -> 0 | J52: =_xlfn.XLOOKUP(C52,Tab_Def_Flows[Name(EN)],Tab_Def_Flows[WC?],,0,) -> Yes | K52: =_xlfn.XLOOKUP(C52,Tab_Def_Flows[Name(EN)],Tab_Def_Flows[DM?],,0,) -> Yes | L52: =_xlfn.XLOOKUP(C52,Tab_Def_Flows[Name(EN)],Tab_Def_Flows[CC?],,0,) -> Yes | M52: 2027 | N52: BB | O52: =O51*1.02 -> 81.701979 | P52: Mg/a | X52: No | AA52: =IF(X52="no",O52,O52*Y52) -> 81.701979 | AB52: Mg | AC52: =INDEX(Tab_Def_Flows[[Flow_ID]:[CC_DM_source]],MATCH(Tab_Data_Flows[[#This Row],[Name(EN)]],Tab_Def_Flows[Name(EN)],0),16) -> 1 | AD52: =IF(J52="Yes",AA52*Tab_Data_Flows[[#This Row],[WC_'[%']]],"N.A.") -> 81.701979 | AE52: =Tab_Data_Flows[[#This Row],[UoM_Flow_Py]] -> Mg | AF52: =INDEX(Tab_Def_Flows[[Flow_ID]:[CC_DM_source]],MATCH(Tab_Data_Flows[[#This Row],[Name(EN)]],Tab_Def_Flows[Name(EN)],0),18) -> 0 | AG52: =IF(K52="Yes",AF52*Tab_Data_Flows[[#This Row],[Flow_Py]],"N.A.") -> 0 | AH52: =Tab_Data_Flows[[#This Row],[UoM_Flow_Py]] -> Mg | AI52: =INDEX(Tab_Def_Flows[[Flow_ID]:[CC_DM_source]],MATCH(Tab_Data_Flows[[#This Row],[Name(EN)]],Tab_Def_Flows[Name(EN)],0),20) -> 0 | AJ52: =IF(L52="Yes",AI52*Tab_Data_Flows[[#This Row],[Flow_Py]],"N.A.") -> 0 | AK52: =Tab_Data_Flows[[#This Row],[UoM_Flow_Py]] -> Mg
A53: =ROW()-1 -> 52 | B53: =_xlfn.XLOOKUP(C53,Tab_Def_Flows[Name(EN)],Tab_Def_Flows[Flow_ID],,0,) -> F_08_02 | C53: Water Input MBC Production | D53: =_xlfn.XLOOKUP(C53,Tab_Def_Flows[Name(EN)],Tab_Def_Flows[Type_Biomass],,0,) -> 0 | E53: =_xlfn.XLOOKUP(C53,Tab_Def_Flows[Name(EN)],Tab_Def_Flows[Output_Process],,0,) -> Water System (Import) | F53: =_xlfn.XLOOKUP(C53,Tab_Def_Flows[Name(EN)],Tab_Def_Flows[Process_ID_O],,0,) -> 08_Wat_BB | G53: =_xlfn.XLOOKUP(C53,Tab_Def_Flows[Name(EN)],Tab_Def_Flows[Input_Process],,0,) -> MBC production | H53: =_xlfn.XLOOKUP(C53,Tab_Def_Flows[Name(EN)],Tab_Def_Flows[Process_ID_I],,0,) -> 02_MBC_BB | I53: =_xlfn.XLOOKUP(C53,Tab_Def_Flows[Name(EN)],Tab_Def_Flows[Value_Source],,0,) -> 0 | J53: =_xlfn.XLOOKUP(C53,Tab_Def_Flows[Name(EN)],Tab_Def_Flows[WC?],,0,) -> Yes | K53: =_xlfn.XLOOKUP(C53,Tab_Def_Flows[Name(EN)],Tab_Def_Flows[DM?],,0,) -> Yes | L53: =_xlfn.XLOOKUP(C53,Tab_Def_Flows[Name(EN)],Tab_Def_Flows[CC?],,0,) -> Yes | M53: 2028 | N53: BB | O53: =O52*1.02 -> 83.336019 | P53: Mg/a | X53: No | AA53: =IF(X53="no",O53,O53*Y53) -> 83.336019 | AB53: Mg | AC53: =INDEX(Tab_Def_Flows[[Flow_ID]:[CC_DM_source]],MATCH(Tab_Data_Flows[[#This Row],[Name(EN)]],Tab_Def_Flows[Name(EN)],0),16) -> 1 | AD53: =IF(J53="Yes",AA53*Tab_Data_Flows[[#This Row],[WC_'[%']]],"N.A.") -> 83.336019 | AE53: =Tab_Data_Flows[[#This Row],[UoM_Flow_Py]] -> Mg | AF53: =INDEX(Tab_Def_Flows[[Flow_ID]:[CC_DM_source]],MATCH(Tab_Data_Flows[[#This Row],[Name(EN)]],Tab_Def_Flows[Name(EN)],0),18) -> 0 | AG53: =IF(K53="Yes",AF53*Tab_Data_Flows[[#This Row],[Flow_Py]],"N.A.") -> 0 | AH53: =Tab_Data_Flows[[#This Row],[UoM_Flow_Py]] -> Mg | AI53: =INDEX(Tab_Def_Flows[[Flow_ID]:[CC_DM_source]],MATCH(Tab_Data_Flows[[#This Row],[Name(EN)]],Tab_Def_Flows[Name(EN)],0),20) -> 0 | AJ53: =IF(L53="Yes",AI53*Tab_Data_Flows[[#This Row],[Flow_Py]],"N.A.") -> 0 | AK53: =Tab_Data_Flows[[#This Row],[UoM_Flow_Py]] -> Mg
A54: =ROW()-1 -> 53 | B54: =_xlfn.XLOOKUP(C54,Tab_Def_Flows[Name(EN)],Tab_Def_Flows[Flow_ID],,0,) -> F_08_02 | C54: Water Input MBC Production | D54: =_xlfn.XLOOKUP(C54,Tab_Def_Flows[Name(EN)],Tab_Def_Flows[Type_Biomass],,0,) -> 0 | E54: =_xlfn.XLOOKUP(C54,Tab_Def_Flows[Name(EN)],Tab_Def_Flows[Output_Process],,0,) -> Water System (Import) | F54: =_xlfn.XLOOKUP(C54,Tab_Def_Flows[Name(EN)],Tab_Def_Flows[Process_ID_O],,0,) -> 08_Wat_BB | G54: =_xlfn.XLOOKUP(C54,Tab_Def_Flows[Name(EN)],Tab_Def_Flows[Input_Process],,0,) -> MBC production | H54: =_xlfn.XLOOKUP(C54,Tab_Def_Flows[Name(EN)],Tab_Def_Flows[Process_ID_I],,0,) -> 02_MBC_BB | I54: =_xlfn.XLOOKUP(C54,Tab_Def_Flows[Name(EN)],Tab_Def_Flows[Value_Source],,0,) -> 0 | J54: =_xlfn.XLOOKUP(C54,Tab_Def_Flows[Name(EN)],Tab_Def_Flows[WC?],,0,) -> Yes | K54: =_xlfn.XLOOKUP(C54,Tab_Def_Flows[Name(EN)],Tab_Def_Flows[DM?],,0,) -> Yes | L54: =_xlfn.XLOOKUP(C54,Tab_Def_Flows[Name(EN)],Tab_Def_Flows[CC?],,0,) -> Yes | M54: 2029 | N54: BB | O54: =O53*1.02 -> 85.002739 | P54: Mg/a | X54: No | AA54: =IF(X54="no",O54,O54*Y54) -> 85.002739 | AB54: Mg | AC54: =INDEX(Tab_Def_Flows[[Flow_ID]:[CC_DM_source]],MATCH(Tab_Data_Flows[[#This Row],[Name(EN)]],Tab_Def_Flows[Name(EN)],0),16) -> 1 | AD54: =IF(J54="Yes",AA54*Tab_Data_Flows[[#This Row],[WC_'[%']]],"N.A.") -> 85.002739 | AE54: =Tab_Data_Flows[[#This Row],[UoM_Flow_Py]] -> Mg | AF54: =INDEX(Tab_Def_Flows[[Flow_ID]:[CC_DM_source]],MATCH(Tab_Data_Flows[[#This Row],[Name(EN)]],Tab_Def_Flows[Name(EN)],0),18) -> 0 | AG54: =IF(K54="Yes",AF54*Tab_Data_Flows[[#This Row],[Flow_Py]],"N.A.") -> 0 | AH54: =Tab_Data_Flows[[#This Row],[UoM_Flow_Py]] -> Mg | AI54: =INDEX(Tab_Def_Flows[[Flow_ID]:[CC_DM_source]],MATCH(Tab_Data_Flows[[#This Row],[Name(EN)]],Tab_Def_Flows[Name(EN)],0),20) -> 0 | AJ54: =IF(L54="Yes",AI54*Tab_Data_Flows[[#This Row],[Flow_Py]],"N.A.") -> 0 | AK54: =Tab_Data_Flows[[#This Row],[UoM_Flow_Py]] -> Mg
A55: =ROW()-1 -> 54 | B55: =_xlfn.XLOOKUP(C55,Tab_Def_Flows[Name(EN)],Tab_Def_Flows[Flow_ID],,0,) -> F_08_02 | C55: Water Input MBC Production | D55: =_xlfn.XLOOKUP(C55,Tab_Def_Flows[Name(EN)],Tab_Def_Flows[Type_Biomass],,0,) -> 0 | E55: =_xlfn.XLOOKUP(C55,Tab_Def_Flows[Name(EN)],Tab_Def_Flows[Output_Process],,0,) -> Water System (Import) | F55: =_xlfn.XLOOKUP(C55,Tab_Def_Flows[Name(EN)],Tab_Def_Flows[Process_ID_O],,0,) -> 08_Wat_BB | G55: =_xlfn.XLOOKUP(C55,Tab_Def_Flows[Name(EN)],Tab_Def_Flows[Input_Process],,0,) -> MBC production | H55: =_xlfn.XLOOKUP(C55,Tab_Def_Flows[Name(EN)],Tab_Def_Flows[Process_ID_I],,0,) -> 02_MBC_BB | I55: =_xlfn.XLOOKUP(C55,Tab_Def_Flows[Name(EN)],Tab_Def_Flows[Value_Source],,0,) -> 0 | J55: =_xlfn.XLOOKUP(C55,Tab_Def_Flows[Name(EN)],Tab_Def_Flows[WC?],,0,) -> Yes | K55: =_xlfn.XLOOKUP(C55,Tab_Def_Flows[Name(EN)],Tab_Def_Flows[DM?],,0,) -> Yes | L55: =_xlfn.XLOOKUP(C55,Tab_Def_Flows[Name(EN)],Tab_Def_Flows[CC?],,0,) -> Yes | M55: 2030 | N55: BB | O55: =O54*1.02 -> 86.702794 | P55: Mg/a | X55: No | AA55: =IF(X55="no",O55,O55*Y55) -> 86.702794 | AB55: Mg | AC55: =INDEX(Tab_Def_Flows[[Flow_ID]:[CC_DM_source]],MATCH(Tab_Data_Flows[[#This Row],[Name(EN)]],Tab_Def_Flows[Name(EN)],0),16) -> 1 | AD55: =IF(J55="Yes",AA55*Tab_Data_Flows[[#This Row],[WC_'[%']]],"N.A.") -> 86.702794 | AE55: =Tab_Data_Flows[[#This Row],[UoM_Flow_Py]] -> Mg | AF55: =INDEX(Tab_Def_Flows[[Flow_ID]:[CC_DM_source]],MATCH(Tab_Data_Flows[[#This Row],[Name(EN)]],Tab_Def_Flows[Name(EN)],0),18) -> 0 | AG55: =IF(K55="Yes",AF55*Tab_Data_Flows[[#This Row],[Flow_Py]],"N.A.") -> 0 | AH55: =Tab_Data_Flows[[#This Row],[UoM_Flow_Py]] -> Mg | AI55: =INDEX(Tab_Def_Flows[[Flow_ID]:[CC_DM_source]],MATCH(Tab_Data_Flows[[#This Row],[Name(EN)]],Tab_Def_Flows[Name(EN)],0),20) -> 0 | AJ55: =IF(L55="Yes",AI55*Tab_Data_Flows[[#This Row],[Flow_Py]],"N.A.") -> 0 | AK55: =Tab_Data_Flows[[#This Row],[UoM_Flow_Py]] -> Mg
A56: =ROW()-1 -> 55 | B56: =_xlfn.XLOOKUP(C56,Tab_Def_Flows[Name(EN)],Tab_Def_Flows[Flow_ID],,0,) -> F_08_02 | C56: Water Input MBC Production | D56: =_xlfn.XLOOKUP(C56,Tab_Def_Flows[Name(EN)],Tab_Def_Flows[Type_Biomass],,0,) -> 0 | E56: =_xlfn.XLOOKUP(C56,Tab_Def_Flows[Name(EN)],Tab_Def_Flows[Output_Process],,0,) -> Water System (Import) | F56: =_xlfn.XLOOKUP(C56,Tab_Def_Flows[Name(EN)],Tab_Def_Flows[Process_ID_O],,0,) -> 08_Wat_BB | G56: =_xlfn.XLOOKUP(C56,Tab_Def_Flows[Name(EN)],Tab_Def_Flows[Input_Process],,0,) -> MBC production | H56: =_xlfn.XLOOKUP(C56,Tab_Def_Flows[Name(EN)],Tab_Def_Flows[Process_ID_I],,0,) -> 02_MBC_BB | I56: =_xlfn.XLOOKUP(C56,Tab_Def_Flows[Name(EN)],Tab_Def_Flows[Value_Source],,0,) -> 0 | J56: =_xlfn.XLOOKUP(C56,Tab_Def_Flows[Name(EN)],Tab_Def_Flows[WC?],,0,) -> Yes | K56: =_xlfn.XLOOKUP(C56,Tab_Def_Flows[Name(EN)],Tab_Def_Flows[DM?],,0,) -> Yes | L56: =_xlfn.XLOOKUP(C56,Tab_Def_Flows[Name(EN)],Tab_Def_Flows[CC?],,0,) -> Yes | M56: 2031 | N56: BB | O56: =O55*1.02 -> 88.43685 | P56: Mg/a | X56: No | AA56: =IF(X56="no",O56,O56*Y56) -> 88.43685 | AB56: Mg | AC56: =INDEX(Tab_Def_Flows[[Flow_ID]:[CC_DM_source]],MATCH(Tab_Data_Flows[[#This Row],[Name(EN)]],Tab_Def_Flows[Name(EN)],0),16) -> 1 | AD56: =IF(J56="Yes",AA56*Tab_Data_Flows[[#This Row],[WC_'[%']]],"N.A.") -> 88.43685 | AE56: =Tab_Data_Flows[[#This Row],[UoM_Flow_Py]] -> Mg | AF56: =INDEX(Tab_Def_Flows[[Flow_ID]:[CC_DM_source]],MATCH(Tab_Data_Flows[[#This Row],[Name(EN)]],Tab_Def_Flows[Name(EN)],0),18) -> 0 | AG56: =IF(K56="Yes",AF56*Tab_Data_Flows[[#This Row],[Flow_Py]],"N.A.") -> 0 | AH56: =Tab_Data_Flows[[#This Row],[UoM_Flow_Py]] -> Mg | AI56: =INDEX(Tab_Def_Flows[[Flow_ID]:[CC_DM_source]],MATCH(Tab_Data_Flows[[#This Row],[Name(EN)]],Tab_Def_Flows[Name(EN)],0),20) -> 0 | AJ56: =IF(L56="Yes",AI56*Tab_Data_Flows[[#This Row],[Flow_Py]],"N.A.") -> 0 | AK56: =Tab_Data_Flows[[#This Row],[UoM_Flow_Py]] -> Mg
A57: =ROW()-1 -> 56 | B57: =_xlfn.XLOOKUP(C57,Tab_Def_Flows[Name(EN)],Tab_Def_Flows[Flow_ID],,0,) -> F_08_02 | C57: Water Input MBC Production | D57: =_xlfn.XLOOKUP(C57,Tab_Def_Flows[Name(EN)],Tab_Def_Flows[Type_Biomass],,0,) -> 0 | E57: =_xlfn.XLOOKUP(C57,Tab_Def_Flows[Name(EN)],Tab_Def_Flows[Output_Process],,0,) -> Water System (Import) | F57: =_xlfn.XLOOKUP(C57,Tab_Def_Flows[Name(EN)],Tab_Def_Flows[Process_ID_O],,0,) -> 08_Wat_BB | G57: =_xlfn.XLOOKUP(C57,Tab_Def_Flows[Name(EN)],Tab_Def_Flows[Input_Process],,0,) -> MBC production | H57: =_xlfn.XLOOKUP(C57,Tab_Def_Flows[Name(EN)],Tab_Def_Flows[Process_ID_I],,0,) -> 02_MBC_BB | I57: =_xlfn.XLOOKUP(C57,Tab_Def_Flows[Name(EN)],Tab_Def_Flows[Value_Source],,0,) -> 0 | J57: =_xlfn.XLOOKUP(C57,Tab_Def_Flows[Name(EN)],Tab_Def_Flows[WC?],,0,) -> Yes | K57: =_xlfn.XLOOKUP(C57,Tab_Def_Flows[Name(EN)],Tab_Def_Flows[DM?],,0,) -> Yes | L57: =_xlfn.XLOOKUP(C57,Tab_Def_Flows[Name(EN)],Tab_Def_Flows[CC?],,0,) -> Yes | M57: 2032 | N57: BB | O57: =O56*1.02 -> 90.205587 | P57: Mg/a | X57: No | AA57: =IF(X57="no",O57,O57*Y57) -> 90.205587 | AB57: Mg | AC57: =INDEX(Tab_Def_Flows[[Flow_ID]:[CC_DM_source]],MATCH(Tab_Data_Flows[[#This Row],[Name(EN)]],Tab_Def_Flows[Name(EN)],0),16) -> 1 | AD57: =IF(J57="Yes",AA57*Tab_Data_Flows[[#This Row],[WC_'[%']]],"N.A.") -> 90.205587 | AE57: =Tab_Data_Flows[[#This Row],[UoM_Flow_Py]] -> Mg | AF57: =INDEX(Tab_Def_Flows[[Flow_ID]:[CC_DM_source]],MATCH(Tab_Data_Flows[[#This Row],[Name(EN)]],Tab_Def_Flows[Name(EN)],0),18) -> 0 | AG57: =IF(K57="Yes",AF57*Tab_Data_Flows[[#This Row],[Flow_Py]],"N.A.") -> 0 | AH57: =Tab_Data_Flows[[#This Row],[UoM_Flow_Py]] -> Mg | AI57: =INDEX(Tab_Def_Flows[[Flow_ID]:[CC_DM_source]],MATCH(Tab_Data_Flows[[#This Row],[Name(EN)]],Tab_Def_Flows[Name(EN)],0),20) -> 0 | AJ57: =IF(L57="Yes",AI57*Tab_Data_Flows[[#This Row],[Flow_Py]],"N.A.") -> 0 | AK57: =Tab_Data_Flows[[#This Row],[UoM_Flow_Py]] -> Mg
A58: =ROW()-1 -> 57 | B58: =_xlfn.XLOOKUP(C58,Tab_Def_Flows[Name(EN)],Tab_Def_Flows[Flow_ID],,0,) -> F_08_02 | C58: Water Input MBC Production | D58: =_xlfn.XLOOKUP(C58,Tab_Def_Flows[Name(EN)],Tab_Def_Flows[Type_Biomass],,0,) -> 0 | E58: =_xlfn.XLOOKUP(C58,Tab_Def_Flows[Name(EN)],Tab_Def_Flows[Output_Process],,0,) -> Water System (Import) | F58: =_xlfn.XLOOKUP(C58,Tab_Def_Flows[Name(EN)],Tab_Def_Flows[Process_ID_O],,0,) -> 08_Wat_BB | G58: =_xlfn.XLOOKUP(C58,Tab_Def_Flows[Name(EN)],Tab_Def_Flows[Input_Process],,0,) -> MBC production | H58: =_xlfn.XLOOKUP(C58,Tab_Def_Flows[Name(EN)],Tab_Def_Flows[Process_ID_I],,0,) -> 02_MBC_BB | I58: =_xlfn.XLOOKUP(C58,Tab_Def_Flows[Name(EN)],Tab_Def_Flows[Value_Source],,0,) -> 0 | J58: =_xlfn.XLOOKUP(C58,Tab_Def_Flows[Name(EN)],Tab_Def_Flows[WC?],,0,) -> Yes | K58: =_xlfn.XLOOKUP(C58,Tab_Def_Flows[Name(EN)],Tab_Def_Flows[DM?],,0,) -> Yes | L58: =_xlfn.XLOOKUP(C58,Tab_Def_Flows[Name(EN)],Tab_Def_Flows[CC?],,0,) -> Yes | M58: 2033 | N58: BB | O58: =O57*1.02 -> 92.009699 | P58: Mg/a | X58: No | AA58: =IF(X58="no",O58,O58*Y58) -> 92.009699 | AB58: Mg | AC58: =INDEX(Tab_Def_Flows[[Flow_ID]:[CC_DM_source]],MATCH(Tab_Data_Flows[[#This Row],[Name(EN)]],Tab_Def_Flows[Name(EN)],0),16) -> 1 | AD58: =IF(J58="Yes",AA58*Tab_Data_Flows[[#This Row],[WC_'[%']]],"N.A.") -> 92.009699 | AE58: =Tab_Data_Flows[[#This Row],[UoM_Flow_Py]] -> Mg | AF58: =INDEX(Tab_Def_Flows[[Flow_ID]:[CC_DM_source]],MATCH(Tab_Data_Flows[[#This Row],[Name(EN)]],Tab_Def_Flows[Name(EN)],0),18) -> 0 | AG58: =IF(K58="Yes",AF58*Tab_Data_Flows[[#This Row],[Flow_Py]],"N.A.") -> 0 | AH58: =Tab_Data_Flows[[#This Row],[UoM_Flow_Py]] -> Mg | AI58: =INDEX(Tab_Def_Flows[[Flow_ID]:[CC_DM_source]],MATCH(Tab_Data_Flows[[#This Row],[Name(EN)]],Tab_Def_Flows[Name(EN)],0),20) -> 0 | AJ58: =IF(L58="Yes",AI58*Tab_Data_Flows[[#This Row],[Flow_Py]],"N.A.") -> 0 | AK58: =Tab_Data_Flows[[#This Row],[UoM_Flow_Py]] -> Mg
A59: =ROW()-1 -> 58 | B59: =_xlfn.XLOOKUP(C59,Tab_Def_Flows[Name(EN)],Tab_Def_Flows[Flow_ID],,0,) -> F_08_02 | C59: Water Input MBC Production | D59: =_xlfn.XLOOKUP(C59,Tab_Def_Flows[Name(EN)],Tab_Def_Flows[Type_Biomass],,0,) -> 0 | E59: =_xlfn.XLOOKUP(C59,Tab_Def_Flows[Name(EN)],Tab_Def_Flows[Output_Process],,0,) -> Water System (Import) | F59: =_xlfn.XLOOKUP(C59,Tab_Def_Flows[Name(EN)],Tab_Def_Flows[Process_ID_O],,0,) -> 08_Wat_BB | G59: =_xlfn.XLOOKUP(C59,Tab_Def_Flows[Name(EN)],Tab_Def_Flows[Input_Process],,0,) -> MBC production | H59: =_xlfn.XLOOKUP(C59,Tab_Def_Flows[Name(EN)],Tab_Def_Flows[Process_ID_I],,0,) -> 02_MBC_BB | I59: =_xlfn.XLOOKUP(C59,Tab_Def_Flows[Name(EN)],Tab_Def_Flows[Value_Source],,0,) -> 0 | J59: =_xlfn.XLOOKUP(C59,Tab_Def_Flows[Name(EN)],Tab_Def_Flows[WC?],,0,) -> Yes | K59: =_xlfn.XLOOKUP(C59,Tab_Def_Flows[Name(EN)],Tab_Def_Flows[DM?],,0,) -> Yes | L59: =_xlfn.XLOOKUP(C59,Tab_Def_Flows[Name(EN)],Tab_Def_Flows[CC?],,0,) -> Yes | M59: 2034 | N59: BB | O59: =O58*1.02 -> 93.849893 | P59: Mg/a | X59: No | AA59: =IF(X59="no",O59,O59*Y59) -> 93.849893 | AB59: Mg | AC59: =INDEX(Tab_Def_Flows[[Flow_ID]:[CC_DM_source]],MATCH(Tab_Data_Flows[[#This Row],[Name(EN)]],Tab_Def_Flows[Name(EN)],0),16) -> 1 | AD59: =IF(J59="Yes",AA59*Tab_Data_Flows[[#This Row],[WC_'[%']]],"N.A.") -> 93.849893 | AE59: =Tab_Data_Flows[[#This Row],[UoM_Flow_Py]] -> Mg | AF59: =INDEX(Tab_Def_Flows[[Flow_ID]:[CC_DM_source]],MATCH(Tab_Data_Flows[[#This Row],[Name(EN)]],Tab_Def_Flows[Name(EN)],0),18) -> 0 | AG59: =IF(K59="Yes",AF59*Tab_Data_Flows[[#This Row],[Flow_Py]],"N.A.") -> 0 | AH59: =Tab_Data_Flows[[#This Row],[UoM_Flow_Py]] -> Mg | AI59: =INDEX(Tab_Def_Flows[[Flow_ID]:[CC_DM_source]],MATCH(Tab_Data_Flows[[#This Row],[Name(EN)]],Tab_Def_Flows[Name(EN)],0),20) -> 0 | AJ59: =IF(L59="Yes",AI59*Tab_Data_Flows[[#This Row],[Flow_Py]],"N.A.") -> 0 | AK59: =Tab_Data_Flows[[#This Row],[UoM_Flow_Py]] -> Mg
... A61: =ROW()-1 -> 60 | B61: =_xlfn.XLOOKUP(C61,Tab_Def_Flows[Name(EN)],Tab_Def_Flows[Flow_ID],,0,) -> F_08_02 | C61: Water Input MBC Production | D61: =_xlfn.XLOOKUP(C61,Tab_Def_Flows[Name(EN)],Tab_Def_Flows[Type_Biomass],,0,) -> 0 | E61: =_xlfn.XLOOKUP(C61,Tab_Def_Flows[Name(EN)],Tab_Def_Flows[Output_Process],,0,) -> Water System (Import) | F61: =_xlfn.XLOOKUP(C61,Tab_Def_Flows[Name(EN)],Tab_Def_Flows[Process_ID_O],,0,) -> 08_Wat_BB | G61: =_xlfn.XLOOKUP(C61,Tab_Def_Flows[Name(EN)],Tab_Def_Flows[Input_Process],,0,) -> MBC production | H61: =_xlfn.XLOOKUP(C61,Tab_Def_Flows[Name(EN)],Tab_Def_Flows[Process_ID_I],,0,) -> 02_MBC_BB | I61: =_xlfn.XLOOKUP(C61,Tab_Def_Flows[Name(EN)],Tab_Def_Flows[Value_Source],,0,) -> 0 | J61: =_xlfn.XLOOKUP(C61,Tab_Def_Flows[Name(EN)],Tab_Def_Flows[WC?],,0,) -> Yes | K61: =_xlfn.XLOOKUP(C61,Tab_Def_Flows[Name(EN)],Tab_Def_Flows[DM?],,0,) -> Yes | L61: =_xlfn.XLOOKUP(C61,Tab_Def_Flows[Name(EN)],Tab_Def_Flows[CC?],,0,) -> Yes | M61: 2036 | N61: BB | O61: =O60*1.02 -> 97.641428 | P61: Mg/a | X61: No | AA61: =IF(X61="no",O61,O61*Y61) -> 97.641428 | AB61: Mg | AC61: =INDEX(Tab_Def_Flows[[Flow_ID]:[CC_DM_source]],MATCH(Tab_Data_Flows[[#This Row],[Name(EN)]],Tab_Def_Flows[Name(EN)],0),16) -> 1 | AD61: =IF(J61="Yes",AA61*Tab_Data_Flows[[#This Row],[WC_'[%']]],"N.A.") -> 97.641428 | AE61: =Tab_Data_Flows[[#This Row],[UoM_Flow_Py]] -> Mg | AF61: =INDEX(Tab_Def_Flows[[Flow_ID]:[CC_DM_source]],MATCH(Tab_Data_Flows[[#This Row],[Name(EN)]],Tab_Def_Flows[Name(EN)],0),18) -> 0 | AG61: =IF(K61="Yes",AF61*Tab_Data_Flows[[#This Row],[Flow_Py]],"N.A.") -> 0 | AH61: =Tab_Data_Flows[[#This Row],[UoM_Flow_Py]] -> Mg | AI61: =INDEX(Tab_Def_Flows[[Flow_ID]:[CC_DM_source]],MATCH(Tab_Data_Flows[[#This Row],[Name(EN)]],Tab_Def_Flows[Name(EN)],0),20) -> 0 | AJ61: =IF(L61="Yes",AI61*Tab_Data_Flows[[#This Row],[Flow_Py]],"N.A.") -> 0 | AK61: =Tab_Data_Flows[[#This Row],[UoM_Flow_Py]] -> Mg
A62: =ROW()-1 -> 61 | B62: =_xlfn.XLOOKUP(C62,Tab_Def_Flows[Name(EN)],Tab_Def_Flows[Flow_ID],,0,) -> F_00_13 | C62: Rye Environment | D62: =_xlfn.XLOOKUP(C62,Tab_Def_Flows[Name(EN)],Tab_Def_Flows[Type_Biomass],,0,) -> 0 | E62: =_xlfn.XLOOKUP(C62,Tab_Def_Flows[Name(EN)],Tab_Def_Flows[Output_Process],,0,) -> Environment | F62: =_xlfn.XLOOKUP(C62,Tab_Def_Flows[Name(EN)],Tab_Def_Flows[Process_ID_O],,0,) -> 00_Env_BB | G62: =_xlfn.XLOOKUP(C62,Tab_Def_Flows[Name(EN)],Tab_Def_Flows[Input_Process],,0,) -> Rye cultivation | H62: =_xlfn.XLOOKUP(C62,Tab_Def_Flows[Name(EN)],Tab_Def_Flows[Process_ID_I],,0,) -> 13_Rye_BB | I62: =_xlfn.XLOOKUP(C62,Tab_Def_Flows[Name(EN)],Tab_Def_Flows[Value_Source],,0,) -> 0 | J62: Yes | K62: Yes | L62: Yes | M62: 2022 | N62: BB | O62: 129 | P62: Mg/a | Q62: Stramento | X62: No | AA62: =IF(X62="no",O62,O62*Y62) -> 129 | AB62: Mg | AC62: =INDEX(Tab_Def_Flows[[Flow_ID]:[CC_DM_source]],MATCH(Tab_Data_Flows[[#This Row],[Name(EN)]],Tab_Def_Flows[Name(EN)],0),16) -> 0.06 | AD62: =IF(J62="Yes",AA62*Tab_Data_Flows[[#This Row],[WC_'[%']]],"N.A.") -> 7.74 | AE62: =Tab_Data_Flows[[#This Row],[UoM_Flow_Py]] -> Mg | AF62: =INDEX(Tab_Def_Flows[[Flow_ID]:[CC_DM_source]],MATCH(Tab_Data_Flows[[#This Row],[Name(EN)]],Tab_Def_Flows[Name(EN)],0),18) -> 0.94 | AG62: =IF(K62="Yes",AF62*Tab_Data_Flows[[#This Row],[Flow_Py]],"N.A.") -> 121.26 | AH62: =Tab_Data_Flows[[#This Row],[UoM_Flow_Py]] -> Mg | AI62: =INDEX(Tab_Def_Flows[[Flow_ID]:[CC_DM_source]],MATCH(Tab_Data_Flows[[#This Row],[Name(EN)]],Tab_Def_Flows[Name(EN)],0),20) -> 0.49 | AJ62: =IF(L62="Yes",AI62*Tab_Data_Flows[[#This Row],[Flow_Py]],"N.A.") -> 63.21 | AK62: =Tab_Data_Flows[[#This Row],[UoM_Flow_Py]] -> Mg
A63: =ROW()-1 -> 62 | B63: =_xlfn.XLOOKUP(C63,Tab_Def_Flows[Name(EN)],Tab_Def_Flows[Flow_ID],,0,) -> F_00_13 | C63: Rye Environment | D63: =_xlfn.XLOOKUP(C63,Tab_Def_Flows[Name(EN)],Tab_Def_Flows[Type_Biomass],,0,) -> 0 | E63: =_xlfn.XLOOKUP(C63,Tab_Def_Flows[Name(EN)],Tab_Def_Flows[Output_Process],,0,) -> Environment | F63: =_xlfn.XLOOKUP(C63,Tab_Def_Flows[Name(EN)],Tab_Def_Flows[Process_ID_O],,0,) -> 00_Env_BB | G63: =_xlfn.XLOOKUP(C63,Tab_Def_Flows[Name(EN)],Tab_Def_Flows[Input_Process],,0,) -> Rye cultivation | H63: =_xlfn.XLOOKUP(C63,Tab_Def_Flows[Name(EN)],Tab_Def_Flows[Process_ID_I],,0,) -> 13_Rye_BB | I63: =_xlfn.XLOOKUP(C63,Tab_Def_Flows[Name(EN)],Tab_Def_Flows[Value_Source],,0,) -> 0 | J63: Yes | K63: Yes | L63: Yes | M63: 2023 | N63: BB | O63: =O62*1.02 -> 131.58 | P63: Mg/a | Q63: Stramento | X63: No | AA63: =IF(X63="no",O63,O63*Y63) -> 131.58 | AB63: Mg | AC63: =INDEX(Tab_Def_Flows[[Flow_ID]:[CC_DM_source]],MATCH(Tab_Data_Flows[[#This Row],[Name(EN)]],Tab_Def_Flows[Name(EN)],0),16) -> 0.06 | AD63: =IF(J63="Yes",AA63*Tab_Data_Flows[[#This Row],[WC_'[%']]],"N.A.") -> 7.8948 | AE63: =Tab_Data_Flows[[#This Row],[UoM_Flow_Py]] -> Mg | AF63: =INDEX(Tab_Def_Flows[[Flow_ID]:[CC_DM_source]],MATCH(Tab_Data_Flows[[#This Row],[Name(EN)]],Tab_Def_Flows[Name(EN)],0),18) -> 0.94 | AG63: =IF(K63="Yes",AF63*Tab_Data_Flows[[#This Row],[Flow_Py]],"N.A.") -> 123.6852 | AH63: =Tab_Data_Flows[[#This Row],[UoM_Flow_Py]] -> Mg | AI63: =INDEX(Tab_Def_Flows[[Flow_ID]:[CC_DM_source]],MATCH(Tab_Data_Flows[[#This Row],[Name(EN)]],Tab_Def_Flows[Name(EN)],0),20) -> 0.49 | AJ63: =IF(L63="Yes",AI63*Tab_Data_Flows[[#This Row],[Flow_Py]],"N.A.") -> 64.4742 | AK63: =Tab_Data_Flows[[#This Row],[UoM_Flow_Py]] -> Mg
A64: =ROW()-1 -> 63 | B64: =_xlfn.XLOOKUP(C64,Tab_Def_Flows[Name(EN)],Tab_Def_Flows[Flow_ID],,0,) -> F_00_13 | C64: Rye Environment | D64: =_xlfn.XLOOKUP(C64,Tab_Def_Flows[Name(EN)],Tab_Def_Flows[Type_Biomass],,0,) -> 0 | E64: =_xlfn.XLOOKUP(C64,Tab_Def_Flows[Name(EN)],Tab_Def_Flows[Output_Process],,0,) -> Environment | F64: =_xlfn.XLOOKUP(C64,Tab_Def_Flows[Name(EN)],Tab_Def_Flows[Process_ID_O],,0,) -> 00_Env_BB | G64: =_xlfn.XLOOKUP(C64,Tab_Def_Flows[Name(EN)],Tab_Def_Flows[Input_Process],,0,) -> Rye cultivation | H64: =_xlfn.XLOOKUP(C64,Tab_Def_Flows[Name(EN)],Tab_Def_Flows[Process_ID_I],,0,) -> 13_Rye_BB | I64: =_xlfn.XLOOKUP(C64,Tab_Def_Flows[Name(EN)],Tab_Def_Flows[Value_Source],,0,) -> 0 | J64: Yes | K64: Yes | L64: Yes | M64: 2024 | N64: BB | O64: =O63*1.02 -> 134.2116 | P64: Mg/a | Q64: Stramento | X64: No | AA64: =IF(X64="no",O64,O64*Y64) -> 134.2116 | AB64: Mg | AC64: =INDEX(Tab_Def_Flows[[Flow_ID]:[CC_DM_source]],MATCH(Tab_Data_Flows[[#This Row],[Name(EN)]],Tab_Def_Flows[Name(EN)],0),16) -> 0.06 | AD64: =IF(J64="Yes",AA64*Tab_Data_Flows[[#This Row],[WC_'[%']]],"N.A.") -> 8.052696 | AE64: =Tab_Data_Flows[[#This Row],[UoM_Flow_Py]] -> Mg | AF64: =INDEX(Tab_Def_Flows[[Flow_ID]:[CC_DM_source]],MATCH(Tab_Data_Flows[[#This Row],[Name(EN)]],Tab_Def_Flows[Name(EN)],0),18) -> 0.94 | AG64: =IF(K64="Yes",AF64*Tab_Data_Flows[[#This Row],[Flow_Py]],"N.A.") -> 126.1589 | AH64: =Tab_Data_Flows[[#This Row],[UoM_Flow_Py]] -> Mg | AI64: =INDEX(Tab_Def_Flows[[Flow_ID]:[CC_DM_source]],MATCH(Tab_Data_Flows[[#This Row],[Name(EN)]],Tab_Def_Flows[Name(EN)],0),20) -> 0.49 | AJ64: =IF(L64="Yes",AI64*Tab_Data_Flows[[#This Row],[Flow_Py]],"N.A.") -> 65.763684 | AK64: =Tab_Data_Flows[[#This Row],[UoM_Flow_Py]] -> Mg
A65: =ROW()-1 -> 64 | B65: =_xlfn.XLOOKUP(C65,Tab_Def_Flows[Name(EN)],Tab_Def_Flows[Flow_ID],,0,) -> F_00_13 | C65: Rye Environment | D65: =_xlfn.XLOOKUP(C65,Tab_Def_Flows[Name(EN)],Tab_Def_Flows[Type_Biomass],,0,) -> 0 | E65: =_xlfn.XLOOKUP(C65,Tab_Def_Flows[Name(EN)],Tab_Def_Flows[Output_Process],,0,) -> Environment | F65: =_xlfn.XLOOKUP(C65,Tab_Def_Flows[Name(EN)],Tab_Def_Flows[Process_ID_O],,0,) -> 00_Env_BB | G65: =_xlfn.XLOOKUP(C65,Tab_Def_Flows[Name(EN)],Tab_Def_Flows[Input_Process],,0,) -> Rye cultivation | H65: =_xlfn.XLOOKUP(C65,Tab_Def_Flows[Name(EN)],Tab_Def_Flows[Process_ID_I],,0,) -> 13_Rye_BB | I65: =_xlfn.XLOOKUP(C65,Tab_Def_Flows[Name(EN)],Tab_Def_Flows[Value_Source],,0,) -> 0 | J65: Yes | K65: Yes | L65: Yes | M65: 2025 | N65: BB | O65: =O64*1.02 -> 136.89583 | P65: Mg/a | Q65: Stramento | X65: No | AA65: =IF(X65="no",O65,O65*Y65) -> 136.89583 | AB65: Mg | AC65: =INDEX(Tab_Def_Flows[[Flow_ID]:[CC_DM_source]],MATCH(Tab_Data_Flows[[#This Row],[Name(EN)]],Tab_Def_Flows[Name(EN)],0),16) -> 0.06 | AD65: =IF(J65="Yes",AA65*Tab_Data_Flows[[#This Row],[WC_'[%']]],"N.A.") -> 8.2137499 | AE65: =Tab_Data_Flows[[#This Row],[UoM_Flow_Py]] -> Mg | AF65: =INDEX(Tab_Def_Flows[[Flow_ID]:[CC_DM_source]],MATCH(Tab_Data_Flows[[#This Row],[Name(EN)]],Tab_Def_Flows[Name(EN)],0),18) -> 0.94 | AG65: =IF(K65="Yes",AF65*Tab_Data_Flows[[#This Row],[Flow_Py]],"N.A.") -> 128.68208 | AH65: =Tab_Data_Flows[[#This Row],[UoM_Flow_Py]] -> Mg | AI65: =INDEX(Tab_Def_Flows[[Flow_ID]:[CC_DM_source]],MATCH(Tab_Data_Flows[[#This Row],[Name(EN)]],Tab_Def_Flows[Name(EN)],0),20) -> 0.49 | AJ65: =IF(L65="Yes",AI65*Tab_Data_Flows[[#This Row],[Flow_Py]],"N.A.") -> 67.078958 | AK65: =Tab_Data_Flows[[#This Row],[UoM_Flow_Py]] -> Mg
A66: =ROW()-1 -> 65 | B66: =_xlfn.XLOOKUP(C66,Tab_Def_Flows[Name(EN)],Tab_Def_Flows[Flow_ID],,0,) -> F_00_13 | C66: Rye Environment | D66: =_xlfn.XLOOKUP(C66,Tab_Def_Flows[Name(EN)],Tab_Def_Flows[Type_Biomass],,0,) -> 0 | E66: =_xlfn.XLOOKUP(C66,Tab_Def_Flows[Name(EN)],Tab_Def_Flows[Output_Process],,0,) -> Environment | F66: =_xlfn.XLOOKUP(C66,Tab_Def_Flows[Name(EN)],Tab_Def_Flows[Process_ID_O],,0,) -> 00_Env_BB | G66: =_xlfn.XLOOKUP(C66,Tab_Def_Flows[Name(EN)],Tab_Def_Flows[Input_Process],,0,) -> Rye cultivation | H66: =_xlfn.XLOOKUP(C66,Tab_Def_Flows[Name(EN)],Tab_Def_Flows[Process_ID_I],,0,) -> 13_Rye_BB | I66: =_xlfn.XLOOKUP(C66,Tab_Def_Flows[Name(EN)],Tab_Def_Flows[Value_Source],,0,) -> 0 | J66: Yes | K66: Yes | L66: Yes | M66: 2026 | N66: BB | O66: =O65*1.02 -> 139.63375 | P66: Mg/a | Q66: Stramento | X66: No | AA66: =IF(X66="no",O66,O66*Y66) -> 139.63375 | AB66: Mg | AC66: =INDEX(Tab_Def_Flows[[Flow_ID]:[CC_DM_source]],MATCH(Tab_Data_Flows[[#This Row],[Name(EN)]],Tab_Def_Flows[Name(EN)],0),16) -> 0.06 | AD66: =IF(J66="Yes",AA66*Tab_Data_Flows[[#This Row],[WC_'[%']]],"N.A.") -> 8.3780249 | AE66: =Tab_Data_Flows[[#This Row],[UoM_Flow_Py]] -> Mg | AF66: =INDEX(Tab_Def_Flows[[Flow_ID]:[CC_DM_source]],MATCH(Tab_Data_Flows[[#This Row],[Name(EN)]],Tab_Def_Flows[Name(EN)],0),18) -> 0.94 | AG66: =IF(K66="Yes",AF66*Tab_Data_Flows[[#This Row],[Flow_Py]],"N.A.") -> 131.25572 | AH66: =Tab_Data_Flows[[#This Row],[UoM_Flow_Py]] -> Mg | AI66: =INDEX(Tab_Def_Flows[[Flow_ID]:[CC_DM_source]],MATCH(Tab_Data_Flows[[#This Row],[Name(EN)]],Tab_Def_Flows[Name(EN)],0),20) -> 0.49 | AJ66: =IF(L66="Yes",AI66*Tab_Data_Flows[[#This Row],[Flow_Py]],"N.A.") -> 68.420537 | AK66: =Tab_Data_Flows[[#This Row],[UoM_Flow_Py]] -> Mg
A67: =ROW()-1 -> 66 | B67: =_xlfn.XLOOKUP(C67,Tab_Def_Flows[Name(EN)],Tab_Def_Flows[Flow_ID],,0,) -> F_00_13 | C67: Rye Environment | D67: =_xlfn.XLOOKUP(C67,Tab_Def_Flows[Name(EN)],Tab_Def_Flows[Type_Biomass],,0,) -> 0 | E67: =_xlfn.XLOOKUP(C67,Tab_Def_Flows[Name(EN)],Tab_Def_Flows[Output_Process],,0,) -> Environment | F67: =_xlfn.XLOOKUP(C67,Tab_Def_Flows[Name(EN)],Tab_Def_Flows[Process_ID_O],,0,) -> 00_Env_BB | G67: =_xlfn.XLOOKUP(C67,Tab_Def_Flows[Name(EN)],Tab_Def_Flows[Input_Process],,0,) -> Rye cultivation | H67: =_xlfn.XLOOKUP(C67,Tab_Def_Flows[Name(EN)],Tab_Def_Flows[Process_ID_I],,0,) -> 13_Rye_BB | I67: =_xlfn.XLOOKUP(C67,Tab_Def_Flows[Name(EN)],Tab_Def_Flows[Value_Source],,0,) -> 0 | J67: Yes | K67: Yes | L67: Yes | M67: 2027 | N67: BB | O67: =O66*1.02 -> 142.42642 | P67: Mg/a | Q67: Stramento | X67: No | AA67: =IF(X67="no",O67,O67*Y67) -> 142.42642 | AB67: Mg | AC67: =INDEX(Tab_Def_Flows[[Flow_ID]:[CC_DM_source]],MATCH(Tab_Data_Flows[[#This Row],[Name(EN)]],Tab_Def_Flows[Name(EN)],0),16) -> 0.06 | AD67: =IF(J67="Yes",AA67*Tab_Data_Flows[[#This Row],[WC_'[%']]],"N.A.") -> 8.5455854 | AE67: =Tab_Data_Flows[[#This Row],[UoM_Flow_Py]] -> Mg | AF67: =INDEX(Tab_Def_Flows[[Flow_ID]:[CC_DM_source]],MATCH(Tab_Data_Flows[[#This Row],[Name(EN)]],Tab_Def_Flows[Name(EN)],0),18) -> 0.94 | AG67: =IF(K67="Yes",AF67*Tab_Data_Flows[[#This Row],[Flow_Py]],"N.A.") -> 133.88084 | AH67: =Tab_Data_Flows[[#This Row],[UoM_Flow_Py]] -> Mg | AI67: =INDEX(Tab_Def_Flows[[Flow_ID]:[CC_DM_source]],MATCH(Tab_Data_Flows[[#This Row],[Name(EN)]],Tab_Def_Flows[Name(EN)],0),20) -> 0.49 | AJ67: =IF(L67="Yes",AI67*Tab_Data_Flows[[#This Row],[Flow_Py]],"N.A.") -> 69.788948 | AK67: =Tab_Data_Flows[[#This Row],[UoM_Flow_Py]] -> Mg
A68: =ROW()-1 -> 67 | B68: =_xlfn.XLOOKUP(C68,Tab_Def_Flows[Name(EN)],Tab_Def_Flows[Flow_ID],,0,) -> F_00_13 | C68: Rye Environment | D68: =_xlfn.XLOOKUP(C68,Tab_Def_Flows[Name(EN)],Tab_Def_Flows[Type_Biomass],,0,) -> 0 | E68: =_xlfn.XLOOKUP(C68,Tab_Def_Flows[Name(EN)],Tab_Def_Flows[Output_Process],,0,) -> Environment | F68: =_xlfn.XLOOKUP(C68,Tab_Def_Flows[Name(EN)],Tab_Def_Flows[Process_ID_O],,0,) -> 00_Env_BB | G68: =_xlfn.XLOOKUP(C68,Tab_Def_Flows[Name(EN)],Tab_Def_Flows[Input_Process],,0,) -> Rye cultivation | H68: =_xlfn.XLOOKUP(C68,Tab_Def_Flows[Name(EN)],Tab_Def_Flows[Process_ID_I],,0,) -> 13_Rye_BB | I68: =_xlfn.XLOOKUP(C68,Tab_Def_Flows[Name(EN)],Tab_Def_Flows[Value_Source],,0,) -> 0 | J68: Yes | K68: Yes | L68: Yes | M68: 2028 | N68: BB | O68: =O67*1.02 -> 145.27495 | P68: Mg/a | Q68: Stramento | X68: No | AA68: =IF(X68="no",O68,O68*Y68) -> 145.27495 | AB68: Mg | AC68: =INDEX(Tab_Def_Flows[[Flow_ID]:[CC_DM_source]],MATCH(Tab_Data_Flows[[#This Row],[Name(EN)]],Tab_Def_Flows[Name(EN)],0),16) -> 0.06 | AD68: =IF(J68="Yes",AA68*Tab_Data_Flows[[#This Row],[WC_'[%']]],"N.A.") -> 8.7164971 | AE68: =Tab_Data_Flows[[#This Row],[UoM_Flow_Py]] -> Mg | AF68: =INDEX(Tab_Def_Flows[[Flow_ID]:[CC_DM_source]],MATCH(Tab_Data_Flows[[#This Row],[Name(EN)]],Tab_Def_Flows[Name(EN)],0),18) -> 0.94 | AG68: =IF(K68="Yes",AF68*Tab_Data_Flows[[#This Row],[Flow_Py]],"N.A.") -> 136.55845 | AH68: =Tab_Data_Flows[[#This Row],[UoM_Flow_Py]] -> Mg | AI68: =INDEX(Tab_Def_Flows[[Flow_ID]:[CC_DM_source]],MATCH(Tab_Data_Flows[[#This Row],[Name(EN)]],Tab_Def_Flows[Name(EN)],0),20) -> 0.49 | AJ68: =IF(L68="Yes",AI68*Tab_Data_Flows[[#This Row],[Flow_Py]],"N.A.") -> 71.184727 | AK68: =Tab_Data_Flows[[#This Row],[UoM_Flow_Py]] -> Mg
A69: =ROW()-1 -> 68 | B69: =_xlfn.XLOOKUP(C69,Tab_Def_Flows[Name(EN)],Tab_Def_Flows[Flow_ID],,0,) -> F_00_13 | C69: Rye Environment | D69: =_xlfn.XLOOKUP(C69,Tab_Def_Flows[Name(EN)],Tab_Def_Flows[Type_Biomass],,0,) -> 0 | E69: =_xlfn.XLOOKUP(C69,Tab_Def_Flows[Name(EN)],Tab_Def_Flows[Output_Process],,0,) -> Environment | F69: =_xlfn.XLOOKUP(C69,Tab_Def_Flows[Name(EN)],Tab_Def_Flows[Process_ID_O],,0,) -> 00_Env_BB | G69: =_xlfn.XLOOKUP(C69,Tab_Def_Flows[Name(EN)],Tab_Def_Flows[Input_Process],,0,) -> Rye cultivation | H69: =_xlfn.XLOOKUP(C69,Tab_Def_Flows[Name(EN)],Tab_Def_Flows[Process_ID_I],,0,) -> 13_Rye_BB | I69: =_xlfn.XLOOKUP(C69,Tab_Def_Flows[Name(EN)],Tab_Def_Flows[Value_Source],,0,) -> 0 | J69: Yes | K69: Yes | L69: Yes | M69: 2029 | N69: BB | O69: =O68*1.02 -> 148.18045 | P69: Mg/a | Q69: Stramento | X69: No | AA69: =IF(X69="no",O69,O69*Y69) -> 148.18045 | AB69: Mg | AC69: =INDEX(Tab_Def_Flows[[Flow_ID]:[CC_DM_source]],MATCH(Tab_Data_Flows[[#This Row],[Name(EN)]],Tab_Def_Flows[Name(EN)],0),16) -> 0.06 | AD69: =IF(J69="Yes",AA69*Tab_Data_Flows[[#This Row],[WC_'[%']]],"N.A.") -> 8.8908271 | AE69: =Tab_Data_Flows[[#This Row],[UoM_Flow_Py]] -> Mg | AF69: =INDEX(Tab_Def_Flows[[Flow_ID]:[CC_DM_source]],MATCH(Tab_Data_Flows[[#This Row],[Name(EN)]],Tab_Def_Flows[Name(EN)],0),18) -> 0.94 | AG69: =IF(K69="Yes",AF69*Tab_Data_Flows[[#This Row],[Flow_Py]],"N.A.") -> 139.28962 | AH69: =Tab_Data_Flows[[#This Row],[UoM_Flow_Py]] -> Mg | AI69: =INDEX(Tab_Def_Flows[[Flow_ID]:[CC_DM_source]],MATCH(Tab_Data_Flows[[#This Row],[Name(EN)]],Tab_Def_Flows[Name(EN)],0),20) -> 0.49 | AJ69: =IF(L69="Yes",AI69*Tab_Data_Flows[[#This Row],[Flow_Py]],"N.A.") -> 72.608421 | AK69: =Tab_Data_Flows[[#This Row],[UoM_Flow_Py]] -> Mg
A70: =ROW()-1 -> 69 | B70: =_xlfn.XLOOKUP(C70,Tab_Def_Flows[Name(EN)],Tab_Def_Flows[Flow_ID],,0,) -> F_00_13 | C70: Rye Environment | D70: =_xlfn.XLOOKUP(C70,Tab_Def_Flows[Name(EN)],Tab_Def_Flows[Type_Biomass],,0,) -> 0 | E70: =_xlfn.XLOOKUP(C70,Tab_Def_Flows[Name(EN)],Tab_Def_Flows[Output_Process],,0,) -> Environment | F70: =_xlfn.XLOOKUP(C70,Tab_Def_Flows[Name(EN)],Tab_Def_Flows[Process_ID_O],,0,) -> 00_Env_BB | G70: =_xlfn.XLOOKUP(C70,Tab_Def_Flows[Name(EN)],Tab_Def_Flows[Input_Process],,0,) -> Rye cultivation | H70: =_xlfn.XLOOKUP(C70,Tab_Def_Flows[Name(EN)],Tab_Def_Flows[Process_ID_I],,0,) -> 13_Rye_BB | I70: =_xlfn.XLOOKUP(C70,Tab_Def_Flows[Name(EN)],Tab_Def_Flows[Value_Source],,0,) -> 0 | J70: Yes | K70: Yes | L70: Yes | M70: 2030 | N70: BB | O70: =O69*1.02 -> 151.14406 | P70: Mg/a | Q70: Stramento | X70: No | AA70: =IF(X70="no",O70,O70*Y70) -> 151.14406 | AB70: Mg | AC70: =INDEX(Tab_Def_Flows[[Flow_ID]:[CC_DM_source]],MATCH(Tab_Data_Flows[[#This Row],[Name(EN)]],Tab_Def_Flows[Name(EN)],0),16) -> 0.06 | AD70: =IF(J70="Yes",AA70*Tab_Data_Flows[[#This Row],[WC_'[%']]],"N.A.") -> 9.0686436 | AE70: =Tab_Data_Flows[[#This Row],[UoM_Flow_Py]] -> Mg | AF70: =INDEX(Tab_Def_Flows[[Flow_ID]:[CC_DM_source]],MATCH(Tab_Data_Flows[[#This Row],[Name(EN)]],Tab_Def_Flows[Name(EN)],0),18) -> 0.94 | AG70: =IF(K70="Yes",AF70*Tab_Data_Flows[[#This Row],[Flow_Py]],"N.A.") -> 142.07542 | AH70: =Tab_Data_Flows[[#This Row],[UoM_Flow_Py]] -> Mg | AI70: =INDEX(Tab_Def_Flows[[Flow_ID]:[CC_DM_source]],MATCH(Tab_Data_Flows[[#This Row],[Name(EN)]],Tab_Def_Flows[Name(EN)],0),20) -> 0.49 | AJ70: =IF(L70="Yes",AI70*Tab_Data_Flows[[#This Row],[Flow_Py]],"N.A.") -> 74.060589 | AK70: =Tab_Data_Flows[[#This Row],[UoM_Flow_Py]] -> Mg
A71: =ROW()-1 -> 70 | B71: =_xlfn.XLOOKUP(C71,Tab_Def_Flows[Name(EN)],Tab_Def_Flows[Flow_ID],,0,) -> F_00_13 | C71: Rye Environment | D71: =_xlfn.XLOOKUP(C71,Tab_Def_Flows[Name(EN)],Tab_Def_Flows[Type_Biomass],,0,) -> 0 | E71: =_xlfn.XLOOKUP(C71,Tab_Def_Flows[Name(EN)],Tab_Def_Flows[Output_Process],,0,) -> Environment | F71: =_xlfn.XLOOKUP(C71,Tab_Def_Flows[Name(EN)],Tab_Def_Flows[Process_ID_O],,0,) -> 00_Env_BB | G71: =_xlfn.XLOOKUP(C71,Tab_Def_Flows[Name(EN)],Tab_Def_Flows[Input_Process],,0,) -> Rye cultivation | H71: =_xlfn.XLOOKUP(C71,Tab_Def_Flows[Name(EN)],Tab_Def_Flows[Process_ID_I],,0,) -> 13_Rye_BB | I71: =_xlfn.XLOOKUP(C71,Tab_Def_Flows[Name(EN)],Tab_Def_Flows[Value_Source],,0,) -> 0 | J71: Yes | K71: Yes | L71: Yes | M71: 2031 | N71: BB | O71: =O70*1.02 -> 154.16694 | P71: Mg/a | Q71: Stramento | X71: No | AA71: =IF(X71="no",O71,O71*Y71) -> 154.16694 | AB71: Mg | AC71: =INDEX(Tab_Def_Flows[[Flow_ID]:[CC_DM_source]],MATCH(Tab_Data_Flows[[#This Row],[Name(EN)]],Tab_Def_Flows[Name(EN)],0),16) -> 0.06 | AD71: =IF(J71="Yes",AA71*Tab_Data_Flows[[#This Row],[WC_'[%']]],"N.A.") -> 9.2500165 | AE71: =Tab_Data_Flows[[#This Row],[UoM_Flow_Py]] -> Mg | AF71: =INDEX(Tab_Def_Flows[[Flow_ID]:[CC_DM_source]],MATCH(Tab_Data_Flows[[#This Row],[Name(EN)]],Tab_Def_Flows[Name(EN)],0),18) -> 0.94 | AG71: =IF(K71="Yes",AF71*Tab_Data_Flows[[#This Row],[Flow_Py]],"N.A.") -> 144.91692 | AH71: =Tab_Data_Flows[[#This Row],[UoM_Flow_Py]] -> Mg | AI71: =INDEX(Tab_Def_Flows[[Flow_ID]:[CC_DM_source]],MATCH(Tab_Data_Flows[[#This Row],[Name(EN)]],Tab_Def_Flows[Name(EN)],0),20) -> 0.49 | AJ71: =IF(L71="Yes",AI71*Tab_Data_Flows[[#This Row],[Flow_Py]],"N.A.") -> 75.541801 | AK71: =Tab_Data_Flows[[#This Row],[UoM_Flow_Py]] -> Mg
A72: =ROW()-1 -> 71 | B72: =_xlfn.XLOOKUP(C72,Tab_Def_Flows[Name(EN)],Tab_Def_Flows[Flow_ID],,0,) -> F_00_13 | C72: Rye Environment | D72: =_xlfn.XLOOKUP(C72,Tab_Def_Flows[Name(EN)],Tab_Def_Flows[Type_Biomass],,0,) -> 0 | E72: =_xlfn.XLOOKUP(C72,Tab_Def_Flows[Name(EN)],Tab_Def_Flows[Output_Process],,0,) -> Environment | F72: =_xlfn.XLOOKUP(C72,Tab_Def_Flows[Name(EN)],Tab_Def_Flows[Process_ID_O],,0,) -> 00_Env_BB | G72: =_xlfn.XLOOKUP(C72,Tab_Def_Flows[Name(EN)],Tab_Def_Flows[Input_Process],,0,) -> Rye cultivation | H72: =_xlfn.XLOOKUP(C72,Tab_Def_Flows[Name(EN)],Tab_Def_Flows[Process_ID_I],,0,) -> 13_Rye_BB | I72: =_xlfn.XLOOKUP(C72,Tab_Def_Flows[Name(EN)],Tab_Def_Flows[Value_Source],,0,) -> 0 | J72: Yes | K72: Yes | L72: Yes | M72: 2032 | N72: BB | O72: =O71*1.02 -> 157.25028 | P72: Mg/a | Q72: Stramento | X72: No | AA72: =IF(X72="no",O72,O72*Y72) -> 157.25028 | AB72: Mg | AC72: =INDEX(Tab_Def_Flows[[Flow_ID]:[CC_DM_source]],MATCH(Tab_Data_Flows[[#This Row],[Name(EN)]],Tab_Def_Flows[Name(EN)],0),16) -> 0.06 | AD72: =IF(J72="Yes",AA72*Tab_Data_Flows[[#This Row],[WC_'[%']]],"N.A.") -> 9.4350168 | AE72: =Tab_Data_Flows[[#This Row],[UoM_Flow_Py]] -> Mg | AF72: =INDEX(Tab_Def_Flows[[Flow_ID]:[CC_DM_source]],MATCH(Tab_Data_Flows[[#This Row],[Name(EN)]],Tab_Def_Flows[Name(EN)],0),18) -> 0.94 | AG72: =IF(K72="Yes",AF72*Tab_Data_Flows[[#This Row],[Flow_Py]],"N.A.") -> 147.81526 | AH72: =Tab_Data_Flows[[#This Row],[UoM_Flow_Py]] -> Mg | AI72: =INDEX(Tab_Def_Flows[[Flow_ID]:[CC_DM_source]],MATCH(Tab_Data_Flows[[#This Row],[Name(EN)]],Tab_Def_Flows[Name(EN)],0),20) -> 0.49 | AJ72: =IF(L72="Yes",AI72*Tab_Data_Flows[[#This Row],[Flow_Py]],"N.A.") -> 77.052637 | AK72: =Tab_Data_Flows[[#This Row],[UoM_Flow_Py]] -> Mg
A73: =ROW()-1 -> 72 | B73: =_xlfn.XLOOKUP(C73,Tab_Def_Flows[Name(EN)],Tab_Def_Flows[Flow_ID],,0,) -> F_00_13 | C73: Rye Environment | D73: =_xlfn.XLOOKUP(C73,Tab_Def_Flows[Name(EN)],Tab_Def_Flows[Type_Biomass],,0,) -> 0 | E73: =_xlfn.XLOOKUP(C73,Tab_Def_Flows[Name(EN)],Tab_Def_Flows[Output_Process],,0,) -> Environment | F73: =_xlfn.XLOOKUP(C73,Tab_Def_Flows[Name(EN)],Tab_Def_Flows[Process_ID_O],,0,) -> 00_Env_BB | G73: =_xlfn.XLOOKUP(C73,Tab_Def_Flows[Name(EN)],Tab_Def_Flows[Input_Process],,0,) -> Rye cultivation | H73: =_xlfn.XLOOKUP(C73,Tab_Def_Flows[Name(EN)],Tab_Def_Flows[Process_ID_I],,0,) -> 13_Rye_BB | I73: =_xlfn.XLOOKUP(C73,Tab_Def_Flows[Name(EN)],Tab_Def_Flows[Value_Source],,0,) -> 0 | J73: Yes | K73: Yes | L73: Yes | M73: 2033 | N73: BB | O73: =O72*1.02 -> 160.39529 | P73: Mg/a | Q73: Stramento | X73: No | AA73: =IF(X73="no",O73,O73*Y73) -> 160.39529 | AB73: Mg | AC73: =INDEX(Tab_Def_Flows[[Flow_ID]:[CC_DM_source]],MATCH(Tab_Data_Flows[[#This Row],[Name(EN)]],Tab_Def_Flows[Name(EN)],0),16) -> 0.06 | AD73: =IF(J73="Yes",AA73*Tab_Data_Flows[[#This Row],[WC_'[%']]],"N.A.") -> 9.6237171 | AE73: =Tab_Data_Flows[[#This Row],[UoM_Flow_Py]] -> Mg | AF73: =INDEX(Tab_Def_Flows[[Flow_ID]:[CC_DM_source]],MATCH(Tab_Data_Flows[[#This Row],[Name(EN)]],Tab_Def_Flows[Name(EN)],0),18) -> 0.94 | AG73: =IF(K73="Yes",AF73*Tab_Data_Flows[[#This Row],[Flow_Py]],"N.A.") -> 150.77157 | AH73: =Tab_Data_Flows[[#This Row],[UoM_Flow_Py]] -> Mg | AI73: =INDEX(Tab_Def_Flows[[Flow_ID]:[CC_DM_source]],MATCH(Tab_Data_Flows[[#This Row],[Name(EN)]],Tab_Def_Flows[Name(EN)],0),20) -> 0.49 | AJ73: =IF(L73="Yes",AI73*Tab_Data_Flows[[#This Row],[Flow_Py]],"N.A.") -> 78.59369 | AK73: =Tab_Data_Flows[[#This Row],[UoM_Flow_Py]] -> Mg
A74: =ROW()-1 -> 73 | B74: =_xlfn.XLOOKUP(C74,Tab_Def_Flows[Name(EN)],Tab_Def_Flows[Flow_ID],,0,) -> F_00_13 | C74: Rye Environment | D74: =_xlfn.XLOOKUP(C74,Tab_Def_Flows[Name(EN)],Tab_Def_Flows[Type_Biomass],,0,) -> 0 | E74: =_xlfn.XLOOKUP(C74,Tab_Def_Flows[Name(EN)],Tab_Def_Flows[Output_Process],,0,) -> Environment | F74: =_xlfn.XLOOKUP(C74,Tab_Def_Flows[Name(EN)],Tab_Def_Flows[Process_ID_O],,0,) -> 00_Env_BB | G74: =_xlfn.XLOOKUP(C74,Tab_Def_Flows[Name(EN)],Tab_Def_Flows[Input_Process],,0,) -> Rye cultivation | H74: =_xlfn.XLOOKUP(C74,Tab_Def_Flows[Name(EN)],Tab_Def_Flows[Process_ID_I],,0,) -> 13_Rye_BB | I74: =_xlfn.XLOOKUP(C74,Tab_Def_Flows[Name(EN)],Tab_Def_Flows[Value_Source],,0,) -> 0 | J74: Yes | K74: Yes | L74: Yes | M74: 2034 | N74: BB | O74: =O73*1.02 -> 163.60319 | P74: Mg/a | Q74: Stramento | X74: No | AA74: =IF(X74="no",O74,O74*Y74) -> 163.60319 | AB74: Mg | AC74: =INDEX(Tab_Def_Flows[[Flow_ID]:[CC_DM_source]],MATCH(Tab_Data_Flows[[#This Row],[Name(EN)]],Tab_Def_Flows[Name(EN)],0),16) -> 0.06 | AD74: =IF(J74="Yes",AA74*Tab_Data_Flows[[#This Row],[WC_'[%']]],"N.A.") -> 9.8161915 | AE74: =Tab_Data_Flows[[#This Row],[UoM_Flow_Py]] -> Mg | AF74: =INDEX(Tab_Def_Flows[[Flow_ID]:[CC_DM_source]],MATCH(Tab_Data_Flows[[#This Row],[Name(EN)]],Tab_Def_Flows[Name(EN)],0),18) -> 0.94 | AG74: =IF(K74="Yes",AF74*Tab_Data_Flows[[#This Row],[Flow_Py]],"N.A.") -> 153.787 | AH74: =Tab_Data_Flows[[#This Row],[UoM_Flow_Py]] -> Mg | AI74: =INDEX(Tab_Def_Flows[[Flow_ID]:[CC_DM_source]],MATCH(Tab_Data_Flows[[#This Row],[Name(EN)]],Tab_Def_Flows[Name(EN)],0),20) -> 0.49 | AJ74: =IF(L74="Yes",AI74*Tab_Data_Flows[[#This Row],[Flow_Py]],"N.A.") -> 80.165564 | AK74: =Tab_Data_Flows[[#This Row],[UoM_Flow_Py]] -> Mg
... A76: =ROW()-1 -> 75 | B76: =_xlfn.XLOOKUP(C76,Tab_Def_Flows[Name(EN)],Tab_Def_Flows[Flow_ID],,0,) -> F_00_13 | C76: Rye Environment | D76: =_xlfn.XLOOKUP(C76,Tab_Def_Flows[Name(EN)],Tab_Def_Flows[Type_Biomass],,0,) -> 0 | E76: =_xlfn.XLOOKUP(C76,Tab_Def_Flows[Name(EN)],Tab_Def_Flows[Output_Process],,0,) -> Environment | F76: =_xlfn.XLOOKUP(C76,Tab_Def_Flows[Name(EN)],Tab_Def_Flows[Process_ID_O],,0,) -> 00_Env_BB | G76: =_xlfn.XLOOKUP(C76,Tab_Def_Flows[Name(EN)],Tab_Def_Flows[Input_Process],,0,) -> Rye cultivation | H76: =_xlfn.XLOOKUP(C76,Tab_Def_Flows[Name(EN)],Tab_Def_Flows[Process_ID_I],,0,) -> 13_Rye_BB | I76: =_xlfn.XLOOKUP(C76,Tab_Def_Flows[Name(EN)],Tab_Def_Flows[Value_Source],,0,) -> 0 | J76: Yes | K76: Yes | L76: Yes | M76: 2036 | N76: BB | O76: =O75*1.02 -> 170.21276 | P76: Mg/a | Q76: Stramento | X76: No | AA76: =IF(X76="no",O76,O76*Y76) -> 170.21276 | AB76: Mg | AC76: =INDEX(Tab_Def_Flows[[Flow_ID]:[CC_DM_source]],MATCH(Tab_Data_Flows[[#This Row],[Name(EN)]],Tab_Def_Flows[Name(EN)],0),16) -> 0.06 | AD76: =IF(J76="Yes",AA76*Tab_Data_Flows[[#This Row],[WC_'[%']]],"N.A.") -> 10.212766 | AE76: =Tab_Data_Flows[[#This Row],[UoM_Flow_Py]] -> Mg | AF76: =INDEX(Tab_Def_Flows[[Flow_ID]:[CC_DM_source]],MATCH(Tab_Data_Flows[[#This Row],[Name(EN)]],Tab_Def_Flows[Name(EN)],0),18) -> 0.94 | AG76: =IF(K76="Yes",AF76*Tab_Data_Flows[[#This Row],[Flow_Py]],"N.A.") -> 159.99999 | AH76: =Tab_Data_Flows[[#This Row],[UoM_Flow_Py]] -> Mg | AI76: =INDEX(Tab_Def_Flows[[Flow_ID]:[CC_DM_source]],MATCH(Tab_Data_Flows[[#This Row],[Name(EN)]],Tab_Def_Flows[Name(EN)],0),20) -> 0.49 | AJ76: =IF(L76="Yes",AI76*Tab_Data_Flows[[#This Row],[Flow_Py]],"N.A.") -> 83.404253 | AK76: =Tab_Data_Flows[[#This Row],[UoM_Flow_Py]] -> Mg
A77: =ROW()-1 -> 76 | B77: =_xlfn.XLOOKUP(C77,Tab_Def_Flows[Name(EN)],Tab_Def_Flows[Flow_ID],,0,) -> F_00_04 | C77: Cow Manure Environment | D77: =_xlfn.XLOOKUP(C77,Tab_Def_Flows[Name(EN)],Tab_Def_Flows[Type_Biomass],,0,) -> 0 | E77: =_xlfn.XLOOKUP(C77,Tab_Def_Flows[Name(EN)],Tab_Def_Flows[Output_Process],,0,) -> Environment | F77: =_xlfn.XLOOKUP(C77,Tab_Def_Flows[Name(EN)],Tab_Def_Flows[Process_ID_O],,0,) -> 00_Env_BB | G77: =_xlfn.XLOOKUP(C77,Tab_Def_Flows[Name(EN)],Tab_Def_Flows[Input_Process],,0,) -> Life stock farming | H77: =_xlfn.XLOOKUP(C77,Tab_Def_Flows[Name(EN)],Tab_Def_Flows[Process_ID_I],,0,) -> 04_Lif_BB | I77: =_xlfn.XLOOKUP(C77,Tab_Def_Flows[Name(EN)],Tab_Def_Flows[Value_Source],,0,) -> 0 | J77: Yes | K77: Yes | L77: Yes | M77: 2022 | N77: BB | O77: 39 | P77: Mg/a | X77: No | AA77: =IF(X77="no",O77,O77*Y77) -> 39 | AB77: Mg | AC77: =INDEX(Tab_Def_Flows[[Flow_ID]:[CC_DM_source]],MATCH(Tab_Data_Flows[[#This Row],[Name(EN)]],Tab_Def_Flows[Name(EN)],0),16) -> 0.94 | AD77: =IF(J77="Yes",AA77*Tab_Data_Flows[[#This Row],[WC_'[%']]],"N.A.") -> 36.66 | AE77: =Tab_Data_Flows[[#This Row],[UoM_Flow_Py]] -> Mg | AF77: =INDEX(Tab_Def_Flows[[Flow_ID]:[CC_DM_source]],MATCH(Tab_Data_Flows[[#This Row],[Name(EN)]],Tab_Def_Flows[Name(EN)],0),18) -> 0.06 | AG77: =IF(K77="Yes",AF77*Tab_Data_Flows[[#This Row],[Flow_Py]],"N.A.") -> 2.34 | AH77: =Tab_Data_Flows[[#This Row],[UoM_Flow_Py]] -> Mg | AI77: =INDEX(Tab_Def_Flows[[Flow_ID]:[CC_DM_source]],MATCH(Tab_Data_Flows[[#This Row],[Name(EN)]],Tab_Def_Flows[Name(EN)],0),20) -> 0.49 | AJ77: =IF(L77="Yes",AI77*Tab_Data_Flows[[#This Row],[Flow_Py]],"N.A.") -> 19.11 | AK77: =Tab_Data_Flows[[#This Row],[UoM_Flow_Py]] -> Mg
A78: =ROW()-1 -> 77 | B78: =_xlfn.XLOOKUP(C78,Tab_Def_Flows[Name(EN)],Tab_Def_Flows[Flow_ID],,0,) -> F_00_04 | C78: Cow Manure Environment | D78: =_xlfn.XLOOKUP(C78,Tab_Def_Flows[Name(EN)],Tab_Def_Flows[Type_Biomass],,0,) -> 0 | E78: =_xlfn.XLOOKUP(C78,Tab_Def_Flows[Name(EN)],Tab_Def_Flows[Output_Process],,0,) -> Environment | F78: =_xlfn.XLOOKUP(C78,Tab_Def_Flows[Name(EN)],Tab_Def_Flows[Process_ID_O],,0,) -> 00_Env_BB | G78: =_xlfn.XLOOKUP(C78,Tab_Def_Flows[Name(EN)],Tab_Def_Flows[Input_Process],,0,) -> Life stock farming | H78: =_xlfn.XLOOKUP(C78,Tab_Def_Flows[Name(EN)],Tab_Def_Flows[Process_ID_I],,0,) -> 04_Lif_BB | I78: =_xlfn.XLOOKUP(C78,Tab_Def_Flows[Name(EN)],Tab_Def_Flows[Value_Source],,0,) -> 0 | J78: Yes | K78: Yes | L78: Yes | M78: 2023 | N78: BB | O78: =O77*1.02 -> 39.78 | P78: Mg/a | X78: No | AA78: =IF(X78="no",O78,O78*Y78) -> 39.78 | AB78: Mg | AC78: =INDEX(Tab_Def_Flows[[Flow_ID]:[CC_DM_source]],MATCH(Tab_Data_Flows[[#This Row],[Name(EN)]],Tab_Def_Flows[Name(EN)],0),16) -> 0.94 | AD78: =IF(J78="Yes",AA78*Tab_Data_Flows[[#This Row],[WC_'[%']]],"N.A.") -> 37.3932 | AE78: =Tab_Data_Flows[[#This Row],[UoM_Flow_Py]] -> Mg | AF78: =INDEX(Tab_Def_Flows[[Flow_ID]:[CC_DM_source]],MATCH(Tab_Data_Flows[[#This Row],[Name(EN)]],Tab_Def_Flows[Name(EN)],0),18) -> 0.06 | AG78: =IF(K78="Yes",AF78*Tab_Data_Flows[[#This Row],[Flow_Py]],"N.A.") -> 2.3868 | AH78: =Tab_Data_Flows[[#This Row],[UoM_Flow_Py]] -> Mg | AI78: =INDEX(Tab_Def_Flows[[Flow_ID]:[CC_DM_source]],MATCH(Tab_Data_Flows[[#This Row],[Name(EN)]],Tab_Def_Flows[Name(EN)],0),20) -> 0.49 | AJ78: =IF(L78="Yes",AI78*Tab_Data_Flows[[#This Row],[Flow_Py]],"N.A.") -> 19.4922 | AK78: =Tab_Data_Flows[[#This Row],[UoM_Flow_Py]] -> Mg
A79: =ROW()-1 -> 78 | B79: =_xlfn.XLOOKUP(C79,Tab_Def_Flows[Name(EN)],Tab_Def_Flows[Flow_ID],,0,) -> F_00_04 | C79: Cow Manure Environment | D79: =_xlfn.XLOOKUP(C79,Tab_Def_Flows[Name(EN)],Tab_Def_Flows[Type_Biomass],,0,) -> 0 | E79: =_xlfn.XLOOKUP(C79,Tab_Def_Flows[Name(EN)],Tab_Def_Flows[Output_Process],,0,) -> Environment | F79: =_xlfn.XLOOKUP(C79,Tab_Def_Flows[Name(EN)],Tab_Def_Flows[Process_ID_O],,0,) -> 00_Env_BB | G79: =_xlfn.XLOOKUP(C79,Tab_Def_Flows[Name(EN)],Tab_Def_Flows[Input_Process],,0,) -> Life stock farming | H79: =_xlfn.XLOOKUP(C79,Tab_Def_Flows[Name(EN)],Tab_Def_Flows[Process_ID_I],,0,) -> 04_Lif_BB | I79: =_xlfn.XLOOKUP(C79,Tab_Def_Flows[Name(EN)],Tab_Def_Flows[Value_Source],,0,) -> 0 | J79: Yes | K79: Yes | L79: Yes | M79: 2024 | N79: BB | O79: =O78*1.02 -> 40.5756 | P79: Mg/a | X79: No | AA79: =IF(X79="no",O79,O79*Y79) -> 40.5756 | AB79: Mg | AC79: =INDEX(Tab_Def_Flows[[Flow_ID]:[CC_DM_source]],MATCH(Tab_Data_Flows[[#This Row],[Name(EN)]],Tab_Def_Flows[Name(EN)],0),16) -> 0.94 | AD79: =IF(J79="Yes",AA79*Tab_Data_Flows[[#This Row],[WC_'[%']]],"N.A.") -> 38.141064 | AE79: =Tab_Data_Flows[[#This Row],[UoM_Flow_Py]] -> Mg | AF79: =INDEX(Tab_Def_Flows[[Flow_ID]:[CC_DM_source]],MATCH(Tab_Data_Flows[[#This Row],[Name(EN)]],Tab_Def_Flows[Name(EN)],0),18) -> 0.06 | AG79: =IF(K79="Yes",AF79*Tab_Data_Flows[[#This Row],[Flow_Py]],"N.A.") -> 2.434536 | AH79: =Tab_Data_Flows[[#This Row],[UoM_Flow_Py]] -> Mg | AI79: =INDEX(Tab_Def_Flows[[Flow_ID]:[CC_DM_source]],MATCH(Tab_Data_Flows[[#This Row],[Name(EN)]],Tab_Def_Flows[Name(EN)],0),20) -> 0.49 | AJ79: =IF(L79="Yes",AI79*Tab_Data_Flows[[#This Row],[Flow_Py]],"N.A.") -> 19.882044 | AK79: =Tab_Data_Flows[[#This Row],[UoM_Flow_Py]] -> Mg
A80: =ROW()-1 -> 79 | B80: =_xlfn.XLOOKUP(C80,Tab_Def_Flows[Name(EN)],Tab_Def_Flows[Flow_ID],,0,) -> F_00_04 | C80: Cow Manure Environment | D80: =_xlfn.XLOOKUP(C80,Tab_Def_Flows[Name(EN)],Tab_Def_Flows[Type_Biomass],,0,) -> 0 | E80: =_xlfn.XLOOKUP(C80,Tab_Def_Flows[Name(EN)],Tab_Def_Flows[Output_Process],,0,) -> Environment | F80: =_xlfn.XLOOKUP(C80,Tab_Def_Flows[Name(EN)],Tab_Def_Flows[Process_ID_O],,0,) -> 00_Env_BB | G80: =_xlfn.XLOOKUP(C80,Tab_Def_Flows[Name(EN)],Tab_Def_Flows[Input_Process],,0,) -> Life stock farming | H80: =_xlfn.XLOOKUP(C80,Tab_Def_Flows[Name(EN)],Tab_Def_Flows[Process_ID_I],,0,) -> 04_Lif_BB | I80: =_xlfn.XLOOKUP(C80,Tab_Def_Flows[Name(EN)],Tab_Def_Flows[Value_Source],,0,) -> 0 | J80: Yes | K80: Yes | L80: Yes | M80: 2025 | N80: BB | O80: =O79*1.02 -> 41.387112 | P80: Mg/a | X80: No | AA80: =IF(X80="no",O80,O80*Y80) -> 41.387112 | AB80: Mg | AC80: =INDEX(Tab_Def_Flows[[Flow_ID]:[CC_DM_source]],MATCH(Tab_Data_Flows[[#This Row],[Name(EN)]],Tab_Def_Flows[Name(EN)],0),16) -> 0.94 | AD80: =IF(J80="Yes",AA80*Tab_Data_Flows[[#This Row],[WC_'[%']]],"N.A.") -> 38.903885 | AE80: =Tab_Data_Flows[[#This Row],[UoM_Flow_Py]] -> Mg | AF80: =INDEX(Tab_Def_Flows[[Flow_ID]:[CC_DM_source]],MATCH(Tab_Data_Flows[[#This Row],[Name(EN)]],Tab_Def_Flows[Name(EN)],0),18) -> 0.06 | AG80: =IF(K80="Yes",AF80*Tab_Data_Flows[[#This Row],[Flow_Py]],"N.A.") -> 2.4832267 | AH80: =Tab_Data_Flows[[#This Row],[UoM_Flow_Py]] -> Mg | AI80: =INDEX(Tab_Def_Flows[[Flow_ID]:[CC_DM_source]],MATCH(Tab_Data_Flows[[#This Row],[Name(EN)]],Tab_Def_Flows[Name(EN)],0),20) -> 0.49 | AJ80: =IF(L80="Yes",AI80*Tab_Data_Flows[[#This Row],[Flow_Py]],"N.A.") -> 20.279685 | AK80: =Tab_Data_Flows[[#This Row],[UoM_Flow_Py]] -> Mg
A81: =ROW()-1 -> 80 | B81: =_xlfn.XLOOKUP(C81,Tab_Def_Flows[Name(EN)],Tab_Def_Flows[Flow_ID],,0,) -> F_00_04 | C81: Cow Manure Environment | D81: =_xlfn.XLOOKUP(C81,Tab_Def_Flows[Name(EN)],Tab_Def_Flows[Type_Biomass],,0,) -> 0 | E81: =_xlfn.XLOOKUP(C81,Tab_Def_Flows[Name(EN)],Tab_Def_Flows[Output_Process],,0,) -> Environment | F81: =_xlfn.XLOOKUP(C81,Tab_Def_Flows[Name(EN)],Tab_Def_Flows[Process_ID_O],,0,) -> 00_Env_BB | G81: =_xlfn.XLOOKUP(C81,Tab_Def_Flows[Name(EN)],Tab_Def_Flows[Input_Process],,0,) -> Life stock farming | H81: =_xlfn.XLOOKUP(C81,Tab_Def_Flows[Name(EN)],Tab_Def_Flows[Process_ID_I],,0,) -> 04_Lif_BB | I81: =_xlfn.XLOOKUP(C81,Tab_Def_Flows[Name(EN)],Tab_Def_Flows[Value_Source],,0,) -> 0 | J81: Yes | K81: Yes | L81: Yes | M81: 2026 | N81: BB | O81: =O80*1.02 -> 42.214854 | P81: Mg/a | X81: No | AA81: =IF(X81="no",O81,O81*Y81) -> 42.214854 | AB81: Mg | AC81: =INDEX(Tab_Def_Flows[[Flow_ID]:[CC_DM_source]],MATCH(Tab_Data_Flows[[#This Row],[Name(EN)]],Tab_Def_Flows[Name(EN)],0),16) -> 0.94 | AD81: =IF(J81="Yes",AA81*Tab_Data_Flows[[#This Row],[WC_'[%']]],"N.A.") -> 39.681963 | AE81: =Tab_Data_Flows[[#This Row],[UoM_Flow_Py]] -> Mg | AF81: =INDEX(Tab_Def_Flows[[Flow_ID]:[CC_DM_source]],MATCH(Tab_Data_Flows[[#This Row],[Name(EN)]],Tab_Def_Flows[Name(EN)],0),18) -> 0.06 | AG81: =IF(K81="Yes",AF81*Tab_Data_Flows[[#This Row],[Flow_Py]],"N.A.") -> 2.5328913 | AH81: =Tab_Data_Flows[[#This Row],[UoM_Flow_Py]] -> Mg | AI81: =INDEX(Tab_Def_Flows[[Flow_ID]:[CC_DM_source]],MATCH(Tab_Data_Flows[[#This Row],[Name(EN)]],Tab_Def_Flows[Name(EN)],0),20) -> 0.49 | AJ81: =IF(L81="Yes",AI81*Tab_Data_Flows[[#This Row],[Flow_Py]],"N.A.") -> 20.685279 | AK81: =Tab_Data_Flows[[#This Row],[UoM_Flow_Py]] -> Mg
A82: =ROW()-1 -> 81 | B82: =_xlfn.XLOOKUP(C82,Tab_Def_Flows[Name(EN)],Tab_Def_Flows[Flow_ID],,0,) -> F_00_04 | C82: Cow Manure Environment | D82: =_xlfn.XLOOKUP(C82,Tab_Def_Flows[Name(EN)],Tab_Def_Flows[Type_Biomass],,0,) -> 0 | E82: =_xlfn.XLOOKUP(C82,Tab_Def_Flows[Name(EN)],Tab_Def_Flows[Output_Process],,0,) -> Environment | F82: =_xlfn.XLOOKUP(C82,Tab_Def_Flows[Name(EN)],Tab_Def_Flows[Process_ID_O],,0,) -> 00_Env_BB | G82: =_xlfn.XLOOKUP(C82,Tab_Def_Flows[Name(EN)],Tab_Def_Flows[Input_Process],,0,) -> Life stock farming | H82: =_xlfn.XLOOKUP(C82,Tab_Def_Flows[Name(EN)],Tab_Def_Flows[Process_ID_I],,0,) -> 04_Lif_BB | I82: =_xlfn.XLOOKUP(C82,Tab_Def_Flows[Name(EN)],Tab_Def_Flows[Value_Source],,0,) -> 0 | J82: Yes | K82: Yes | L82: Yes | M82: 2027 | N82: BB | O82: =O81*1.02 -> 43.059151 | P82: Mg/a | X82: No | AA82: =IF(X82="no",O82,O82*Y82) -> 43.059151 | AB82: Mg | AC82: =INDEX(Tab_Def_Flows[[Flow_ID]:[CC_DM_source]],MATCH(Tab_Data_Flows[[#This Row],[Name(EN)]],Tab_Def_Flows[Name(EN)],0),16) -> 0.94 | AD82: =IF(J82="Yes",AA82*Tab_Data_Flows[[#This Row],[WC_'[%']]],"N.A.") -> 40.475602 | AE82: =Tab_Data_Flows[[#This Row],[UoM_Flow_Py]] -> Mg | AF82: =INDEX(Tab_Def_Flows[[Flow_ID]:[CC_DM_source]],MATCH(Tab_Data_Flows[[#This Row],[Name(EN)]],Tab_Def_Flows[Name(EN)],0),18) -> 0.06 | AG82: =IF(K82="Yes",AF82*Tab_Data_Flows[[#This Row],[Flow_Py]],"N.A.") -> 2.5835491 | AH82: =Tab_Data_Flows[[#This Row],[UoM_Flow_Py]] -> Mg | AI82: =INDEX(Tab_Def_Flows[[Flow_ID]:[CC_DM_source]],MATCH(Tab_Data_Flows[[#This Row],[Name(EN)]],Tab_Def_Flows[Name(EN)],0),20) -> 0.49 | AJ82: =IF(L82="Yes",AI82*Tab_Data_Flows[[#This Row],[Flow_Py]],"N.A.") -> 21.098984 | AK82: =Tab_Data_Flows[[#This Row],[UoM_Flow_Py]] -> Mg
A83: =ROW()-1 -> 82 | B83: =_xlfn.XLOOKUP(C83,Tab_Def_Flows[Name(EN)],Tab_Def_Flows[Flow_ID],,0,) -> F_00_04 | C83: Cow Manure Environment | D83: =_xlfn.XLOOKUP(C83,Tab_Def_Flows[Name(EN)],Tab_Def_Flows[Type_Biomass],,0,) -> 0 | E83: =_xlfn.XLOOKUP(C83,Tab_Def_Flows[Name(EN)],Tab_Def_Flows[Output_Process],,0,) -> Environment | F83: =_xlfn.XLOOKUP(C83,Tab_Def_Flows[Name(EN)],Tab_Def_Flows[Process_ID_O],,0,) -> 00_Env_BB | G83: =_xlfn.XLOOKUP(C83,Tab_Def_Flows[Name(EN)],Tab_Def_Flows[Input_Process],,0,) -> Life stock farming | H83: =_xlfn.XLOOKUP(C83,Tab_Def_Flows[Name(EN)],Tab_Def_Flows[Process_ID_I],,0,) -> 04_Lif_BB | I83: =_xlfn.XLOOKUP(C83,Tab_Def_Flows[Name(EN)],Tab_Def_Flows[Value_Source],,0,) -> 0 | J83: Yes | K83: Yes | L83: Yes | M83: 2028 | N83: BB | O83: =O82*1.02 -> 43.920334 | P83: Mg/a | X83: No | AA83: =IF(X83="no",O83,O83*Y83) -> 43.920334 | AB83: Mg | AC83: =INDEX(Tab_Def_Flows[[Flow_ID]:[CC_DM_source]],MATCH(Tab_Data_Flows[[#This Row],[Name(EN)]],Tab_Def_Flows[Name(EN)],0),16) -> 0.94 | AD83: =IF(J83="Yes",AA83*Tab_Data_Flows[[#This Row],[WC_'[%']]],"N.A.") -> 41.285114 | AE83: =Tab_Data_Flows[[#This Row],[UoM_Flow_Py]] -> Mg | AF83: =INDEX(Tab_Def_Flows[[Flow_ID]:[CC_DM_source]],MATCH(Tab_Data_Flows[[#This Row],[Name(EN)]],Tab_Def_Flows[Name(EN)],0),18) -> 0.06 | AG83: =IF(K83="Yes",AF83*Tab_Data_Flows[[#This Row],[Flow_Py]],"N.A.") -> 2.6352201 | AH83: =Tab_Data_Flows[[#This Row],[UoM_Flow_Py]] -> Mg | AI83: =INDEX(Tab_Def_Flows[[Flow_ID]:[CC_DM_source]],MATCH(Tab_Data_Flows[[#This Row],[Name(EN)]],Tab_Def_Flows[Name(EN)],0),20) -> 0.49 | AJ83: =IF(L83="Yes",AI83*Tab_Data_Flows[[#This Row],[Flow_Py]],"N.A.") -> 21.520964 | AK83: =Tab_Data_Flows[[#This Row],[UoM_Flow_Py]] -> Mg
A84: =ROW()-1 -> 83 | B84: =_xlfn.XLOOKUP(C84,Tab_Def_Flows[Name(EN)],Tab_Def_Flows[Flow_ID],,0,) -> F_00_04 | C84: Cow Manure Environment | D84: =_xlfn.XLOOKUP(C84,Tab_Def_Flows[Name(EN)],Tab_Def_Flows[Type_Biomass],,0,) -> 0 | E84: =_xlfn.XLOOKUP(C84,Tab_Def_Flows[Name(EN)],Tab_Def_Flows[Output_Process],,0,) -> Environment | F84: =_xlfn.XLOOKUP(C84,Tab_Def_Flows[Name(EN)],Tab_Def_Flows[Process_ID_O],,0,) -> 00_Env_BB | G84: =_xlfn.XLOOKUP(C84,Tab_Def_Flows[Name(EN)],Tab_Def_Flows[Input_Process],,0,) -> Life stock farming | H84: =_xlfn.XLOOKUP(C84,Tab_Def_Flows[Name(EN)],Tab_Def_Flows[Process_ID_I],,0,) -> 04_Lif_BB | I84: =_xlfn.XLOOKUP(C84,Tab_Def_Flows[Name(EN)],Tab_Def_Flows[Value_Source],,0,) -> 0 | J84: Yes | K84: Yes | L84: Yes | M84: 2029 | N84: BB | O84: =O83*1.02 -> 44.798741 | P84: Mg/a | X84: No | AA84: =IF(X84="no",O84,O84*Y84) -> 44.798741 | AB84: Mg | AC84: =INDEX(Tab_Def_Flows[[Flow_ID]:[CC_DM_source]],MATCH(Tab_Data_Flows[[#This Row],[Name(EN)]],Tab_Def_Flows[Name(EN)],0),16) -> 0.94 | AD84: =IF(J84="Yes",AA84*Tab_Data_Flows[[#This Row],[WC_'[%']]],"N.A.") -> 42.110817 | AE84: =Tab_Data_Flows[[#This Row],[UoM_Flow_Py]] -> Mg | AF84: =INDEX(Tab_Def_Flows[[Flow_ID]:[CC_DM_source]],MATCH(Tab_Data_Flows[[#This Row],[Name(EN)]],Tab_Def_Flows[Name(EN)],0),18) -> 0.06 | AG84: =IF(K84="Yes",AF84*Tab_Data_Flows[[#This Row],[Flow_Py]],"N.A.") -> 2.6879245 | AH84: =Tab_Data_Flows[[#This Row],[UoM_Flow_Py]] -> Mg | AI84: =INDEX(Tab_Def_Flows[[Flow_ID]:[CC_DM_source]],MATCH(Tab_Data_Flows[[#This Row],[Name(EN)]],Tab_Def_Flows[Name(EN)],0),20) -> 0.49 | AJ84: =IF(L84="Yes",AI84*Tab_Data_Flows[[#This Row],[Flow_Py]],"N.A.") -> 21.951383 | AK84: =Tab_Data_Flows[[#This Row],[UoM_Flow_Py]] -> Mg
A85: =ROW()-1 -> 84 | B85: =_xlfn.XLOOKUP(C85,Tab_Def_Flows[Name(EN)],Tab_Def_Flows[Flow_ID],,0,) -> F_00_04 | C85: Cow Manure Environment | D85: =_xlfn.XLOOKUP(C85,Tab_Def_Flows[Name(EN)],Tab_Def_Flows[Type_Biomass],,0,) -> 0 | E85: =_xlfn.XLOOKUP(C85,Tab_Def_Flows[Name(EN)],Tab_Def_Flows[Output_Process],,0,) -> Environment | F85: =_xlfn.XLOOKUP(C85,Tab_Def_Flows[Name(EN)],Tab_Def_Flows[Process_ID_O],,0,) -> 00_Env_BB | G85: =_xlfn.XLOOKUP(C85,Tab_Def_Flows[Name(EN)],Tab_Def_Flows[Input_Process],,0,) -> Life stock farming | H85: =_xlfn.XLOOKUP(C85,Tab_Def_Flows[Name(EN)],Tab_Def_Flows[Process_ID_I],,0,) -> 04_Lif_BB | I85: =_xlfn.XLOOKUP(C85,Tab_Def_Flows[Name(EN)],Tab_Def_Flows[Value_Source],,0,) -> 0 | J85: Yes | K85: Yes | L85: Yes | M85: 2030 | N85: BB | O85: =O84*1.02 -> 45.694716 | P85: Mg/a | X85: No | AA85: =IF(X85="no",O85,O85*Y85) -> 45.694716 | AB85: Mg | AC85: =INDEX(Tab_Def_Flows[[Flow_ID]:[CC_DM_source]],MATCH(Tab_Data_Flows[[#This Row],[Name(EN)]],Tab_Def_Flows[Name(EN)],0),16) -> 0.94 | AD85: =IF(J85="Yes",AA85*Tab_Data_Flows[[#This Row],[WC_'[%']]],"N.A.") -> 42.953033 | AE85: =Tab_Data_Flows[[#This Row],[UoM_Flow_Py]] -> Mg | AF85: =INDEX(Tab_Def_Flows[[Flow_ID]:[CC_DM_source]],MATCH(Tab_Data_Flows[[#This Row],[Name(EN)]],Tab_Def_Flows[Name(EN)],0),18) -> 0.06 | AG85: =IF(K85="Yes",AF85*Tab_Data_Flows[[#This Row],[Flow_Py]],"N.A.") -> 2.741683 | AH85: =Tab_Data_Flows[[#This Row],[UoM_Flow_Py]] -> Mg | AI85: =INDEX(Tab_Def_Flows[[Flow_ID]:[CC_DM_source]],MATCH(Tab_Data_Flows[[#This Row],[Name(EN)]],Tab_Def_Flows[Name(EN)],0),20) -> 0.49 | AJ85: =IF(L85="Yes",AI85*Tab_Data_Flows[[#This Row],[Flow_Py]],"N.A.") -> 22.390411 | AK85: =Tab_Data_Flows[[#This Row],[UoM_Flow_Py]] -> Mg
A86: =ROW()-1 -> 85 | B86: =_xlfn.XLOOKUP(C86,Tab_Def_Flows[Name(EN)],Tab_Def_Flows[Flow_ID],,0,) -> F_00_04 | C86: Cow Manure Environment | D86: =_xlfn.XLOOKUP(C86,Tab_Def_Flows[Name(EN)],Tab_Def_Flows[Type_Biomass],,0,) -> 0 | E86: =_xlfn.XLOOKUP(C86,Tab_Def_Flows[Name(EN)],Tab_Def_Flows[Output_Process],,0,) -> Environment | F86: =_xlfn.XLOOKUP(C86,Tab_Def_Flows[Name(EN)],Tab_Def_Flows[Process_ID_O],,0,) -> 00_Env_BB | G86: =_xlfn.XLOOKUP(C86,Tab_Def_Flows[Name(EN)],Tab_Def_Flows[Input_Process],,0,) -> Life stock farming | H86: =_xlfn.XLOOKUP(C86,Tab_Def_Flows[Name(EN)],Tab_Def_Flows[Process_ID_I],,0,) -> 04_Lif_BB | I86: =_xlfn.XLOOKUP(C86,Tab_Def_Flows[Name(EN)],Tab_Def_Flows[Value_Source],,0,) -> 0 | J86: Yes | K86: Yes | L86: Yes | M86: 2031 | N86: BB | O86: =O85*1.02 -> 46.60861 | P86: Mg/a | X86: No | AA86: =IF(X86="no",O86,O86*Y86) -> 46.60861 | AB86: Mg | AC86: =INDEX(Tab_Def_Flows[[Flow_ID]:[CC_DM_source]],MATCH(Tab_Data_Flows[[#This Row],[Name(EN)]],Tab_Def_Flows[Name(EN)],0),16) -> 0.94 | AD86: =IF(J86="Yes",AA86*Tab_Data_Flows[[#This Row],[WC_'[%']]],"N.A.") -> 43.812094 | AE86: =Tab_Data_Flows[[#This Row],[UoM_Flow_Py]] -> Mg | AF86: =INDEX(Tab_Def_Flows[[Flow_ID]:[CC_DM_source]],MATCH(Tab_Data_Flows[[#This Row],[Name(EN)]],Tab_Def_Flows[Name(EN)],0),18) -> 0.06 | AG86: =IF(K86="Yes",AF86*Tab_Data_Flows[[#This Row],[Flow_Py]],"N.A.") -> 2.7965166 | AH86: =Tab_Data_Flows[[#This Row],[UoM_Flow_Py]] -> Mg | AI86: =INDEX(Tab_Def_Flows[[Flow_ID]:[CC_DM_source]],MATCH(Tab_Data_Flows[[#This Row],[Name(EN)]],Tab_Def_Flows[Name(EN)],0),20) -> 0.49 | AJ86: =IF(L86="Yes",AI86*Tab_Data_Flows[[#This Row],[Flow_Py]],"N.A.") -> 22.838219 | AK86: =Tab_Data_Flows[[#This Row],[UoM_Flow_Py]] -> Mg
A87: =ROW()-1 -> 86 | B87: =_xlfn.XLOOKUP(C87,Tab_Def_Flows[Name(EN)],Tab_Def_Flows[Flow_ID],,0,) -> F_00_04 | C87: Cow Manure Environment | D87: =_xlfn.XLOOKUP(C87,Tab_Def_Flows[Name(EN)],Tab_Def_Flows[Type_Biomass],,0,) -> 0 | E87: =_xlfn.XLOOKUP(C87,Tab_Def_Flows[Name(EN)],Tab_Def_Flows[Output_Process],,0,) -> Environment | F87: =_xlfn.XLOOKUP(C87,Tab_Def_Flows[Name(EN)],Tab_Def_Flows[Process_ID_O],,0,) -> 00_Env_BB | G87: =_xlfn.XLOOKUP(C87,Tab_Def_Flows[Name(EN)],Tab_Def_Flows[Input_Process],,0,) -> Life stock farming | H87: =_xlfn.XLOOKUP(C87,Tab_Def_Flows[Name(EN)],Tab_Def_Flows[Process_ID_I],,0,) -> 04_Lif_BB | I87: =_xlfn.XLOOKUP(C87,Tab_Def_Flows[Name(EN)],Tab_Def_Flows[Value_Source],,0,) -> 0 | J87: Yes | K87: Yes | L87: Yes | M87: 2032 | N87: BB | O87: =O86*1.02 -> 47.540782 | P87: Mg/a | X87: No | AA87: =IF(X87="no",O87,O87*Y87) -> 47.540782 | AB87: Mg | AC87: =INDEX(Tab_Def_Flows[[Flow_ID]:[CC_DM_source]],MATCH(Tab_Data_Flows[[#This Row],[Name(EN)]],Tab_Def_Flows[Name(EN)],0),16) -> 0.94 | AD87: =IF(J87="Yes",AA87*Tab_Data_Flows[[#This Row],[WC_'[%']]],"N.A.") -> 44.688335 | AE87: =Tab_Data_Flows[[#This Row],[UoM_Flow_Py]] -> Mg | AF87: =INDEX(Tab_Def_Flows[[Flow_ID]:[CC_DM_source]],MATCH(Tab_Data_Flows[[#This Row],[Name(EN)]],Tab_Def_Flows[Name(EN)],0),18) -> 0.06 | AG87: =IF(K87="Yes",AF87*Tab_Data_Flows[[#This Row],[Flow_Py]],"N.A.") -> 2.8524469 | AH87: =Tab_Data_Flows[[#This Row],[UoM_Flow_Py]] -> Mg | AI87: =INDEX(Tab_Def_Flows[[Flow_ID]:[CC_DM_source]],MATCH(Tab_Data_Flows[[#This Row],[Name(EN)]],Tab_Def_Flows[Name(EN)],0),20) -> 0.49 | AJ87: =IF(L87="Yes",AI87*Tab_Data_Flows[[#This Row],[Flow_Py]],"N.A.") -> 23.294983 | AK87: =Tab_Data_Flows[[#This Row],[UoM_Flow_Py]] -> Mg
A88: =ROW()-1 -> 87 | B88: =_xlfn.XLOOKUP(C88,Tab_Def_Flows[Name(EN)],Tab_Def_Flows[Flow_ID],,0,) -> F_00_04 | C88: Cow Manure Environment | D88: =_xlfn.XLOOKUP(C88,Tab_Def_Flows[Name(EN)],Tab_Def_Flows[Type_Biomass],,0,) -> 0 | E88: =_xlfn.XLOOKUP(C88,Tab_Def_Flows[Name(EN)],Tab_Def_Flows[Output_Process],,0,) -> Environment | F88: =_xlfn.XLOOKUP(C88,Tab_Def_Flows[Name(EN)],Tab_Def_Flows[Process_ID_O],,0,) -> 00_Env_BB | G88: =_xlfn.XLOOKUP(C88,Tab_Def_Flows[Name(EN)],Tab_Def_Flows[Input_Process],,0,) -> Life stock farming | H88: =_xlfn.XLOOKUP(C88,Tab_Def_Flows[Name(EN)],Tab_Def_Flows[Process_ID_I],,0,) -> 04_Lif_BB | I88: =_xlfn.XLOOKUP(C88,Tab_Def_Flows[Name(EN)],Tab_Def_Flows[Value_Source],,0,) -> 0 | J88: Yes | K88: Yes | L88: Yes | M88: 2033 | N88: BB | O88: =O87*1.02 -> 48.491598 | P88: Mg/a | X88: No | AA88: =IF(X88="no",O88,O88*Y88) -> 48.491598 | AB88: Mg | AC88: =INDEX(Tab_Def_Flows[[Flow_ID]:[CC_DM_source]],MATCH(Tab_Data_Flows[[#This Row],[Name(EN)]],Tab_Def_Flows[Name(EN)],0),16) -> 0.94 | AD88: =IF(J88="Yes",AA88*Tab_Data_Flows[[#This Row],[WC_'[%']]],"N.A.") -> 45.582102 | AE88: =Tab_Data_Flows[[#This Row],[UoM_Flow_Py]] -> Mg | AF88: =INDEX(Tab_Def_Flows[[Flow_ID]:[CC_DM_source]],MATCH(Tab_Data_Flows[[#This Row],[Name(EN)]],Tab_Def_Flows[Name(EN)],0),18) -> 0.06 | AG88: =IF(K88="Yes",AF88*Tab_Data_Flows[[#This Row],[Flow_Py]],"N.A.") -> 2.9094959 | AH88: =Tab_Data_Flows[[#This Row],[UoM_Flow_Py]] -> Mg | AI88: =INDEX(Tab_Def_Flows[[Flow_ID]:[CC_DM_source]],MATCH(Tab_Data_Flows[[#This Row],[Name(EN)]],Tab_Def_Flows[Name(EN)],0),20) -> 0.49 | AJ88: =IF(L88="Yes",AI88*Tab_Data_Flows[[#This Row],[Flow_Py]],"N.A.") -> 23.760883 | AK88: =Tab_Data_Flows[[#This Row],[UoM_Flow_Py]] -> Mg
A89: =ROW()-1 -> 88 | B89: =_xlfn.XLOOKUP(C89,Tab_Def_Flows[Name(EN)],Tab_Def_Flows[Flow_ID],,0,) -> F_00_04 | C89: Cow Manure Environment | D89: =_xlfn.XLOOKUP(C89,Tab_Def_Flows[Name(EN)],Tab_Def_Flows[Type_Biomass],,0,) -> 0 | E89: =_xlfn.XLOOKUP(C89,Tab_Def_Flows[Name(EN)],Tab_Def_Flows[Output_Process],,0,) -> Environment | F89: =_xlfn.XLOOKUP(C89,Tab_Def_Flows[Name(EN)],Tab_Def_Flows[Process_ID_O],,0,) -> 00_Env_BB | G89: =_xlfn.XLOOKUP(C89,Tab_Def_Flows[Name(EN)],Tab_Def_Flows[Input_Process],,0,) -> Life stock farming | H89: =_xlfn.XLOOKUP(C89,Tab_Def_Flows[Name(EN)],Tab_Def_Flows[Process_ID_I],,0,) -> 04_Lif_BB | I89: =_xlfn.XLOOKUP(C89,Tab_Def_Flows[Name(EN)],Tab_Def_Flows[Value_Source],,0,) -> 0 | J89: Yes | K89: Yes | L89: Yes | M89: 2034 | N89: BB | O89: =O88*1.02 -> 49.46143 | P89: Mg/a | X89: No | AA89: =IF(X89="no",O89,O89*Y89) -> 49.46143 | AB89: Mg | AC89: =INDEX(Tab_Def_Flows[[Flow_ID]:[CC_DM_source]],MATCH(Tab_Data_Flows[[#This Row],[Name(EN)]],Tab_Def_Flows[Name(EN)],0),16) -> 0.94 | AD89: =IF(J89="Yes",AA89*Tab_Data_Flows[[#This Row],[WC_'[%']]],"N.A.") -> 46.493744 | AE89: =Tab_Data_Flows[[#This Row],[UoM_Flow_Py]] -> Mg | AF89: =INDEX(Tab_Def_Flows[[Flow_ID]:[CC_DM_source]],MATCH(Tab_Data_Flows[[#This Row],[Name(EN)]],Tab_Def_Flows[Name(EN)],0),18) -> 0.06 | AG89: =IF(K89="Yes",AF89*Tab_Data_Flows[[#This Row],[Flow_Py]],"N.A.") -> 2.9676858 | AH89: =Tab_Data_Flows[[#This Row],[UoM_Flow_Py]] -> Mg | AI89: =INDEX(Tab_Def_Flows[[Flow_ID]:[CC_DM_source]],MATCH(Tab_Data_Flows[[#This Row],[Name(EN)]],Tab_Def_Flows[Name(EN)],0),20) -> 0.49 | AJ89: =IF(L89="Yes",AI89*Tab_Data_Flows[[#This Row],[Flow_Py]],"N.A.") -> 24.236101 | AK89: =Tab_Data_Flows[[#This Row],[UoM_Flow_Py]] -> Mg
... A91: =ROW()-1 -> 90 | B91: =_xlfn.XLOOKUP(C91,Tab_Def_Flows[Name(EN)],Tab_Def_Flows[Flow_ID],,0,) -> F_00_04 | C91: Cow Manure Environment | D91: =_xlfn.XLOOKUP(C91,Tab_Def_Flows[Name(EN)],Tab_Def_Flows[Type_Biomass],,0,) -> 0 | E91: =_xlfn.XLOOKUP(C91,Tab_Def_Flows[Name(EN)],Tab_Def_Flows[Output_Process],,0,) -> Environment | F91: =_xlfn.XLOOKUP(C91,Tab_Def_Flows[Name(EN)],Tab_Def_Flows[Process_ID_O],,0,) -> 00_Env_BB | G91: =_xlfn.XLOOKUP(C91,Tab_Def_Flows[Name(EN)],Tab_Def_Flows[Input_Process],,0,) -> Life stock farming | H91: =_xlfn.XLOOKUP(C91,Tab_Def_Flows[Name(EN)],Tab_Def_Flows[Process_ID_I],,0,) -> 04_Lif_BB | I91: =_xlfn.XLOOKUP(C91,Tab_Def_Flows[Name(EN)],Tab_Def_Flows[Value_Source],,0,) -> 0 | J91: Yes | K91: Yes | L91: Yes | M91: 2036 | N91: BB | O91: =O90*1.02 -> 51.459672 | P91: Mg/a | X91: No | AA91: =IF(X91="no",O91,O91*Y91) -> 51.459672 | AB91: Mg | AC91: =INDEX(Tab_Def_Flows[[Flow_ID]:[CC_DM_source]],MATCH(Tab_Data_Flows[[#This Row],[Name(EN)]],Tab_Def_Flows[Name(EN)],0),16) -> 0.94 | AD91: =IF(J91="Yes",AA91*Tab_Data_Flows[[#This Row],[WC_'[%']]],"N.A.") -> 48.372091 | AE91: =Tab_Data_Flows[[#This Row],[UoM_Flow_Py]] -> Mg | AF91: =INDEX(Tab_Def_Flows[[Flow_ID]:[CC_DM_source]],MATCH(Tab_Data_Flows[[#This Row],[Name(EN)]],Tab_Def_Flows[Name(EN)],0),18) -> 0.06 | AG91: =IF(K91="Yes",AF91*Tab_Data_Flows[[#This Row],[Flow_Py]],"N.A.") -> 3.0875803 | AH91: =Tab_Data_Flows[[#This Row],[UoM_Flow_Py]] -> Mg | AI91: =INDEX(Tab_Def_Flows[[Flow_ID]:[CC_DM_source]],MATCH(Tab_Data_Flows[[#This Row],[Name(EN)]],Tab_Def_Flows[Name(EN)],0),20) -> 0.49 | AJ91: =IF(L91="Yes",AI91*Tab_Data_Flows[[#This Row],[Flow_Py]],"N.A.") -> 25.215239 | AK91: =Tab_Data_Flows[[#This Row],[UoM_Flow_Py]] -> Mg
A92: =ROW()-1 -> 91 | B92: =_xlfn.XLOOKUP(C92,Tab_Def_Flows[Name(EN)],Tab_Def_Flows[Flow_ID],,0,) -> F_00_11 | C92: Millet grain Environment | D92: =_xlfn.XLOOKUP(C92,Tab_Def_Flows[Name(EN)],Tab_Def_Flows[Type_Biomass],,0,) -> 0 | E92: =_xlfn.XLOOKUP(C92,Tab_Def_Flows[Name(EN)],Tab_Def_Flows[Output_Process],,0,) -> Environment | F92: =_xlfn.XLOOKUP(C92,Tab_Def_Flows[Name(EN)],Tab_Def_Flows[Process_ID_O],,0,) -> 00_Env_BB | G92: =_xlfn.XLOOKUP(C92,Tab_Def_Flows[Name(EN)],Tab_Def_Flows[Input_Process],,0,) -> Millet production | H92: =_xlfn.XLOOKUP(C92,Tab_Def_Flows[Name(EN)],Tab_Def_Flows[Process_ID_I],,0,) -> 11_Mil_BB | I92: =_xlfn.XLOOKUP(C92,Tab_Def_Flows[Name(EN)],Tab_Def_Flows[Value_Source],,0,) -> 0 | J92: Yes | K92: Yes | L92: Yes | M92: 2022 | N92: BB | O92: 1 | P92: Mg/a | X92: No | AA92: =IF(X92="no",O92,O92*Y92) -> 1 | AB92: Mg | AC92: =INDEX(Tab_Def_Flows[[Flow_ID]:[CC_DM_source]],MATCH(Tab_Data_Flows[[#This Row],[Name(EN)]],Tab_Def_Flows[Name(EN)],0),16) -> 0.66 | AD92: =IF(J92="Yes",AA92*Tab_Data_Flows[[#This Row],[WC_'[%']]],"N.A.") -> 0.66 | AE92: =Tab_Data_Flows[[#This Row],[UoM_Flow_Py]] -> Mg | AF92: =INDEX(Tab_Def_Flows[[Flow_ID]:[CC_DM_source]],MATCH(Tab_Data_Flows[[#This Row],[Name(EN)]],Tab_Def_Flows[Name(EN)],0),18) -> 0.34 | AG92: =IF(K92="Yes",AF92*Tab_Data_Flows[[#This Row],[Flow_Py]],"N.A.") -> 0.34 | AH92: =Tab_Data_Flows[[#This Row],[UoM_Flow_Py]] -> Mg | AI92: =INDEX(Tab_Def_Flows[[Flow_ID]:[CC_DM_source]],MATCH(Tab_Data_Flows[[#This Row],[Name(EN)]],Tab_Def_Flows[Name(EN)],0),20) -> 0.47 | AJ92: =IF(L92="Yes",AI92*Tab_Data_Flows[[#This Row],[Flow_Py]],"N.A.") -> 0.47 | AK92: =Tab_Data_Flows[[#This Row],[UoM_Flow_Py]] -> Mg
A93: =ROW()-1 -> 92 | B93: =_xlfn.XLOOKUP(C93,Tab_Def_Flows[Name(EN)],Tab_Def_Flows[Flow_ID],,0,) -> F_00_11 | C93: Millet grain Environment | D93: =_xlfn.XLOOKUP(C93,Tab_Def_Flows[Name(EN)],Tab_Def_Flows[Type_Biomass],,0,) -> 0 | E93: =_xlfn.XLOOKUP(C93,Tab_Def_Flows[Name(EN)],Tab_Def_Flows[Output_Process],,0,) -> Environment | F93: =_xlfn.XLOOKUP(C93,Tab_Def_Flows[Name(EN)],Tab_Def_Flows[Process_ID_O],,0,) -> 00_Env_BB | G93: =_xlfn.XLOOKUP(C93,Tab_Def_Flows[Name(EN)],Tab_Def_Flows[Input_Process],,0,) -> Millet production | H93: =_xlfn.XLOOKUP(C93,Tab_Def_Flows[Name(EN)],Tab_Def_Flows[Process_ID_I],,0,) -> 11_Mil_BB | I93: =_xlfn.XLOOKUP(C93,Tab_Def_Flows[Name(EN)],Tab_Def_Flows[Value_Source],,0,) -> 0 | J93: Yes | K93: Yes | L93: Yes | M93: 2023 | N93: BB | O93: =O92*1.02 -> 1.02 | P93: Mg/a | X93: No | AA93: =IF(X93="no",O93,O93*Y93) -> 1.02 | AB93: Mg | AC93: =INDEX(Tab_Def_Flows[[Flow_ID]:[CC_DM_source]],MATCH(Tab_Data_Flows[[#This Row],[Name(EN)]],Tab_Def_Flows[Name(EN)],0),16) -> 0.66 | AD93: =IF(J93="Yes",AA93*Tab_Data_Flows[[#This Row],[WC_'[%']]],"N.A.") -> 0.6732 | AE93: =Tab_Data_Flows[[#This Row],[UoM_Flow_Py]] -> Mg | AF93: =INDEX(Tab_Def_Flows[[Flow_ID]:[CC_DM_source]],MATCH(Tab_Data_Flows[[#This Row],[Name(EN)]],Tab_Def_Flows[Name(EN)],0),18) -> 0.34 | AG93: =IF(K93="Yes",AF93*Tab_Data_Flows[[#This Row],[Flow_Py]],"N.A.") -> 0.3468 | AH93: =Tab_Data_Flows[[#This Row],[UoM_Flow_Py]] -> Mg | AI93: =INDEX(Tab_Def_Flows[[Flow_ID]:[CC_DM_source]],MATCH(Tab_Data_Flows[[#This Row],[Name(EN)]],Tab_Def_Flows[Name(EN)],0),20) -> 0.47 | AJ93: =IF(L93="Yes",AI93*Tab_Data_Flows[[#This Row],[Flow_Py]],"N.A.") -> 0.4794 | AK93: =Tab_Data_Flows[[#This Row],[UoM_Flow_Py]] -> Mg
A94: =ROW()-1 -> 93 | B94: =_xlfn.XLOOKUP(C94,Tab_Def_Flows[Name(EN)],Tab_Def_Flows[Flow_ID],,0,) -> F_00_11 | C94: Millet grain Environment | D94: =_xlfn.XLOOKUP(C94,Tab_Def_Flows[Name(EN)],Tab_Def_Flows[Type_Biomass],,0,) -> 0 | E94: =_xlfn.XLOOKUP(C94,Tab_Def_Flows[Name(EN)],Tab_Def_Flows[Output_Process],,0,) -> Environment | F94: =_xlfn.XLOOKUP(C94,Tab_Def_Flows[Name(EN)],Tab_Def_Flows[Process_ID_O],,0,) -> 00_Env_BB | G94: =_xlfn.XLOOKUP(C94,Tab_Def_Flows[Name(EN)],Tab_Def_Flows[Input_Process],,0,) -> Millet production | H94: =_xlfn.XLOOKUP(C94,Tab_Def_Flows[Name(EN)],Tab_Def_Flows[Process_ID_I],,0,) -> 11_Mil_BB | I94: =_xlfn.XLOOKUP(C94,Tab_Def_Flows[Name(EN)],Tab_Def_Flows[Value_Source],,0,) -> 0 | J94: Yes | K94: Yes | L94: Yes | M94: 2024 | N94: BB | O94: =O93*1.02 -> 1.0404 | P94: Mg/a | X94: No | AA94: =IF(X94="no",O94,O94*Y94) -> 1.0404 | AB94: Mg | AC94: =INDEX(Tab_Def_Flows[[Flow_ID]:[CC_DM_source]],MATCH(Tab_Data_Flows[[#This Row],[Name(EN)]],Tab_Def_Flows[Name(EN)],0),16) -> 0.66 | AD94: =IF(J94="Yes",AA94*Tab_Data_Flows[[#This Row],[WC_'[%']]],"N.A.") -> 0.686664 | AE94: =Tab_Data_Flows[[#This Row],[UoM_Flow_Py]] -> Mg | AF94: =INDEX(Tab_Def_Flows[[Flow_ID]:[CC_DM_source]],MATCH(Tab_Data_Flows[[#This Row],[Name(EN)]],Tab_Def_Flows[Name(EN)],0),18) -> 0.34 | AG94: =IF(K94="Yes",AF94*Tab_Data_Flows[[#This Row],[Flow_Py]],"N.A.") -> 0.353736 | AH94: =Tab_Data_Flows[[#This Row],[UoM_Flow_Py]] -> Mg | AI94: =INDEX(Tab_Def_Flows[[Flow_ID]:[CC_DM_source]],MATCH(Tab_Data_Flows[[#This Row],[Name(EN)]],Tab_Def_Flows[Name(EN)],0),20) -> 0.47 | AJ94: =IF(L94="Yes",AI94*Tab_Data_Flows[[#This Row],[Flow_Py]],"N.A.") -> 0.488988 | AK94: =Tab_Data_Flows[[#This Row],[UoM_Flow_Py]] -> Mg
A95: =ROW()-1 -> 94 | B95: =_xlfn.XLOOKUP(C95,Tab_Def_Flows[Name(EN)],Tab_Def_Flows[Flow_ID],,0,) -> F_00_11 | C95: Millet grain Environment | D95: =_xlfn.XLOOKUP(C95,Tab_Def_Flows[Name(EN)],Tab_Def_Flows[Type_Biomass],,0,) -> 0 | E95: =_xlfn.XLOOKUP(C95,Tab_Def_Flows[Name(EN)],Tab_Def_Flows[Output_Process],,0,) -> Environment | F95: =_xlfn.XLOOKUP(C95,Tab_Def_Flows[Name(EN)],Tab_Def_Flows[Process_ID_O],,0,) -> 00_Env_BB | G95: =_xlfn.XLOOKUP(C95,Tab_Def_Flows[Name(EN)],Tab_Def_Flows[Input_Process],,0,) -> Millet production | H95: =_xlfn.XLOOKUP(C95,Tab_Def_Flows[Name(EN)],Tab_Def_Flows[Process_ID_I],,0,) -> 11_Mil_BB | I95: =_xlfn.XLOOKUP(C95,Tab_Def_Flows[Name(EN)],Tab_Def_Flows[Value_Source],,0,) -> 0 | J95: Yes | K95: Yes | L95: Yes | M95: 2025 | N95: BB | O95: =O94*1.02 -> 1.061208 | P95: Mg/a | X95: No | AA95: =IF(X95="no",O95,O95*Y95) -> 1.061208 | AB95: Mg | AC95: =INDEX(Tab_Def_Flows[[Flow_ID]:[CC_DM_source]],MATCH(Tab_Data_Flows[[#This Row],[Name(EN)]],Tab_Def_Flows[Name(EN)],0),16) -> 0.66 | AD95: =IF(J95="Yes",AA95*Tab_Data_Flows[[#This Row],[WC_'[%']]],"N.A.") -> 0.70039728 | AE95: =Tab_Data_Flows[[#This Row],[UoM_Flow_Py]] -> Mg | AF95: =INDEX(Tab_Def_Flows[[Flow_ID]:[CC_DM_source]],MATCH(Tab_Data_Flows[[#This Row],[Name(EN)]],Tab_Def_Flows[Name(EN)],0),18) -> 0.34 | AG95: =IF(K95="Yes",AF95*Tab_Data_Flows[[#This Row],[Flow_Py]],"N.A.") -> 0.36081072 | AH95: =Tab_Data_Flows[[#This Row],[UoM_Flow_Py]] -> Mg | AI95: =INDEX(Tab_Def_Flows[[Flow_ID]:[CC_DM_source]],MATCH(Tab_Data_Flows[[#This Row],[Name(EN)]],Tab_Def_Flows[Name(EN)],0),20) -> 0.47 | AJ95: =IF(L95="Yes",AI95*Tab_Data_Flows[[#This Row],[Flow_Py]],"N.A.") -> 0.49876776 | AK95: =Tab_Data_Flows[[#This Row],[UoM_Flow_Py]] -> Mg
A96: =ROW()-1 -> 95 | B96: =_xlfn.XLOOKUP(C96,Tab_Def_Flows[Name(EN)],Tab_Def_Flows[Flow_ID],,0,) -> F_00_11 | C96: Millet grain Environment | D96: =_xlfn.XLOOKUP(C96,Tab_Def_Flows[Name(EN)],Tab_Def_Flows[Type_Biomass],,0,) -> 0 | E96: =_xlfn.XLOOKUP(C96,Tab_Def_Flows[Name(EN)],Tab_Def_Flows[Output_Process],,0,) -> Environment | F96: =_xlfn.XLOOKUP(C96,Tab_Def_Flows[Name(EN)],Tab_Def_Flows[Process_ID_O],,0,) -> 00_Env_BB | G96: =_xlfn.XLOOKUP(C96,Tab_Def_Flows[Name(EN)],Tab_Def_Flows[Input_Process],,0,) -> Millet production | H96: =_xlfn.XLOOKUP(C96,Tab_Def_Flows[Name(EN)],Tab_Def_Flows[Process_ID_I],,0,) -> 11_Mil_BB | I96: =_xlfn.XLOOKUP(C96,Tab_Def_Flows[Name(EN)],Tab_Def_Flows[Value_Source],,0,) -> 0 | J96: Yes | K96: Yes | L96: Yes | M96: 2026 | N96: BB | O96: =O95*1.02 -> 1.0824322 | P96: Mg/a | X96: No | AA96: =IF(X96="no",O96,O96*Y96) -> 1.0824322 | AB96: Mg | AC96: =INDEX(Tab_Def_Flows[[Flow_ID]:[CC_DM_source]],MATCH(Tab_Data_Flows[[#This Row],[Name(EN)]],Tab_Def_Flows[Name(EN)],0),16) -> 0.66 | AD96: =IF(J96="Yes",AA96*Tab_Data_Flows[[#This Row],[WC_'[%']]],"N.A.") -> 0.71440523 | AE96: =Tab_Data_Flows[[#This Row],[UoM_Flow_Py]] -> Mg | AF96: =INDEX(Tab_Def_Flows[[Flow_ID]:[CC_DM_source]],MATCH(Tab_Data_Flows[[#This Row],[Name(EN)]],Tab_Def_Flows[Name(EN)],0),18) -> 0.34 | AG96: =IF(K96="Yes",AF96*Tab_Data_Flows[[#This Row],[Flow_Py]],"N.A.") -> 0.36802693 | AH96: =Tab_Data_Flows[[#This Row],[UoM_Flow_Py]] -> Mg | AI96: =INDEX(Tab_Def_Flows[[Flow_ID]:[CC_DM_source]],MATCH(Tab_Data_Flows[[#This Row],[Name(EN)]],Tab_Def_Flows[Name(EN)],0),20) -> 0.47 | AJ96: =IF(L96="Yes",AI96*Tab_Data_Flows[[#This Row],[Flow_Py]],"N.A.") -> 0.50874312 | AK96: =Tab_Data_Flows[[#This Row],[UoM_Flow_Py]] -> Mg
A97: =ROW()-1 -> 96 | B97: =_xlfn.XLOOKUP(C97,Tab_Def_Flows[Name(EN)],Tab_Def_Flows[Flow_ID],,0,) -> F_00_11 | C97: Millet grain Environment | D97: =_xlfn.XLOOKUP(C97,Tab_Def_Flows[Name(EN)],Tab_Def_Flows[Type_Biomass],,0,) -> 0 | E97: =_xlfn.XLOOKUP(C97,Tab_Def_Flows[Name(EN)],Tab_Def_Flows[Output_Process],,0,) -> Environment | F97: =_xlfn.XLOOKUP(C97,Tab_Def_Flows[Name(EN)],Tab_Def_Flows[Process_ID_O],,0,) -> 00_Env_BB | G97: =_xlfn.XLOOKUP(C97,Tab_Def_Flows[Name(EN)],Tab_Def_Flows[Input_Process],,0,) -> Millet production | H97: =_xlfn.XLOOKUP(C97,Tab_Def_Flows[Name(EN)],Tab_Def_Flows[Process_ID_I],,0,) -> 11_Mil_BB | I97: =_xlfn.XLOOKUP(C97,Tab_Def_Flows[Name(EN)],Tab_Def_Flows[Value_Source],,0,) -> 0 | J97: Yes | K97: Yes | L97: Yes | M97: 2027 | N97: BB | O97: =O96*1.02 -> 1.1040808 | P97: Mg/a | X97: No | AA97: =IF(X97="no",O97,O97*Y97) -> 1.1040808 | AB97: Mg | AC97: =INDEX(Tab_Def_Flows[[Flow_ID]:[CC_DM_source]],MATCH(Tab_Data_Flows[[#This Row],[Name(EN)]],Tab_Def_Flows[Name(EN)],0),16) -> 0.66 | AD97: =IF(J97="Yes",AA97*Tab_Data_Flows[[#This Row],[WC_'[%']]],"N.A.") -> 0.72869333 | AE97: =Tab_Data_Flows[[#This Row],[UoM_Flow_Py]] -> Mg | AF97: =INDEX(Tab_Def_Flows[[Flow_ID]:[CC_DM_source]],MATCH(Tab_Data_Flows[[#This Row],[Name(EN)]],Tab_Def_Flows[Name(EN)],0),18) -> 0.34 | AG97: =IF(K97="Yes",AF97*Tab_Data_Flows[[#This Row],[Flow_Py]],"N.A.") -> 0.37538747 | AH97: =Tab_Data_Flows[[#This Row],[UoM_Flow_Py]] -> Mg | AI97: =INDEX(Tab_Def_Flows[[Flow_ID]:[CC_DM_source]],MATCH(Tab_Data_Flows[[#This Row],[Name(EN)]],Tab_Def_Flows[Name(EN)],0),20) -> 0.47 | AJ97: =IF(L97="Yes",AI97*Tab_Data_Flows[[#This Row],[Flow_Py]],"N.A.") -> 0.51891798 | AK97: =Tab_Data_Flows[[#This Row],[UoM_Flow_Py]] -> Mg
A98: =ROW()-1 -> 97 | B98: =_xlfn.XLOOKUP(C98,Tab_Def_Flows[Name(EN)],Tab_Def_Flows[Flow_ID],,0,) -> F_00_11 | C98: Millet grain Environment | D98: =_xlfn.XLOOKUP(C98,Tab_Def_Flows[Name(EN)],Tab_Def_Flows[Type_Biomass],,0,) -> 0 | E98: =_xlfn.XLOOKUP(C98,Tab_Def_Flows[Name(EN)],Tab_Def_Flows[Output_Process],,0,) -> Environment | F98: =_xlfn.XLOOKUP(C98,Tab_Def_Flows[Name(EN)],Tab_Def_Flows[Process_ID_O],,0,) -> 00_Env_BB | G98: =_xlfn.XLOOKUP(C98,Tab_Def_Flows[Name(EN)],Tab_Def_Flows[Input_Process],,0,) -> Millet production | H98: =_xlfn.XLOOKUP(C98,Tab_Def_Flows[Name(EN)],Tab_Def_Flows[Process_ID_I],,0,) -> 11_Mil_BB | I98: =_xlfn.XLOOKUP(C98,Tab_Def_Flows[Name(EN)],Tab_Def_Flows[Value_Source],,0,) -> 0 | J98: Yes | K98: Yes | L98: Yes | M98: 2028 | N98: BB | O98: =O97*1.02 -> 1.1261624 | P98: Mg/a | X98: No | AA98: =IF(X98="no",O98,O98*Y98) -> 1.1261624 | AB98: Mg | AC98: =INDEX(Tab_Def_Flows[[Flow_ID]:[CC_DM_source]],MATCH(Tab_Data_Flows[[#This Row],[Name(EN)]],Tab_Def_Flows[Name(EN)],0),16) -> 0.66 | AD98: =IF(J98="Yes",AA98*Tab_Data_Flows[[#This Row],[WC_'[%']]],"N.A.") -> 0.7432672 | AE98: =Tab_Data_Flows[[#This Row],[UoM_Flow_Py]] -> Mg | AF98: =INDEX(Tab_Def_Flows[[Flow_ID]:[CC_DM_source]],MATCH(Tab_Data_Flows[[#This Row],[Name(EN)]],Tab_Def_Flows[Name(EN)],0),18) -> 0.34 | AG98: =IF(K98="Yes",AF98*Tab_Data_Flows[[#This Row],[Flow_Py]],"N.A.") -> 0.38289522 | AH98: =Tab_Data_Flows[[#This Row],[UoM_Flow_Py]] -> Mg | AI98: =INDEX(Tab_Def_Flows[[Flow_ID]:[CC_DM_source]],MATCH(Tab_Data_Flows[[#This Row],[Name(EN)]],Tab_Def_Flows[Name(EN)],0),20) -> 0.47 | AJ98: =IF(L98="Yes",AI98*Tab_Data_Flows[[#This Row],[Flow_Py]],"N.A.") -> 0.52929634 | AK98: =Tab_Data_Flows[[#This Row],[UoM_Flow_Py]] -> Mg
A99: =ROW()-1 -> 98 | B99: =_xlfn.XLOOKUP(C99,Tab_Def_Flows[Name(EN)],Tab_Def_Flows[Flow_ID],,0,) -> F_00_11 | C99: Millet grain Environment | D99: =_xlfn.XLOOKUP(C99,Tab_Def_Flows[Name(EN)],Tab_Def_Flows[Type_Biomass],,0,) -> 0 | E99: =_xlfn.XLOOKUP(C99,Tab_Def_Flows[Name(EN)],Tab_Def_Flows[Output_Process],,0,) -> Environment | F99: =_xlfn.XLOOKUP(C99,Tab_Def_Flows[Name(EN)],Tab_Def_Flows[Process_ID_O],,0,) -> 00_Env_BB | G99: =_xlfn.XLOOKUP(C99,Tab_Def_Flows[Name(EN)],Tab_Def_Flows[Input_Process],,0,) -> Millet production | H99: =_xlfn.XLOOKUP(C99,Tab_Def_Flows[Name(EN)],Tab_Def_Flows[Process_ID_I],,0,) -> 11_Mil_BB | I99: =_xlfn.XLOOKUP(C99,Tab_Def_Flows[Name(EN)],Tab_Def_Flows[Value_Source],,0,) -> 0 | J99: Yes | K99: Yes | L99: Yes | M99: 2029 | N99: BB | O99: =O98*1.02 -> 1.1486857 | P99: Mg/a | X99: No | AA99: =IF(X99="no",O99,O99*Y99) -> 1.1486857 | AB99: Mg | AC99: =INDEX(Tab_Def_Flows[[Flow_ID]:[CC_DM_source]],MATCH(Tab_Data_Flows[[#This Row],[Name(EN)]],Tab_Def_Flows[Name(EN)],0),16) -> 0.66 | AD99: =IF(J99="Yes",AA99*Tab_Data_Flows[[#This Row],[WC_'[%']]],"N.A.") -> 0.75813254 | AE99: =Tab_Data_Flows[[#This Row],[UoM_Flow_Py]] -> Mg | AF99: =INDEX(Tab_Def_Flows[[Flow_ID]:[CC_DM_source]],MATCH(Tab_Data_Flows[[#This Row],[Name(EN)]],Tab_Def_Flows[Name(EN)],0),18) -> 0.34 | AG99: =IF(K99="Yes",AF99*Tab_Data_Flows[[#This Row],[Flow_Py]],"N.A.") -> 0.39055313 | AH99: =Tab_Data_Flows[[#This Row],[UoM_Flow_Py]] -> Mg | AI99: =INDEX(Tab_Def_Flows[[Flow_ID]:[CC_DM_source]],MATCH(Tab_Data_Flows[[#This Row],[Name(EN)]],Tab_Def_Flows[Name(EN)],0),20) -> 0.47 | AJ99: =IF(L99="Yes",AI99*Tab_Data_Flows[[#This Row],[Flow_Py]],"N.A.") -> 0.53988226 | AK99: =Tab_Data_Flows[[#This Row],[UoM_Flow_Py]] -> Mg
A100: =ROW()-1 -> 99 | B100: =_xlfn.XLOOKUP(C100,Tab_Def_Flows[Name(EN)],Tab_Def_Flows[Flow_ID],,0,) -> F_00_11 | C100: Millet grain Environment | D100: =_xlfn.XLOOKUP(C100,Tab_Def_Flows[Name(EN)],Tab_Def_Flows[Type_Biomass],,0,) -> 0 | E100: =_xlfn.XLOOKUP(C100,Tab_Def_Flows[Name(EN)],Tab_Def_Flows[Output_Process],,0,) -> Environment | F100: =_xlfn.XLOOKUP(C100,Tab_Def_Flows[Name(EN)],Tab_Def_Flows[Process_ID_O],,0,) -> 00_Env_BB | G100: =_xlfn.XLOOKUP(C100,Tab_Def_Flows[Name(EN)],Tab_Def_Flows[Input_Process],,0,) -> Millet production | H100: =_xlfn.XLOOKUP(C100,Tab_Def_Flows[Name(EN)],Tab_Def_Flows[Process_ID_I],,0,) -> 11_Mil_BB | I100: =_xlfn.XLOOKUP(C100,Tab_Def_Flows[Name(EN)],Tab_Def_Flows[Value_Source],,0,) -> 0 | J100: Yes | K100: Yes | L100: Yes | M100: 2030 | N100: BB | O100: =O99*1.02 -> 1.1716594 | P100: Mg/a | X100: No | AA100: =IF(X100="no",O100,O100*Y100) -> 1.1716594 | AB100: Mg | AC100: =INDEX(Tab_Def_Flows[[Flow_ID]:[CC_DM_source]],MATCH(Tab_Data_Flows[[#This Row],[Name(EN)]],Tab_Def_Flows[Name(EN)],0),16) -> 0.66 | AD100: =IF(J100="Yes",AA100*Tab_Data_Flows[[#This Row],[WC_'[%']]],"N.A.") -> 0.77329519 | AE100: =Tab_Data_Flows[[#This Row],[UoM_Flow_Py]] -> Mg | AF100: =INDEX(Tab_Def_Flows[[Flow_ID]:[CC_DM_source]],MATCH(Tab_Data_Flows[[#This Row],[Name(EN)]],Tab_Def_Flows[Name(EN)],0),18) -> 0.34 | AG100: =IF(K100="Yes",AF100*Tab_Data_Flows[[#This Row],[Flow_Py]],"N.A.") -> 0.39836419 | AH100: =Tab_Data_Flows[[#This Row],[UoM_Flow_Py]] -> Mg | AI100: =INDEX(Tab_Def_Flows[[Flow_ID]:[CC_DM_source]],MATCH(Tab_Data_Flows[[#This Row],[Name(EN)]],Tab_Def_Flows[Name(EN)],0),20) -> 0.47 | AJ100: =IF(L100="Yes",AI100*Tab_Data_Flows[[#This Row],[Flow_Py]],"N.A.") -> 0.55067991 | AK100: =Tab_Data_Flows[[#This Row],[UoM_Flow_Py]] -> Mg
A101: =ROW()-1 -> 100 | B101: =_xlfn.XLOOKUP(C101,Tab_Def_Flows[Name(EN)],Tab_Def_Flows[Flow_ID],,0,) -> F_00_11 | C101: Millet grain Environment | D101: =_xlfn.XLOOKUP(C101,Tab_Def_Flows[Name(EN)],Tab_Def_Flows[Type_Biomass],,0,) -> 0 | E101: =_xlfn.XLOOKUP(C101,Tab_Def_Flows[Name(EN)],Tab_Def_Flows[Output_Process],,0,) -> Environment | F101: =_xlfn.XLOOKUP(C101,Tab_Def_Flows[Name(EN)],Tab_Def_Flows[Process_ID_O],,0,) -> 00_Env_BB | G101: =_xlfn.XLOOKUP(C101,Tab_Def_Flows[Name(EN)],Tab_Def_Flows[Input_Process],,0,) -> Millet production | H101: =_xlfn.XLOOKUP(C101,Tab_Def_Flows[Name(EN)],Tab_Def_Flows[Process_ID_I],,0,) -> 11_Mil_BB | I101: =_xlfn.XLOOKUP(C101,Tab_Def_Flows[Name(EN)],Tab_Def_Flows[Value_Source],,0,) -> 0 | J101: Yes | K101: Yes | L101: Yes | M101: 2031 | N101: BB | O101: =O100*1.02 -> 1.1950926 | P101: Mg/a | X101: No | AA101: =IF(X101="no",O101,O101*Y101) -> 1.1950926 | AB101: Mg | AC101: =INDEX(Tab_Def_Flows[[Flow_ID]:[CC_DM_source]],MATCH(Tab_Data_Flows[[#This Row],[Name(EN)]],Tab_Def_Flows[Name(EN)],0),16) -> 0.66 | AD101: =IF(J101="Yes",AA101*Tab_Data_Flows[[#This Row],[WC_'[%']]],"N.A.") -> 0.7887611 | AE101: =Tab_Data_Flows[[#This Row],[UoM_Flow_Py]] -> Mg | AF101: =INDEX(Tab_Def_Flows[[Flow_ID]:[CC_DM_source]],MATCH(Tab_Data_Flows[[#This Row],[Name(EN)]],Tab_Def_Flows[Name(EN)],0),18) -> 0.34 | AG101: =IF(K101="Yes",AF101*Tab_Data_Flows[[#This Row],[Flow_Py]],"N.A.") -> 0.40633147 | AH101: =Tab_Data_Flows[[#This Row],[UoM_Flow_Py]] -> Mg | AI101: =INDEX(Tab_Def_Flows[[Flow_ID]:[CC_DM_source]],MATCH(Tab_Data_Flows[[#This Row],[Name(EN)]],Tab_Def_Flows[Name(EN)],0),20) -> 0.47 | AJ101: =IF(L101="Yes",AI101*Tab_Data_Flows[[#This Row],[Flow_Py]],"N.A.") -> 0.56169351 | AK101: =Tab_Data_Flows[[#This Row],[UoM_Flow_Py]] -> Mg
