Workbook

Sheet 0_Configuration
A1: Category_Settings | B1: Setting_Name | C1: Value | D1: ODYM_ID | E1: Description | F1: Category | G1: Status
A2: ODYM Dimension: Time (t) | B2: Time | C2: TRUE | D2: FALSE | E2: ODYM Dimension time (t) is always automaticly activated. The time settings of the system are defined within the model configuration
B3: Time steps: | C3: Time in steps of 1 year | E3: Default time step of 1 year
B4: Start_Year | C4: 2025 | E4: Start year of the calculation
B5: End_Year | C5: 2050 | E5: End year of the calculation
A6: ODYM Dimension: Region (r ) | B6: Enable ODYM Dimension_Region | C6: FALSE | D6: FALSE | E6: ODYM Dimension Region (r ) is always activated. Additional Regions can be used to located processes. Regions are definend in _
B7: Region ID 1 | C7: Case_Study_Region | E7: Defined region of the Case_Study. Always activated.
B8: Region ID 2
B9: Region ID 3
A10: ODYM Dimension: Process (p) | B10: Enable ODYM Dimension_Process | C10: FALSE | D10: FALSE | E10: ODYM Dimension "Process (p) is always automaticly activated. The Processes of the system are defined within the sheet 2_1_Definition_Processes
B11: Process Type 1 | C11: Biomass Production | D11: 1
B12: Process Type 2 | C12: Biomass Processing | D12: 2
B13: Process Type 3 | C13: Use-Phase | D13: 3
B14: Process Type 4 | C14: EoL-Phase | D14: 4
B15: Process Type 5 | D15: 5
B16: Process Type 6 | D16: 6
A17: ODYM Dimension: Good (g) | B17: Enable ODYM Dimension_Goods | C17: FALSE | D17: FALSE | E17: ODYM Dimension "Good (g) is always automaticly activated. The goods of the system are defined within sheet 1_1_Definition_Flows
B18: Good Type 1 | C18: Raw Material | D18: 1
B19: Good Type 2 | C19: Processed Product | D19: 2
B20: Good Type 3 | C20: Product | D20: 3
B21: Good Type 4 | C21: Waste | D21: 4
B22: Good Type 5 | D22: 5
B23: Good Type 6 | D23: 6
A24: ODYM Dimension: Material (m) | B24: Enable ODYM Dimension_Materials | C24: FALSE | D24: FALSE | E24: ODYM Dimension "Material (m) is always automaticly activated. The Materials of the system are limited to the typical composition of biomass, which consists out of Watercontent (WC) and Dry Mass (DM).
B25: Material ID 1 | C25: WC | E25: Watercontent (WC)
B26: Material ID 2 | C26: DM | E26: Dry Mass (DM)
B27: Material ID 3
B28: Material ID 4
A29: ODYM Dimension: Elements (e ) | B29: Enable elements? | C29: TRUE | D29: FALSE | E29: ODYM Dimension "Element (e) is . The elements of the system are currently limited to carbon (C) and remaining DM. The list of elements can be extended for typical elements.
B30: Element ID 1 | C30: C | E30: Elemental Carbon
B31: Element ID 2 | C31: Remaining DM | E31: Remaining DM (DryMass - tracked elements)
B32: Element ID 3
B33: Element ID 4
B34: Element ID 5
B35: Unit_of_Measurement | C35: Mg
B36: Input_File | C36: data/01_input/250902_CS1_Wheat_Straw.xlsx | E36: Path to Excel input file | F36: Core | G36: Required
B37: Output_File | C37: data/02_output/results.xlsx | E37: Path for results output | F37: Core | G37: Required
A38: CALCULATION SETTINGS | B38: Run_DSM_Calculation | C38: TRUE | D38: FALSE | E38: Enable Dynamic Stock Model calculation | F38: Calculation | G38: Required
B39: Run_FOMP_Calculation | C39: TRUE | D39: FALSE | E39: Enable First-Order Material Process calculation | F39: Calculation | G39: Required
B40: RUN_MONTE_CARLO | C40: FALSE | D40: FALSE | E40: Enable Monte Carlo uncertainty analysis | F40: Calculation | G40: Optional
B41: MC_Iterations | C41: 150 | E41: Number of Monte Carlo iterations | F41: Calculation | G41: Optional
A42: SCENARIO ANALYSIS SETTINGS | B42: Run_Scenario_Analysis | C42: FALSE | D42: FALSE | E42: Enable scenario comparison analysis | F42: Scenario | G42: Optional
B43: Selected Scenario Name 1 | C43: Scenario 1 | E43: First scenario name to analyze | F43: Scenario | G43: Optional
B44: Selected Scenario Name 2 | C44: Scenario 2 | E44: Second scenario name to analyze | F44: Scenario | G44: Optional
B45: Selected Scenario Name 3 | C45: Scenario 3
B46: Selected Scenario Name 4 | C46: Scenario 4 | E46: Third scenario name to analyze | F46: Scenario | G46: Optional

Sheet 1_1_Definition_Flows
A1: Complete? | B1: ID | C1: Flow_ID | D1: Flow_Name | E1: ODYM_Good_Type | F1: Flow_Output_Process | G1: Flow_Output_Process_ID | H1: Flow_Input_Process | I1: Input_Process_ID | J1: WC? | K1: DM? | L1: ODYM Dimension: material (e) | M1: CC? | N1: Flow_WC_ID | O1: Flow_WC[%] | P1: WC_source | Q1: Flow_DM_ID | R1: Flow_DM[%] | S1: DM_source | T1: Flow_CC_ID | U1: Flow_CC_DM[%] | V1: CC_DM_source | W1: Flow_CC_FM[%] | X1: CC_FM_source | Y1: ODYM_time_(t) | Z1: ODYM_Time_ID | AA1: ODYM_Region_(r) | AB1: ODYM_Region_ID | AC1: ODYM_process_(p) | AD1: ODYM_Process_ID | AE1: ODYM_Good_(g)2 | AF1: ODYM_Good_ID | AG1: ODYM_material_(m) | AH1: ODYM_Material_ID | AI1: ODYM_element_(e) | AJ1: ODYM_Element_ID | AK1: ODYM_Indices | AL1: Column2
A2: FALSE | B2: =ROW()-1 | C2: ="F_"&LEFT(G2,2)&"_"&LEFT(I2,2) | D2: Atmosphere_Input_Cultivation_C | E2: Raw Material | F2: Atmosphere | G2: =_xlfn.XLOOKUP(F2,Tab_Def_Processes[Process_Name],Tab_Def_Processes[Process_ID],,0,) | H2: Rye_Cultivation | I2: =_xlfn.XLOOKUP(H2,Tab_Def_Processes[Process_Name],Tab_Def_Processes[Process_ID],,0,) | J2: Yes | K2: Yes | M2: Yes | N2: =Tab_Def_Flows[[#This Row],[Flow_ID]]&"_WC" | O2: 0 | Q2: =Tab_Def_Flows[[#This Row],[Flow_ID]]&"_DM" | R2: 1 | T2: =Tab_Def_Flows[[#This Row],[Flow_ID]]&"_CC" | U2: 1 | W2: =Tab_Def_Flows[[#This Row],[Flow_CC_DM'[%']]]*Tab_Def_Flows[[#This Row],[Flow_DM'[%']]] | Y2: ='0_Configuration'!$C$2 | AA2: ='0_Configuration'!$C$6 | AC2: ='0_Configuration'!$C$10 | AE2: ='0_Configuration'!$C$17 | AF2: =_xlfn.XLOOKUP(Tab_Def_Flows[[#This Row],[ODYM_Good_Type]],Tab_Configuration[Value],Tab_Configuration[ODYM_ID],,0,) | AG2: ='0_Configuration'!$C$24 | AI2: ='0_Configuration'!$C$29 | AK2: =IF(Tab_Def_Flows[[#This Row],[ODYM_time_(t)]],"t,","")&IF(Tab_Def_Flows[[#This Row],[ODYM_Region_(r)]],"r,","")&IF(Tab_Def_Flows[[#This Row],[ODYM_process_(p)]],"p,","")&IF(Tab_Def_Flows[[#This Row],[ODYM_Good_(g)2]],"g,","")&IF(Tab_Def_Flows[[#This Row],[ODYM_material_(m)]],"m,","")&IF(Tab_Def_Flows[[#This Row],[ODYM_element_(e)]],"e","") | AL2: =IF(Tab_Def_Flows[[#This Row],[ODYM_time_(t)]],Tab_Def_Flows[[#This Row],[ODYM_Time_ID]]&",","")&IF(Tab_Def_Flows[[#This Row],[ODYM_Region_(r)]],Tab_Def_Flows[[#This Row],[ODYM_Region_ID]]&",","")&IF(Tab_Def_Flows[[#This Row],[ODYM_process_(p)]],Tab_Def_Flows[[#This Row],[ODYM_Process_ID]]&",","")&IF(Tab_Def_Flows[[#This Row],[ODYM_Good_(g)2]],Tab_Def_Flows[[#This Row],[ODYM_Good_ID]]&",","")&IF(Tab_Def_Flows[[#This Row],[ODYM_material_(m)]],Tab_Def_Flows[[#This Row],[ODYM_Material_ID]]&",","")&IF(Tab_Def_Flows[[#This Row],[ODYM_element_(e)]],Tab_Def_Flows[[#This Row],[ODYM_Element_ID]]&",","")
A3: FALSE | B3: =ROW()-1 | C3: ="F_"&LEFT(G3,2)&"_"&LEFT(I3,2) | D3: Environment_Input_Cultivation_E | E3: Product | F3: Environment | G3: =_xlfn.XLOOKUP(F3,Tab_Def_Processes[Process_Name],Tab_Def_Processes[Process_ID],,0,) | H3: Rye_Cultivation | I3: =_xlfn.XLOOKUP(H3,Tab_Def_Processes[Process_Name],Tab_Def_Processes[Process_ID],,0,) | J3: Yes | K3: Yes | M3: Yes | N3: =Tab_Def_Flows[[#This Row],[Flow_ID]]&"_WC" | O3: 0.23841962 | Q3: =Tab_Def_Flows[[#This Row],[Flow_ID]]&"_DM" | R3: 0.76158038 | T3: =Tab_Def_Flows[[#This Row],[Flow_ID]]&"_CC" | U3: 0 | W3: =Tab_Def_Flows[[#This Row],[Flow_CC_DM'[%']]]*Tab_Def_Flows[[#This Row],[Flow_DM'[%']]] | Y3: ='0_Configuration'!$C$2 | AA3: ='0_Configuration'!$C$6 | AC3: ='0_Configuration'!$C$10 | AE3: ='0_Configuration'!$C$17 | AF3: =_xlfn.XLOOKUP(Tab_Def_Flows[[#This Row],[ODYM_Good_Type]],Tab_Configuration[Value],Tab_Configuration[ODYM_ID],,0,) | AG3: ='0_Configuration'!$C$24 | AI3: ='0_Configuration'!$C$29 | AK3: =IF(Tab_Def_Flows[[#This Row],[ODYM_time_(t)]],"t,","")&IF(Tab_Def_Flows[[#This Row],[ODYM_Region_(r)]],"r,","")&IF(Tab_Def_Flows[[#This Row],[ODYM_process_(p)]],"p,","")&IF(Tab_Def_Flows[[#This Row],[ODYM_Good_(g)2]],"g,","")&IF(Tab_Def_Flows[[#This Row],[ODYM_material_(m)]],"m,","")&IF(Tab_Def_Flows[[#This Row],[ODYM_element_(e)]],"e","") | AL3: =IF(Tab_Def_Flows[[#This Row],[ODYM_time_(t)]],Tab_Def_Flows[[#This Row],[ODYM_Time_ID]]&",","")&IF(Tab_Def_Flows[[#This Row],[ODYM_Region_(r)]],Tab_Def_Flows[[#This Row],[ODYM_Region_ID]]&",","")&IF(Tab_Def_Flows[[#This Row],[ODYM_process_(p)]],Tab_Def_Flows[[#This Row],[ODYM_Process_ID]]&",","")&IF(Tab_Def_Flows[[#This Row],[ODYM_Good_(g)2]],Tab_Def_Flows[[#This Row],[ODYM_Good_ID]]&",","")&IF(Tab_Def_Flows[[#This Row],[ODYM_material_(m)]],Tab_Def_Flows[[#This Row],[ODYM_Material_ID]]&",","")&IF(Tab_Def_Flows[[#This Row],[ODYM_element_(e)]],Tab_Def_Flows[[#This Row],[ODYM_Element_ID]]&",","")
A4: FALSE | B4: =ROW()-1 | C4: ="F_"&LEFT(G4,2)&"_"&LEFT(I4,2) | D4: Atmosphere_Input_cow-manure_production_C | F4: Atmosphere | G4: =_xlfn.XLOOKUP(F4,Tab_Def_Processes[Process_Name],Tab_Def_Processes[Process_ID],,0,) | H4: Cow-Manure_Production | I4: =_xlfn.XLOOKUP(H4,Tab_Def_Processes[Process_Name],Tab_Def_Processes[Process_ID],,0,) | J4: Yes | K4: Yes | M4: Yes | N4: =Tab_Def_Flows[[#This Row],[Flow_ID]]&"_WC" | O4: 0 | Q4: =Tab_Def_Flows[[#This Row],[Flow_ID]]&"_DM" | R4: 1 | T4: =Tab_Def_Flows[[#This Row],[Flow_ID]]&"_CC" | U4: 1 | W4: =Tab_Def_Flows[[#This Row],[Flow_CC_DM'[%']]]*Tab_Def_Flows[[#This Row],[Flow_DM'[%']]] | Y4: ='0_Configuration'!$C$2 | AA4: ='0_Configuration'!$C$6 | AC4: ='0_Configuration'!$C$10 | AE4: ='0_Configuration'!$C$17 | AF4: =_xlfn.XLOOKUP(Tab_Def_Flows[[#This Row],[ODYM_Good_Type]],Tab_Configuration[Value],Tab_Configuration[ODYM_ID],,0,) | AG4: ='0_Configuration'!$C$24 | AI4: ='0_Configuration'!$C$29 | AK4: =IF(Tab_Def_Flows[[#This Row],[ODYM_time_(t)]],"t,","")&IF(Tab_Def_Flows[[#This Row],[ODYM_Region_(r)]],"r,","")&IF(Tab_Def_Flows[[#This Row],[ODYM_process_(p)]],"p,","")&IF(Tab_Def_Flows[[#This Row],[ODYM_Good_(g)2]],"g,","")&IF(Tab_Def_Flows[[#This Row],[ODYM_material_(m)]],"m,","")&IF(Tab_Def_Flows[[#This Row],[ODYM_element_(e)]],"e","") | AL4: =IF(Tab_Def_Flows[[#This Row],[ODYM_time_(t)]],Tab_Def_Flows[[#This Row],[ODYM_Time_ID]]&",","")&IF(Tab_Def_Flows[[#This Row],[ODYM_Region_(r)]],Tab_Def_Flows[[#This Row],[ODYM_Region_ID]]&",","")&IF(Tab_Def_Flows[[#This Row],[ODYM_process_(p)]],Tab_Def_Flows[[#This Row],[ODYM_Process_ID]]&",","")&IF(Tab_Def_Flows[[#This Row],[ODYM_Good_(g)2]],Tab_Def_Flows[[#This Row],[ODYM_Good_ID]]&",","")&IF(Tab_Def_Flows[[#This Row],[ODYM_material_(m)]],Tab_Def_Flows[[#This Row],[ODYM_Material_ID]]&",","")&IF(Tab_Def_Flows[[#This Row],[ODYM_element_(e)]],Tab_Def_Flows[[#This Row],[ODYM_Element_ID]]&",","")
A5: FALSE | B5: =ROW()-1 | C5: ="F_"&LEFT(G5,2)&"_"&LEFT(I5,2) | D5: Environment_Input_cow-manure_production_E | F5: Environment | G5: =_xlfn.XLOOKUP(F5,Tab_Def_Processes[Process_Name],Tab_Def_Processes[Process_ID],,0,) | H5: Cow-Manure_Production | I5: =_xlfn.XLOOKUP(H5,Tab_Def_Processes[Process_Name],Tab_Def_Processes[Process_ID],,0,) | J5: Yes | K5: Yes | M5: Yes | N5: =Tab_Def_Flows[[#This Row],[Flow_ID]]&"_WC" | O5: 0.96738929 | Q5: =Tab_Def_Flows[[#This Row],[Flow_ID]]&"_DM" | R5: 0.032610713 | T5: =Tab_Def_Flows[[#This Row],[Flow_ID]]&"_CC" | U5: 0 | W5: =Tab_Def_Flows[[#This Row],[Flow_CC_DM'[%']]]*Tab_Def_Flows[[#This Row],[Flow_DM'[%']]] | Y5: ='0_Configuration'!$C$2 | AA5: ='0_Configuration'!$C$6 | AC5: ='0_Configuration'!$C$10 | AE5: ='0_Configuration'!$C$17 | AF5: =_xlfn.XLOOKUP(Tab_Def_Flows[[#This Row],[ODYM_Good_Type]],Tab_Configuration[Value],Tab_Configuration[ODYM_ID],,0,) | AG5: ='0_Configuration'!$C$24 | AI5: ='0_Configuration'!$C$29 | AK5: =IF(Tab_Def_Flows[[#This Row],[ODYM_time_(t)]],"t,","")&IF(Tab_Def_Flows[[#This Row],[ODYM_Region_(r)]],"r,","")&IF(Tab_Def_Flows[[#This Row],[ODYM_process_(p)]],"p,","")&IF(Tab_Def_Flows[[#This Row],[ODYM_Good_(g)2]],"g,","")&IF(Tab_Def_Flows[[#This Row],[ODYM_material_(m)]],"m,","")&IF(Tab_Def_Flows[[#This Row],[ODYM_element_(e)]],"e","") | AL5: =IF(Tab_Def_Flows[[#This Row],[ODYM_time_(t)]],Tab_Def_Flows[[#This Row],[ODYM_Time_ID]]&",","")&IF(Tab_Def_Flows[[#This Row],[ODYM_Region_(r)]],Tab_Def_Flows[[#This Row],[ODYM_Region_ID]]&",","")&IF(Tab_Def_Flows[[#This Row],[ODYM_process_(p)]],Tab_Def_Flows[[#This Row],[ODYM_Process_ID]]&",","")&IF(Tab_Def_Flows[[#This Row],[ODYM_Good_(g)2]],Tab_Def_Flows[[#This Row],[ODYM_Good_ID]]&",","")&IF(Tab_Def_Flows[[#This Row],[ODYM_material_(m)]],Tab_Def_Flows[[#This Row],[ODYM_Material_ID]]&",","")&IF(Tab_Def_Flows[[#This Row],[ODYM_element_(e)]],Tab_Def_Flows[[#This Row],[ODYM_Element_ID]]&",","")
A6: FALSE | B6: =ROW()-1 | C6: ="F_"&LEFT(G6,2)&"_"&LEFT(I6,2) | D6: Atmosphere_Input_millet_production_C | F6: Atmosphere | G6: =_xlfn.XLOOKUP(F6,Tab_Def_Processes[Process_Name],Tab_Def_Processes[Process_ID],,0,) | H6: Millet_Production | I6: =_xlfn.XLOOKUP(H6,Tab_Def_Processes[Process_Name],Tab_Def_Processes[Process_ID],,0,) | J6: Yes | K6: Yes | M6: Yes | N6: =Tab_Def_Flows[[#This Row],[Flow_ID]]&"_WC" | O6: 0 | Q6: =Tab_Def_Flows[[#This Row],[Flow_ID]]&"_DM" | R6: 1 | T6: =Tab_Def_Flows[[#This Row],[Flow_ID]]&"_CC" | U6: 1 | W6: =Tab_Def_Flows[[#This Row],[Flow_CC_DM'[%']]]*Tab_Def_Flows[[#This Row],[Flow_DM'[%']]] | Y6: ='0_Configuration'!$C$2 | AA6: ='0_Configuration'!$C$6 | AC6: ='0_Configuration'!$C$10 | AE6: ='0_Configuration'!$C$17 | AF6: =_xlfn.XLOOKUP(Tab_Def_Flows[[#This Row],[ODYM_Good_Type]],Tab_Configuration[Value],Tab_Configuration[ODYM_ID],,0,) | AG6: ='0_Configuration'!$C$24 | AI6: ='0_Configuration'!$C$29 | AK6: =IF(Tab_Def_Flows[[#This Row],[ODYM_time_(t)]],"t,","")&IF(Tab_Def_Flows[[#This Row],[ODYM_Region_(r)]],"r,","")&IF(Tab_Def_Flows[[#This Row],[ODYM_process_(p)]],"p,","")&IF(Tab_Def_Flows[[#This Row],[ODYM_Good_(g)2]],"g,","")&IF(Tab_Def_Flows[[#This Row],[ODYM_material_(m)]],"m,","")&IF(Tab_Def_Flows[[#This Row],[ODYM_element_(e)]],"e","") | AL6: =IF(Tab_Def_Flows[[#This Row],[ODYM_time_(t)]],Tab_Def_Flows[[#This Row],[ODYM_Time_ID]]&",","")&IF(Tab_Def_Flows[[#This Row],[ODYM_Region_(r)]],Tab_Def_Flows[[#This Row],[ODYM_Region_ID]]&",","")&IF(Tab_Def_Flows[[#This Row],[ODYM_process_(p)]],Tab_Def_Flows[[#This Row],[ODYM_Process_ID]]&",","")&IF(Tab_Def_Flows[[#This Row],[ODYM_Good_(g)2]],Tab_Def_Flows[[#This Row],[ODYM_Good_ID]]&",","")&IF(Tab_Def_Flows[[#This Row],[ODYM_material_(m)]],Tab_Def_Flows[[#This Row],[ODYM_Material_ID]]&",","")&IF(Tab_Def_Flows[[#This Row],[ODYM_element_(e)]],Tab_Def_Flows[[#This Row],[ODYM_Element_ID]]&",","")
A7: FALSE | B7: =ROW()-1 | C7: ="F_"&LEFT(G7,2)&"_"&LEFT(I7,2) | D7: Environment_Input_millet_production_E | F7: Environment | G7: =_xlfn.XLOOKUP(F7,Tab_Def_Processes[Process_Name],Tab_Def_Processes[Process_ID],,0,) | H7: Millet_Production | I7: =_xlfn.XLOOKUP(H7,Tab_Def_Processes[Process_Name],Tab_Def_Processes[Process_ID],,0,) | J7: Yes | K7: Yes | M7: Yes | N7: =Tab_Def_Flows[[#This Row],[Flow_ID]]&"_WC" | O7: 0.15215687 | Q7: =Tab_Def_Flows[[#This Row],[Flow_ID]]&"_DM" | R7: 0.84784313 | T7: =Tab_Def_Flows[[#This Row],[Flow_ID]]&"_CC" | U7: 0 | W7: =Tab_Def_Flows[[#This Row],[Flow_CC_DM'[%']]]*Tab_Def_Flows[[#This Row],[Flow_DM'[%']]] | Y7: ='0_Configuration'!$C$2 | AA7: ='0_Configuration'!$C$6 | AC7: ='0_Configuration'!$C$10 | AE7: ='0_Configuration'!$C$17 | AF7: =_xlfn.XLOOKUP(Tab_Def_Flows[[#This Row],[ODYM_Good_Type]],Tab_Configuration[Value],Tab_Configuration[ODYM_ID],,0,) | AG7: ='0_Configuration'!$C$24 | AI7: ='0_Configuration'!$C$29 | AK7: =IF(Tab_Def_Flows[[#This Row],[ODYM_time_(t)]],"t,","")&IF(Tab_Def_Flows[[#This Row],[ODYM_Region_(r)]],"r,","")&IF(Tab_Def_Flows[[#This Row],[ODYM_process_(p)]],"p,","")&IF(Tab_Def_Flows[[#This Row],[ODYM_Good_(g)2]],"g,","")&IF(Tab_Def_Flows[[#This Row],[ODYM_material_(m)]],"m,","")&IF(Tab_Def_Flows[[#This Row],[ODYM_element_(e)]],"e","") | AL7: =IF(Tab_Def_Flows[[#This Row],[ODYM_time_(t)]],Tab_Def_Flows[[#This Row],[ODYM_Time_ID]]&",","")&IF(Tab_Def_Flows[[#This Row],[ODYM_Region_(r)]],Tab_Def_Flows[[#This Row],[ODYM_Region_ID]]&",","")&IF(Tab_Def_Flows[[#This Row],[ODYM_process_(p)]],Tab_Def_Flows[[#This Row],[ODYM_Process_ID]]&",","")&IF(Tab_Def_Flows[[#This Row],[ODYM_Good_(g)2]],Tab_Def_Flows[[#This Row],[ODYM_Good_ID]]&",","")&IF(Tab_Def_Flows[[#This Row],[ODYM_material_(m)]],Tab_Def_Flows[[#This Row],[ODYM_Material_ID]]&",","")&IF(Tab_Def_Flows[[#This Row],[ODYM_element_(e)]],Tab_Def_Flows[[#This Row],[ODYM_Element_ID]]&",","")
A8: FALSE | B8: =ROW()-1 | C8: ="F_"&LEFT(G8,2)&"_"&LEFT(I8,2) | D8: Environment_Input_MBC_production_E | F8: Environment | G8: =_xlfn.XLOOKUP(F8,Tab_Def_Processes[Process_Name],Tab_Def_Processes[Process_ID],,0,) | H8: MBC_Production | I8: =_xlfn.XLOOKUP(H8,Tab_Def_Processes[Process_Name],Tab_Def_Processes[Process_ID],,0,) | J8: Yes | K8: Yes | M8: Yes | N8: =Tab_Def_Flows[[#This Row],[Flow_ID]]&"_WC" | O8: 1 | Q8: =Tab_Def_Flows[[#This Row],[Flow_ID]]&"_DM" | R8: 0 | T8: =Tab_Def_Flows[[#This Row],[Flow_ID]]&"_CC" | U8: 0 | W8: =Tab_Def_Flows[[#This Row],[Flow_CC_DM'[%']]]*Tab_Def_Flows[[#This Row],[Flow_DM'[%']]] | Y8: ='0_Configuration'!$C$2 | AA8: ='0_Configuration'!$C$6 | AC8: ='0_Configuration'!$C$10 | AE8: ='0_Configuration'!$C$17 | AF8: =_xlfn.XLOOKUP(Tab_Def_Flows[[#This Row],[ODYM_Good_Type]],Tab_Configuration[Value],Tab_Configuration[ODYM_ID],,0,) | AG8: ='0_Configuration'!$C$24 | AI8: ='0_Configuration'!$C$29 | AK8: =IF(Tab_Def_Flows[[#This Row],[ODYM_time_(t)]],"t,","")&IF(Tab_Def_Flows[[#This Row],[ODYM_Region_(r)]],"r,","")&IF(Tab_Def_Flows[[#This Row],[ODYM_process_(p)]],"p,","")&IF(Tab_Def_Flows[[#This Row],[ODYM_Good_(g)2]],"g,","")&IF(Tab_Def_Flows[[#This Row],[ODYM_material_(m)]],"m,","")&IF(Tab_Def_Flows[[#This Row],[ODYM_element_(e)]],"e","") | AL8: =IF(Tab_Def_Flows[[#This Row],[ODYM_time_(t)]],Tab_Def_Flows[[#This Row],[ODYM_Time_ID]]&",","")&IF(Tab_Def_Flows[[#This Row],[ODYM_Region_(r)]],Tab_Def_Flows[[#This Row],[ODYM_Region_ID]]&",","")&IF(Tab_Def_Flows[[#This Row],[ODYM_process_(p)]],Tab_Def_Flows[[#This Row],[ODYM_Process_ID]]&",","")&IF(Tab_Def_Flows[[#This Row],[ODYM_Good_(g)2]],Tab_Def_Flows[[#This Row],[ODYM_Good_ID]]&",","")&IF(Tab_Def_Flows[[#This Row],[ODYM_material_(m)]],Tab_Def_Flows[[#This Row],[ODYM_Material_ID]]&",","")&IF(Tab_Def_Flows[[#This Row],[ODYM_element_(e)]],Tab_Def_Flows[[#This Row],[ODYM_Element_ID]]&",","")
A9: FALSE | B9: =ROW()-1 | C9: ="F_"&LEFT(G9,2)&"_"&LEFT(I9,2) | D9: Rye-Plant | F9: Rye_Cultivation | G9: =_xlfn.XLOOKUP(F9,Tab_Def_Processes[Process_Name],Tab_Def_Processes[Process_ID],,0,) | H9: Rye_Harvest | I9: =_xlfn.XLOOKUP(H9,Tab_Def_Processes[Process_Name],Tab_Def_Processes[Process_ID],,0,) | J9: Yes | K9: Yes | M9: Yes | N9: =Tab_Def_Flows[[#This Row],[Flow_ID]]&"_WC" | Q9: =Tab_Def_Flows[[#This Row],[Flow_ID]]&"_DM" | T9: =Tab_Def_Flows[[#This Row],[Flow_ID]]&"_CC" | W9: =Tab_Def_Flows[[#This Row],[Flow_CC_DM'[%']]]*Tab_Def_Flows[[#This Row],[Flow_DM'[%']]] | Y9: ='0_Configuration'!$C$2 | AA9: ='0_Configuration'!$C$6 | AC9: ='0_Configuration'!$C$10 | AE9: ='0_Configuration'!$C$17 | AF9: =_xlfn.XLOOKUP(Tab_Def_Flows[[#This Row],[ODYM_Good_Type]],Tab_Configuration[Value],Tab_Configuration[ODYM_ID],,0,) | AG9: ='0_Configuration'!$C$24 | AI9: ='0_Configuration'!$C$29 | AK9: =IF(Tab_Def_Flows[[#This Row],[ODYM_time_(t)]],"t,","")&IF(Tab_Def_Flows[[#This Row],[ODYM_Region_(r)]],"r,","")&IF(Tab_Def_Flows[[#This Row],[ODYM_process_(p)]],"p,","")&IF(Tab_Def_Flows[[#This Row],[ODYM_Good_(g)2]],"g,","")&IF(Tab_Def_Flows[[#This Row],[ODYM_material_(m)]],"m,","")&IF(Tab_Def_Flows[[#This Row],[ODYM_element_(e)]],"e","") | AL9: =IF(Tab_Def_Flows[[#This Row],[ODYM_time_(t)]],Tab_Def_Flows[[#This Row],[ODYM_Time_ID]]&",","")&IF(Tab_Def_Flows[[#This Row],[ODYM_Region_(r)]],Tab_Def_Flows[[#This Row],[ODYM_Region_ID]]&",","")&IF(Tab_Def_Flows[[#This Row],[ODYM_process_(p)]],Tab_Def_Flows[[#This Row],[ODYM_Process_ID]]&",","")&IF(Tab_Def_Flows[[#This Row],[ODYM_Good_(g)2]],Tab_Def_Flows[[#This Row],[ODYM_Good_ID]]&",","")&IF(Tab_Def_Flows[[#This Row],[ODYM_material_(m)]],Tab_Def_Flows[[#This Row],[ODYM_Material_ID]]&",","")&IF(Tab_Def_Flows[[#This Row],[ODYM_element_(e)]],Tab_Def_Flows[[#This Row],[ODYM_Element_ID]]&",","")
A10: FALSE | B10: =ROW()-1 | C10: ="F_"&LEFT(G10,2)&"_"&LEFT(I10,2) | D10: Rye-Grain | F10: Rye_Harvest | G10: =_xlfn.XLOOKUP(F10,Tab_Def_Processes[Process_Name],Tab_Def_Processes[Process_ID],,0,) | H10: Rye-Grain_Processing & Consumption | I10: =_xlfn.XLOOKUP(H10,Tab_Def_Processes[Process_Name],Tab_Def_Processes[Process_ID],,0,) | J10: Yes | K10: Yes | M10: Yes | N10: =Tab_Def_Flows[[#This Row],[Flow_ID]]&"_WC" | Q10: =Tab_Def_Flows[[#This Row],[Flow_ID]]&"_DM" | T10: =Tab_Def_Flows[[#This Row],[Flow_ID]]&"_CC" | W10: =Tab_Def_Flows[[#This Row],[Flow_CC_DM'[%']]]*Tab_Def_Flows[[#This Row],[Flow_DM'[%']]] | Y10: ='0_Configuration'!$C$2 | AA10: ='0_Configuration'!$C$6 | AC10: ='0_Configuration'!$C$10 | AE10: ='0_Configuration'!$C$17 | AF10: =_xlfn.XLOOKUP(Tab_Def_Flows[[#This Row],[ODYM_Good_Type]],Tab_Configuration[Value],Tab_Configuration[ODYM_ID],,0,) | AG10: ='0_Configuration'!$C$24 | AI10: ='0_Configuration'!$C$29 | AK10: =IF(Tab_Def_Flows[[#This Row],[ODYM_time_(t)]],"t,","")&IF(Tab_Def_Flows[[#This Row],[ODYM_Region_(r)]],"r,","")&IF(Tab_Def_Flows[[#This Row],[ODYM_process_(p)]],"p,","")&IF(Tab_Def_Flows[[#This Row],[ODYM_Good_(g)2]],"g,","")&IF(Tab_Def_Flows[[#This Row],[ODYM_material_(m)]],"m,","")&IF(Tab_Def_Flows[[#This Row],[ODYM_element_(e)]],"e","") | AL10: =IF(Tab_Def_Flows[[#This Row],[ODYM_time_(t)]],Tab_Def_Flows[[#This Row],[ODYM_Time_ID]]&",","")&IF(Tab_Def_Flows[[#This Row],[ODYM_Region_(r)]],Tab_Def_Flows[[#This Row],[ODYM_Region_ID]]&",","")&IF(Tab_Def_Flows[[#This Row],[ODYM_process_(p)]],Tab_Def_Flows[[#This Row],[ODYM_Process_ID]]&",","")&IF(Tab_Def_Flows[[#This Row],[ODYM_Good_(g)2]],Tab_Def_Flows[[#This Row],[ODYM_Good_ID]]&",","")&IF(Tab_Def_Flows[[#This Row],[ODYM_material_(m)]],Tab_Def_Flows[[#This Row],[ODYM_Material_ID]]&",","")&IF(Tab_Def_Flows[[#This Row],[ODYM_element_(e)]],Tab_Def_Flows[[#This Row],[ODYM_Element_ID]]&",","")
A11: FALSE | B11: =ROW()-1 | C11: ="F_"&LEFT(G11,2)&"_"&LEFT(I11,2) | D11: Rye-Grain_Processing & Consumption_Emissions_C | F11: Rye-Grain_Processing & Consumption | G11: =_xlfn.XLOOKUP(F11,Tab_Def_Processes[Process_Name],Tab_Def_Processes[Process_ID],,0,) | H11: Atmosphere | I11: =_xlfn.XLOOKUP(H11,Tab_Def_Processes[Process_Name],Tab_Def_Processes[Process_ID],,0,) | J11: Yes | K11: Yes | M11: Yes | N11: =Tab_Def_Flows[[#This Row],[Flow_ID]]&"_WC" | Q11: =Tab_Def_Flows[[#This Row],[Flow_ID]]&"_DM" | T11: =Tab_Def_Flows[[#This Row],[Flow_ID]]&"_CC" | W11: =Tab_Def_Flows[[#This Row],[Flow_CC_DM'[%']]]*Tab_Def_Flows[[#This Row],[Flow_DM'[%']]] | Y11: ='0_Configuration'!$C$2 | AA11: ='0_Configuration'!$C$6 | AC11: ='0_Configuration'!$C$10 | AE11: ='0_Configuration'!$C$17 | AF11: =_xlfn.XLOOKUP(Tab_Def_Flows[[#This Row],[ODYM_Good_Type]],Tab_Configuration[Value],Tab_Configuration[ODYM_ID],,0,) | AG11: ='0_Configuration'!$C$24 | AI11: ='0_Configuration'!$C$29 | AK11: =IF(Tab_Def_Flows[[#This Row],[ODYM_time_(t)]],"t,","")&IF(Tab_Def_Flows[[#This Row],[ODYM_Region_(r)]],"r,","")&IF(Tab_Def_Flows[[#This Row],[ODYM_process_(p)]],"p,","")&IF(Tab_Def_Flows[[#This Row],[ODYM_Good_(g)2]],"g,","")&IF(Tab_Def_Flows[[#This Row],[ODYM_material_(m)]],"m,","")&IF(Tab_Def_Flows[[#This Row],[ODYM_element_(e)]],"e","") | AL11: =IF(Tab_Def_Flows[[#This Row],[ODYM_time_(t)]],Tab_Def_Flows[[#This Row],[ODYM_Time_ID]]&",","")&IF(Tab_Def_Flows[[#This Row],[ODYM_Region_(r)]],Tab_Def_Flows[[#This Row],[ODYM_Region_ID]]&",","")&IF(Tab_Def_Flows[[#This Row],[ODYM_process_(p)]],Tab_Def_Flows[[#This Row],[ODYM_Process_ID]]&",","")&IF(Tab_Def_Flows[[#This Row],[ODYM_Good_(g)2]],Tab_Def_Flows[[#This Row],[ODYM_Good_ID]]&",","")&IF(Tab_Def_Flows[[#This Row],[ODYM_material_(m)]],Tab_Def_Flows[[#This Row],[ODYM_Material_ID]]&",","")&IF(Tab_Def_Flows[[#This Row],[ODYM_element_(e)]],Tab_Def_Flows[[#This Row],[ODYM_Element_ID]]&",","")
A12: FALSE | B12: =ROW()-1 | C12: ="F_"&LEFT(G12,2)&"_"&LEFT(I12,2) | D12: Rye-Grain_Processing & Consumption_Emissions_E | F12: Rye-Grain_Processing & Consumption | G12: =_xlfn.XLOOKUP(F12,Tab_Def_Processes[Process_Name],Tab_Def_Processes[Process_ID],,0,) | H12: Environment | I12: =_xlfn.XLOOKUP(H12,Tab_Def_Processes[Process_Name],Tab_Def_Processes[Process_ID],,0,) | J12: Yes | K12: Yes | M12: Yes | N12: =Tab_Def_Flows[[#This Row],[Flow_ID]]&"_WC" | Q12: =Tab_Def_Flows[[#This Row],[Flow_ID]]&"_DM" | T12: =Tab_Def_Flows[[#This Row],[Flow_ID]]&"_CC" | W12: =Tab_Def_Flows[[#This Row],[Flow_CC_DM'[%']]]*Tab_Def_Flows[[#This Row],[Flow_DM'[%']]] | Y12: ='0_Configuration'!$C$2 | AA12: ='0_Configuration'!$C$6 | AC12: ='0_Configuration'!$C$10 | AE12: ='0_Configuration'!$C$17 | AF12: =_xlfn.XLOOKUP(Tab_Def_Flows[[#This Row],[ODYM_Good_Type]],Tab_Configuration[Value],Tab_Configuration[ODYM_ID],,0,) | AG12: ='0_Configuration'!$C$24 | AI12: ='0_Configuration'!$C$29 | AK12: =IF(Tab_Def_Flows[[#This Row],[ODYM_time_(t)]],"t,","")&IF(Tab_Def_Flows[[#This Row],[ODYM_Region_(r)]],"r,","")&IF(Tab_Def_Flows[[#This Row],[ODYM_process_(p)]],"p,","")&IF(Tab_Def_Flows[[#This Row],[ODYM_Good_(g)2]],"g,","")&IF(Tab_Def_Flows[[#This Row],[ODYM_material_(m)]],"m,","")&IF(Tab_Def_Flows[[#This Row],[ODYM_element_(e)]],"e","") | AL12: =IF(Tab_Def_Flows[[#This Row],[ODYM_time_(t)]],Tab_Def_Flows[[#This Row],[ODYM_Time_ID]]&",","")&IF(Tab_Def_Flows[[#This Row],[ODYM_Region_(r)]],Tab_Def_Flows[[#This Row],[ODYM_Region_ID]]&",","")&IF(Tab_Def_Flows[[#This Row],[ODYM_process_(p)]],Tab_Def_Flows[[#This Row],[ODYM_Process_ID]]&",","")&IF(Tab_Def_Flows[[#This Row],[ODYM_Good_(g)2]],Tab_Def_Flows[[#This Row],[ODYM_Good_ID]]&",","")&IF(Tab_Def_Flows[[#This Row],[ODYM_material_(m)]],Tab_Def_Flows[[#This Row],[ODYM_Material_ID]]&",","")&IF(Tab_Def_Flows[[#This Row],[ODYM_element_(e)]],Tab_Def_Flows[[#This Row],[ODYM_Element_ID]]&",","")
A13: FALSE | B13: =ROW()-1 | C13: ="F_"&LEFT(G13,2)&"_"&LEFT(I13,2) | D13: Rye-Straw(mobilisable-used) | F13: Rye_Harvest | G13: =_xlfn.XLOOKUP(F13,Tab_Def_Processes[Process_Name],Tab_Def_Processes[Process_ID],,0,) | H13: Rye-Straw-mobilisable technical potential_Use | I13: =_xlfn.XLOOKUP(H13,Tab_Def_Processes[Process_Name],Tab_Def_Processes[Process_ID],,0,) | J13: Yes | K13: Yes | M13: Yes | N13: =Tab_Def_Flows[[#This Row],[Flow_ID]]&"_WC" | Q13: =Tab_Def_Flows[[#This Row],[Flow_ID]]&"_DM" | T13: =Tab_Def_Flows[[#This Row],[Flow_ID]]&"_CC" | W13: =Tab_Def_Flows[[#This Row],[Flow_CC_DM'[%']]]*Tab_Def_Flows[[#This Row],[Flow_DM'[%']]] | Y13: ='0_Configuration'!$C$2 | AA13: ='0_Configuration'!$C$6 | AC13: ='0_Configuration'!$C$10 | AE13: ='0_Configuration'!$C$17 | AF13: =_xlfn.XLOOKUP(Tab_Def_Flows[[#This Row],[ODYM_Good_Type]],Tab_Configuration[Value],Tab_Configuration[ODYM_ID],,0,) | AG13: ='0_Configuration'!$C$24 | AI13: ='0_Configuration'!$C$29 | AK13: =IF(Tab_Def_Flows[[#This Row],[ODYM_time_(t)]],"t,","")&IF(Tab_Def_Flows[[#This Row],[ODYM_Region_(r)]],"r,","")&IF(Tab_Def_Flows[[#This Row],[ODYM_process_(p)]],"p,","")&IF(Tab_Def_Flows[[#This Row],[ODYM_Good_(g)2]],"g,","")&IF(Tab_Def_Flows[[#This Row],[ODYM_material_(m)]],"m,","")&IF(Tab_Def_Flows[[#This Row],[ODYM_element_(e)]],"e","") | AL13: =IF(Tab_Def_Flows[[#This Row],[ODYM_time_(t)]],Tab_Def_Flows[[#This Row],[ODYM_Time_ID]]&",","")&IF(Tab_Def_Flows[[#This Row],[ODYM_Region_(r)]],Tab_Def_Flows[[#This Row],[ODYM_Region_ID]]&",","")&IF(Tab_Def_Flows[[#This Row],[ODYM_process_(p)]],Tab_Def_Flows[[#This Row],[ODYM_Process_ID]]&",","")&IF(Tab_Def_Flows[[#This Row],[ODYM_Good_(g)2]],Tab_Def_Flows[[#This Row],[ODYM_Good_ID]]&",","")&IF(Tab_Def_Flows[[#This Row],[ODYM_material_(m)]],Tab_Def_Flows[[#This Row],[ODYM_Material_ID]]&",","")&IF(Tab_Def_Flows[[#This Row],[ODYM_element_(e)]],Tab_Def_Flows[[#This Row],[ODYM_Element_ID]]&",","")
A14: FALSE | B14: =ROW()-1 | C14: ="F_"&LEFT(G14,2)&"_"&LEFT(I14,2) | D14: Rye-Straw(mobilisable) | F14: Rye_Harvest | G14: =_xlfn.XLOOKUP(F14,Tab_Def_Processes[Process_Name],Tab_Def_Processes[Process_ID],,0,) | H14: Biogas_Production | I14: =_xlfn.XLOOKUP(H14,Tab_Def_Processes[Process_Name],Tab_Def_Processes[Process_ID],,0,) | J14: Yes | K14: Yes | M14: Yes | N14: =Tab_Def_Flows[[#This Row],[Flow_ID]]&"_WC" | Q14: =Tab_Def_Flows[[#This Row],[Flow_ID]]&"_DM" | T14: =Tab_Def_Flows[[#This Row],[Flow_ID]]&"_CC" | W14: =Tab_Def_Flows[[#This Row],[Flow_CC_DM'[%']]]*Tab_Def_Flows[[#This Row],[Flow_DM'[%']]] | Y14: ='0_Configuration'!$C$2 | AA14: ='0_Configuration'!$C$6 | AC14: ='0_Configuration'!$C$10 | AE14: ='0_Configuration'!$C$17 | AF14: =_xlfn.XLOOKUP(Tab_Def_Flows[[#This Row],[ODYM_Good_Type]],Tab_Configuration[Value],Tab_Configuration[ODYM_ID],,0,) | AG14: ='0_Configuration'!$C$24 | AI14: ='0_Configuration'!$C$29 | AK14: =IF(Tab_Def_Flows[[#This Row],[ODYM_time_(t)]],"t,","")&IF(Tab_Def_Flows[[#This Row],[ODYM_Region_(r)]],"r,","")&IF(Tab_Def_Flows[[#This Row],[ODYM_process_(p)]],"p,","")&IF(Tab_Def_Flows[[#This Row],[ODYM_Good_(g)2]],"g,","")&IF(Tab_Def_Flows[[#This Row],[ODYM_material_(m)]],"m,","")&IF(Tab_Def_Flows[[#This Row],[ODYM_element_(e)]],"e","") | AL14: =IF(Tab_Def_Flows[[#This Row],[ODYM_time_(t)]],Tab_Def_Flows[[#This Row],[ODYM_Time_ID]]&",","")&IF(Tab_Def_Flows[[#This Row],[ODYM_Region_(r)]],Tab_Def_Flows[[#This Row],[ODYM_Region_ID]]&",","")&IF(Tab_Def_Flows[[#This Row],[ODYM_process_(p)]],Tab_Def_Flows[[#This Row],[ODYM_Process_ID]]&",","")&IF(Tab_Def_Flows[[#This Row],[ODYM_Good_(g)2]],Tab_Def_Flows[[#This Row],[ODYM_Good_ID]]&",","")&IF(Tab_Def_Flows[[#This Row],[ODYM_material_(m)]],Tab_Def_Flows[[#This Row],[ODYM_Material_ID]]&",","")&IF(Tab_Def_Flows[[#This Row],[ODYM_element_(e)]],Tab_Def_Flows[[#This Row],[ODYM_Element_ID]]&",","")
A15: FALSE | B15: =ROW()-1 | C15: ="F_"&LEFT(G15,2)&"_"&LEFT(I15,2) | D15: Rye-Straw(Not mobilisable) | F15: Rye_Harvest | G15: =_xlfn.XLOOKUP(F15,Tab_Def_Processes[Process_Name],Tab_Def_Processes[Process_ID],,0,) | H15: Rye-Straw(non-mobilizable)_Degradation | I15: =_xlfn.XLOOKUP(H15,Tab_Def_Processes[Process_Name],Tab_Def_Processes[Process_ID],,0,) | J15: Yes | K15: Yes | M15: Yes | N15: =Tab_Def_Flows[[#This Row],[Flow_ID]]&"_WC" | Q15: =Tab_Def_Flows[[#This Row],[Flow_ID]]&"_DM" | T15: =Tab_Def_Flows[[#This Row],[Flow_ID]]&"_CC" | W15: =Tab_Def_Flows[[#This Row],[Flow_CC_DM'[%']]]*Tab_Def_Flows[[#This Row],[Flow_DM'[%']]] | Y15: ='0_Configuration'!$C$2 | AA15: ='0_Configuration'!$C$6 | AC15: ='0_Configuration'!$C$10 | AE15: ='0_Configuration'!$C$17 | AF15: =_xlfn.XLOOKUP(Tab_Def_Flows[[#This Row],[ODYM_Good_Type]],Tab_Configuration[Value],Tab_Configuration[ODYM_ID],,0,) | AG15: ='0_Configuration'!$C$24 | AI15: ='0_Configuration'!$C$29 | AK15: =IF(Tab_Def_Flows[[#This Row],[ODYM_time_(t)]],"t,","")&IF(Tab_Def_Flows[[#This Row],[ODYM_Region_(r)]],"r,","")&IF(Tab_Def_Flows[[#This Row],[ODYM_process_(p)]],"p,","")&IF(Tab_Def_Flows[[#This Row],[ODYM_Good_(g)2]],"g,","")&IF(Tab_Def_Flows[[#This Row],[ODYM_material_(m)]],"m,","")&IF(Tab_Def_Flows[[#This Row],[ODYM_element_(e)]],"e","") | AL15: =IF(Tab_Def_Flows[[#This Row],[ODYM_time_(t)]],Tab_Def_Flows[[#This Row],[ODYM_Time_ID]]&",","")&IF(Tab_Def_Flows[[#This Row],[ODYM_Region_(r)]],Tab_Def_Flows[[#This Row],[ODYM_Region_ID]]&",","")&IF(Tab_Def_Flows[[#This Row],[ODYM_process_(p)]],Tab_Def_Flows[[#This Row],[ODYM_Process_ID]]&",","")&IF(Tab_Def_Flows[[#This Row],[ODYM_Good_(g)2]],Tab_Def_Flows[[#This Row],[ODYM_Good_ID]]&",","")&IF(Tab_Def_Flows[[#This Row],[ODYM_material_(m)]],Tab_Def_Flows[[#This Row],[ODYM_Material_ID]]&",","")&IF(Tab_Def_Flows[[#This Row],[ODYM_element_(e)]],Tab_Def_Flows[[#This Row],[ODYM_Element_ID]]&",","")
A16: FALSE | B16: =ROW()-1 | C16: ="F_"&LEFT(G16,2)&"_"&LEFT(I16,2) | D16: Rye-Straw(mobilisable-used)_Emissions_C | F16: Rye-Straw-mobilisable technical potential_Use | G16: =_xlfn.XLOOKUP(F16,Tab_Def_Processes[Process_Name],Tab_Def_Processes[Process_ID],,0,) | H16: Atmosphere | I16: =_xlfn.XLOOKUP(H16,Tab_Def_Processes[Process_Name],Tab_Def_Processes[Process_ID],,0,) | J16: Yes | K16: Yes | M16: Yes | N16: =Tab_Def_Flows[[#This Row],[Flow_ID]]&"_WC" | Q16: =Tab_Def_Flows[[#This Row],[Flow_ID]]&"_DM" | T16: =Tab_Def_Flows[[#This Row],[Flow_ID]]&"_CC" | W16: =Tab_Def_Flows[[#This Row],[Flow_CC_DM'[%']]]*Tab_Def_Flows[[#This Row],[Flow_DM'[%']]] | Y16: ='0_Configuration'!$C$2 | AA16: ='0_Configuration'!$C$6 | AC16: ='0_Configuration'!$C$10 | AE16: ='0_Configuration'!$C$17 | AF16: =_xlfn.XLOOKUP(Tab_Def_Flows[[#This Row],[ODYM_Good_Type]],Tab_Configuration[Value],Tab_Configuration[ODYM_ID],,0,) | AG16: ='0_Configuration'!$C$24 | AI16: ='0_Configuration'!$C$29 | AK16: =IF(Tab_Def_Flows[[#This Row],[ODYM_time_(t)]],"t,","")&IF(Tab_Def_Flows[[#This Row],[ODYM_Region_(r)]],"r,","")&IF(Tab_Def_Flows[[#This Row],[ODYM_process_(p)]],"p,","")&IF(Tab_Def_Flows[[#This Row],[ODYM_Good_(g)2]],"g,","")&IF(Tab_Def_Flows[[#This Row],[ODYM_material_(m)]],"m,","")&IF(Tab_Def_Flows[[#This Row],[ODYM_element_(e)]],"e","") | AL16: =IF(Tab_Def_Flows[[#This Row],[ODYM_time_(t)]],Tab_Def_Flows[[#This Row],[ODYM_Time_ID]]&",","")&IF(Tab_Def_Flows[[#This Row],[ODYM_Region_(r)]],Tab_Def_Flows[[#This Row],[ODYM_Region_ID]]&",","")&IF(Tab_Def_Flows[[#This Row],[ODYM_process_(p)]],Tab_Def_Flows[[#This Row],[ODYM_Process_ID]]&",","")&IF(Tab_Def_Flows[[#This Row],[ODYM_Good_(g)2]],Tab_Def_Flows[[#This Row],[ODYM_Good_ID]]&",","")&IF(Tab_Def_Flows[[#This Row],[ODYM_material_(m)]],Tab_Def_Flows[[#This Row],[ODYM_Material_ID]]&",","")&IF(Tab_Def_Flows[[#This Row],[ODYM_element_(e)]],Tab_Def_Flows[[#This Row],[ODYM_Element_ID]]&",","")
A17: FALSE | B17: =ROW()-1 | C17: ="F_"&LEFT(G17,2)&"_"&LEFT(I17,2) | D17: Rye-Straw(mobilisable-used)_Emissions_E | F17: Rye-Straw-mobilisable technical potential_Use | G17: =_xlfn.XLOOKUP(F17,Tab_Def_Processes[Process_Name],Tab_Def_Processes[Process_ID],,0,) | H17: Environment | I17: =_xlfn.XLOOKUP(H17,Tab_Def_Processes[Process_Name],Tab_Def_Processes[Process_ID],,0,) | J17: Yes | K17: Yes | M17: Yes | N17: =Tab_Def_Flows[[#This Row],[Flow_ID]]&"_WC" | Q17: =Tab_Def_Flows[[#This Row],[Flow_ID]]&"_DM" | T17: =Tab_Def_Flows[[#This Row],[Flow_ID]]&"_CC" | W17: =Tab_Def_Flows[[#This Row],[Flow_CC_DM'[%']]]*Tab_Def_Flows[[#This Row],[Flow_DM'[%']]] | Y17: ='0_Configuration'!$C$2 | AA17: ='0_Configuration'!$C$6 | AC17: ='0_Configuration'!$C$10 | AE17: ='0_Configuration'!$C$17 | AF17: =_xlfn.XLOOKUP(Tab_Def_Flows[[#This Row],[ODYM_Good_Type]],Tab_Configuration[Value],Tab_Configuration[ODYM_ID],,0,) | AG17: ='0_Configuration'!$C$24 | AI17: ='0_Configuration'!$C$29 | AK17: =IF(Tab_Def_Flows[[#This Row],[ODYM_time_(t)]],"t,","")&IF(Tab_Def_Flows[[#This Row],[ODYM_Region_(r)]],"r,","")&IF(Tab_Def_Flows[[#This Row],[ODYM_process_(p)]],"p,","")&IF(Tab_Def_Flows[[#This Row],[ODYM_Good_(g)2]],"g,","")&IF(Tab_Def_Flows[[#This Row],[ODYM_material_(m)]],"m,","")&IF(Tab_Def_Flows[[#This Row],[ODYM_element_(e)]],"e","") | AL17: =IF(Tab_Def_Flows[[#This Row],[ODYM_time_(t)]],Tab_Def_Flows[[#This Row],[ODYM_Time_ID]]&",","")&IF(Tab_Def_Flows[[#This Row],[ODYM_Region_(r)]],Tab_Def_Flows[[#This Row],[ODYM_Region_ID]]&",","")&IF(Tab_Def_Flows[[#This Row],[ODYM_process_(p)]],Tab_Def_Flows[[#This Row],[ODYM_Process_ID]]&",","")&IF(Tab_Def_Flows[[#This Row],[ODYM_Good_(g)2]],Tab_Def_Flows[[#This Row],[ODYM_Good_ID]]&",","")&IF(Tab_Def_Flows[[#This Row],[ODYM_material_(m)]],Tab_Def_Flows[[#This Row],[ODYM_Material_ID]]&",","")&IF(Tab_Def_Flows[[#This Row],[ODYM_element_(e)]],Tab_Def_Flows[[#This Row],[ODYM_Element_ID]]&",","")
A18: FALSE | B18: =ROW()-1 | C18: ="F_"&LEFT(G18,2)&"_"&LEFT(I18,2) | D18: Rye-Straw(Not mobilisable)_Emissions_C | F18: Rye-Straw(non-mobilizable)_Degradation | G18: =_xlfn.XLOOKUP(F18,Tab_Def_Processes[Process_Name],Tab_Def_Processes[Process_ID],,0,) | H18: Atmosphere | I18: =_xlfn.XLOOKUP(H18,Tab_Def_Processes[Process_Name],Tab_Def_Processes[Process_ID],,0,) | J18: Yes | K18: Yes | M18: Yes | N18: =Tab_Def_Flows[[#This Row],[Flow_ID]]&"_WC" | Q18: =Tab_Def_Flows[[#This Row],[Flow_ID]]&"_DM" | T18: =Tab_Def_Flows[[#This Row],[Flow_ID]]&"_CC" | W18: =Tab_Def_Flows[[#This Row],[Flow_CC_DM'[%']]]*Tab_Def_Flows[[#This Row],[Flow_DM'[%']]] | Y18: ='0_Configuration'!$C$2 | AA18: ='0_Configuration'!$C$6 | AC18: ='0_Configuration'!$C$10 | AE18: ='0_Configuration'!$C$17 | AF18: =_xlfn.XLOOKUP(Tab_Def_Flows[[#This Row],[ODYM_Good_Type]],Tab_Configuration[Value],Tab_Configuration[ODYM_ID],,0,) | AG18: ='0_Configuration'!$C$24 | AI18: ='0_Configuration'!$C$29 | AK18: =IF(Tab_Def_Flows[[#This Row],[ODYM_time_(t)]],"t,","")&IF(Tab_Def_Flows[[#This Row],[ODYM_Region_(r)]],"r,","")&IF(Tab_Def_Flows[[#This Row],[ODYM_process_(p)]],"p,","")&IF(Tab_Def_Flows[[#This Row],[ODYM_Good_(g)2]],"g,","")&IF(Tab_Def_Flows[[#This Row],[ODYM_material_(m)]],"m,","")&IF(Tab_Def_Flows[[#This Row],[ODYM_element_(e)]],"e","") | AL18: =IF(Tab_Def_Flows[[#This Row],[ODYM_time_(t)]],Tab_Def_Flows[[#This Row],[ODYM_Time_ID]]&",","")&IF(Tab_Def_Flows[[#This Row],[ODYM_Region_(r)]],Tab_Def_Flows[[#This Row],[ODYM_Region_ID]]&",","")&IF(Tab_Def_Flows[[#This Row],[ODYM_process_(p)]],Tab_Def_Flows[[#This Row],[ODYM_Process_ID]]&",","")&IF(Tab_Def_Flows[[#This Row],[ODYM_Good_(g)2]],Tab_Def_Flows[[#This Row],[ODYM_Good_ID]]&",","")&IF(Tab_Def_Flows[[#This Row],[ODYM_material_(m)]],Tab_Def_Flows[[#This Row],[ODYM_Material_ID]]&",","")&IF(Tab_Def_Flows[[#This Row],[ODYM_element_(e)]],Tab_Def_Flows[[#This Row],[ODYM_Element_ID]]&",","")
A19: FALSE | B19: =ROW()-1 | C19: ="F_"&LEFT(G19,2)&"_"&LEFT(I19,2) | D19: Rye-Straw(Not mobilisable)_Emissions_E | F19: Rye-Straw(non-mobilizable)_Degradation | G19: =_xlfn.XLOOKUP(F19,Tab_Def_Processes[Process_Name],Tab_Def_Processes[Process_ID],,0,) | H19: Environment | I19: =_xlfn.XLOOKUP(H19,Tab_Def_Processes[Process_Name],Tab_Def_Processes[Process_ID],,0,) | J19: Yes | K19: Yes | M19: Yes | N19: =Tab_Def_Flows[[#This Row],[Flow_ID]]&"_WC" | Q19: =Tab_Def_Flows[[#This Row],[Flow_ID]]&"_DM" | T19: =Tab_Def_Flows[[#This Row],[Flow_ID]]&"_CC" | W19: =Tab_Def_Flows[[#This Row],[Flow_CC_DM'[%']]]*Tab_Def_Flows[[#This Row],[Flow_DM'[%']]] | Y19: ='0_Configuration'!$C$2 | AA19: ='0_Configuration'!$C$6 | AC19: ='0_Configuration'!$C$10 | AE19: ='0_Configuration'!$C$17 | AF19: =_xlfn.XLOOKUP(Tab_Def_Flows[[#This Row],[ODYM_Good_Type]],Tab_Configuration[Value],Tab_Configuration[ODYM_ID],,0,) | AG19: ='0_Configuration'!$C$24 | AI19: ='0_Configuration'!$C$29 | AK19: =IF(Tab_Def_Flows[[#This Row],[ODYM_time_(t)]],"t,","")&IF(Tab_Def_Flows[[#This Row],[ODYM_Region_(r)]],"r,","")&IF(Tab_Def_Flows[[#This Row],[ODYM_process_(p)]],"p,","")&IF(Tab_Def_Flows[[#This Row],[ODYM_Good_(g)2]],"g,","")&IF(Tab_Def_Flows[[#This Row],[ODYM_material_(m)]],"m,","")&IF(Tab_Def_Flows[[#This Row],[ODYM_element_(e)]],"e","") | AL19: =IF(Tab_Def_Flows[[#This Row],[ODYM_time_(t)]],Tab_Def_Flows[[#This Row],[ODYM_Time_ID]]&",","")&IF(Tab_Def_Flows[[#This Row],[ODYM_Region_(r)]],Tab_Def_Flows[[#This Row],[ODYM_Region_ID]]&",","")&IF(Tab_Def_Flows[[#This Row],[ODYM_process_(p)]],Tab_Def_Flows[[#This Row],[ODYM_Process_ID]]&",","")&IF(Tab_Def_Flows[[#This Row],[ODYM_Good_(g)2]],Tab_Def_Flows[[#This Row],[ODYM_Good_ID]]&",","")&IF(Tab_Def_Flows[[#This Row],[ODYM_material_(m)]],Tab_Def_Flows[[#This Row],[ODYM_Material_ID]]&",","")&IF(Tab_Def_Flows[[#This Row],[ODYM_element_(e)]],Tab_Def_Flows[[#This Row],[ODYM_Element_ID]]&",","")
A20: FALSE | B20: =ROW()-1 | C20: ="F_"&LEFT(G20,2)&"_"&LEFT(I20,2) | D20: Cow-Manure | F20: Cow-Manure_Production | G20: =_xlfn.XLOOKUP(F20,Tab_Def_Processes[Process_Name],Tab_Def_Processes[Process_ID],,0,) | H20: MBC_Production | I20: =_xlfn.XLOOKUP(H20,Tab_Def_Processes[Process_Name],Tab_Def_Processes[Process_ID],,0,) | J20: Yes | K20: Yes | M20: Yes | N20: =Tab_Def_Flows[[#This Row],[Flow_ID]]&"_WC" | Q20: =Tab_Def_Flows[[#This Row],[Flow_ID]]&"_DM" | T20: =Tab_Def_Flows[[#This Row],[Flow_ID]]&"_CC" | W20: =Tab_Def_Flows[[#This Row],[Flow_CC_DM'[%']]]*Tab_Def_Flows[[#This Row],[Flow_DM'[%']]] | Y20: ='0_Configuration'!$C$2 | AA20: ='0_Configuration'!$C$6 | AC20: ='0_Configuration'!$C$10 | AE20: ='0_Configuration'!$C$17 | AF20: =_xlfn.XLOOKUP(Tab_Def_Flows[[#This Row],[ODYM_Good_Type]],Tab_Configuration[Value],Tab_Configuration[ODYM_ID],,0,) | AG20: ='0_Configuration'!$C$24 | AI20: ='0_Configuration'!$C$29 | AK20: =IF(Tab_Def_Flows[[#This Row],[ODYM_time_(t)]],"t,","")&IF(Tab_Def_Flows[[#This Row],[ODYM_Region_(r)]],"r,","")&IF(Tab_Def_Flows[[#This Row],[ODYM_process_(p)]],"p,","")&IF(Tab_Def_Flows[[#This Row],[ODYM_Good_(g)2]],"g,","")&IF(Tab_Def_Flows[[#This Row],[ODYM_material_(m)]],"m,","")&IF(Tab_Def_Flows[[#This Row],[ODYM_element_(e)]],"e","") | AL20: =IF(Tab_Def_Flows[[#This Row],[ODYM_time_(t)]],Tab_Def_Flows[[#This Row],[ODYM_Time_ID]]&",","")&IF(Tab_Def_Flows[[#This Row],[ODYM_Region_(r)]],Tab_Def_Flows[[#This Row],[ODYM_Region_ID]]&",","")&IF(Tab_Def_Flows[[#This Row],[ODYM_process_(p)]],Tab_Def_Flows[[#This Row],[ODYM_Process_ID]]&",","")&IF(Tab_Def_Flows[[#This Row],[ODYM_Good_(g)2]],Tab_Def_Flows[[#This Row],[ODYM_Good_ID]]&",","")&IF(Tab_Def_Flows[[#This Row],[ODYM_material_(m)]],Tab_Def_Flows[[#This Row],[ODYM_Material_ID]]&",","")&IF(Tab_Def_Flows[[#This Row],[ODYM_element_(e)]],Tab_Def_Flows[[#This Row],[ODYM_Element_ID]]&",","")
... A52: FALSE | B52: =ROW()-1 | C52: ="F_"&LEFT(G52,2)&"_"&LEFT(I52,2) | D52: Ash-Incineration_Emissions_E | F52: Ash_Treatment | G52: =_xlfn.XLOOKUP(F52,Tab_Def_Processes[Process_Name],Tab_Def_Processes[Process_ID],,0,) | H52: Environment | I52: =_xlfn.XLOOKUP(H52,Tab_Def_Processes[Process_Name],Tab_Def_Processes[Process_ID],,0,) | J52: Yes | K52: Yes | M52: Yes | N52: =Tab_Def_Flows[[#This Row],[Flow_ID]]&"_WC" | Q52: =Tab_Def_Flows[[#This Row],[Flow_ID]]&"_DM" | T52: =Tab_Def_Flows[[#This Row],[Flow_ID]]&"_CC" | W52: =Tab_Def_Flows[[#This Row],[Flow_CC_DM'[%']]]*Tab_Def_Flows[[#This Row],[Flow_DM'[%']]] | Y52: ='0_Configuration'!$C$2 | AA52: ='0_Configuration'!$C$6 | AC52: ='0_Configuration'!$C$10 | AE52: ='0_Configuration'!$C$17 | AF52: =_xlfn.XLOOKUP(Tab_Def_Flows[[#This Row],[ODYM_Good_Type]],Tab_Configuration[Value],Tab_Configuration[ODYM_ID],,0,) | AG52: ='0_Configuration'!$C$24 | AI52: ='0_Configuration'!$C$29 | AK52: =IF(Tab_Def_Flows[[#This Row],[ODYM_time_(t)]],"t,","")&IF(Tab_Def_Flows[[#This Row],[ODYM_Region_(r)]],"r,","")&IF(Tab_Def_Flows[[#This Row],[ODYM_process_(p)]],"p,","")&IF(Tab_Def_Flows[[#This Row],[ODYM_Good_(g)2]],"g,","")&IF(Tab_Def_Flows[[#This Row],[ODYM_material_(m)]],"m,","")&IF(Tab_Def_Flows[[#This Row],[ODYM_element_(e)]],"e","") | AL52: =IF(Tab_Def_Flows[[#This Row],[ODYM_time_(t)]],Tab_Def_Flows[[#This Row],[ODYM_Time_ID]]&",","")&IF(Tab_Def_Flows[[#This Row],[ODYM_Region_(r)]],Tab_Def_Flows[[#This Row],[ODYM_Region_ID]]&",","")&IF(Tab_Def_Flows[[#This Row],[ODYM_process_(p)]],Tab_Def_Flows[[#This Row],[ODYM_Process_ID]]&",","")&IF(Tab_Def_Flows[[#This Row],[ODYM_Good_(g)2]],Tab_Def_Flows[[#This Row],[ODYM_Good_ID]]&",","")&IF(Tab_Def_Flows[[#This Row],[ODYM_material_(m)]],Tab_Def_Flows[[#This Row],[ODYM_Material_ID]]&",","")&IF(Tab_Def_Flows[[#This Row],[ODYM_element_(e)]],Tab_Def_Flows[[#This Row],[ODYM_Element_ID]]&",","")
A53: FALSE | B53: =ROW()-1 | C53: ="F_"&LEFT(G53,2)&"_"&LEFT(I53,2) | G53: =_xlfn.XLOOKUP(F53,Tab_Def_Processes[Process_Name],Tab_Def_Processes[Process_ID],,0,) | I53: =_xlfn.XLOOKUP(H53,Tab_Def_Processes[Process_Name],Tab_Def_Processes[Process_ID],,0,) | J53: Yes | K53: Yes | M53: Yes | N53: =Tab_Def_Flows[[#This Row],[Flow_ID]]&"_WC" | Q53: =Tab_Def_Flows[[#This Row],[Flow_ID]]&"_DM" | T53: =Tab_Def_Flows[[#This Row],[Flow_ID]]&"_CC" | W53: =Tab_Def_Flows[[#This Row],[Flow_CC_DM'[%']]]*Tab_Def_Flows[[#This Row],[Flow_DM'[%']]] | Y53: ='0_Configuration'!$C$2 | AA53: ='0_Configuration'!$C$6 | AC53: ='0_Configuration'!$C$10 | AE53: ='0_Configuration'!$C$17 | AF53: =_xlfn.XLOOKUP(Tab_Def_Flows[[#This Row],[ODYM_Good_Type]],Tab_Configuration[Value],Tab_Configuration[ODYM_ID],,0,) | AG53: ='0_Configuration'!$C$24 | AI53: ='0_Configuration'!$C$29 | AK53: =IF(Tab_Def_Flows[[#This Row],[ODYM_time_(t)]],"t,","")&IF(Tab_Def_Flows[[#This Row],[ODYM_Region_(r)]],"r,","")&IF(Tab_Def_Flows[[#This Row],[ODYM_process_(p)]],"p,","")&IF(Tab_Def_Flows[[#This Row],[ODYM_Good_(g)2]],"g,","")&IF(Tab_Def_Flows[[#This Row],[ODYM_material_(m)]],"m,","")&IF(Tab_Def_Flows[[#This Row],[ODYM_element_(e)]],"e","") | AL53: =IF(Tab_Def_Flows[[#This Row],[ODYM_time_(t)]],Tab_Def_Flows[[#This Row],[ODYM_Time_ID]]&",","")&IF(Tab_Def_Flows[[#This Row],[ODYM_Region_(r)]],Tab_Def_Flows[[#This Row],[ODYM_Region_ID]]&",","")&IF(Tab_Def_Flows[[#This Row],[ODYM_process_(p)]],Tab_Def_Flows[[#This Row],[ODYM_Process_ID]]&",","")&IF(Tab_Def_Flows[[#This Row],[ODYM_Good_(g)2]],Tab_Def_Flows[[#This Row],[ODYM_Good_ID]]&",","")&IF(Tab_Def_Flows[[#This Row],[ODYM_material_(m)]],Tab_Def_Flows[[#This Row],[ODYM_Material_ID]]&",","")&IF(Tab_Def_Flows[[#This Row],[ODYM_element_(e)]],Tab_Def_Flows[[#This Row],[ODYM_Element_ID]]&",","")
A54: FALSE | B54: =ROW()-1 | C54: ="F_"&LEFT(G54,2)&"_"&LEFT(I54,2) | G54: =_xlfn.XLOOKUP(F54,Tab_Def_Processes[Process_Name],Tab_Def_Processes[Process_ID],,0,) | I54: =_xlfn.XLOOKUP(H54,Tab_Def_Processes[Process_Name],Tab_Def_Processes[Process_ID],,0,) | J54: Yes | K54: Yes | M54: Yes | N54: =Tab_Def_Flows[[#This Row],[Flow_ID]]&"_WC" | Q54: =Tab_Def_Flows[[#This Row],[Flow_ID]]&"_DM" | T54: =Tab_Def_Flows[[#This Row],[Flow_ID]]&"_CC" | W54: =Tab_Def_Flows[[#This Row],[Flow_CC_DM'[%']]]*Tab_Def_Flows[[#This Row],[Flow_DM'[%']]] | Y54: ='0_Configuration'!$C$2 | AA54: ='0_Configuration'!$C$6 | AC54: ='0_Configuration'!$C$10 | AE54: ='0_Configuration'!$C$17 | AF54: =_xlfn.XLOOKUP(Tab_Def_Flows[[#This Row],[ODYM_Good_Type]],Tab_Configuration[Value],Tab_Configuration[ODYM_ID],,0,) | AG54: ='0_Configuration'!$C$24 | AI54: ='0_Configuration'!$C$29 | AK54: =IF(Tab_Def_Flows[[#This Row],[ODYM_time_(t)]],"t,","")&IF(Tab_Def_Flows[[#This Row],[ODYM_Region_(r)]],"r,","")&IF(Tab_Def_Flows[[#This Row],[ODYM_process_(p)]],"p,","")&IF(Tab_Def_Flows[[#This Row],[ODYM_Good_(g)2]],"g,","")&IF(Tab_Def_Flows[[#This Row],[ODYM_material_(m)]],"m,","")&IF(Tab_Def_Flows[[#This Row],[ODYM_element_(e)]],"e","") | AL54: =IF(Tab_Def_Flows[[#This Row],[ODYM_time_(t)]],Tab_Def_Flows[[#This Row],[ODYM_Time_ID]]&",","")&IF(Tab_Def_Flows[[#This Row],[ODYM_Region_(r)]],Tab_Def_Flows[[#This Row],[ODYM_Region_ID]]&",","")&IF(Tab_Def_Flows[[#This Row],[ODYM_process_(p)]],Tab_Def_Flows[[#This Row],[ODYM_Process_ID]]&",","")&IF(Tab_Def_Flows[[#This Row],[ODYM_Good_(g)2]],Tab_Def_Flows[[#This Row],[ODYM_Good_ID]]&",","")&IF(Tab_Def_Flows[[#This Row],[ODYM_material_(m)]],Tab_Def_Flows[[#This Row],[ODYM_Material_ID]]&",","")&IF(Tab_Def_Flows[[#This Row],[ODYM_element_(e)]],Tab_Def_Flows[[#This Row],[ODYM_Element_ID]]&",","")
A55: FALSE | B55: =ROW()-1 | C55: ="F_"&LEFT(G55,2)&"_"&LEFT(I55,2) | G55: =_xlfn.XLOOKUP(F55,Tab_Def_Processes[Process_Name],Tab_Def_Processes[Process_ID],,0,) | I55: =_xlfn.XLOOKUP(H55,Tab_Def_Processes[Process_Name],Tab_Def_Processes[Process_ID],,0,) | J55: Yes | K55: Yes | M55: Yes | N55: =Tab_Def_Flows[[#This Row],[Flow_ID]]&"_WC" | Q55: =Tab_Def_Flows[[#This Row],[Flow_ID]]&"_DM" | T55: =Tab_Def_Flows[[#This Row],[Flow_ID]]&"_CC" | W55: =Tab_Def_Flows[[#This Row],[Flow_CC_DM'[%']]]*Tab_Def_Flows[[#This Row],[Flow_DM'[%']]] | Y55: ='0_Configuration'!$C$2 | AA55: ='0_Configuration'!$C$6 | AC55: ='0_Configuration'!$C$10 | AE55: ='0_Configuration'!$C$17 | AF55: =_xlfn.XLOOKUP(Tab_Def_Flows[[#This Row],[ODYM_Good_Type]],Tab_Configuration[Value],Tab_Configuration[ODYM_ID],,0,) | AG55: ='0_Configuration'!$C$24 | AI55: ='0_Configuration'!$C$29 | AK55: =IF(Tab_Def_Flows[[#This Row],[ODYM_time_(t)]],"t,","")&IF(Tab_Def_Flows[[#This Row],[ODYM_Region_(r)]],"r,","")&IF(Tab_Def_Flows[[#This Row],[ODYM_process_(p)]],"p,","")&IF(Tab_Def_Flows[[#This Row],[ODYM_Good_(g)2]],"g,","")&IF(Tab_Def_Flows[[#This Row],[ODYM_material_(m)]],"m,","")&IF(Tab_Def_Flows[[#This Row],[ODYM_element_(e)]],"e","") | AL55: =IF(Tab_Def_Flows[[#This Row],[ODYM_time_(t)]],Tab_Def_Flows[[#This Row],[ODYM_Time_ID]]&",","")&IF(Tab_Def_Flows[[#This Row],[ODYM_Region_(r)]],Tab_Def_Flows[[#This Row],[ODYM_Region_ID]]&",","")&IF(Tab_Def_Flows[[#This Row],[ODYM_process_(p)]],Tab_Def_Flows[[#This Row],[ODYM_Process_ID]]&",","")&IF(Tab_Def_Flows[[#This Row],[ODYM_Good_(g)2]],Tab_Def_Flows[[#This Row],[ODYM_Good_ID]]&",","")&IF(Tab_Def_Flows[[#This Row],[ODYM_material_(m)]],Tab_Def_Flows[[#This Row],[ODYM_Material_ID]]&",","")&IF(Tab_Def_Flows[[#This Row],[ODYM_element_(e)]],Tab_Def_Flows[[#This Row],[ODYM_Element_ID]]&",","")
A56: FALSE | B56: =ROW()-1 | C56: ="F_"&LEFT(G56,2)&"_"&LEFT(I56,2) | G56: =_xlfn.XLOOKUP(F56,Tab_Def_Processes[Process_Name],Tab_Def_Processes[Process_ID],,0,) | I56: =_xlfn.XLOOKUP(H56,Tab_Def_Processes[Process_Name],Tab_Def_Processes[Process_ID],,0,) | J56: Yes | K56: Yes | M56: Yes | N56: =Tab_Def_Flows[[#This Row],[Flow_ID]]&"_WC" | Q56: =Tab_Def_Flows[[#This Row],[Flow_ID]]&"_DM" | T56: =Tab_Def_Flows[[#This Row],[Flow_ID]]&"_CC" | W56: =Tab_Def_Flows[[#This Row],[Flow_CC_DM'[%']]]*Tab_Def_Flows[[#This Row],[Flow_DM'[%']]] | Y56: ='0_Configuration'!$C$2 | AA56: ='0_Configuration'!$C$6 | AC56: ='0_Configuration'!$C$10 | AE56: ='0_Configuration'!$C$17 | AF56: =_xlfn.XLOOKUP(Tab_Def_Flows[[#This Row],[ODYM_Good_Type]],Tab_Configuration[Value],Tab_Configuration[ODYM_ID],,0,) | AG56: ='0_Configuration'!$C$24 | AI56: ='0_Configuration'!$C$29 | AK56: =IF(Tab_Def_Flows[[#This Row],[ODYM_time_(t)]],"t,","")&IF(Tab_Def_Flows[[#This Row],[ODYM_Region_(r)]],"r,","")&IF(Tab_Def_Flows[[#This Row],[ODYM_process_(p)]],"p,","")&IF(Tab_Def_Flows[[#This Row],[ODYM_Good_(g)2]],"g,","")&IF(Tab_Def_Flows[[#This Row],[ODYM_material_(m)]],"m,","")&IF(Tab_Def_Flows[[#This Row],[ODYM_element_(e)]],"e","") | AL56: =IF(Tab_Def_Flows[[#This Row],[ODYM_time_(t)]],Tab_Def_Flows[[#This Row],[ODYM_Time_ID]]&",","")&IF(Tab_Def_Flows[[#This Row],[ODYM_Region_(r)]],Tab_Def_Flows[[#This Row],[ODYM_Region_ID]]&",","")&IF(Tab_Def_Flows[[#This Row],[ODYM_process_(p)]],Tab_Def_Flows[[#This Row],[ODYM_Process_ID]]&",","")&IF(Tab_Def_Flows[[#This Row],[ODYM_Good_(g)2]],Tab_Def_Flows[[#This Row],[ODYM_Good_ID]]&",","")&IF(Tab_Def_Flows[[#This Row],[ODYM_material_(m)]],Tab_Def_Flows[[#This Row],[ODYM_Material_ID]]&",","")&IF(Tab_Def_Flows[[#This Row],[ODYM_element_(e)]],Tab_Def_Flows[[#This Row],[ODYM_Element_ID]]&",","")
A57: FALSE | B57: =ROW()-1 | C57: ="F_"&LEFT(G57,2)&"_"&LEFT(I57,2) | G57: =_xlfn.XLOOKUP(F57,Tab_Def_Processes[Process_Name],Tab_Def_Processes[Process_ID],,0,) | I57: =_xlfn.XLOOKUP(H57,Tab_Def_Processes[Process_Name],Tab_Def_Processes[Process_ID],,0,) | J57: Yes | K57: Yes | M57: Yes | N57: =Tab_Def_Flows[[#This Row],[Flow_ID]]&"_WC" | Q57: =Tab_Def_Flows[[#This Row],[Flow_ID]]&"_DM" | T57: =Tab_Def_Flows[[#This Row],[Flow_ID]]&"_CC" | W57: =Tab_Def_Flows[[#This Row],[Flow_CC_DM'[%']]]*Tab_Def_Flows[[#This Row],[Flow_DM'[%']]] | Y57: ='0_Configuration'!$C$2 | AA57: ='0_Configuration'!$C$6 | AC57: ='0_Configuration'!$C$10 | AE57: ='0_Configuration'!$C$17 | AF57: =_xlfn.XLOOKUP(Tab_Def_Flows[[#This Row],[ODYM_Good_Type]],Tab_Configuration[Value],Tab_Configuration[ODYM_ID],,0,) | AG57: ='0_Configuration'!$C$24 | AI57: ='0_Configuration'!$C$29 | AK57: =IF(Tab_Def_Flows[[#This Row],[ODYM_time_(t)]],"t,","")&IF(Tab_Def_Flows[[#This Row],[ODYM_Region_(r)]],"r,","")&IF(Tab_Def_Flows[[#This Row],[ODYM_process_(p)]],"p,","")&IF(Tab_Def_Flows[[#This Row],[ODYM_Good_(g)2]],"g,","")&IF(Tab_Def_Flows[[#This Row],[ODYM_material_(m)]],"m,","")&IF(Tab_Def_Flows[[#This Row],[ODYM_element_(e)]],"e","") | AL57: =IF(Tab_Def_Flows[[#This Row],[ODYM_time_(t)]],Tab_Def_Flows[[#This Row],[ODYM_Time_ID]]&",","")&IF(Tab_Def_Flows[[#This Row],[ODYM_Region_(r)]],Tab_Def_Flows[[#This Row],[ODYM_Region_ID]]&",","")&IF(Tab_Def_Flows[[#This Row],[ODYM_process_(p)]],Tab_Def_Flows[[#This Row],[ODYM_Process_ID]]&",","")&IF(Tab_Def_Flows[[#This Row],[ODYM_Good_(g)2]],Tab_Def_Flows[[#This Row],[ODYM_Good_ID]]&",","")&IF(Tab_Def_Flows[[#This Row],[ODYM_material_(m)]],Tab_Def_Flows[[#This Row],[ODYM_Material_ID]]&",","")&IF(Tab_Def_Flows[[#This Row],[ODYM_element_(e)]],Tab_Def_Flows[[#This Row],[ODYM_Element_ID]]&",","")
A58: FALSE | B58: =ROW()-1 | C58: ="F_"&LEFT(G58,2)&"_"&LEFT(I58,2) | G58: =_xlfn.XLOOKUP(F58,Tab_Def_Processes[Process_Name],Tab_Def_Processes[Process_ID],,0,) | I58: =_xlfn.XLOOKUP(H58,Tab_Def_Processes[Process_Name],Tab_Def_Processes[Process_ID],,0,) | J58: Yes | K58: Yes | M58: Yes | N58: =Tab_Def_Flows[[#This Row],[Flow_ID]]&"_WC" | Q58: =Tab_Def_Flows[[#This Row],[Flow_ID]]&"_DM" | T58: =Tab_Def_Flows[[#This Row],[Flow_ID]]&"_CC" | W58: =Tab_Def_Flows[[#This Row],[Flow_CC_DM'[%']]]*Tab_Def_Flows[[#This Row],[Flow_DM'[%']]] | Y58: ='0_Configuration'!$C$2 | AA58: ='0_Configuration'!$C$6 | AC58: ='0_Configuration'!$C$10 | AE58: ='0_Configuration'!$C$17 | AF58: =_xlfn.XLOOKUP(Tab_Def_Flows[[#This Row],[ODYM_Good_Type]],Tab_Configuration[Value],Tab_Configuration[ODYM_ID],,0,) | AG58: ='0_Configuration'!$C$24 | AI58: ='0_Configuration'!$C$29 | AK58: =IF(Tab_Def_Flows[[#This Row],[ODYM_time_(t)]],"t,","")&IF(Tab_Def_Flows[[#This Row],[ODYM_Region_(r)]],"r,","")&IF(Tab_Def_Flows[[#This Row],[ODYM_process_(p)]],"p,","")&IF(Tab_Def_Flows[[#This Row],[ODYM_Good_(g)2]],"g,","")&IF(Tab_Def_Flows[[#This Row],[ODYM_material_(m)]],"m,","")&IF(Tab_Def_Flows[[#This Row],[ODYM_element_(e)]],"e","") | AL58: =IF(Tab_Def_Flows[[#This Row],[ODYM_time_(t)]],Tab_Def_Flows[[#This Row],[ODYM_Time_ID]]&",","")&IF(Tab_Def_Flows[[#This Row],[ODYM_Region_(r)]],Tab_Def_Flows[[#This Row],[ODYM_Region_ID]]&",","")&IF(Tab_Def_Flows[[#This Row],[ODYM_process_(p)]],Tab_Def_Flows[[#This Row],[ODYM_Process_ID]]&",","")&IF(Tab_Def_Flows[[#This Row],[ODYM_Good_(g)2]],Tab_Def_Flows[[#This Row],[ODYM_Good_ID]]&",","")&IF(Tab_Def_Flows[[#This Row],[ODYM_material_(m)]],Tab_Def_Flows[[#This Row],[ODYM_Material_ID]]&",","")&IF(Tab_Def_Flows[[#This Row],[ODYM_element_(e)]],Tab_Def_Flows[[#This Row],[ODYM_Element_ID]]&",","")
A59: FALSE | B59: =ROW()-1 | C59: ="F_"&LEFT(G59,2)&"_"&LEFT(I59,2) | G59: =_xlfn.XLOOKUP(F59,Tab_Def_Processes[Process_Name],Tab_Def_Processes[Process_ID],,0,) | I59: =_xlfn.XLOOKUP(H59,Tab_Def_Processes[Process_Name],Tab_Def_Processes[Process_ID],,0,) | J59: Yes | K59: Yes | M59: Yes | N59: =Tab_Def_Flows[[#This Row],[Flow_ID]]&"_WC" | Q59: =Tab_Def_Flows[[#This Row],[Flow_ID]]&"_DM" | T59: =Tab_Def_Flows[[#This Row],[Flow_ID]]&"_CC" | W59: =Tab_Def_Flows[[#This Row],[Flow_CC_DM'[%']]]*Tab_Def_Flows[[#This Row],[Flow_DM'[%']]] | Y59: ='0_Configuration'!$C$2 | AA59: ='0_Configuration'!$C$6 | AC59: ='0_Configuration'!$C$10 | AE59: ='0_Configuration'!$C$17 | AF59: =_xlfn.XLOOKUP(Tab_Def_Flows[[#This Row],[ODYM_Good_Type]],Tab_Configuration[Value],Tab_Configuration[ODYM_ID],,0,) | AG59: ='0_Configuration'!$C$24 | AI59: ='0_Configuration'!$C$29 | AK59: =IF(Tab_Def_Flows[[#This Row],[ODYM_time_(t)]],"t,","")&IF(Tab_Def_Flows[[#This Row],[ODYM_Region_(r)]],"r,","")&IF(Tab_Def_Flows[[#This Row],[ODYM_process_(p)]],"p,","")&IF(Tab_Def_Flows[[#This Row],[ODYM_Good_(g)2]],"g,","")&IF(Tab_Def_Flows[[#This Row],[ODYM_material_(m)]],"m,","")&IF(Tab_Def_Flows[[#This Row],[ODYM_element_(e)]],"e","") | AL59: =IF(Tab_Def_Flows[[#This Row],[ODYM_time_(t)]],Tab_Def_Flows[[#This Row],[ODYM_Time_ID]]&",","")&IF(Tab_Def_Flows[[#This Row],[ODYM_Region_(r)]],Tab_Def_Flows[[#This Row],[ODYM_Region_ID]]&",","")&IF(Tab_Def_Flows[[#This Row],[ODYM_process_(p)]],Tab_Def_Flows[[#This Row],[ODYM_Process_ID]]&",","")&IF(Tab_Def_Flows[[#This Row],[ODYM_Good_(g)2]],Tab_Def_Flows[[#This Row],[ODYM_Good_ID]]&",","")&IF(Tab_Def_Flows[[#This Row],[ODYM_material_(m)]],Tab_Def_Flows[[#This Row],[ODYM_Material_ID]]&",","")&IF(Tab_Def_Flows[[#This Row],[ODYM_element_(e)]],Tab_Def_Flows[[#This Row],[ODYM_Element_ID]]&",","")
A60: FALSE | B60: =ROW()-1 | C60: ="F_"&LEFT(G60,2)&"_"&LEFT(I60,2) | G60: =_xlfn.XLOOKUP(F60,Tab_Def_Processes[Process_Name],Tab_Def_Processes[Process_ID],,0,) | I60: =_xlfn.XLOOKUP(H60,Tab_Def_Processes[Process_Name],Tab_Def_Processes[Process_ID],,0,) | J60: Yes | K60: Yes | M60: Yes | N60: =Tab_Def_Flows[[#This Row],[Flow_ID]]&"_WC" | Q60: =Tab_Def_Flows[[#This Row],[Flow_ID]]&"_DM" | T60: =Tab_Def_Flows[[#This Row],[Flow_ID]]&"_CC" | W60: =Tab_Def_Flows[[#This Row],[Flow_CC_DM'[%']]]*Tab_Def_Flows[[#This Row],[Flow_DM'[%']]] | Y60: ='0_Configuration'!$C$2 | AA60: ='0_Configuration'!$C$6 | AC60: ='0_Configuration'!$C$10 | AE60: ='0_Configuration'!$C$17 | AF60: =_xlfn.XLOOKUP(Tab_Def_Flows[[#This Row],[ODYM_Good_Type]],Tab_Configuration[Value],Tab_Configuration[ODYM_ID],,0,) | AG60: ='0_Configuration'!$C$24 | AI60: ='0_Configuration'!$C$29 | AK60: =IF(Tab_Def_Flows[[#This Row],[ODYM_time_(t)]],"t,","")&IF(Tab_Def_Flows[[#This Row],[ODYM_Region_(r)]],"r,","")&IF(Tab_Def_Flows[[#This Row],[ODYM_process_(p)]],"p,","")&IF(Tab_Def_Flows[[#This Row],[ODYM_Good_(g)2]],"g,","")&IF(Tab_Def_Flows[[#This Row],[ODYM_material_(m)]],"m,","")&IF(Tab_Def_Flows[[#This Row],[ODYM_element_(e)]],"e","") | AL60: =IF(Tab_Def_Flows[[#This Row],[ODYM_time_(t)]],Tab_Def_Flows[[#This Row],[ODYM_Time_ID]]&",","")&IF(Tab_Def_Flows[[#This Row],[ODYM_Region_(r)]],Tab_Def_Flows[[#This Row],[ODYM_Region_ID]]&",","")&IF(Tab_Def_Flows[[#This Row],[ODYM_process_(p)]],Tab_Def_Flows[[#This Row],[ODYM_Process_ID]]&",","")&IF(Tab_Def_Flows[[#This Row],[ODYM_Good_(g)2]],Tab_Def_Flows[[#This Row],[ODYM_Good_ID]]&",","")&IF(Tab_Def_Flows[[#This Row],[ODYM_material_(m)]],Tab_Def_Flows[[#This Row],[ODYM_Material_ID]]&",","")&IF(Tab_Def_Flows[[#This Row],[ODYM_element_(e)]],Tab_Def_Flows[[#This Row],[ODYM_Element_ID]]&",","")
A61: FALSE | B61: =ROW()-1 | C61: ="F_"&LEFT(G61,2)&"_"&LEFT(I61,2) | G61: =_xlfn.XLOOKUP(F61,Tab_Def_Processes[Process_Name],Tab_Def_Processes[Process_ID],,0,) | I61: =_xlfn.XLOOKUP(H61,Tab_Def_Processes[Process_Name],Tab_Def_Processes[Process_ID],,0,) | J61: Yes | K61: Yes | M61: Yes | N61: =Tab_Def_Flows[[#This Row],[Flow_ID]]&"_WC" | Q61: =Tab_Def_Flows[[#This Row],[Flow_ID]]&"_DM" | T61: =Tab_Def_Flows[[#This Row],[Flow_ID]]&"_CC" | W61: =Tab_Def_Flows[[#This Row],[Flow_CC_DM'[%']]]*Tab_Def_Flows[[#This Row],[Flow_DM'[%']]] | Y61: ='0_Configuration'!$C$2 | AA61: ='0_Configuration'!$C$6 | AC61: ='0_Configuration'!$C$10 | AE61: ='0_Configuration'!$C$17 | AF61: =_xlfn.XLOOKUP(Tab_Def_Flows[[#This Row],[ODYM_Good_Type]],Tab_Configuration[Value],Tab_Configuration[ODYM_ID],,0,) | AG61: ='0_Configuration'!$C$24 | AI61: ='0_Configuration'!$C$29 | AK61: =IF(Tab_Def_Flows[[#This Row],[ODYM_time_(t)]],"t,","")&IF(Tab_Def_Flows[[#This Row],[ODYM_Region_(r)]],"r,","")&IF(Tab_Def_Flows[[#This Row],[ODYM_process_(p)]],"p,","")&IF(Tab_Def_Flows[[#This Row],[ODYM_Good_(g)2]],"g,","")&IF(Tab_Def_Flows[[#This Row],[ODYM_material_(m)]],"m,","")&IF(Tab_Def_Flows[[#This Row],[ODYM_element_(e)]],"e","") | AL61: =IF(Tab_Def_Flows[[#This Row],[ODYM_time_(t)]],Tab_Def_Flows[[#This Row],[ODYM_Time_ID]]&",","")&IF(Tab_Def_Flows[[#This Row],[ODYM_Region_(r)]],Tab_Def_Flows[[#This Row],[ODYM_Region_ID]]&",","")&IF(Tab_Def_Flows[[#This Row],[ODYM_process_(p)]],Tab_Def_Flows[[#This Row],[ODYM_Process_ID]]&",","")&IF(Tab_Def_Flows[[#This Row],[ODYM_Good_(g)2]],Tab_Def_Flows[[#This Row],[ODYM_Good_ID]]&",","")&IF(Tab_Def_Flows[[#This Row],[ODYM_material_(m)]],Tab_Def_Flows[[#This Row],[ODYM_Material_ID]]&",","")&IF(Tab_Def_Flows[[#This Row],[ODYM_element_(e)]],Tab_Def_Flows[[#This Row],[ODYM_Element_ID]]&",","")
A62: FALSE | B62: =ROW()-1 | C62: ="F_"&LEFT(G62,2)&"_"&LEFT(I62,2) | G62: =_xlfn.XLOOKUP(F62,Tab_Def_Processes[Process_Name],Tab_Def_Processes[Process_ID],,0,) | I62: =_xlfn.XLOOKUP(H62,Tab_Def_Processes[Process_Name],Tab_Def_Processes[Process_ID],,0,) | J62: Yes | K62: Yes | M62: Yes | N62: =Tab_Def_Flows[[#This Row],[Flow_ID]]&"_WC" | Q62: =Tab_Def_Flows[[#This Row],[Flow_ID]]&"_DM" | T62: =Tab_Def_Flows[[#This Row],[Flow_ID]]&"_CC" | W62: =Tab_Def_Flows[[#This Row],[Flow_CC_DM'[%']]]*Tab_Def_Flows[[#This Row],[Flow_DM'[%']]] | Y62: ='0_Configuration'!$C$2 | AA62: ='0_Configuration'!$C$6 | AC62: ='0_Configuration'!$C$10 | AE62: ='0_Configuration'!$C$17 | AF62: =_xlfn.XLOOKUP(Tab_Def_Flows[[#This Row],[ODYM_Good_Type]],Tab_Configuration[Value],Tab_Configuration[ODYM_ID],,0,) | AG62: ='0_Configuration'!$C$24 | AI62: ='0_Configuration'!$C$29 | AK62: =IF(Tab_Def_Flows[[#This Row],[ODYM_time_(t)]],"t,","")&IF(Tab_Def_Flows[[#This Row],[ODYM_Region_(r)]],"r,","")&IF(Tab_Def_Flows[[#This Row],[ODYM_process_(p)]],"p,","")&IF(Tab_Def_Flows[[#This Row],[ODYM_Good_(g)2]],"g,","")&IF(Tab_Def_Flows[[#This Row],[ODYM_material_(m)]],"m,","")&IF(Tab_Def_Flows[[#This Row],[ODYM_element_(e)]],"e","") | AL62: =IF(Tab_Def_Flows[[#This Row],[ODYM_time_(t)]],Tab_Def_Flows[[#This Row],[ODYM_Time_ID]]&",","")&IF(Tab_Def_Flows[[#This Row],[ODYM_Region_(r)]],Tab_Def_Flows[[#This Row],[ODYM_Region_ID]]&",","")&IF(Tab_Def_Flows[[#This Row],[ODYM_process_(p)]],Tab_Def_Flows[[#This Row],[ODYM_Process_ID]]&",","")&IF(Tab_Def_Flows[[#This Row],[ODYM_Good_(g)2]],Tab_Def_Flows[[#This Row],[ODYM_Good_ID]]&",","")&IF(Tab_Def_Flows[[#This Row],[ODYM_material_(m)]],Tab_Def_Flows[[#This Row],[ODYM_Material_ID]]&",","")&IF(Tab_Def_Flows[[#This Row],[ODYM_element_(e)]],Tab_Def_Flows[[#This Row],[ODYM_Element_ID]]&",","")
A63: FALSE | B63: =ROW()-1 | C63: ="F_"&LEFT(G63,2)&"_"&LEFT(I63,2) | G63: =_xlfn.XLOOKUP(F63,Tab_Def_Processes[Process_Name],Tab_Def_Processes[Process_ID],,0,) | I63: =_xlfn.XLOOKUP(H63,Tab_Def_Processes[Process_Name],Tab_Def_Processes[Process_ID],,0,) | J63: Yes | K63: Yes | M63: Yes | N63: =Tab_Def_Flows[[#This Row],[Flow_ID]]&"_WC" | Q63: =Tab_Def_Flows[[#This Row],[Flow_ID]]&"_DM" | T63: =Tab_Def_Flows[[#This Row],[Flow_ID]]&"_CC" | W63: =Tab_Def_Flows[[#This Row],[Flow_CC_DM'[%']]]*Tab_Def_Flows[[#This Row],[Flow_DM'[%']]] | Y63: ='0_Configuration'!$C$2 | AA63: ='0_Configuration'!$C$6 | AC63: ='0_Configuration'!$C$10 | AE63: ='0_Configuration'!$C$17 | AF63: =_xlfn.XLOOKUP(Tab_Def_Flows[[#This Row],[ODYM_Good_Type]],Tab_Configuration[Value],Tab_Configuration[ODYM_ID],,0,) | AG63: ='0_Configuration'!$C$24 | AI63: ='0_Configuration'!$C$29 | AK63: =IF(Tab_Def_Flows[[#This Row],[ODYM_time_(t)]],"t,","")&IF(Tab_Def_Flows[[#This Row],[ODYM_Region_(r)]],"r,","")&IF(Tab_Def_Flows[[#This Row],[ODYM_process_(p)]],"p,","")&IF(Tab_Def_Flows[[#This Row],[ODYM_Good_(g)2]],"g,","")&IF(Tab_Def_Flows[[#This Row],[ODYM_material_(m)]],"m,","")&IF(Tab_Def_Flows[[#This Row],[ODYM_element_(e)]],"e","") | AL63: =IF(Tab_Def_Flows[[#This Row],[ODYM_time_(t)]],Tab_Def_Flows[[#This Row],[ODYM_Time_ID]]&",","")&IF(Tab_Def_Flows[[#This Row],[ODYM_Region_(r)]],Tab_Def_Flows[[#This Row],[ODYM_Region_ID]]&",","")&IF(Tab_Def_Flows[[#This Row],[ODYM_process_(p)]],Tab_Def_Flows[[#This Row],[ODYM_Process_ID]]&",","")&IF(Tab_Def_Flows[[#This Row],[ODYM_Good_(g)2]],Tab_Def_Flows[[#This Row],[ODYM_Good_ID]]&",","")&IF(Tab_Def_Flows[[#This Row],[ODYM_material_(m)]],Tab_Def_Flows[[#This Row],[ODYM_Material_ID]]&",","")&IF(Tab_Def_Flows[[#This Row],[ODYM_element_(e)]],Tab_Def_Flows[[#This Row],[ODYM_Element_ID]]&",","")
A64: FALSE | B64: =ROW()-1 | C64: ="F_"&LEFT(G64,2)&"_"&LEFT(I64,2) | G64: =_xlfn.XLOOKUP(F64,Tab_Def_Processes[Process_Name],Tab_Def_Processes[Process_ID],,0,) | I64: =_xlfn.XLOOKUP(H64,Tab_Def_Processes[Process_Name],Tab_Def_Processes[Process_ID],,0,) | J64: Yes | K64: Yes | M64: Yes | N64: =Tab_Def_Flows[[#This Row],[Flow_ID]]&"_WC" | Q64: =Tab_Def_Flows[[#This Row],[Flow_ID]]&"_DM" | T64: =Tab_Def_Flows[[#This Row],[Flow_ID]]&"_CC" | W64: =Tab_Def_Flows[[#This Row],[Flow_CC_DM'[%']]]*Tab_Def_Flows[[#This Row],[Flow_DM'[%']]] | Y64: ='0_Configuration'!$C$2 | AA64: ='0_Configuration'!$C$6 | AC64: ='0_Configuration'!$C$10 | AE64: ='0_Configuration'!$C$17 | AF64: =_xlfn.XLOOKUP(Tab_Def_Flows[[#This Row],[ODYM_Good_Type]],Tab_Configuration[Value],Tab_Configuration[ODYM_ID],,0,) | AG64: ='0_Configuration'!$C$24 | AI64: ='0_Configuration'!$C$29 | AK64: =IF(Tab_Def_Flows[[#This Row],[ODYM_time_(t)]],"t,","")&IF(Tab_Def_Flows[[#This Row],[ODYM_Region_(r)]],"r,","")&IF(Tab_Def_Flows[[#This Row],[ODYM_process_(p)]],"p,","")&IF(Tab_Def_Flows[[#This Row],[ODYM_Good_(g)2]],"g,","")&IF(Tab_Def_Flows[[#This Row],[ODYM_material_(m)]],"m,","")&IF(Tab_Def_Flows[[#This Row],[ODYM_element_(e)]],"e","") | AL64: =IF(Tab_Def_Flows[[#This Row],[ODYM_time_(t)]],Tab_Def_Flows[[#This Row],[ODYM_Time_ID]]&",","")&IF(Tab_Def_Flows[[#This Row],[ODYM_Region_(r)]],Tab_Def_Flows[[#This Row],[ODYM_Region_ID]]&",","")&IF(Tab_Def_Flows[[#This Row],[ODYM_process_(p)]],Tab_Def_Flows[[#This Row],[ODYM_Process_ID]]&",","")&IF(Tab_Def_Flows[[#This Row],[ODYM_Good_(g)2]],Tab_Def_Flows[[#This Row],[ODYM_Good_ID]]&",","")&IF(Tab_Def_Flows[[#This Row],[ODYM_material_(m)]],Tab_Def_Flows[[#This Row],[ODYM_Material_ID]]&",","")&IF(Tab_Def_Flows[[#This Row],[ODYM_element_(e)]],Tab_Def_Flows[[#This Row],[ODYM_Element_ID]]&",","")
... A95: FALSE | B95: =ROW()-1 | C95: ="F_"&LEFT(G95,2)&"_"&LEFT(I95,2) | G95: =_xlfn.XLOOKUP(F95,Tab_Def_Processes[Process_Name],Tab_Def_Processes[Process_ID],,0,) | I95: =_xlfn.XLOOKUP(H95,Tab_Def_Processes[Process_Name],Tab_Def_Processes[Process_ID],,0,) | J95: Yes | K95: Yes | M95: Yes | N95: =Tab_Def_Flows[[#This Row],[Flow_ID]]&"_WC" | Q95: =Tab_Def_Flows[[#This Row],[Flow_ID]]&"_DM" | T95: =Tab_Def_Flows[[#This Row],[Flow_ID]]&"_CC" | W95: =Tab_Def_Flows[[#This Row],[Flow_CC_DM'[%']]]*Tab_Def_Flows[[#This Row],[Flow_DM'[%']]] | Y95: ='0_Configuration'!$C$2 | AA95: ='0_Configuration'!$C$6 | AC95: ='0_Configuration'!$C$10 | AE95: ='0_Configuration'!$C$17 | AF95: =_xlfn.XLOOKUP(Tab_Def_Flows[[#This Row],[ODYM_Good_Type]],Tab_Configuration[Value],Tab_Configuration[ODYM_ID],,0,) | AG95: ='0_Configuration'!$C$24 | AI95: ='0_Configuration'!$C$29 | AK95: =IF(Tab_Def_Flows[[#This Row],[ODYM_time_(t)]],"t,","")&IF(Tab_Def_Flows[[#This Row],[ODYM_Region_(r)]],"r,","")&IF(Tab_Def_Flows[[#This Row],[ODYM_process_(p)]],"p,","")&IF(Tab_Def_Flows[[#This Row],[ODYM_Good_(g)2]],"g,","")&IF(Tab_Def_Flows[[#This Row],[ODYM_material_(m)]],"m,","")&IF(Tab_Def_Flows[[#This Row],[ODYM_element_(e)]],"e","") | AL95: =IF(Tab_Def_Flows[[#This Row],[ODYM_time_(t)]],Tab_Def_Flows[[#This Row],[ODYM_Time_ID]]&",","")&IF(Tab_Def_Flows[[#This Row],[ODYM_Region_(r)]],Tab_Def_Flows[[#This Row],[ODYM_Region_ID]]&",","")&IF(Tab_Def_Flows[[#This Row],[ODYM_process_(p)]],Tab_Def_Flows[[#This Row],[ODYM_Process_ID]]&",","")&IF(Tab_Def_Flows[[#This Row],[ODYM_Good_(g)2]],Tab_Def_Flows[[#This Row],[ODYM_Good_ID]]&",","")&IF(Tab_Def_Flows[[#This Row],[ODYM_material_(m)]],Tab_Def_Flows[[#This Row],[ODYM_Material_ID]]&",","")&IF(Tab_Def_Flows[[#This Row],[ODYM_element_(e)]],Tab_Def_Flows[[#This Row],[ODYM_Element_ID]]&",","")
A96: FALSE | B96: =ROW()-1 | C96: ="F_"&LEFT(G96,2)&"_"&LEFT(I96,2) | D96: N.A. | J96: Yes | K96: Yes | M96: Yes | N96: =Tab_Def_Flows[[#This Row],[Flow_ID]]&"_WC" | Q96: =Tab_Def_Flows[[#This Row],[Flow_ID]]&"_DM" | T96: =Tab_Def_Flows[[#This Row],[Flow_ID]]&"_CC" | W96: =Tab_Def_Flows[[#This Row],[Flow_CC_DM'[%']]]*Tab_Def_Flows[[#This Row],[Flow_DM'[%']]] | Y96: ='0_Configuration'!$C$2 | AA96: ='0_Configuration'!$C$6 | AC96: ='0_Configuration'!$C$10 | AE96: ='0_Configuration'!$C$17 | AF96: =_xlfn.XLOOKUP(Tab_Def_Flows[[#This Row],[ODYM_Good_Type]],Tab_Configuration[Value],Tab_Configuration[ODYM_ID],,0,) | AG96: ='0_Configuration'!$C$24 | AI96: ='0_Configuration'!$C$29 | AK96: =IF(Tab_Def_Flows[[#This Row],[ODYM_time_(t)]],"t,","")&IF(Tab_Def_Flows[[#This Row],[ODYM_Region_(r)]],"r,","")&IF(Tab_Def_Flows[[#This Row],[ODYM_process_(p)]],"p,","")&IF(Tab_Def_Flows[[#This Row],[ODYM_Good_(g)2]],"g,","")&IF(Tab_Def_Flows[[#This Row],[ODYM_material_(m)]],"m,","")&IF(Tab_Def_Flows[[#This Row],[ODYM_element_(e)]],"e","") | AL96: =IF(Tab_Def_Flows[[#This Row],[ODYM_time_(t)]],Tab_Def_Flows[[#This Row],[ODYM_Time_ID]]&",","")&IF(Tab_Def_Flows[[#This Row],[ODYM_Region_(r)]],Tab_Def_Flows[[#This Row],[ODYM_Region_ID]]&",","")&IF(Tab_Def_Flows[[#This Row],[ODYM_process_(p)]],Tab_Def_Flows[[#This Row],[ODYM_Process_ID]]&",","")&IF(Tab_Def_Flows[[#This Row],[ODYM_Good_(g)2]],Tab_Def_Flows[[#This Row],[ODYM_Good_ID]]&",","")&IF(Tab_Def_Flows[[#This Row],[ODYM_material_(m)]],Tab_Def_Flows[[#This Row],[ODYM_Material_ID]]&",","")&IF(Tab_Def_Flows[[#This Row],[ODYM_element_(e)]],Tab_Def_Flows[[#This Row],[ODYM_Element_ID]]&",","")

Sheet 1_2_Data_Flows
A1: ID | B1: Flow_ID | C1: Flow_Name | D1: WC? | E1: DM? | F1: CC? | G1: Flow_Data_Year | H1: Flow | I1: UoM_Source | J1: Titel_source | K1: Year_publication | L1: Author_source | M1: Type_source | N1: URL_source | O1: CF_required? | P1: CF | Q1: Name_CF | R1: Flow_material_year_ID | S1: Flow_Material | T1: UoM_Flow_Py | U1: WC_[%] | V1: Flow_WC_year_ID | W1: WC_Flow_Py | X1: UoM_WC_Flow_Py | Y1: DM_[%] | Z1: Flow_DM_year_ID | AA1: DM_Flow_Py | AB1: UoM_DM_Flow_Py | AC1: CC_[%] | AD1: Flow_CC_year_ID | AE1: CC_Flow_Py | AF1: UoM_CC_Flow_Py
A2: =ROW()-1 | B2: =_xlfn.XLOOKUP(C2,Tab_Def_Flows[Flow_Name],Tab_Def_Flows[Flow_ID],,0,) | C2: Atmosphere_Input_Cultivation_C | D2: =_xlfn.XLOOKUP(C2,Tab_Def_Flows[Flow_Name],Tab_Def_Flows[WC?],,0,) | E2: =_xlfn.XLOOKUP(C2,Tab_Def_Flows[Flow_Name],Tab_Def_Flows[DM?],,0,) | F2: =_xlfn.XLOOKUP(C2,Tab_Def_Flows[Flow_Name],Tab_Def_Flows[CC?],,0,) | G2: 2025 | H2: 496713.11 | I2: ='0_Configuration'!$C$35 | O2: No | R2: =Tab_Data_Flows[[#This Row],[Flow_ID]]&"_"&"material_"&Tab_Data_Flows[[#This Row],[Flow_Data_Year]] | S2: =IF(O2="no",H2,H2*P2) | T2: =Tab_Data_Flows[[#This Row],[UoM_Source]] | U2: =INDEX(Tab_Def_Flows[[Flow_ID]:[CC_DM_source]],MATCH(Tab_Data_Flows[[#This Row],[Flow_Name]],Tab_Def_Flows[Flow_Name],0),11) | V2: =Tab_Data_Flows[[#This Row],[Flow_ID]]&"_"&"WC_"&Tab_Data_Flows[[#This Row],[Flow_Data_Year]] | W2: =IF(D2="Yes",S2*Tab_Data_Flows[[#This Row],[WC_'[%']]],"N.A.") | X2: =Tab_Data_Flows[[#This Row],[UoM_Flow_Py]] | Y2: =INDEX(Tab_Def_Flows[[Flow_ID]:[CC_DM_source]],MATCH(Tab_Data_Flows[[#This Row],[Flow_Name]],Tab_Def_Flows[Flow_Name],0),14) | Z2: =Tab_Data_Flows[[#This Row],[Flow_ID]]&"_"&"DM_"&Tab_Data_Flows[[#This Row],[Flow_Data_Year]] | AA2: =IF(E2="Yes",Y2*Tab_Data_Flows[[#This Row],[Flow_Material]],"N.A.") | AB2: =Tab_Data_Flows[[#This Row],[UoM_Flow_Py]] | AC2: =INDEX(Tab_Def_Flows[[Flow_ID]:[CC_DM_source]],MATCH(Tab_Data_Flows[[#This Row],[Flow_Name]],Tab_Def_Flows[Flow_Name],0),17) | AD2: =Tab_Data_Flows[[#This Row],[Flow_ID]]&"_"&"CC_"&Tab_Data_Flows[[#This Row],[Flow_Data_Year]] | AE2: =IF(F2="Yes",AC2*Tab_Data_Flows[[#This Row],[Flow_Material]]*Tab_Data_Flows[[#This Row],[DM_'[%']]],"N.A.") | AF2: =Tab_Data_Flows[[#This Row],[UoM_Flow_Py]]
A3: =ROW()-1 | B3: =_xlfn.XLOOKUP(C3,Tab_Def_Flows[Flow_Name],Tab_Def_Flows[Flow_ID],,0,) | C3: Atmosphere_Input_Cultivation_C | D3: =_xlfn.XLOOKUP(C3,Tab_Def_Flows[Flow_Name],Tab_Def_Flows[WC?],,0,) | E3: =_xlfn.XLOOKUP(C3,Tab_Def_Flows[Flow_Name],Tab_Def_Flows[DM?],,0,) | F3: =_xlfn.XLOOKUP(C3,Tab_Def_Flows[Flow_Name],Tab_Def_Flows[CC?],,0,) | G3: 2026 | H3: 418627 | I3: ='0_Configuration'!$C$35 | O3: No | R3: =Tab_Data_Flows[[#This Row],[Flow_ID]]&"_"&"material_"&Tab_Data_Flows[[#This Row],[Flow_Data_Year]] | S3: =IF(O3="no",H3,H3*P3) | T3: =Tab_Data_Flows[[#This Row],[UoM_Source]] | U3: =INDEX(Tab_Def_Flows[[Flow_ID]:[CC_DM_source]],MATCH(Tab_Data_Flows[[#This Row],[Flow_Name]],Tab_Def_Flows[Flow_Name],0),11) | V3: =Tab_Data_Flows[[#This Row],[Flow_ID]]&"_"&"WC_"&Tab_Data_Flows[[#This Row],[Flow_Data_Year]] | W3: =IF(D3="Yes",S3*Tab_Data_Flows[[#This Row],[WC_'[%']]],"N.A.") | X3: =Tab_Data_Flows[[#This Row],[UoM_Flow_Py]] | Y3: =INDEX(Tab_Def_Flows[[Flow_ID]:[CC_DM_source]],MATCH(Tab_Data_Flows[[#This Row],[Flow_Name]],Tab_Def_Flows[Flow_Name],0),14) | Z3: =Tab_Data_Flows[[#This Row],[Flow_ID]]&"_"&"DM_"&Tab_Data_Flows[[#This Row],[Flow_Data_Year]] | AA3: =IF(E3="Yes",Y3*Tab_Data_Flows[[#This Row],[Flow_Material]],"N.A.") | AB3: =Tab_Data_Flows[[#This Row],[UoM_Flow_Py]] | AC3: =INDEX(Tab_Def_Flows[[Flow_ID]:[CC_DM_source]],MATCH(Tab_Data_Flows[[#This Row],[Flow_Name]],Tab_Def_Flows[Flow_Name],0),17) | AD3: =Tab_Data_Flows[[#This Row],[Flow_ID]]&"_"&"CC_"&Tab_Data_Flows[[#This Row],[Flow_Data_Year]] | AE3: =IF(F3="Yes",AC3*Tab_Data_Flows[[#This Row],[Flow_Material]]*Tab_Data_Flows[[#This Row],[DM_'[%']]],"N.A.") | AF3: =Tab_Data_Flows[[#This Row],[UoM_Flow_Py]]
A4: =ROW()-1 | B4: =_xlfn.XLOOKUP(C4,Tab_Def_Flows[Flow_Name],Tab_Def_Flows[Flow_ID],,0,) | C4: Atmosphere_Input_Cultivation_C | D4: =_xlfn.XLOOKUP(C4,Tab_Def_Flows[Flow_Name],Tab_Def_Flows[WC?],,0,) | E4: =_xlfn.XLOOKUP(C4,Tab_Def_Flows[Flow_Name],Tab_Def_Flows[DM?],,0,) | F4: =_xlfn.XLOOKUP(C4,Tab_Def_Flows[Flow_Name],Tab_Def_Flows[CC?],,0,) | G4: 2027 | H4: 515279.56 | I4: ='0_Configuration'!$C$35 | O4: No | R4: =Tab_Data_Flows[[#This Row],[Flow_ID]]&"_"&"material_"&Tab_Data_Flows[[#This Row],[Flow_Data_Year]] | S4: =IF(O4="no",H4,H4*P4) | T4: =Tab_Data_Flows[[#This Row],[UoM_Source]] | U4: =INDEX(Tab_Def_Flows[[Flow_ID]:[CC_DM_source]],MATCH(Tab_Data_Flows[[#This Row],[Flow_Name]],Tab_Def_Flows[Flow_Name],0),11) | V4: =Tab_Data_Flows[[#This Row],[Flow_ID]]&"_"&"WC_"&Tab_Data_Flows[[#This Row],[Flow_Data_Year]] | W4: =IF(D4="Yes",S4*Tab_Data_Flows[[#This Row],[WC_'[%']]],"N.A.") | X4: =Tab_Data_Flows[[#This Row],[UoM_Flow_Py]] | Y4: =INDEX(Tab_Def_Flows[[Flow_ID]:[CC_DM_source]],MATCH(Tab_Data_Flows[[#This Row],[Flow_Name]],Tab_Def_Flows[Flow_Name],0),14) | Z4: =Tab_Data_Flows[[#This Row],[Flow_ID]]&"_"&"DM_"&Tab_Data_Flows[[#This Row],[Flow_Data_Year]] | AA4: =IF(E4="Yes",Y4*Tab_Data_Flows[[#This Row],[Flow_Material]],"N.A.") | AB4: =Tab_Data_Flows[[#This Row],[UoM_Flow_Py]] | AC4: =INDEX(Tab_Def_Flows[[Flow_ID]:[CC_DM_source]],MATCH(Tab_Data_Flows[[#This Row],[Flow_Name]],Tab_Def_Flows[Flow_Name],0),17) | AD4: =Tab_Data_Flows[[#This Row],[Flow_ID]]&"_"&"CC_"&Tab_Data_Flows[[#This Row],[Flow_Data_Year]] | AE4: =IF(F4="Yes",AC4*Tab_Data_Flows[[#This Row],[Flow_Material]]*Tab_Data_Flows[[#This Row],[DM_'[%']]],"N.A.") | AF4: =Tab_Data_Flows[[#This Row],[UoM_Flow_Py]]
A5: =ROW()-1 | B5: =_xlfn.XLOOKUP(C5,Tab_Def_Flows[Flow_Name],Tab_Def_Flows[Flow_ID],,0,) | C5: Atmosphere_Input_Cultivation_C | D5: =_xlfn.XLOOKUP(C5,Tab_Def_Flows[Flow_Name],Tab_Def_Flows[WC?],,0,) | E5: =_xlfn.XLOOKUP(C5,Tab_Def_Flows[Flow_Name],Tab_Def_Flows[DM?],,0,) | F5: =_xlfn.XLOOKUP(C5,Tab_Def_Flows[Flow_Name],Tab_Def_Flows[CC?],,0,) | G5: 2028 | H5: 622924.76 | I5: ='0_Configuration'!$C$35 | O5: No | R5: =Tab_Data_Flows[[#This Row],[Flow_ID]]&"_"&"material_"&Tab_Data_Flows[[#This Row],[Flow_Data_Year]] | S5: =IF(O5="no",H5,H5*P5) | T5: =Tab_Data_Flows[[#This Row],[UoM_Source]] | U5: =INDEX(Tab_Def_Flows[[Flow_ID]:[CC_DM_source]],MATCH(Tab_Data_Flows[[#This Row],[Flow_Name]],Tab_Def_Flows[Flow_Name],0),11) | V5: =Tab_Data_Flows[[#This Row],[Flow_ID]]&"_"&"WC_"&Tab_Data_Flows[[#This Row],[Flow_Data_Year]] | W5: =IF(D5="Yes",S5*Tab_Data_Flows[[#This Row],[WC_'[%']]],"N.A.") | X5: =Tab_Data_Flows[[#This Row],[UoM_Flow_Py]] | Y5: =INDEX(Tab_Def_Flows[[Flow_ID]:[CC_DM_source]],MATCH(Tab_Data_Flows[[#This Row],[Flow_Name]],Tab_Def_Flows[Flow_Name],0),14) | Z5: =Tab_Data_Flows[[#This Row],[Flow_ID]]&"_"&"DM_"&Tab_Data_Flows[[#This Row],[Flow_Data_Year]] | AA5: =IF(E5="Yes",Y5*Tab_Data_Flows[[#This Row],[Flow_Material]],"N.A.") | AB5: =Tab_Data_Flows[[#This Row],[UoM_Flow_Py]] | AC5: =INDEX(Tab_Def_Flows[[Flow_ID]:[CC_DM_source]],MATCH(Tab_Data_Flows[[#This Row],[Flow_Name]],Tab_Def_Flows[Flow_Name],0),17) | AD5: =Tab_Data_Flows[[#This Row],[Flow_ID]]&"_"&"CC_"&Tab_Data_Flows[[#This Row],[Flow_Data_Year]] | AE5: =IF(F5="Yes",AC5*Tab_Data_Flows[[#This Row],[Flow_Material]]*Tab_Data_Flows[[#This Row],[DM_'[%']]],"N.A.") | AF5: =Tab_Data_Flows[[#This Row],[UoM_Flow_Py]]
A6: =ROW()-1 | B6: =_xlfn.XLOOKUP(C6,Tab_Def_Flows[Flow_Name],Tab_Def_Flows[Flow_ID],,0,) | C6: Atmosphere_Input_Cultivation_C | D6: =_xlfn.XLOOKUP(C6,Tab_Def_Flows[Flow_Name],Tab_Def_Flows[WC?],,0,) | E6: =_xlfn.XLOOKUP(C6,Tab_Def_Flows[Flow_Name],Tab_Def_Flows[DM?],,0,) | F6: =_xlfn.XLOOKUP(C6,Tab_Def_Flows[Flow_Name],Tab_Def_Flows[CC?],,0,) | G6: 2029 | H6: 406837.43 | I6: ='0_Configuration'!$C$35 | O6: No | R6: =Tab_Data_Flows[[#This Row],[Flow_ID]]&"_"&"material_"&Tab_Data_Flows[[#This Row],[Flow_Data_Year]] | S6: =IF(O6="no",H6,H6*P6) | T6: =Tab_Data_Flows[[#This Row],[UoM_Source]] | U6: =INDEX(Tab_Def_Flows[[Flow_ID]:[CC_DM_source]],MATCH(Tab_Data_Flows[[#This Row],[Flow_Name]],Tab_Def_Flows[Flow_Name],0),11) | V6: =Tab_Data_Flows[[#This Row],[Flow_ID]]&"_"&"WC_"&Tab_Data_Flows[[#This Row],[Flow_Data_Year]] | W6: =IF(D6="Yes",S6*Tab_Data_Flows[[#This Row],[WC_'[%']]],"N.A.") | X6: =Tab_Data_Flows[[#This Row],[UoM_Flow_Py]] | Y6: =INDEX(Tab_Def_Flows[[Flow_ID]:[CC_DM_source]],MATCH(Tab_Data_Flows[[#This Row],[Flow_Name]],Tab_Def_Flows[Flow_Name],0),14) | Z6: =Tab_Data_Flows[[#This Row],[Flow_ID]]&"_"&"DM_"&Tab_Data_Flows[[#This Row],[Flow_Data_Year]] | AA6: =IF(E6="Yes",Y6*Tab_Data_Flows[[#This Row],[Flow_Material]],"N.A.") | AB6: =Tab_Data_Flows[[#This Row],[UoM_Flow_Py]] | AC6: =INDEX(Tab_Def_Flows[[Flow_ID]:[CC_DM_source]],MATCH(Tab_Data_Flows[[#This Row],[Flow_Name]],Tab_Def_Flows[Flow_Name],0),17) | AD6: =Tab_Data_Flows[[#This Row],[Flow_ID]]&"_"&"CC_"&Tab_Data_Flows[[#This Row],[Flow_Data_Year]] | AE6: =IF(F6="Yes",AC6*Tab_Data_Flows[[#This Row],[Flow_Material]]*Tab_Data_Flows[[#This Row],[DM_'[%']]],"N.A.") | AF6: =Tab_Data_Flows[[#This Row],[UoM_Flow_Py]]
A7: =ROW()-1 | B7: =_xlfn.XLOOKUP(C7,Tab_Def_Flows[Flow_Name],Tab_Def_Flows[Flow_ID],,0,) | C7: Atmosphere_Input_Cultivation_C | D7: =_xlfn.XLOOKUP(C7,Tab_Def_Flows[Flow_Name],Tab_Def_Flows[WC?],,0,) | E7: =_xlfn.XLOOKUP(C7,Tab_Def_Flows[Flow_Name],Tab_Def_Flows[DM?],,0,) | F7: =_xlfn.XLOOKUP(C7,Tab_Def_Flows[Flow_Name],Tab_Def_Flows[CC?],,0,) | G7: 2030 | H7: 406837.43 | I7: ='0_Configuration'!$C$35 | O7: No | R7: =Tab_Data_Flows[[#This Row],[Flow_ID]]&"_"&"material_"&Tab_Data_Flows[[#This Row],[Flow_Data_Year]] | S7: =IF(O7="no",H7,H7*P7) | T7: =Tab_Data_Flows[[#This Row],[UoM_Source]] | U7: =INDEX(Tab_Def_Flows[[Flow_ID]:[CC_DM_source]],MATCH(Tab_Data_Flows[[#This Row],[Flow_Name]],Tab_Def_Flows[Flow_Name],0),11) | V7: =Tab_Data_Flows[[#This Row],[Flow_ID]]&"_"&"WC_"&Tab_Data_Flows[[#This Row],[Flow_Data_Year]] | W7: =IF(D7="Yes",S7*Tab_Data_Flows[[#This Row],[WC_'[%']]],"N.A.") | X7: =Tab_Data_Flows[[#This Row],[UoM_Flow_Py]] | Y7: =INDEX(Tab_Def_Flows[[Flow_ID]:[CC_DM_source]],MATCH(Tab_Data_Flows[[#This Row],[Flow_Name]],Tab_Def_Flows[Flow_Name],0),14) | Z7: =Tab_Data_Flows[[#This Row],[Flow_ID]]&"_"&"DM_"&Tab_Data_Flows[[#This Row],[Flow_Data_Year]] | AA7: =IF(E7="Yes",Y7*Tab_Data_Flows[[#This Row],[Flow_Material]],"N.A.") | AB7: =Tab_Data_Flows[[#This Row],[UoM_Flow_Py]] | AC7: =INDEX(Tab_Def_Flows[[Flow_ID]:[CC_DM_source]],MATCH(Tab_Data_Flows[[#This Row],[Flow_Name]],Tab_Def_Flows[Flow_Name],0),17) | AD7: =Tab_Data_Flows[[#This Row],[Flow_ID]]&"_"&"CC_"&Tab_Data_Flows[[#This Row],[Flow_Data_Year]] | AE7: =IF(F7="Yes",AC7*Tab_Data_Flows[[#This Row],[Flow_Material]]*Tab_Data_Flows[[#This Row],[DM_'[%']]],"N.A.") | AF7: =Tab_Data_Flows[[#This Row],[UoM_Flow_Py]]
A8: =ROW()-1 | B8: =_xlfn.XLOOKUP(C8,Tab_Def_Flows[Flow_Name],Tab_Def_Flows[Flow_ID],,0,) | C8: Atmosphere_Input_Cultivation_C | D8: =_xlfn.XLOOKUP(C8,Tab_Def_Flows[Flow_Name],Tab_Def_Flows[WC?],,0,) | E8: =_xlfn.XLOOKUP(C8,Tab_Def_Flows[Flow_Name],Tab_Def_Flows[DM?],,0,) | F8: =_xlfn.XLOOKUP(C8,Tab_Def_Flows[Flow_Name],Tab_Def_Flows[CC?],,0,) | G8: 2031 | H8: 629829.38 | I8: ='0_Configuration'!$C$35 | O8: No | R8: =Tab_Data_Flows[[#This Row],[Flow_ID]]&"_"&"material_"&Tab_Data_Flows[[#This Row],[Flow_Data_Year]] | S8: =IF(O8="no",H8,H8*P8) | T8: =Tab_Data_Flows[[#This Row],[UoM_Source]] | U8: =INDEX(Tab_Def_Flows[[Flow_ID]:[CC_DM_source]],MATCH(Tab_Data_Flows[[#This Row],[Flow_Name]],Tab_Def_Flows[Flow_Name],0),11) | V8: =Tab_Data_Flows[[#This Row],[Flow_ID]]&"_"&"WC_"&Tab_Data_Flows[[#This Row],[Flow_Data_Year]] | W8: =IF(D8="Yes",S8*Tab_Data_Flows[[#This Row],[WC_'[%']]],"N.A.") | X8: =Tab_Data_Flows[[#This Row],[UoM_Flow_Py]] | Y8: =INDEX(Tab_Def_Flows[[Flow_ID]:[CC_DM_source]],MATCH(Tab_Data_Flows[[#This Row],[Flow_Name]],Tab_Def_Flows[Flow_Name],0),14) | Z8: =Tab_Data_Flows[[#This Row],[Flow_ID]]&"_"&"DM_"&Tab_Data_Flows[[#This Row],[Flow_Data_Year]] | AA8: =IF(E8="Yes",Y8*Tab_Data_Flows[[#This Row],[Flow_Material]],"N.A.") | AB8: =Tab_Data_Flows[[#This Row],[UoM_Flow_Py]] | AC8: =INDEX(Tab_Def_Flows[[Flow_ID]:[CC_DM_source]],MATCH(Tab_Data_Flows[[#This Row],[Flow_Name]],Tab_Def_Flows[Flow_Name],0),17) | AD8: =Tab_Data_Flows[[#This Row],[Flow_ID]]&"_"&"CC_"&Tab_Data_Flows[[#This Row],[Flow_Data_Year]] | AE8: =IF(F8="Yes",AC8*Tab_Data_Flows[[#This Row],[Flow_Material]]*Tab_Data_Flows[[#This Row],[DM_'[%']]],"N.A.") | AF8: =Tab_Data_Flows[[#This Row],[UoM_Flow_Py]]
A9: =ROW()-1 | B9: =_xlfn.XLOOKUP(C9,Tab_Def_Flows[Flow_Name],Tab_Def_Flows[Flow_ID],,0,) | C9: Atmosphere_Input_Cultivation_C | D9: =_xlfn.XLOOKUP(C9,Tab_Def_Flows[Flow_Name],Tab_Def_Flows[WC?],,0,) | E9: =_xlfn.XLOOKUP(C9,Tab_Def_Flows[Flow_Name],Tab_Def_Flows[DM?],,0,) | F9: =_xlfn.XLOOKUP(C9,Tab_Def_Flows[Flow_Name],Tab_Def_Flows[CC?],,0,) | G9: 2032 | H9: 530001.31 | I9: ='0_Configuration'!$C$35 | O9: No | R9: =Tab_Data_Flows[[#This Row],[Flow_ID]]&"_"&"material_"&Tab_Data_Flows[[#This Row],[Flow_Data_Year]] | S9: =IF(O9="no",H9,H9*P9) | T9: =Tab_Data_Flows[[#This Row],[UoM_Source]] | U9: =INDEX(Tab_Def_Flows[[Flow_ID]:[CC_DM_source]],MATCH(Tab_Data_Flows[[#This Row],[Flow_Name]],Tab_Def_Flows[Flow_Name],0),11) | V9: =Tab_Data_Flows[[#This Row],[Flow_ID]]&"_"&"WC_"&Tab_Data_Flows[[#This Row],[Flow_Data_Year]] | W9: =IF(D9="Yes",S9*Tab_Data_Flows[[#This Row],[WC_'[%']]],"N.A.") | X9: =Tab_Data_Flows[[#This Row],[UoM_Flow_Py]] | Y9: =INDEX(Tab_Def_Flows[[Flow_ID]:[CC_DM_source]],MATCH(Tab_Data_Flows[[#This Row],[Flow_Name]],Tab_Def_Flows[Flow_Name],0),14) | Z9: =Tab_Data_Flows[[#This Row],[Flow_ID]]&"_"&"DM_"&Tab_Data_Flows[[#This Row],[Flow_Data_Year]] | AA9: =IF(E9="Yes",Y9*Tab_Data_Flows[[#This Row],[Flow_Material]],"N.A.") | AB9: =Tab_Data_Flows[[#This Row],[UoM_Flow_Py]] | AC9: =INDEX(Tab_Def_Flows[[Flow_ID]:[CC_DM_source]],MATCH(Tab_Data_Flows[[#This Row],[Flow_Name]],Tab_Def_Flows[Flow_Name],0),17) | AD9: =Tab_Data_Flows[[#This Row],[Flow_ID]]&"_"&"CC_"&Tab_Data_Flows[[#This Row],[Flow_Data_Year]] | AE9: =IF(F9="Yes",AC9*Tab_Data_Flows[[#This Row],[Flow_Material]]*Tab_Data_Flows[[#This Row],[DM_'[%']]],"N.A.") | AF9: =Tab_Data_Flows[[#This Row],[UoM_Flow_Py]]
A10: =ROW()-1 | B10: =_xlfn.XLOOKUP(C10,Tab_Def_Flows[Flow_Name],Tab_Def_Flows[Flow_ID],,0,) | C10: Atmosphere_Input_Cultivation_C | D10: =_xlfn.XLOOKUP(C10,Tab_Def_Flows[Flow_Name],Tab_Def_Flows[WC?],,0,) | E10: =_xlfn.XLOOKUP(C10,Tab_Def_Flows[Flow_Name],Tab_Def_Flows[DM?],,0,) | F10: =_xlfn.XLOOKUP(C10,Tab_Def_Flows[Flow_Name],Tab_Def_Flows[CC?],,0,) | G10: 2033 | H10: 377898.85 | I10: ='0_Configuration'!$C$35 | O10: No | R10: =Tab_Data_Flows[[#This Row],[Flow_ID]]&"_"&"material_"&Tab_Data_Flows[[#This Row],[Flow_Data_Year]] | S10: =IF(O10="no",H10,H10*P10) | T10: =Tab_Data_Flows[[#This Row],[UoM_Source]] | U10: =INDEX(Tab_Def_Flows[[Flow_ID]:[CC_DM_source]],MATCH(Tab_Data_Flows[[#This Row],[Flow_Name]],Tab_Def_Flows[Flow_Name],0),11) | V10: =Tab_Data_Flows[[#This Row],[Flow_ID]]&"_"&"WC_"&Tab_Data_Flows[[#This Row],[Flow_Data_Year]] | W10: =IF(D10="Yes",S10*Tab_Data_Flows[[#This Row],[WC_'[%']]],"N.A.") | X10: =Tab_Data_Flows[[#This Row],[UoM_Flow_Py]] | Y10: =INDEX(Tab_Def_Flows[[Flow_ID]:[CC_DM_source]],MATCH(Tab_Data_Flows[[#This Row],[Flow_Name]],Tab_Def_Flows[Flow_Name],0),14) | Z10: =Tab_Data_Flows[[#This Row],[Flow_ID]]&"_"&"DM_"&Tab_Data_Flows[[#This Row],[Flow_Data_Year]] | AA10: =IF(E10="Yes",Y10*Tab_Data_Flows[[#This Row],[Flow_Material]],"N.A.") | AB10: =Tab_Data_Flows[[#This Row],[UoM_Flow_Py]] | AC10: =INDEX(Tab_Def_Flows[[Flow_ID]:[CC_DM_source]],MATCH(Tab_Data_Flows[[#This Row],[Flow_Name]],Tab_Def_Flows[Flow_Name],0),17) | AD10: =Tab_Data_Flows[[#This Row],[Flow_ID]]&"_"&"CC_"&Tab_Data_Flows[[#This Row],[Flow_Data_Year]] | AE10: =IF(F10="Yes",AC10*Tab_Data_Flows[[#This Row],[Flow_Material]]*Tab_Data_Flows[[#This Row],[DM_'[%']]],"N.A.") | AF10: =Tab_Data_Flows[[#This Row],[UoM_Flow_Py]]
A11: =ROW()-1 | B11: =_xlfn.XLOOKUP(C11,Tab_Def_Flows[Flow_Name],Tab_Def_Flows[Flow_ID],,0,) | C11: Atmosphere_Input_Cultivation_C | D11: =_xlfn.XLOOKUP(C11,Tab_Def_Flows[Flow_Name],Tab_Def_Flows[WC?],,0,) | E11: =_xlfn.XLOOKUP(C11,Tab_Def_Flows[Flow_Name],Tab_Def_Flows[DM?],,0,) | F11: =_xlfn.XLOOKUP(C11,Tab_Def_Flows[Flow_Name],Tab_Def_Flows[CC?],,0,) | G11: 2034 | H11: 502352.4 | I11: ='0_Configuration'!$C$35 | O11: No | R11: =Tab_Data_Flows[[#This Row],[Flow_ID]]&"_"&"material_"&Tab_Data_Flows[[#This Row],[Flow_Data_Year]] | S11: =IF(O11="no",H11,H11*P11) | T11: =Tab_Data_Flows[[#This Row],[UoM_Source]] | U11: =INDEX(Tab_Def_Flows[[Flow_ID]:[CC_DM_source]],MATCH(Tab_Data_Flows[[#This Row],[Flow_Name]],Tab_Def_Flows[Flow_Name],0),11) | V11: =Tab_Data_Flows[[#This Row],[Flow_ID]]&"_"&"WC_"&Tab_Data_Flows[[#This Row],[Flow_Data_Year]] | W11: =IF(D11="Yes",S11*Tab_Data_Flows[[#This Row],[WC_'[%']]],"N.A.") | X11: =Tab_Data_Flows[[#This Row],[UoM_Flow_Py]] | Y11: =INDEX(Tab_Def_Flows[[Flow_ID]:[CC_DM_source]],MATCH(Tab_Data_Flows[[#This Row],[Flow_Name]],Tab_Def_Flows[Flow_Name],0),14) | Z11: =Tab_Data_Flows[[#This Row],[Flow_ID]]&"_"&"DM_"&Tab_Data_Flows[[#This Row],[Flow_Data_Year]] | AA11: =IF(E11="Yes",Y11*Tab_Data_Flows[[#This Row],[Flow_Material]],"N.A.") | AB11: =Tab_Data_Flows[[#This Row],[UoM_Flow_Py]] | AC11: =INDEX(Tab_Def_Flows[[Flow_ID]:[CC_DM_source]],MATCH(Tab_Data_Flows[[#This Row],[Flow_Name]],Tab_Def_Flows[Flow_Name],0),17) | AD11: =Tab_Data_Flows[[#This Row],[Flow_ID]]&"_"&"CC_"&Tab_Data_Flows[[#This Row],[Flow_Data_Year]] | AE11: =IF(F11="Yes",AC11*Tab_Data_Flows[[#This Row],[Flow_Material]]*Tab_Data_Flows[[#This Row],[DM_'[%']]],"N.A.") | AF11: =Tab_Data_Flows[[#This Row],[UoM_Flow_Py]]
A12: =ROW()-1 | B12: =_xlfn.XLOOKUP(C12,Tab_Def_Flows[Flow_Name],Tab_Def_Flows[Flow_ID],,0,) | C12: Atmosphere_Input_Cultivation_C | D12: =_xlfn.XLOOKUP(C12,Tab_Def_Flows[Flow_Name],Tab_Def_Flows[WC?],,0,) | E12: =_xlfn.XLOOKUP(C12,Tab_Def_Flows[Flow_Name],Tab_Def_Flows[DM?],,0,) | F12: =_xlfn.XLOOKUP(C12,Tab_Def_Flows[Flow_Name],Tab_Def_Flows[CC?],,0,) | G12: 2035 | H12: 378641.02 | I12: ='0_Configuration'!$C$35 | O12: No | R12: =Tab_Data_Flows[[#This Row],[Flow_ID]]&"_"&"material_"&Tab_Data_Flows[[#This Row],[Flow_Data_Year]] | S12: =IF(O12="no",H12,H12*P12) | T12: =Tab_Data_Flows[[#This Row],[UoM_Source]] | U12: =INDEX(Tab_Def_Flows[[Flow_ID]:[CC_DM_source]],MATCH(Tab_Data_Flows[[#This Row],[Flow_Name]],Tab_Def_Flows[Flow_Name],0),11) | V12: =Tab_Data_Flows[[#This Row],[Flow_ID]]&"_"&"WC_"&Tab_Data_Flows[[#This Row],[Flow_Data_Year]] | W12: =IF(D12="Yes",S12*Tab_Data_Flows[[#This Row],[WC_'[%']]],"N.A.") | X12: =Tab_Data_Flows[[#This Row],[UoM_Flow_Py]] | Y12: =INDEX(Tab_Def_Flows[[Flow_ID]:[CC_DM_source]],MATCH(Tab_Data_Flows[[#This Row],[Flow_Name]],Tab_Def_Flows[Flow_Name],0),14) | Z12: =Tab_Data_Flows[[#This Row],[Flow_ID]]&"_"&"DM_"&Tab_Data_Flows[[#This Row],[Flow_Data_Year]] | AA12: =IF(E12="Yes",Y12*Tab_Data_Flows[[#This Row],[Flow_Material]],"N.A.") | AB12: =Tab_Data_Flows[[#This Row],[UoM_Flow_Py]] | AC12: =INDEX(Tab_Def_Flows[[Flow_ID]:[CC_DM_source]],MATCH(Tab_Data_Flows[[#This Row],[Flow_Name]],Tab_Def_Flows[Flow_Name],0),17) | AD12: =Tab_Data_Flows[[#This Row],[Flow_ID]]&"_"&"CC_"&Tab_Data_Flows[[#This Row],[Flow_Data_Year]] | AE12: =IF(F12="Yes",AC12*Tab_Data_Flows[[#This Row],[Flow_Material]]*Tab_Data_Flows[[#This Row],[DM_'[%']]],"N.A.") | AF12: =Tab_Data_Flows[[#This Row],[UoM_Flow_Py]]
A13: =ROW()-1 | B13: =_xlfn.XLOOKUP(C13,Tab_Def_Flows[Flow_Name],Tab_Def_Flows[Flow_ID],,0,) | C13: Atmosphere_Input_Cultivation_C | D13: =_xlfn.XLOOKUP(C13,Tab_Def_Flows[Flow_Name],Tab_Def_Flows[WC?],,0,) | E13: =_xlfn.XLOOKUP(C13,Tab_Def_Flows[Flow_Name],Tab_Def_Flows[DM?],,0,) | F13: =_xlfn.XLOOKUP(C13,Tab_Def_Flows[Flow_Name],Tab_Def_Flows[CC?],,0,) | G13: 2036 | H13: 378355.1 | I13: ='0_Configuration'!$C$35 | O13: No | R13: =Tab_Data_Flows[[#This Row],[Flow_ID]]&"_"&"material_"&Tab_Data_Flows[[#This Row],[Flow_Data_Year]] | S13: =IF(O13="no",H13,H13*P13) | T13: =Tab_Data_Flows[[#This Row],[UoM_Source]] | U13: =INDEX(Tab_Def_Flows[[Flow_ID]:[CC_DM_source]],MATCH(Tab_Data_Flows[[#This Row],[Flow_Name]],Tab_Def_Flows[Flow_Name],0),11) | V13: =Tab_Data_Flows[[#This Row],[Flow_ID]]&"_"&"WC_"&Tab_Data_Flows[[#This Row],[Flow_Data_Year]] | W13: =IF(D13="Yes",S13*Tab_Data_Flows[[#This Row],[WC_'[%']]],"N.A.") | X13: =Tab_Data_Flows[[#This Row],[UoM_Flow_Py]] | Y13: =INDEX(Tab_Def_Flows[[Flow_ID]:[CC_DM_source]],MATCH(Tab_Data_Flows[[#This Row],[Flow_Name]],Tab_Def_Flows[Flow_Name],0),14) | Z13: =Tab_Data_Flows[[#This Row],[Flow_ID]]&"_"&"DM_"&Tab_Data_Flows[[#This Row],[Flow_Data_Year]] | AA13: =IF(E13="Yes",Y13*Tab_Data_Flows[[#This Row],[Flow_Material]],"N.A.") | AB13: =Tab_Data_Flows[[#This Row],[UoM_Flow_Py]] | AC13: =INDEX(Tab_Def_Flows[[Flow_ID]:[CC_DM_source]],MATCH(Tab_Data_Flows[[#This Row],[Flow_Name]],Tab_Def_Flows[Flow_Name],0),17) | AD13: =Tab_Data_Flows[[#This Row],[Flow_ID]]&"_"&"CC_"&Tab_Data_Flows[[#This Row],[Flow_Data_Year]] | AE13: =IF(F13="Yes",AC13*Tab_Data_Flows[[#This Row],[Flow_Material]]*Tab_Data_Flows[[#This Row],[DM_'[%']]],"N.A.") | AF13: =Tab_Data_Flows[[#This Row],[UoM_Flow_Py]]
... A183: =ROW()-1 | B183: =_xlfn.XLOOKUP(C183,Tab_Def_Flows[Flow_Name],Tab_Def_Flows[Flow_ID],,0,) | C183: Environment_Input_MBC_production_E | D183: =_xlfn.XLOOKUP(C183,Tab_Def_Flows[Flow_Name],Tab_Def_Flows[WC?],,0,) | E183: =_xlfn.XLOOKUP(C183,Tab_Def_Flows[Flow_Name],Tab_Def_Flows[DM?],,0,) | F183: =_xlfn.XLOOKUP(C183,Tab_Def_Flows[Flow_Name],Tab_Def_Flows[CC?],,0,) | G183: 2050 | H183: 24433.919 | I183: ='0_Configuration'!$C$35 | O183: No | R183: =Tab_Data_Flows[[#This Row],[Flow_ID]]&"_"&"material_"&Tab_Data_Flows[[#This Row],[Flow_Data_Year]] | S183: =IF(O183="no",H183,H183*P183) | T183: =Tab_Data_Flows[[#This Row],[UoM_Source]] | U183: =INDEX(Tab_Def_Flows[[Flow_ID]:[CC_DM_source]],MATCH(Tab_Data_Flows[[#This Row],[Flow_Name]],Tab_Def_Flows[Flow_Name],0),11) | V183: =Tab_Data_Flows[[#This Row],[Flow_ID]]&"_"&"WC_"&Tab_Data_Flows[[#This Row],[Flow_Data_Year]] | W183: =IF(D183="Yes",S183*Tab_Data_Flows[[#This Row],[WC_'[%']]],"N.A.") | X183: =Tab_Data_Flows[[#This Row],[UoM_Flow_Py]] | Y183: =INDEX(Tab_Def_Flows[[Flow_ID]:[CC_DM_source]],MATCH(Tab_Data_Flows[[#This Row],[Flow_Name]],Tab_Def_Flows[Flow_Name],0),14) | Z183: =Tab_Data_Flows[[#This Row],[Flow_ID]]&"_"&"DM_"&Tab_Data_Flows[[#This Row],[Flow_Data_Year]] | AA183: =IF(E183="Yes",Y183*Tab_Data_Flows[[#This Row],[Flow_Material]],"N.A.") | AB183: =Tab_Data_Flows[[#This Row],[UoM_Flow_Py]] | AC183: =INDEX(Tab_Def_Flows[[Flow_ID]:[CC_DM_source]],MATCH(Tab_Data_Flows[[#This Row],[Flow_Name]],Tab_Def_Flows[Flow_Name],0),17) | AD183: =Tab_Data_Flows[[#This Row],[Flow_ID]]&"_"&"CC_"&Tab_Data_Flows[[#This Row],[Flow_Data_Year]] | AE183: =IF(F183="Yes",AC183*Tab_Data_Flows[[#This Row],[Flow_Material]]*Tab_Data_Flows[[#This Row],[DM_'[%']]],"N.A.") | AF183: =Tab_Data_Flows[[#This Row],[UoM_Flow_Py]]
A184: =ROW()-1 | B184: =_xlfn.XLOOKUP(C184,Tab_Def_Flows[Flow_Name],Tab_Def_Flows[Flow_ID],,0,) | C184: N.A. | D184: =_xlfn.XLOOKUP(C184,Tab_Def_Flows[Flow_Name],Tab_Def_Flows[WC?],,0,) | E184: =_xlfn.XLOOKUP(C184,Tab_Def_Flows[Flow_Name],Tab_Def_Flows[DM?],,0,) | F184: =_xlfn.XLOOKUP(C184,Tab_Def_Flows[Flow_Name],Tab_Def_Flows[CC?],,0,) | I184: ='0_Configuration'!$C$35 | O184: No | R184: =Tab_Data_Flows[[#This Row],[Flow_ID]]&"_"&"material_"&Tab_Data_Flows[[#This Row],[Flow_Data_Year]] | S184: =IF(O184="no",H184,H184*P184) | T184: =Tab_Data_Flows[[#This Row],[UoM_Source]] | U184: =INDEX(Tab_Def_Flows[[Flow_ID]:[CC_DM_source]],MATCH(Tab_Data_Flows[[#This Row],[Flow_Name]],Tab_Def_Flows[Flow_Name],0),11) | V184: =Tab_Data_Flows[[#This Row],[Flow_ID]]&"_"&"WC_"&Tab_Data_Flows[[#This Row],[Flow_Data_Year]] | W184: =IF(D184="Yes",S184*Tab_Data_Flows[[#This Row],[WC_'[%']]],"N.A.") | X184: =Tab_Data_Flows[[#This Row],[UoM_Flow_Py]] | Y184: =INDEX(Tab_Def_Flows[[Flow_ID]:[CC_DM_source]],MATCH(Tab_Data_Flows[[#This Row],[Flow_Name]],Tab_Def_Flows[Flow_Name],0),14) | Z184: =Tab_Data_Flows[[#This Row],[Flow_ID]]&"_"&"DM_"&Tab_Data_Flows[[#This Row],[Flow_Data_Year]] | AA184: =IF(E184="Yes",Y184*Tab_Data_Flows[[#This Row],[Flow_Material]],"N.A.") | AB184: =Tab_Data_Flows[[#This Row],[UoM_Flow_Py]] | AC184: =INDEX(Tab_Def_Flows[[Flow_ID]:[CC_DM_source]],MATCH(Tab_Data_Flows[[#This Row],[Flow_Name]],Tab_Def_Flows[Flow_Name],0),17) | AD184: =Tab_Data_Flows[[#This Row],[Flow_ID]]&"_"&"CC_"&Tab_Data_Flows[[#This Row],[Flow_Data_Year]] | AE184: =IF(F184="Yes",AC184*Tab_Data_Flows[[#This Row],[Flow_Material]]*Tab_Data_Flows[[#This Row],[DM_'[%']]],"N.A.") | AF184: =Tab_Data_Flows[[#This Row],[UoM_Flow_Py]]
A185: =ROW()-1 | B185: =_xlfn.XLOOKUP(C185,Tab_Def_Flows[Flow_Name],Tab_Def_Flows[Flow_ID],,0,) | C185: N.A. | D185: =_xlfn.XLOOKUP(C185,Tab_Def_Flows[Flow_Name],Tab_Def_Flows[WC?],,0,) | E185: =_xlfn.XLOOKUP(C185,Tab_Def_Flows[Flow_Name],Tab_Def_Flows[DM?],,0,) | F185: =_xlfn.XLOOKUP(C185,Tab_Def_Flows[Flow_Name],Tab_Def_Flows[CC?],,0,) | I185: ='0_Configuration'!$C$35 | O185: No | R185: =Tab_Data_Flows[[#This Row],[Flow_ID]]&"_"&"material_"&Tab_Data_Flows[[#This Row],[Flow_Data_Year]] | S185: =IF(O185="no",H185,H185*P185) | T185: =Tab_Data_Flows[[#This Row],[UoM_Source]] | U185: =INDEX(Tab_Def_Flows[[Flow_ID]:[CC_DM_source]],MATCH(Tab_Data_Flows[[#This Row],[Flow_Name]],Tab_Def_Flows[Flow_Name],0),11) | V185: =Tab_Data_Flows[[#This Row],[Flow_ID]]&"_"&"WC_"&Tab_Data_Flows[[#This Row],[Flow_Data_Year]] | W185: =IF(D185="Yes",S185*Tab_Data_Flows[[#This Row],[WC_'[%']]],"N.A.") | X185: =Tab_Data_Flows[[#This Row],[UoM_Flow_Py]] | Y185: =INDEX(Tab_Def_Flows[[Flow_ID]:[CC_DM_source]],MATCH(Tab_Data_Flows[[#This Row],[Flow_Name]],Tab_Def_Flows[Flow_Name],0),14) | Z185: =Tab_Data_Flows[[#This Row],[Flow_ID]]&"_"&"DM_"&Tab_Data_Flows[[#This Row],[Flow_Data_Year]] | AA185: =IF(E185="Yes",Y185*Tab_Data_Flows[[#This Row],[Flow_Material]],"N.A.") | AB185: =Tab_Data_Flows[[#This Row],[UoM_Flow_Py]] | AC185: =INDEX(Tab_Def_Flows[[Flow_ID]:[CC_DM_source]],MATCH(Tab_Data_Flows[[#This Row],[Flow_Name]],Tab_Def_Flows[Flow_Name],0),17) | AD185: =Tab_Data_Flows[[#This Row],[Flow_ID]]&"_"&"CC_"&Tab_Data_Flows[[#This Row],[Flow_Data_Year]] | AE185: =IF(F185="Yes",AC185*Tab_Data_Flows[[#This Row],[Flow_Material]]*Tab_Data_Flows[[#This Row],[DM_'[%']]],"N.A.") | AF185: =Tab_Data_Flows[[#This Row],[UoM_Flow_Py]]
A186: =ROW()-1 | B186: =_xlfn.XLOOKUP(C186,Tab_Def_Flows[Flow_Name],Tab_Def_Flows[Flow_ID],,0,) | C186: N.A. | D186: =_xlfn.XLOOKUP(C186,Tab_Def_Flows[Flow_Name],Tab_Def_Flows[WC?],,0,) | E186: =_xlfn.XLOOKUP(C186,Tab_Def_Flows[Flow_Name],Tab_Def_Flows[DM?],,0,) | F186: =_xlfn.XLOOKUP(C186,Tab_Def_Flows[Flow_Name],Tab_Def_Flows[CC?],,0,) | I186: ='0_Configuration'!$C$35 | O186: No | R186: =Tab_Data_Flows[[#This Row],[Flow_ID]]&"_"&"material_"&Tab_Data_Flows[[#This Row],[Flow_Data_Year]] | S186: =IF(O186="no",H186,H186*P186) | T186: =Tab_Data_Flows[[#This Row],[UoM_Source]] | U186: =INDEX(Tab_Def_Flows[[Flow_ID]:[CC_DM_source]],MATCH(Tab_Data_Flows[[#This Row],[Flow_Name]],Tab_Def_Flows[Flow_Name],0),11) | V186: =Tab_Data_Flows[[#This Row],[Flow_ID]]&"_"&"WC_"&Tab_Data_Flows[[#This Row],[Flow_Data_Year]] | W186: =IF(D186="Yes",S186*Tab_Data_Flows[[#This Row],[WC_'[%']]],"N.A.") | X186: =Tab_Data_Flows[[#This Row],[UoM_Flow_Py]] | Y186: =INDEX(Tab_Def_Flows[[Flow_ID]:[CC_DM_source]],MATCH(Tab_Data_Flows[[#This Row],[Flow_Name]],Tab_Def_Flows[Flow_Name],0),14) | Z186: =Tab_Data_Flows[[#This Row],[Flow_ID]]&"_"&"DM_"&Tab_Data_Flows[[#This Row],[Flow_Data_Year]] | AA186: =IF(E186="Yes",Y186*Tab_Data_Flows[[#This Row],[Flow_Material]],"N.A.") | AB186: =Tab_Data_Flows[[#This Row],[UoM_Flow_Py]] | AC186: =INDEX(Tab_Def_Flows[[Flow_ID]:[CC_DM_source]],MATCH(Tab_Data_Flows[[#This Row],[Flow_Name]],Tab_Def_Flows[Flow_Name],0),17) | AD186: =Tab_Data_Flows[[#This Row],[Flow_ID]]&"_"&"CC_"&Tab_Data_Flows[[#This Row],[Flow_Data_Year]] | AE186: =IF(F186="Yes",AC186*Tab_Data_Flows[[#This Row],[Flow_Material]]*Tab_Data_Flows[[#This Row],[DM_'[%']]],"N.A.") | AF186: =Tab_Data_Flows[[#This Row],[UoM_Flow_Py]]
A187: =ROW()-1 | B187: =_xlfn.XLOOKUP(C187,Tab_Def_Flows[Flow_Name],Tab_Def_Flows[Flow_ID],,0,) | C187: N.A. | D187: =_xlfn.XLOOKUP(C187,Tab_Def_Flows[Flow_Name],Tab_Def_Flows[WC?],,0,) | E187: =_xlfn.XLOOKUP(C187,Tab_Def_Flows[Flow_Name],Tab_Def_Flows[DM?],,0,) | F187: =_xlfn.XLOOKUP(C187,Tab_Def_Flows[Flow_Name],Tab_Def_Flows[CC?],,0,) | I187: ='0_Configuration'!$C$35 | O187: No | R187: =Tab_Data_Flows[[#This Row],[Flow_ID]]&"_"&"material_"&Tab_Data_Flows[[#This Row],[Flow_Data_Year]] | S187: =IF(O187="no",H187,H187*P187) | T187: =Tab_Data_Flows[[#This Row],[UoM_Source]] | U187: =INDEX(Tab_Def_Flows[[Flow_ID]:[CC_DM_source]],MATCH(Tab_Data_Flows[[#This Row],[Flow_Name]],Tab_Def_Flows[Flow_Name],0),11) | V187: =Tab_Data_Flows[[#This Row],[Flow_ID]]&"_"&"WC_"&Tab_Data_Flows[[#This Row],[Flow_Data_Year]] | W187: =IF(D187="Yes",S187*Tab_Data_Flows[[#This Row],[WC_'[%']]],"N.A.") | X187: =Tab_Data_Flows[[#This Row],[UoM_Flow_Py]] | Y187: =INDEX(Tab_Def_Flows[[Flow_ID]:[CC_DM_source]],MATCH(Tab_Data_Flows[[#This Row],[Flow_Name]],Tab_Def_Flows[Flow_Name],0),14) | Z187: =Tab_Data_Flows[[#This Row],[Flow_ID]]&"_"&"DM_"&Tab_Data_Flows[[#This Row],[Flow_Data_Year]] | AA187: =IF(E187="Yes",Y187*Tab_Data_Flows[[#This Row],[Flow_Material]],"N.A.") | AB187: =Tab_Data_Flows[[#This Row],[UoM_Flow_Py]] | AC187: =INDEX(Tab_Def_Flows[[Flow_ID]:[CC_DM_source]],MATCH(Tab_Data_Flows[[#This Row],[Flow_Name]],Tab_Def_Flows[Flow_Name],0),17) | AD187: =Tab_Data_Flows[[#This Row],[Flow_ID]]&"_"&"CC_"&Tab_Data_Flows[[#This Row],[Flow_Data_Year]] | AE187: =IF(F187="Yes",AC187*Tab_Data_Flows[[#This Row],[Flow_Material]]*Tab_Data_Flows[[#This Row],[DM_'[%']]],"N.A.") | AF187: =Tab_Data_Flows[[#This Row],[UoM_Flow_Py]]
A188: =ROW()-1 | B188: =_xlfn.XLOOKUP(C188,Tab_Def_Flows[Flow_Name],Tab_Def_Flows[Flow_ID],,0,) | C188: N.A. | D188: =_xlfn.XLOOKUP(C188,Tab_Def_Flows[Flow_Name],Tab_Def_Flows[WC?],,0,) | E188: =_xlfn.XLOOKUP(C188,Tab_Def_Flows[Flow_Name],Tab_Def_Flows[DM?],,0,) | F188: =_xlfn.XLOOKUP(C188,Tab_Def_Flows[Flow_Name],Tab_Def_Flows[CC?],,0,) | I188: ='0_Configuration'!$C$35 | O188: No | R188: =Tab_Data_Flows[[#This Row],[Flow_ID]]&"_"&"material_"&Tab_Data_Flows[[#This Row],[Flow_Data_Year]] | S188: =IF(O188="no",H188,H188*P188) | T188: =Tab_Data_Flows[[#This Row],[UoM_Source]] | U188: =INDEX(Tab_Def_Flows[[Flow_ID]:[CC_DM_source]],MATCH(Tab_Data_Flows[[#This Row],[Flow_Name]],Tab_Def_Flows[Flow_Name],0),11) | V188: =Tab_Data_Flows[[#This Row],[Flow_ID]]&"_"&"WC_"&Tab_Data_Flows[[#This Row],[Flow_Data_Year]] | W188: =IF(D188="Yes",S188*Tab_Data_Flows[[#This Row],[WC_'[%']]],"N.A.") | X188: =Tab_Data_Flows[[#This Row],[UoM_Flow_Py]] | Y188: =INDEX(Tab_Def_Flows[[Flow_ID]:[CC_DM_source]],MATCH(Tab_Data_Flows[[#This Row],[Flow_Name]],Tab_Def_Flows[Flow_Name],0),14) | Z188: =Tab_Data_Flows[[#This Row],[Flow_ID]]&"_"&"DM_"&Tab_Data_Flows[[#This Row],[Flow_Data_Year]] | AA188: =IF(E188="Yes",Y188*Tab_Data_Flows[[#This Row],[Flow_Material]],"N.A.") | AB188: =Tab_Data_Flows[[#This Row],[UoM_Flow_Py]] | AC188: =INDEX(Tab_Def_Flows[[Flow_ID]:[CC_DM_source]],MATCH(Tab_Data_Flows[[#This Row],[Flow_Name]],Tab_Def_Flows[Flow_Name],0),17) | AD188: =Tab_Data_Flows[[#This Row],[Flow_ID]]&"_"&"CC_"&Tab_Data_Flows[[#This Row],[Flow_Data_Year]] | AE188: =IF(F188="Yes",AC188*Tab_Data_Flows[[#This Row],[Flow_Material]]*Tab_Data_Flows[[#This Row],[DM_'[%']]],"N.A.") | AF188: =Tab_Data_Flows[[#This Row],[UoM_Flow_Py]]
A189: =ROW()-1 | B189: =_xlfn.XLOOKUP(C189,Tab_Def_Flows[Flow_Name],Tab_Def_Flows[Flow_ID],,0,) | C189: N.A. | D189: =_xlfn.XLOOKUP(C189,Tab_Def_Flows[Flow_Name],Tab_Def_Flows[WC?],,0,) | E189: =_xlfn.XLOOKUP(C189,Tab_Def_Flows[Flow_Name],Tab_Def_Flows[DM?],,0,) | F189: =_xlfn.XLOOKUP(C189,Tab_Def_Flows[Flow_Name],Tab_Def_Flows[CC?],,0,) | I189: ='0_Configuration'!$C$35 | O189: No | R189: =Tab_Data_Flows[[#This Row],[Flow_ID]]&"_"&"material_"&Tab_Data_Flows[[#This Row],[Flow_Data_Year]] | S189: =IF(O189="no",H189,H189*P189) | T189: =Tab_Data_Flows[[#This Row],[UoM_Source]] | U189: =INDEX(Tab_Def_Flows[[Flow_ID]:[CC_DM_source]],MATCH(Tab_Data_Flows[[#This Row],[Flow_Name]],Tab_Def_Flows[Flow_Name],0),11) | V189: =Tab_Data_Flows[[#This Row],[Flow_ID]]&"_"&"WC_"&Tab_Data_Flows[[#This Row],[Flow_Data_Year]] | W189: =IF(D189="Yes",S189*Tab_Data_Flows[[#This Row],[WC_'[%']]],"N.A.") | X189: =Tab_Data_Flows[[#This Row],[UoM_Flow_Py]] | Y189: =INDEX(Tab_Def_Flows[[Flow_ID]:[CC_DM_source]],MATCH(Tab_Data_Flows[[#This Row],[Flow_Name]],Tab_Def_Flows[Flow_Name],0),14) | Z189: =Tab_Data_Flows[[#This Row],[Flow_ID]]&"_"&"DM_"&Tab_Data_Flows[[#This Row],[Flow_Data_Year]] | AA189: =IF(E189="Yes",Y189*Tab_Data_Flows[[#This Row],[Flow_Material]],"N.A.") | AB189: =Tab_Data_Flows[[#This Row],[UoM_Flow_Py]] | AC189: =INDEX(Tab_Def_Flows[[Flow_ID]:[CC_DM_source]],MATCH(Tab_Data_Flows[[#This Row],[Flow_Name]],Tab_Def_Flows[Flow_Name],0),17) | AD189: =Tab_Data_Flows[[#This Row],[Flow_ID]]&"_"&"CC_"&Tab_Data_Flows[[#This Row],[Flow_Data_Year]] | AE189: =IF(F189="Yes",AC189*Tab_Data_Flows[[#This Row],[Flow_Material]]*Tab_Data_Flows[[#This Row],[DM_'[%']]],"N.A.") | AF189: =Tab_Data_Flows[[#This Row],[UoM_Flow_Py]]
A190: =ROW()-1 | B190: =_xlfn.XLOOKUP(C190,Tab_Def_Flows[Flow_Name],Tab_Def_Flows[Flow_ID],,0,) | C190: N.A. | D190: =_xlfn.XLOOKUP(C190,Tab_Def_Flows[Flow_Name],Tab_Def_Flows[WC?],,0,) | E190: =_xlfn.XLOOKUP(C190,Tab_Def_Flows[Flow_Name],Tab_Def_Flows[DM?],,0,) | F190: =_xlfn.XLOOKUP(C190,Tab_Def_Flows[Flow_Name],Tab_Def_Flows[CC?],,0,) | I190: ='0_Configuration'!$C$35 | O190: No | R190: =Tab_Data_Flows[[#This Row],[Flow_ID]]&"_"&"material_"&Tab_Data_Flows[[#This Row],[Flow_Data_Year]] | S190: =IF(O190="no",H190,H190*P190) | T190: =Tab_Data_Flows[[#This Row],[UoM_Source]] | U190: =INDEX(Tab_Def_Flows[[Flow_ID]:[CC_DM_source]],MATCH(Tab_Data_Flows[[#This Row],[Flow_Name]],Tab_Def_Flows[Flow_Name],0),11) | V190: =Tab_Data_Flows[[#This Row],[Flow_ID]]&"_"&"WC_"&Tab_Data_Flows[[#This Row],[Flow_Data_Year]] | W190: =IF(D190="Yes",S190*Tab_Data_Flows[[#This Row],[WC_'[%']]],"N.A.") | X190: =Tab_Data_Flows[[#This Row],[UoM_Flow_Py]] | Y190: =INDEX(Tab_Def_Flows[[Flow_ID]:[CC_DM_source]],MATCH(Tab_Data_Flows[[#This Row],[Flow_Name]],Tab_Def_Flows[Flow_Name],0),14) | Z190: =Tab_Data_Flows[[#This Row],[Flow_ID]]&"_"&"DM_"&Tab_Data_Flows[[#This Row],[Flow_Data_Year]] | AA190: =IF(E190="Yes",Y190*Tab_Data_Flows[[#This Row],[Flow_Material]],"N.A.") | AB190: =Tab_Data_Flows[[#This Row],[UoM_Flow_Py]] | AC190: =INDEX(Tab_Def_Flows[[Flow_ID]:[CC_DM_source]],MATCH(Tab_Data_Flows[[#This Row],[Flow_Name]],Tab_Def_Flows[Flow_Name],0),17) | AD190: =Tab_Data_Flows[[#This Row],[Flow_ID]]&"_"&"CC_"&Tab_Data_Flows[[#This Row],[Flow_Data_Year]] | AE190: =IF(F190="Yes",AC190*Tab_Data_Flows[[#This Row],[Flow_Material]]*Tab_Data_Flows[[#This Row],[DM_'[%']]],"N.A.") | AF190: =Tab_Data_Flows[[#This Row],[UoM_Flow_Py]]
A191: =ROW()-1 | B191: =_xlfn.XLOOKUP(C191,Tab_Def_Flows[Flow_Name],Tab_Def_Flows[Flow_ID],,0,) | C191: N.A. | D191: =_xlfn.XLOOKUP(C191,Tab_Def_Flows[Flow_Name],Tab_Def_Flows[WC?],,0,) | E191: =_xlfn.XLOOKUP(C191,Tab_Def_Flows[Flow_Name],Tab_Def_Flows[DM?],,0,) | F191: =_xlfn.XLOOKUP(C191,Tab_Def_Flows[Flow_Name],Tab_Def_Flows[CC?],,0,) | I191: ='0_Configuration'!$C$35 | O191: No | R191: =Tab_Data_Flows[[#This Row],[Flow_ID]]&"_"&"material_"&Tab_Data_Flows[[#This Row],[Flow_Data_Year]] | S191: =IF(O191="no",H191,H191*P191) | T191: =Tab_Data_Flows[[#This Row],[UoM_Source]] | U191: =INDEX(Tab_Def_Flows[[Flow_ID]:[CC_DM_source]],MATCH(Tab_Data_Flows[[#This Row],[Flow_Name]],Tab_Def_Flows[Flow_Name],0),11) | V191: =Tab_Data_Flows[[#This Row],[Flow_ID]]&"_"&"WC_"&Tab_Data_Flows[[#This Row],[Flow_Data_Year]] | W191: =IF(D191="Yes",S191*Tab_Data_Flows[[#This Row],[WC_'[%']]],"N.A.") | X191: =Tab_Data_Flows[[#This Row],[UoM_Flow_Py]] | Y191: =INDEX(Tab_Def_Flows[[Flow_ID]:[CC_DM_source]],MATCH(Tab_Data_Flows[[#This Row],[Flow_Name]],Tab_Def_Flows[Flow_Name],0),14) | Z191: =Tab_Data_Flows[[#This Row],[Flow_ID]]&"_"&"DM_"&Tab_Data_Flows[[#This Row],[Flow_Data_Year]] | AA191: =IF(E191="Yes",Y191*Tab_Data_Flows[[#This Row],[Flow_Material]],"N.A.") | AB191: =Tab_Data_Flows[[#This Row],[UoM_Flow_Py]] | AC191: =INDEX(Tab_Def_Flows[[Flow_ID]:[CC_DM_source]],MATCH(Tab_Data_Flows[[#This Row],[Flow_Name]],Tab_Def_Flows[Flow_Name],0),17) | AD191: =Tab_Data_Flows[[#This Row],[Flow_ID]]&"_"&"CC_"&Tab_Data_Flows[[#This Row],[Flow_Data_Year]] | AE191: =IF(F191="Yes",AC191*Tab_Data_Flows[[#This Row],[Flow_Material]]*Tab_Data_Flows[[#This Row],[DM_'[%']]],"N.A.") | AF191: =Tab_Data_Flows[[#This Row],[UoM_Flow_Py]]
A192: =ROW()-1 | B192: =_xlfn.XLOOKUP(C192,Tab_Def_Flows[Flow_Name],Tab_Def_Flows[Flow_ID],,0,) | C192: N.A. | D192: =_xlfn.XLOOKUP(C192,Tab_Def_Flows[Flow_Name],Tab_Def_Flows[WC?],,0,) | E192: =_xlfn.XLOOKUP(C192,Tab_Def_Flows[Flow_Name],Tab_Def_Flows[DM?],,0,) | F192: =_xlfn.XLOOKUP(C192,Tab_Def_Flows[Flow_Name],Tab_Def_Flows[CC?],,0,) | I192: ='0_Configuration'!$C$35 | O192: No | R192: =Tab_Data_Flows[[#This Row],[Flow_ID]]&"_"&"material_"&Tab_Data_Flows[[#This Row],[Flow_Data_Year]] | S192: =IF(O192="no",H192,H192*P192) | T192: =Tab_Data_Flows[[#This Row],[UoM_Source]] | U192: =INDEX(Tab_Def_Flows[[Flow_ID]:[CC_DM_source]],MATCH(Tab_Data_Flows[[#This Row],[Flow_Name]],Tab_Def_Flows[Flow_Name],0),11) | V192: =Tab_Data_Flows[[#This Row],[Flow_ID]]&"_"&"WC_"&Tab_Data_Flows[[#This Row],[Flow_Data_Year]] | W192: =IF(D192="Yes",S192*Tab_Data_Flows[[#This Row],[WC_'[%']]],"N.A.") | X192: =Tab_Data_Flows[[#This Row],[UoM_Flow_Py]] | Y192: =INDEX(Tab_Def_Flows[[Flow_ID]:[CC_DM_source]],MATCH(Tab_Data_Flows[[#This Row],[Flow_Name]],Tab_Def_Flows[Flow_Name],0),14) | Z192: =Tab_Data_Flows[[#This Row],[Flow_ID]]&"_"&"DM_"&Tab_Data_Flows[[#This Row],[Flow_Data_Year]] | AA192: =IF(E192="Yes",Y192*Tab_Data_Flows[[#This Row],[Flow_Material]],"N.A.") | AB192: =Tab_Data_Flows[[#This Row],[UoM_Flow_Py]] | AC192: =INDEX(Tab_Def_Flows[[Flow_ID]:[CC_DM_source]],MATCH(Tab_Data_Flows[[#This Row],[Flow_Name]],Tab_Def_Flows[Flow_Name],0),17) | AD192: =Tab_Data_Flows[[#This Row],[Flow_ID]]&"_"&"CC_"&Tab_Data_Flows[[#This Row],[Flow_Data_Year]] | AE192: =IF(F192="Yes",AC192*Tab_Data_Flows[[#This Row],[Flow_Material]]*Tab_Data_Flows[[#This Row],[DM_'[%']]],"N.A.") | AF192: =Tab_Data_Flows[[#This Row],[UoM_Flow_Py]]
A193: =ROW()-1 | B193: =_xlfn.XLOOKUP(C193,Tab_Def_Flows[Flow_Name],Tab_Def_Flows[Flow_ID],,0,) | C193: N.A. | D193: =_xlfn.XLOOKUP(C193,Tab_Def_Flows[Flow_Name],Tab_Def_Flows[WC?],,0,) | E193: =_xlfn.XLOOKUP(C193,Tab_Def_Flows[Flow_Name],Tab_Def_Flows[DM?],,0,) | F193: =_xlfn.XLOOKUP(C193,Tab_Def_Flows[Flow_Name],Tab_Def_Flows[CC?],,0,) | I193: ='0_Configuration'!$C$35 | O193: No | R193: =Tab_Data_Flows[[#This Row],[Flow_ID]]&"_"&"material_"&Tab_Data_Flows[[#This Row],[Flow_Data_Year]] | S193: =IF(O193="no",H193,H193*P193) | T193: =Tab_Data_Flows[[#This Row],[UoM_Source]] | U193: =INDEX(Tab_Def_Flows[[Flow_ID]:[CC_DM_source]],MATCH(Tab_Data_Flows[[#This Row],[Flow_Name]],Tab_Def_Flows[Flow_Name],0),11) | V193: =Tab_Data_Flows[[#This Row],[Flow_ID]]&"_"&"WC_"&Tab_Data_Flows[[#This Row],[Flow_Data_Year]] | W193: =IF(D193="Yes",S193*Tab_Data_Flows[[#This Row],[WC_'[%']]],"N.A.") | X193: =Tab_Data_Flows[[#This Row],[UoM_Flow_Py]] | Y193: =INDEX(Tab_Def_Flows[[Flow_ID]:[CC_DM_source]],MATCH(Tab_Data_Flows[[#This Row],[Flow_Name]],Tab_Def_Flows[Flow_Name],0),14) | Z193: =Tab_Data_Flows[[#This Row],[Flow_ID]]&"_"&"DM_"&Tab_Data_Flows[[#This Row],[Flow_Data_Year]] | AA193: =IF(E193="Yes",Y193*Tab_Data_Flows[[#This Row],[Flow_Material]],"N.A.") | AB193: =Tab_Data_Flows[[#This Row],[UoM_Flow_Py]] | AC193: =INDEX(Tab_Def_Flows[[Flow_ID]:[CC_DM_source]],MATCH(Tab_Data_Flows[[#This Row],[Flow_Name]],Tab_Def_Flows[Flow_Name],0),17) | AD193: =Tab_Data_Flows[[#This Row],[Flow_ID]]&"_"&"CC_"&Tab_Data_Flows[[#This Row],[Flow_Data_Year]] | AE193: =IF(F193="Yes",AC193*Tab_Data_Flows[[#This Row],[Flow_Material]]*Tab_Data_Flows[[#This Row],[DM_'[%']]],"N.A.") | AF193: =Tab_Data_Flows[[#This Row],[UoM_Flow_Py]]
A194: =ROW()-1 | B194: =_xlfn.XLOOKUP(C194,Tab_Def_Flows[Flow_Name],Tab_Def_Flows[Flow_ID],,0,) | C194: N.A. | D194: =_xlfn.XLOOKUP(C194,Tab_Def_Flows[Flow_Name],Tab_Def_Flows[WC?],,0,) | E194: =_xlfn.XLOOKUP(C194,Tab_Def_Flows[Flow_Name],Tab_Def_Flows[DM?],,0,) | F194: =_xlfn.XLOOKUP(C194,Tab_Def_Flows[Flow_Name],Tab_Def_Flows[CC?],,0,) | I194: ='0_Configuration'!$C$35 | O194: No | R194: =Tab_Data_Flows[[#This Row],[Flow_ID]]&"_"&"material_"&Tab_Data_Flows[[#This Row],[Flow_Data_Year]] | S194: =IF(O194="no",H194,H194*P194) | T194: =Tab_Data_Flows[[#This Row],[UoM_Source]] | U194: =INDEX(Tab_Def_Flows[[Flow_ID]:[CC_DM_source]],MATCH(Tab_Data_Flows[[#This Row],[Flow_Name]],Tab_Def_Flows[Flow_Name],0),11) | V194: =Tab_Data_Flows[[#This Row],[Flow_ID]]&"_"&"WC_"&Tab_Data_Flows[[#This Row],[Flow_Data_Year]] | W194: =IF(D194="Yes",S194*Tab_Data_Flows[[#This Row],[WC_'[%']]],"N.A.") | X194: =Tab_Data_Flows[[#This Row],[UoM_Flow_Py]] | Y194: =INDEX(Tab_Def_Flows[[Flow_ID]:[CC_DM_source]],MATCH(Tab_Data_Flows[[#This Row],[Flow_Name]],Tab_Def_Flows[Flow_Name],0),14) | Z194: =Tab_Data_Flows[[#This Row],[Flow_ID]]&"_"&"DM_"&Tab_Data_Flows[[#This Row],[Flow_Data_Year]] | AA194: =IF(E194="Yes",Y194*Tab_Data_Flows[[#This Row],[Flow_Material]],"N.A.") | AB194: =Tab_Data_Flows[[#This Row],[UoM_Flow_Py]] | AC194: =INDEX(Tab_Def_Flows[[Flow_ID]:[CC_DM_source]],MATCH(Tab_Data_Flows[[#This Row],[Flow_Name]],Tab_Def_Flows[Flow_Name],0),17) | AD194: =Tab_Data_Flows[[#This Row],[Flow_ID]]&"_"&"CC_"&Tab_Data_Flows[[#This Row],[Flow_Data_Year]] | AE194: =IF(F194="Yes",AC194*Tab_Data_Flows[[#This Row],[Flow_Material]]*Tab_Data_Flows[[#This Row],[DM_'[%']]],"N.A.") | AF194: =Tab_Data_Flows[[#This Row],[UoM_Flow_Py]]
A195: =ROW()-1 | B195: =_xlfn.XLOOKUP(C195,Tab_Def_Flows[Flow_Name],Tab_Def_Flows[Flow_ID],,0,) | C195: N.A. | D195: =_xlfn.XLOOKUP(C195,Tab_Def_Flows[Flow_Name],Tab_Def_Flows[WC?],,0,) | E195: =_xlfn.XLOOKUP(C195,Tab_Def_Flows[Flow_Name],Tab_Def_Flows[DM?],,0,) | F195: =_xlfn.XLOOKUP(C195,Tab_Def_Flows[Flow_Name],Tab_Def_Flows[CC?],,0,) | I195: ='0_Configuration'!$C$35 | O195: No | R195: =Tab_Data_Flows[[#This Row],[Flow_ID]]&"_"&"material_"&Tab_Data_Flows[[#This Row],[Flow_Data_Year]] | S195: =IF(O195="no",H195,H195*P195) | T195: =Tab_Data_Flows[[#This Row],[UoM_Source]] | U195: =INDEX(Tab_Def_Flows[[Flow_ID]:[CC_DM_source]],MATCH(Tab_Data_Flows[[#This Row],[Flow_Name]],Tab_Def_Flows[Flow_Name],0),11) | V195: =Tab_Data_Flows[[#This Row],[Flow_ID]]&"_"&"WC_"&Tab_Data_Flows[[#This Row],[Flow_Data_Year]] | W195: =IF(D195="Yes",S195*Tab_Data_Flows[[#This Row],[WC_'[%']]],"N.A.") | X195: =Tab_Data_Flows[[#This Row],[UoM_Flow_Py]] | Y195: =INDEX(Tab_Def_Flows[[Flow_ID]:[CC_DM_source]],MATCH(Tab_Data_Flows[[#This Row],[Flow_Name]],Tab_Def_Flows[Flow_Name],0),14) | Z195: =Tab_Data_Flows[[#This Row],[Flow_ID]]&"_"&"DM_"&Tab_Data_Flows[[#This Row],[Flow_Data_Year]] | AA195: =IF(E195="Yes",Y195*Tab_Data_Flows[[#This Row],[Flow_Material]],"N.A.") | AB195: =Tab_Data_Flows[[#This Row],[UoM_Flow_Py]] | AC195: =INDEX(Tab_Def_Flows[[Flow_ID]:[CC_DM_source]],MATCH(Tab_Data_Flows[[#This Row],[Flow_Name]],Tab_Def_Flows[Flow_Name],0),17) | AD195: =Tab_Data_Flows[[#This Row],[Flow_ID]]&"_"&"CC_"&Tab_Data_Flows[[#This Row],[Flow_Data_Year]] | AE195: =IF(F195="Yes",AC195*Tab_Data_Flows[[#This Row],[Flow_Material]]*Tab_Data_Flows[[#This Row],[DM_'[%']]],"N.A.") | AF195: =Tab_Data_Flows[[#This Row],[UoM_Flow_Py]]
... A303: =ROW()-1 | B303: =_xlfn.XLOOKUP(C303,Tab_Def_Flows[Flow_Name],Tab_Def_Flows[Flow_ID],,0,) | C303: N.A. | D303: =_xlfn.XLOOKUP(C303,Tab_Def_Flows[Flow_Name],Tab_Def_Flows[WC?],,0,) | E303: =_xlfn.XLOOKUP(C303,Tab_Def_Flows[Flow_Name],Tab_Def_Flows[DM?],,0,) | F303: =_xlfn.XLOOKUP(C303,Tab_Def_Flows[Flow_Name],Tab_Def_Flows[CC?],,0,) | I303: ='0_Configuration'!$C$35 | O303: No | R303: =Tab_Data_Flows[[#This Row],[Flow_ID]]&"_"&"material_"&Tab_Data_Flows[[#This Row],[Flow_Data_Year]] | S303: =IF(O303="no",H303,H303*P303) | T303: =Tab_Data_Flows[[#This Row],[UoM_Source]] | U303: =INDEX(Tab_Def_Flows[[Flow_ID]:[CC_DM_source]],MATCH(Tab_Data_Flows[[#This Row],[Flow_Name]],Tab_Def_Flows[Flow_Name],0),11) | V303: =Tab_Data_Flows[[#This Row],[Flow_ID]]&"_"&"WC_"&Tab_Data_Flows[[#This Row],[Flow_Data_Year]] | W303: =IF(D303="Yes",S303*Tab_Data_Flows[[#This Row],[WC_'[%']]],"N.A.") | X303: =Tab_Data_Flows[[#This Row],[UoM_Flow_Py]] | Y303: =INDEX(Tab_Def_Flows[[Flow_ID]:[CC_DM_source]],MATCH(Tab_Data_Flows[[#This Row],[Flow_Name]],Tab_Def_Flows[Flow_Name],0),14) | Z303: =Tab_Data_Flows[[#This Row],[Flow_ID]]&"_"&"DM_"&Tab_Data_Flows[[#This Row],[Flow_Data_Year]] | AA303: =IF(E303="Yes",Y303*Tab_Data_Flows[[#This Row],[Flow_Material]],"N.A.") | AB303: =Tab_Data_Flows[[#This Row],[UoM_Flow_Py]] | AC303: =INDEX(Tab_Def_Flows[[Flow_ID]:[CC_DM_source]],MATCH(Tab_Data_Flows[[#This Row],[Flow_Name]],Tab_Def_Flows[Flow_Name],0),17) | AD303: =Tab_Data_Flows[[#This Row],[Flow_ID]]&"_"&"CC_"&Tab_Data_Flows[[#This Row],[Flow_Data_Year]] | AE303: =IF(F303="Yes",AC303*Tab_Data_Flows[[#This Row],[Flow_Material]]*Tab_Data_Flows[[#This Row],[DM_'[%']]],"N.A.") | AF303: =Tab_Data_Flows[[#This Row],[UoM_Flow_Py]]
A304: =ROW()-1 | B304: =_xlfn.XLOOKUP(C304,Tab_Def_Flows[Flow_Name],Tab_Def_Flows[Flow_ID],,0,) | C304: N.A. | D304: =_xlfn.XLOOKUP(C304,Tab_Def_Flows[Flow_Name],Tab_Def_Flows[WC?],,0,) | E304: =_xlfn.XLOOKUP(C304,Tab_Def_Flows[Flow_Name],Tab_Def_Flows[DM?],,0,) | F304: =_xlfn.XLOOKUP(C304,Tab_Def_Flows[Flow_Name],Tab_Def_Flows[CC?],,0,) | O304: No | R304: =Tab_Data_Flows[[#This Row],[Flow_ID]]&"_"&"material_"&Tab_Data_Flows[[#This Row],[Flow_Data_Year]] | S304: =IF(O304="no",H304,H304*P304) | T304: =Tab_Data_Flows[[#This Row],[UoM_Source]] | U304: =INDEX(Tab_Def_Flows[[Flow_ID]:[CC_DM_source]],MATCH(Tab_Data_Flows[[#This Row],[Flow_Name]],Tab_Def_Flows[Flow_Name],0),11) | V304: =Tab_Data_Flows[[#This Row],[Flow_ID]]&"_"&"WC_"&Tab_Data_Flows[[#This Row],[Flow_Data_Year]] | W304: =IF(D304="Yes",S304*Tab_Data_Flows[[#This Row],[WC_'[%']]],"N.A.") | X304: =Tab_Data_Flows[[#This Row],[UoM_Flow_Py]] | Y304: =INDEX(Tab_Def_Flows[[Flow_ID]:[CC_DM_source]],MATCH(Tab_Data_Flows[[#This Row],[Flow_Name]],Tab_Def_Flows[Flow_Name],0),14) | Z304: =Tab_Data_Flows[[#This Row],[Flow_ID]]&"_"&"DM_"&Tab_Data_Flows[[#This Row],[Flow_Data_Year]] | AA304: =IF(E304="Yes",Y304*Tab_Data_Flows[[#This Row],[Flow_Material]],"N.A.") | AB304: =Tab_Data_Flows[[#This Row],[UoM_Flow_Py]] | AC304: =INDEX(Tab_Def_Flows[[Flow_ID]:[CC_DM_source]],MATCH(Tab_Data_Flows[[#This Row],[Flow_Name]],Tab_Def_Flows[Flow_Name],0),17) | AD304: =Tab_Data_Flows[[#This Row],[Flow_ID]]&"_"&"CC_"&Tab_Data_Flows[[#This Row],[Flow_Data_Year]] | AE304: =IF(F304="Yes",AC304*Tab_Data_Flows[[#This Row],[Flow_Material]]*Tab_Data_Flows[[#This Row],[DM_'[%']]],"N.A.") | AF304: =Tab_Data_Flows[[#This Row],[UoM_Flow_Py]]
A305: =ROW()-1 | B305: =_xlfn.XLOOKUP(C305,Tab_Def_Flows[Flow_Name],Tab_Def_Flows[Flow_ID],,0,) | C305: N.A. | D305: =_xlfn.XLOOKUP(C305,Tab_Def_Flows[Flow_Name],Tab_Def_Flows[WC?],,0,) | E305: =_xlfn.XLOOKUP(C305,Tab_Def_Flows[Flow_Name],Tab_Def_Flows[DM?],,0,) | F305: =_xlfn.XLOOKUP(C305,Tab_Def_Flows[Flow_Name],Tab_Def_Flows[CC?],,0,) | O305: No | R305: =Tab_Data_Flows[[#This Row],[Flow_ID]]&"_"&"material_"&Tab_Data_Flows[[#This Row],[Flow_Data_Year]] | S305: =IF(O305="no",H305,H305*P305) | T305: =Tab_Data_Flows[[#This Row],[UoM_Source]] | U305: =INDEX(Tab_Def_Flows[[Flow_ID]:[CC_DM_source]],MATCH(Tab_Data_Flows[[#This Row],[Flow_Name]],Tab_Def_Flows[Flow_Name],0),11) | V305: =Tab_Data_Flows[[#This Row],[Flow_ID]]&"_"&"WC_"&Tab_Data_Flows[[#This Row],[Flow_Data_Year]] | W305: =IF(D305="Yes",S305*Tab_Data_Flows[[#This Row],[WC_'[%']]],"N.A.") | X305: =Tab_Data_Flows[[#This Row],[UoM_Flow_Py]] | Y305: =INDEX(Tab_Def_Flows[[Flow_ID]:[CC_DM_source]],MATCH(Tab_Data_Flows[[#This Row],[Flow_Name]],Tab_Def_Flows[Flow_Name],0),14) | Z305: =Tab_Data_Flows[[#This Row],[Flow_ID]]&"_"&"DM_"&Tab_Data_Flows[[#This Row],[Flow_Data_Year]] | AA305: =IF(E305="Yes",Y305*Tab_Data_Flows[[#This Row],[Flow_Material]],"N.A.") | AB305: =Tab_Data_Flows[[#This Row],[UoM_Flow_Py]] | AC305: =INDEX(Tab_Def_Flows[[Flow_ID]:[CC_DM_source]],MATCH(Tab_Data_Flows[[#This Row],[Flow_Name]],Tab_Def_Flows[Flow_Name],0),17) | AD305: =Tab_Data_Flows[[#This Row],[Flow_ID]]&"_"&"CC_"&Tab_Data_Flows[[#This Row],[Flow_Data_Year]] | AE305: =IF(F305="Yes",AC305*Tab_Data_Flows[[#This Row],[Flow_Material]]*Tab_Data_Flows[[#This Row],[DM_'[%']]],"N.A.") | AF305: =Tab_Data_Flows[[#This Row],[UoM_Flow_Py]]
A306: =ROW()-1 | B306: =_xlfn.XLOOKUP(C306,Tab_Def_Flows[Flow_Name],Tab_Def_Flows[Flow_ID],,0,) | C306: N.A. | D306: =_xlfn.XLOOKUP(C306,Tab_Def_Flows[Flow_Name],Tab_Def_Flows[WC?],,0,) | E306: =_xlfn.XLOOKUP(C306,Tab_Def_Flows[Flow_Name],Tab_Def_Flows[DM?],,0,) | F306: =_xlfn.XLOOKUP(C306,Tab_Def_Flows[Flow_Name],Tab_Def_Flows[CC?],,0,) | O306: No | R306: =Tab_Data_Flows[[#This Row],[Flow_ID]]&"_"&"material_"&Tab_Data_Flows[[#This Row],[Flow_Data_Year]] | S306: =IF(O306="no",H306,H306*P306) | T306: =Tab_Data_Flows[[#This Row],[UoM_Source]] | U306: =INDEX(Tab_Def_Flows[[Flow_ID]:[CC_DM_source]],MATCH(Tab_Data_Flows[[#This Row],[Flow_Name]],Tab_Def_Flows[Flow_Name],0),11) | V306: =Tab_Data_Flows[[#This Row],[Flow_ID]]&"_"&"WC_"&Tab_Data_Flows[[#This Row],[Flow_Data_Year]] | W306: =IF(D306="Yes",S306*Tab_Data_Flows[[#This Row],[WC_'[%']]],"N.A.") | X306: =Tab_Data_Flows[[#This Row],[UoM_Flow_Py]] | Y306: =INDEX(Tab_Def_Flows[[Flow_ID]:[CC_DM_source]],MATCH(Tab_Data_Flows[[#This Row],[Flow_Name]],Tab_Def_Flows[Flow_Name],0),14) | Z306: =Tab_Data_Flows[[#This Row],[Flow_ID]]&"_"&"DM_"&Tab_Data_Flows[[#This Row],[Flow_Data_Year]] | AA306: =IF(E306="Yes",Y306*Tab_Data_Flows[[#This Row],[Flow_Material]],"N.A.") | AB306: =Tab_Data_Flows[[#This Row],[UoM_Flow_Py]] | AC306: =INDEX(Tab_Def_Flows[[Flow_ID]:[CC_DM_source]],MATCH(Tab_Data_Flows[[#This Row],[Flow_Name]],Tab_Def_Flows[Flow_Name],0),17) | AD306: =Tab_Data_Flows[[#This Row],[Flow_ID]]&"_"&"CC_"&Tab_Data_Flows[[#This Row],[Flow_Data_Year]] | AE306: =IF(F306="Yes",AC306*Tab_Data_Flows[[#This Row],[Flow_Material]]*Tab_Data_Flows[[#This Row],[DM_'[%']]],"N.A.") | AF306: =Tab_Data_Flows[[#This Row],[UoM_Flow_Py]]
A307: =ROW()-1 | B307: =_xlfn.XLOOKUP(C307,Tab_Def_Flows[Flow_Name],Tab_Def_Flows[Flow_ID],,0,) | C307: N.A. | D307: =_xlfn.XLOOKUP(C307,Tab_Def_Flows[Flow_Name],Tab_Def_Flows[WC?],,0,) | E307: =_xlfn.XLOOKUP(C307,Tab_Def_Flows[Flow_Name],Tab_Def_Flows[DM?],,0,) | F307: =_xlfn.XLOOKUP(C307,Tab_Def_Flows[Flow_Name],Tab_Def_Flows[CC?],,0,) | O307: No | R307: =Tab_Data_Flows[[#This Row],[Flow_ID]]&"_"&"material_"&Tab_Data_Flows[[#This Row],[Flow_Data_Year]] | S307: =IF(O307="no",H307,H307*P307) | T307: =Tab_Data_Flows[[#This Row],[UoM_Source]] | U307: =INDEX(Tab_Def_Flows[[Flow_ID]:[CC_DM_source]],MATCH(Tab_Data_Flows[[#This Row],[Flow_Name]],Tab_Def_Flows[Flow_Name],0),11) | V307: =Tab_Data_Flows[[#This Row],[Flow_ID]]&"_"&"WC_"&Tab_Data_Flows[[#This Row],[Flow_Data_Year]] | W307: =IF(D307="Yes",S307*Tab_Data_Flows[[#This Row],[WC_'[%']]],"N.A.") | X307: =Tab_Data_Flows[[#This Row],[UoM_Flow_Py]] | Y307: =INDEX(Tab_Def_Flows[[Flow_ID]:[CC_DM_source]],MATCH(Tab_Data_Flows[[#This Row],[Flow_Name]],Tab_Def_Flows[Flow_Name],0),14) | Z307: =Tab_Data_Flows[[#This Row],[Flow_ID]]&"_"&"DM_"&Tab_Data_Flows[[#This Row],[Flow_Data_Year]] | AA307: =IF(E307="Yes",Y307*Tab_Data_Flows[[#This Row],[Flow_Material]],"N.A.") | AB307: =Tab_Data_Flows[[#This Row],[UoM_Flow_Py]] | AC307: =INDEX(Tab_Def_Flows[[Flow_ID]:[CC_DM_source]],MATCH(Tab_Data_Flows[[#This Row],[Flow_Name]],Tab_Def_Flows[Flow_Name],0),17) | AD307: =Tab_Data_Flows[[#This Row],[Flow_ID]]&"_"&"CC_"&Tab_Data_Flows[[#This Row],[Flow_Data_Year]] | AE307: =IF(F307="Yes",AC307*Tab_Data_Flows[[#This Row],[Flow_Material]]*Tab_Data_Flows[[#This Row],[DM_'[%']]],"N.A.") | AF307: =Tab_Data_Flows[[#This Row],[UoM_Flow_Py]]
A308: =ROW()-1 | B308: =_xlfn.XLOOKUP(C308,Tab_Def_Flows[Flow_Name],Tab_Def_Flows[Flow_ID],,0,) | C308: N.A. | D308: =_xlfn.XLOOKUP(C308,Tab_Def_Flows[Flow_Name],Tab_Def_Flows[WC?],,0,) | E308: =_xlfn.XLOOKUP(C308,Tab_Def_Flows[Flow_Name],Tab_Def_Flows[DM?],,0,) | F308: =_xlfn.XLOOKUP(C308,Tab_Def_Flows[Flow_Name],Tab_Def_Flows[CC?],,0,) | O308: No | R308: =Tab_Data_Flows[[#This Row],[Flow_ID]]&"_"&"material_"&Tab_Data_Flows[[#This Row],[Flow_Data_Year]] | S308: =IF(O308="no",H308,H308*P308) | T308: =Tab_Data_Flows[[#This Row],[UoM_Source]] | U308: =INDEX(Tab_Def_Flows[[Flow_ID]:[CC_DM_source]],MATCH(Tab_Data_Flows[[#This Row],[Flow_Name]],Tab_Def_Flows[Flow_Name],0),11) | V308: =Tab_Data_Flows[[#This Row],[Flow_ID]]&"_"&"WC_"&Tab_Data_Flows[[#This Row],[Flow_Data_Year]] | W308: =IF(D308="Yes",S308*Tab_Data_Flows[[#This Row],[WC_'[%']]],"N.A.") | X308: =Tab_Data_Flows[[#This Row],[UoM_Flow_Py]] | Y308: =INDEX(Tab_Def_Flows[[Flow_ID]:[CC_DM_source]],MATCH(Tab_Data_Flows[[#This Row],[Flow_Name]],Tab_Def_Flows[Flow_Name],0),14) | Z308: =Tab_Data_Flows[[#This Row],[Flow_ID]]&"_"&"DM_"&Tab_Data_Flows[[#This Row],[Flow_Data_Year]] | AA308: =IF(E308="Yes",Y308*Tab_Data_Flows[[#This Row],[Flow_Material]],"N.A.") | AB308: =Tab_Data_Flows[[#This Row],[UoM_Flow_Py]] | AC308: =INDEX(Tab_Def_Flows[[Flow_ID]:[CC_DM_source]],MATCH(Tab_Data_Flows[[#This Row],[Flow_Name]],Tab_Def_Flows[Flow_Name],0),17) | AD308: =Tab_Data_Flows[[#This Row],[Flow_ID]]&"_"&"CC_"&Tab_Data_Flows[[#This Row],[Flow_Data_Year]] | AE308: =IF(F308="Yes",AC308*Tab_Data_Flows[[#This Row],[Flow_Material]]*Tab_Data_Flows[[#This Row],[DM_'[%']]],"N.A.") | AF308: =Tab_Data_Flows[[#This Row],[UoM_Flow_Py]]
A309: =ROW()-1 | B309: =_xlfn.XLOOKUP(C309,Tab_Def_Flows[Flow_Name],Tab_Def_Flows[Flow_ID],,0,) | C309: N.A. | D309: =_xlfn.XLOOKUP(C309,Tab_Def_Flows[Flow_Name],Tab_Def_Flows[WC?],,0,) | E309: =_xlfn.XLOOKUP(C309,Tab_Def_Flows[Flow_Name],Tab_Def_Flows[DM?],,0,) | F309: =_xlfn.XLOOKUP(C309,Tab_Def_Flows[Flow_Name],Tab_Def_Flows[CC?],,0,) | O309: No | R309: =Tab_Data_Flows[[#This Row],[Flow_ID]]&"_"&"material_"&Tab_Data_Flows[[#This Row],[Flow_Data_Year]] | S309: =IF(O309="no",H309,H309*P309) | T309: =Tab_Data_Flows[[#This Row],[UoM_Source]] | U309: =INDEX(Tab_Def_Flows[[Flow_ID]:[CC_DM_source]],MATCH(Tab_Data_Flows[[#This Row],[Flow_Name]],Tab_Def_Flows[Flow_Name],0),11) | V309: =Tab_Data_Flows[[#This Row],[Flow_ID]]&"_"&"WC_"&Tab_Data_Flows[[#This Row],[Flow_Data_Year]] | W309: =IF(D309="Yes",S309*Tab_Data_Flows[[#This Row],[WC_'[%']]],"N.A.") | X309: =Tab_Data_Flows[[#This Row],[UoM_Flow_Py]] | Y309: =INDEX(Tab_Def_Flows[[Flow_ID]:[CC_DM_source]],MATCH(Tab_Data_Flows[[#This Row],[Flow_Name]],Tab_Def_Flows[Flow_Name],0),14) | Z309: =Tab_Data_Flows[[#This Row],[Flow_ID]]&"_"&"DM_"&Tab_Data_Flows[[#This Row],[Flow_Data_Year]] | AA309: =IF(E309="Yes",Y309*Tab_Data_Flows[[#This Row],[Flow_Material]],"N.A.") | AB309: =Tab_Data_Flows[[#This Row],[UoM_Flow_Py]] | AC309: =INDEX(Tab_Def_Flows[[Flow_ID]:[CC_DM_source]],MATCH(Tab_Data_Flows[[#This Row],[Flow_Name]],Tab_Def_Flows[Flow_Name],0),17) | AD309: =Tab_Data_Flows[[#This Row],[Flow_ID]]&"_"&"CC_"&Tab_Data_Flows[[#This Row],[Flow_Data_Year]] | AE309: =IF(F309="Yes",AC309*Tab_Data_Flows[[#This Row],[Flow_Material]]*Tab_Data_Flows[[#This Row],[DM_'[%']]],"N.A.") | AF309: =Tab_Data_Flows[[#This Row],[UoM_Flow_Py]]
A310: =ROW()-1 | B310: =_xlfn.XLOOKUP(C310,Tab_Def_Flows[Flow_Name],Tab_Def_Flows[Flow_ID],,0,) | C310: N.A. | D310: =_xlfn.XLOOKUP(C310,Tab_Def_Flows[Flow_Name],Tab_Def_Flows[WC?],,0,) | E310: =_xlfn.XLOOKUP(C310,Tab_Def_Flows[Flow_Name],Tab_Def_Flows[DM?],,0,) | F310: =_xlfn.XLOOKUP(C310,Tab_Def_Flows[Flow_Name],Tab_Def_Flows[CC?],,0,) | O310: No | R310: =Tab_Data_Flows[[#This Row],[Flow_ID]]&"_"&"material_"&Tab_Data_Flows[[#This Row],[Flow_Data_Year]] | S310: =IF(O310="no",H310,H310*P310) | T310: =Tab_Data_Flows[[#This Row],[UoM_Source]] | U310: =INDEX(Tab_Def_Flows[[Flow_ID]:[CC_DM_source]],MATCH(Tab_Data_Flows[[#This Row],[Flow_Name]],Tab_Def_Flows[Flow_Name],0),11) | V310: =Tab_Data_Flows[[#This Row],[Flow_ID]]&"_"&"WC_"&Tab_Data_Flows[[#This Row],[Flow_Data_Year]] | W310: =IF(D310="Yes",S310*Tab_Data_Flows[[#This Row],[WC_'[%']]],"N.A.") | X310: =Tab_Data_Flows[[#This Row],[UoM_Flow_Py]] | Y310: =INDEX(Tab_Def_Flows[[Flow_ID]:[CC_DM_source]],MATCH(Tab_Data_Flows[[#This Row],[Flow_Name]],Tab_Def_Flows[Flow_Name],0),14) | Z310: =Tab_Data_Flows[[#This Row],[Flow_ID]]&"_"&"DM_"&Tab_Data_Flows[[#This Row],[Flow_Data_Year]] | AA310: =IF(E310="Yes",Y310*Tab_Data_Flows[[#This Row],[Flow_Material]],"N.A.") | AB310: =Tab_Data_Flows[[#This Row],[UoM_Flow_Py]] | AC310: =INDEX(Tab_Def_Flows[[Flow_ID]:[CC_DM_source]],MATCH(Tab_Data_Flows[[#This Row],[Flow_Name]],Tab_Def_Flows[Flow_Name],0),17) | AD310: =Tab_Data_Flows[[#This Row],[Flow_ID]]&"_"&"CC_"&Tab_Data_Flows[[#This Row],[Flow_Data_Year]] | AE310: =IF(F310="Yes",AC310*Tab_Data_Flows[[#This Row],[Flow_Material]]*Tab_Data_Flows[[#This Row],[DM_'[%']]],"N.A.") | AF310: =Tab_Data_Flows[[#This Row],[UoM_Flow_Py]]
A311: =ROW()-1 | B311: =_xlfn.XLOOKUP(C311,Tab_Def_Flows[Flow_Name],Tab_Def_Flows[Flow_ID],,0,) | C311: N.A. | D311: =_xlfn.XLOOKUP(C311,Tab_Def_Flows[Flow_Name],Tab_Def_Flows[WC?],,0,) | E311: =_xlfn.XLOOKUP(C311,Tab_Def_Flows[Flow_Name],Tab_Def_Flows[DM?],,0,) | F311: =_xlfn.XLOOKUP(C311,Tab_Def_Flows[Flow_Name],Tab_Def_Flows[CC?],,0,) | O311: No | R311: =Tab_Data_Flows[[#This Row],[Flow_ID]]&"_"&"material_"&Tab_Data_Flows[[#This Row],[Flow_Data_Year]] | S311: =IF(O311="no",H311,H311*P311) | T311: =Tab_Data_Flows[[#This Row],[UoM_Source]] | U311: =INDEX(Tab_Def_Flows[[Flow_ID]:[CC_DM_source]],MATCH(Tab_Data_Flows[[#This Row],[Flow_Name]],Tab_Def_Flows[Flow_Name],0),11) | V311: =Tab_Data_Flows[[#This Row],[Flow_ID]]&"_"&"WC_"&Tab_Data_Flows[[#This Row],[Flow_Data_Year]] | W311: =IF(D311="Yes",S311*Tab_Data_Flows[[#This Row],[WC_'[%']]],"N.A.") | X311: =Tab_Data_Flows[[#This Row],[UoM_Flow_Py]] | Y311: =INDEX(Tab_Def_Flows[[Flow_ID]:[CC_DM_source]],MATCH(Tab_Data_Flows[[#This Row],[Flow_Name]],Tab_Def_Flows[Flow_Name],0),14) | Z311: =Tab_Data_Flows[[#This Row],[Flow_ID]]&"_"&"DM_"&Tab_Data_Flows[[#This Row],[Flow_Data_Year]] | AA311: =IF(E311="Yes",Y311*Tab_Data_Flows[[#This Row],[Flow_Material]],"N.A.") | AB311: =Tab_Data_Flows[[#This Row],[UoM_Flow_Py]] | AC311: =INDEX(Tab_Def_Flows[[Flow_ID]:[CC_DM_source]],MATCH(Tab_Data_Flows[[#This Row],[Flow_Name]],Tab_Def_Flows[Flow_Name],0),17) | AD311: =Tab_Data_Flows[[#This Row],[Flow_ID]]&"_"&"CC_"&Tab_Data_Flows[[#This Row],[Flow_Data_Year]] | AE311: =IF(F311="Yes",AC311*Tab_Data_Flows[[#This Row],[Flow_Material]]*Tab_Data_Flows[[#This Row],[DM_'[%']]],"N.A.") | AF311: =Tab_Data_Flows[[#This Row],[UoM_Flow_Py]]
A312: =ROW()-1 | B312: =_xlfn.XLOOKUP(C312,Tab_Def_Flows[Flow_Name],Tab_Def_Flows[Flow_ID],,0,) | C312: N.A. | D312: =_xlfn.XLOOKUP(C312,Tab_Def_Flows[Flow_Name],Tab_Def_Flows[WC?],,0,) | E312: =_xlfn.XLOOKUP(C312,Tab_Def_Flows[Flow_Name],Tab_Def_Flows[DM?],,0,) | F312: =_xlfn.XLOOKUP(C312,Tab_Def_Flows[Flow_Name],Tab_Def_Flows[CC?],,0,) | O312: No | R312: =Tab_Data_Flows[[#This Row],[Flow_ID]]&"_"&"material_"&Tab_Data_Flows[[#This Row],[Flow_Data_Year]] | S312: =IF(O312="no",H312,H312*P312) | T312: =Tab_Data_Flows[[#This Row],[UoM_Source]] | U312: =INDEX(Tab_Def_Flows[[Flow_ID]:[CC_DM_source]],MATCH(Tab_Data_Flows[[#This Row],[Flow_Name]],Tab_Def_Flows[Flow_Name],0),11) | V312: =Tab_Data_Flows[[#This Row],[Flow_ID]]&"_"&"WC_"&Tab_Data_Flows[[#This Row],[Flow_Data_Year]] | W312: =IF(D312="Yes",S312*Tab_Data_Flows[[#This Row],[WC_'[%']]],"N.A.") | X312: =Tab_Data_Flows[[#This Row],[UoM_Flow_Py]] | Y312: =INDEX(Tab_Def_Flows[[Flow_ID]:[CC_DM_source]],MATCH(Tab_Data_Flows[[#This Row],[Flow_Name]],Tab_Def_Flows[Flow_Name],0),14) | Z312: =Tab_Data_Flows[[#This Row],[Flow_ID]]&"_"&"DM_"&Tab_Data_Flows[[#This Row],[Flow_Data_Year]] | AA312: =IF(E312="Yes",Y312*Tab_Data_Flows[[#This Row],[Flow_Material]],"N.A.") | AB312: =Tab_Data_Flows[[#This Row],[UoM_Flow_Py]] | AC312: =INDEX(Tab_Def_Flows[[Flow_ID]:[CC_DM_source]],MATCH(Tab_Data_Flows[[#This Row],[Flow_Name]],Tab_Def_Flows[Flow_Name],0),17) | AD312: =Tab_Data_Flows[[#This Row],[Flow_ID]]&"_"&"CC_"&Tab_Data_Flows[[#This Row],[Flow_Data_Year]] | AE312: =IF(F312="Yes",AC312*Tab_Data_Flows[[#This Row],[Flow_Material]]*Tab_Data_Flows[[#This Row],[DM_'[%']]],"N.A.") | AF312: =Tab_Data_Flows[[#This Row],[UoM_Flow_Py]]
A313: =ROW()-1 | B313: =_xlfn.XLOOKUP(C313,Tab_Def_Flows[Flow_Name],Tab_Def_Flows[Flow_ID],,0,) | C313: N.A. | D313: =_xlfn.XLOOKUP(C313,Tab_Def_Flows[Flow_Name],Tab_Def_Flows[WC?],,0,) | E313: =_xlfn.XLOOKUP(C313,Tab_Def_Flows[Flow_Name],Tab_Def_Flows[DM?],,0,) | F313: =_xlfn.XLOOKUP(C313,Tab_Def_Flows[Flow_Name],Tab_Def_Flows[CC?],,0,) | O313: No | R313: =Tab_Data_Flows[[#This Row],[Flow_ID]]&"_"&"material_"&Tab_Data_Flows[[#This Row],[Flow_Data_Year]] | S313: =IF(O313="no",H313,H313*P313) | T313: =Tab_Data_Flows[[#This Row],[UoM_Source]] | U313: =INDEX(Tab_Def_Flows[[Flow_ID]:[CC_DM_source]],MATCH(Tab_Data_Flows[[#This Row],[Flow_Name]],Tab_Def_Flows[Flow_Name],0),11) | V313: =Tab_Data_Flows[[#This Row],[Flow_ID]]&"_"&"WC_"&Tab_Data_Flows[[#This Row],[Flow_Data_Year]] | W313: =IF(D313="Yes",S313*Tab_Data_Flows[[#This Row],[WC_'[%']]],"N.A.") | X313: =Tab_Data_Flows[[#This Row],[UoM_Flow_Py]] | Y313: =INDEX(Tab_Def_Flows[[Flow_ID]:[CC_DM_source]],MATCH(Tab_Data_Flows[[#This Row],[Flow_Name]],Tab_Def_Flows[Flow_Name],0),14) | Z313: =Tab_Data_Flows[[#This Row],[Flow_ID]]&"_"&"DM_"&Tab_Data_Flows[[#This Row],[Flow_Data_Year]] | AA313: =IF(E313="Yes",Y313*Tab_Data_Flows[[#This Row],[Flow_Material]],"N.A.") | AB313: =Tab_Data_Flows[[#This Row],[UoM_Flow_Py]] | AC313: =INDEX(Tab_Def_Flows[[Flow_ID]:[CC_DM_source]],MATCH(Tab_Data_Flows[[#This Row],[Flow_Name]],Tab_Def_Flows[Flow_Name],0),17) | AD313: =Tab_Data_Flows[[#This Row],[Flow_ID]]&"_"&"CC_"&Tab_Data_Flows[[#This Row],[Flow_Data_Year]] | AE313: =IF(F313="Yes",AC313*Tab_Data_Flows[[#This Row],[Flow_Material]]*Tab_Data_Flows[[#This Row],[DM_'[%']]],"N.A.") | AF313: =Tab_Data_Flows[[#This Row],[UoM_Flow_Py]]
A314: =ROW()-1 | B314: =_xlfn.XLOOKUP(C314,Tab_Def_Flows[Flow_Name],Tab_Def_Flows[Flow_ID],,0,) | C314: N.A. | D314: =_xlfn.XLOOKUP(C314,Tab_Def_Flows[Flow_Name],Tab_Def_Flows[WC?],,0,) | E314: =_xlfn.XLOOKUP(C314,Tab_Def_Flows[Flow_Name],Tab_Def_Flows[DM?],,0,) | F314: =_xlfn.XLOOKUP(C314,Tab_Def_Flows[Flow_Name],Tab_Def_Flows[CC?],,0,) | O314: No | R314: =Tab_Data_Flows[[#This Row],[Flow_ID]]&"_"&"material_"&Tab_Data_Flows[[#This Row],[Flow_Data_Year]] | S314: =IF(O314="no",H314,H314*P314) | T314: =Tab_Data_Flows[[#This Row],[UoM_Source]] | U314: =INDEX(Tab_Def_Flows[[Flow_ID]:[CC_DM_source]],MATCH(Tab_Data_Flows[[#This Row],[Flow_Name]],Tab_Def_Flows[Flow_Name],0),11) | V314: =Tab_Data_Flows[[#This Row],[Flow_ID]]&"_"&"WC_"&Tab_Data_Flows[[#This Row],[Flow_Data_Year]] | W314: =IF(D314="Yes",S314*Tab_Data_Flows[[#This Row],[WC_'[%']]],"N.A.") | X314: =Tab_Data_Flows[[#This Row],[UoM_Flow_Py]] | Y314: =INDEX(Tab_Def_Flows[[Flow_ID]:[CC_DM_source]],MATCH(Tab_Data_Flows[[#This Row],[Flow_Name]],Tab_Def_Flows[Flow_Name],0),14) | Z314: =Tab_Data_Flows[[#This Row],[Flow_ID]]&"_"&"DM_"&Tab_Data_Flows[[#This Row],[Flow_Data_Year]] | AA314: =IF(E314="Yes",Y314*Tab_Data_Flows[[#This Row],[Flow_Material]],"N.A.") | AB314: =Tab_Data_Flows[[#This Row],[UoM_Flow_Py]] | AC314: =INDEX(Tab_Def_Flows[[Flow_ID]:[CC_DM_source]],MATCH(Tab_Data_Flows[[#This Row],[Flow_Name]],Tab_Def_Flows[Flow_Name],0),17) | AD314: =Tab_Data_Flows[[#This Row],[Flow_ID]]&"_"&"CC_"&Tab_Data_Flows[[#This Row],[Flow_Data_Year]] | AE314: =IF(F314="Yes",AC314*Tab_Data_Flows[[#This Row],[Flow_Material]]*Tab_Data_Flows[[#This Row],[DM_'[%']]],"N.A.") | AF314: =Tab_Data_Flows[[#This Row],[UoM_Flow_Py]]
A315: =ROW()-1 | B315: =_xlfn.XLOOKUP(C315,Tab_Def_Flows[Flow_Name],Tab_Def_Flows[Flow_ID],,0,) | C315: N.A. | D315: =_xlfn.XLOOKUP(C315,Tab_Def_Flows[Flow_Name],Tab_Def_Flows[WC?],,0,) | E315: =_xlfn.XLOOKUP(C315,Tab_Def_Flows[Flow_Name],Tab_Def_Flows[DM?],,0,) | F315: =_xlfn.XLOOKUP(C315,Tab_Def_Flows[Flow_Name],Tab_Def_Flows[CC?],,0,) | O315: No | R315: =Tab_Data_Flows[[#This Row],[Flow_ID]]&"_"&"material_"&Tab_Data_Flows[[#This Row],[Flow_Data_Year]] | S315: =IF(O315="no",H315,H315*P315) | T315: =Tab_Data_Flows[[#This Row],[UoM_Source]] | U315: =INDEX(Tab_Def_Flows[[Flow_ID]:[CC_DM_source]],MATCH(Tab_Data_Flows[[#This Row],[Flow_Name]],Tab_Def_Flows[Flow_Name],0),11) | V315: =Tab_Data_Flows[[#This Row],[Flow_ID]]&"_"&"WC_"&Tab_Data_Flows[[#This Row],[Flow_Data_Year]] | W315: =IF(D315="Yes",S315*Tab_Data_Flows[[#This Row],[WC_'[%']]],"N.A.") | X315: =Tab_Data_Flows[[#This Row],[UoM_Flow_Py]] | Y315: =INDEX(Tab_Def_Flows[[Flow_ID]:[CC_DM_source]],MATCH(Tab_Data_Flows[[#This Row],[Flow_Name]],Tab_Def_Flows[Flow_Name],0),14) | Z315: =Tab_Data_Flows[[#This Row],[Flow_ID]]&"_"&"DM_"&Tab_Data_Flows[[#This Row],[Flow_Data_Year]] | AA315: =IF(E315="Yes",Y315*Tab_Data_Flows[[#This Row],[Flow_Material]],"N.A.") | AB315: =Tab_Data_Flows[[#This Row],[UoM_Flow_Py]] | AC315: =INDEX(Tab_Def_Flows[[Flow_ID]:[CC_DM_source]],MATCH(Tab_Data_Flows[[#This Row],[Flow_Name]],Tab_Def_Flows[Flow_Name],0),17) | AD315: =Tab_Data_Flows[[#This Row],[Flow_ID]]&"_"&"CC_"&Tab_Data_Flows[[#This Row],[Flow_Data_Year]] | AE315: =IF(F315="Yes",AC315*Tab_Data_Flows[[#This Row],[Flow_Material]]*Tab_Data_Flows[[#This Row],[DM_'[%']]],"N.A.") | AF315: =Tab_Data_Flows[[#This Row],[UoM_Flow_Py]]
... A350: =ROW()-1 | B350: =_xlfn.XLOOKUP(C350,Tab_Def_Flows[Flow_Name],Tab_Def_Flows[Flow_ID],,0,) | C350: N.A. | D350: =_xlfn.XLOOKUP(C350,Tab_Def_Flows[Flow_Name],Tab_Def_Flows[WC?],,0,) | E350: =_xlfn.XLOOKUP(C350,Tab_Def_Flows[Flow_Name],Tab_Def_Flows[DM?],,0,) | F350: =_xlfn.XLOOKUP(C350,Tab_Def_Flows[Flow_Name],Tab_Def_Flows[CC?],,0,) | O350: No | R350: =Tab_Data_Flows[[#This Row],[Flow_ID]]&"_"&"material_"&Tab_Data_Flows[[#This Row],[Flow_Data_Year]] | S350: =IF(O350="no",H350,H350*P350) | T350: =Tab_Data_Flows[[#This Row],[UoM_Source]] | U350: =INDEX(Tab_Def_Flows[[Flow_ID]:[CC_DM_source]],MATCH(Tab_Data_Flows[[#This Row],[Flow_Name]],Tab_Def_Flows[Flow_Name],0),11) | V350: =Tab_Data_Flows[[#This Row],[Flow_ID]]&"_"&"WC_"&Tab_Data_Flows[[#This Row],[Flow_Data_Year]] | W350: =IF(D350="Yes",S350*Tab_Data_Flows[[#This Row],[WC_'[%']]],"N.A.") | X350: =Tab_Data_Flows[[#This Row],[UoM_Flow_Py]] | Y350: =INDEX(Tab_Def_Flows[[Flow_ID]:[CC_DM_source]],MATCH(Tab_Data_Flows[[#This Row],[Flow_Name]],Tab_Def_Flows[Flow_Name],0),14) | Z350: =Tab_Data_Flows[[#This Row],[Flow_ID]]&"_"&"DM_"&Tab_Data_Flows[[#This Row],[Flow_Data_Year]] | AA350: =IF(E350="Yes",Y350*Tab_Data_Flows[[#This Row],[Flow_Material]],"N.A.") | AB350: =Tab_Data_Flows[[#This Row],[UoM_Flow_Py]] | AC350: =INDEX(Tab_Def_Flows[[Flow_ID]:[CC_DM_source]],MATCH(Tab_Data_Flows[[#This Row],[Flow_Name]],Tab_Def_Flows[Flow_Name],0),17) | AD350: =Tab_Data_Flows[[#This Row],[Flow_ID]]&"_"&"CC_"&Tab_Data_Flows[[#This Row],[Flow_Data_Year]] | AE350: =IF(F350="Yes",AC350*Tab_Data_Flows[[#This Row],[Flow_Material]]*Tab_Data_Flows[[#This Row],[DM_'[%']]],"N.A.") | AF350: =Tab_Data_Flows[[#This Row],[UoM_Flow_Py]]

Sheet 2_1_Definition_Processes
A1: Complete? | B1: ID | C1: Process_ID | D1: Process_Name | E1: ODYM_Region_Type | F1: ODYM_Process_Type | G1: Description | H1: Process_Logic | I1: TC_Configuration | J1: Stock_Configuration | K1: Stock_Indices | L1: Outflow_count
A2: FALSE | B2: 00 | C2: =LEFT(B2,2) | D2: Environment | H2: Pass-through | I2: No TC | J2: Stock | K2: t,e | L2: 4
A3: FALSE | B3: 01 | C3: =LEFT(B3,2) | D3: Atmosphere | H3: Pass-through | I3: No TC | J3: Stock | K3: t,e | L3: 3
A4: FALSE | B4: 02 | C4: =LEFT(B4,2) | D4: Rye_Cultivation | H4: Splitter | I4: Static | J4: No_Stock | K4: t,e | L4: 1
A5: FALSE | B5: 03 | C5: =LEFT(B5,2) | D5: Rye_Harvest | H5: Splitter | I5: Static | J5: No_Stock | K5: t,e | L5: 4
A6: FALSE | B6: 04 | C6: =LEFT(B6,2) | D6: Rye-Grain_Processing & Consumption | H6: Transformer | I6: Static | J6: No_Stock | K6: t,e | L6: 2
A7: FALSE | B7: 05 | C7: =LEFT(B7,2) | D7: Rye-Straw(non-mobilizable)_Degradation | H7: FOMP | I7: Static | J7: Stock | K7: t,e | L7: 2
A8: FALSE | B8: 06 | C8: =LEFT(B8,2) | D8: Rye-Straw-mobilisable technical potential_Use | H8: Transformer | I8: Static | J8: No_Stock | K8: t,e | L8: 2
A9: FALSE | B9: 07 | C9: =LEFT(B9,2) | D9: Biogas_Incineration | H9: Transformer | I9: Static | J9: No_Stock | K9: t,e | L9: 2
A10: FALSE | B10: 08 | C10: =LEFT(B10,2) | D10: Biogas_Production-Delta | H10: Transformer | I10: Static | J10: No_Stock | K10: t,e | L10: 2
A11: FALSE | B11: 09 | C11: =LEFT(B11,2) | D11: Biogas_Production | H11: Transformer | I11: Static | J11: No_Stock | K11: t,e | L11: 3
A12: FALSE | B12: 10 | C12: =LEFT(B12,2) | D12: Cow-Manure_Production | H12: Transformer | I12: Static | J12: No_Stock | K12: t,e | L12: 1
A13: FALSE | B13: 11 | C13: =LEFT(B13,2) | D13: MBC_Production | H13: Transformer | I13: Static | J13: No_Stock | K13: t,e | L13: 4
... A24: FALSE | B24: 22 | C24: =LEFT(B24,2) | D24: Lithosphere_Stock | H24: Splitter | I24: Static | J24: Stock | K24: t,e | L24: 2
A25: FALSE | B25: 23 | C25: =LEFT(B25,2) | K25: t,e
A26: FALSE | B26: 24 | C26: =LEFT(B26,2) | K26: t,e
A27: FALSE | B27: 25 | C27: =LEFT(B27,2) | K27: t,e
A28: FALSE | B28: 26 | C28: =LEFT(B28,2) | K28: t,e
A29: FALSE | B29: 27 | C29: =LEFT(B29,2) | K29: t,e
A30: FALSE | B30: 28 | C30: =LEFT(B30,2) | K30: t,e
A31: FALSE | B31: 29 | C31: =LEFT(B31,2) | K31: t,e
A32: FALSE | B32: 30 | C32: =LEFT(B32,2) | K32: t,e
A33: FALSE | B33: 31 | C33: =LEFT(B33,2) | K33: t,e
A34: FALSE | B34: 32 | C34: =LEFT(B34,2) | K34: t,e
A35: FALSE | B35: 33 | C35: =LEFT(B35,2) | K35: t,e
A36: FALSE | B36: 34 | C36: =LEFT(B36,2) | K36: t,e
... A47: FALSE | B47: 45 | C47: =LEFT(B47,2) | K47: t,e

Sheet 2_2_static_TCs
A1: Complete? | B1: ID | C1: Process_ID | D1: Process_Name | E1: Process_Logic | F1: TC_Configuration | G1: Stock_Configuration | H1: Outflow_count | I1: Output_Flow | J1: Flow_ID | K1: TC_material_ID | L1: TC_Value_material | M1: TC_WC_ID | N1: TC_Value_WC | O1: TC_DM_ID | P1: TC_Value_DM | Q1: TC_CC_ID | R1: TC_Value_CC | S1: Titel_source | T1: Year_publication | U1: Author_source | V1: Type_source | W1: URL_source
A2: FALSE | B2: =ROW()-1 | C2: =_xlfn.XLOOKUP($D2,Tab_Def_Processes[Process_Name],Tab_Def_Processes[ID],,0,) | D2: Rye_Cultivation | E2: =_xlfn.XLOOKUP($D2,Tab_Def_Processes[Process_Name],Tab_Def_Processes[Process_Logic],,0,) | F2: =_xlfn.XLOOKUP($D2,Tab_Def_Processes[Process_Name],Tab_Def_Processes[TC_Configuration],,0,) | G2: =_xlfn.XLOOKUP($D2,Tab_Def_Processes[Process_Name],Tab_Def_Processes[Stock_Configuration],,0,) | H2: =_xlfn.XLOOKUP($D2,Tab_Def_Processes[Process_Name],Tab_Def_Processes[Outflow_count],,0,) | I2: Rye-Plant | J2: =_xlfn.XLOOKUP($I2,Tab_Def_Flows[Flow_Name],Tab_Def_Flows[Flow_ID],,0,) | K2: ="TC_material"&"_"&RIGHT(J2,5) | L2: 1 | M2: ="TC_WC"&"_"&RIGHT(J2,5) | O2: ="TC_DM"&"_"&RIGHT(J2,5) | Q2: ="TC_CC"&"_"&RIGHT(J2,5)
A3: FALSE | B3: =ROW()-1 | C3: =_xlfn.XLOOKUP($D3,Tab_Def_Processes[Process_Name],Tab_Def_Processes[ID],,0,) | D3: Rye_Harvest | E3: =_xlfn.XLOOKUP($D3,Tab_Def_Processes[Process_Name],Tab_Def_Processes[Process_Logic],,0,) | F3: =_xlfn.XLOOKUP($D3,Tab_Def_Processes[Process_Name],Tab_Def_Processes[TC_Configuration],,0,) | G3: =_xlfn.XLOOKUP($D3,Tab_Def_Processes[Process_Name],Tab_Def_Processes[Stock_Configuration],,0,) | H3: =_xlfn.XLOOKUP($D3,Tab_Def_Processes[Process_Name],Tab_Def_Processes[Outflow_count],,0,) | I3: Rye-Grain | J3: =_xlfn.XLOOKUP($I3,Tab_Def_Flows[Flow_Name],Tab_Def_Flows[Flow_ID],,0,) | K3: ="TC_material"&"_"&RIGHT(J3,5) | L3: 0.474 | M3: ="TC_WC"&"_"&RIGHT(J3,5) | O3: ="TC_DM"&"_"&RIGHT(J3,5) | Q3: ="TC_CC"&"_"&RIGHT(J3,5)
A4: FALSE | B4: =ROW()-1 | C4: =_xlfn.XLOOKUP($D4,Tab_Def_Processes[Process_Name],Tab_Def_Processes[ID],,0,) | D4: Rye_Harvest | E4: =_xlfn.XLOOKUP($D4,Tab_Def_Processes[Process_Name],Tab_Def_Processes[Process_Logic],,0,) | F4: =_xlfn.XLOOKUP($D4,Tab_Def_Processes[Process_Name],Tab_Def_Processes[TC_Configuration],,0,) | G4: =_xlfn.XLOOKUP($D4,Tab_Def_Processes[Process_Name],Tab_Def_Processes[Stock_Configuration],,0,) | H4: =_xlfn.XLOOKUP($D4,Tab_Def_Processes[Process_Name],Tab_Def_Processes[Outflow_count],,0,) | I4: Rye-Straw(mobilisable) | J4: =_xlfn.XLOOKUP($I4,Tab_Def_Flows[Flow_Name],Tab_Def_Flows[Flow_ID],,0,) | K4: ="TC_material"&"_"&RIGHT(J4,5) | L4: 0.0738504 | M4: ="TC_WC"&"_"&RIGHT(J4,5) | O4: ="TC_DM"&"_"&RIGHT(J4,5) | Q4: ="TC_CC"&"_"&RIGHT(J4,5)
A5: FALSE | B5: =ROW()-1 | C5: =_xlfn.XLOOKUP($D5,Tab_Def_Processes[Process_Name],Tab_Def_Processes[ID],,0,) | D5: Rye_Harvest | E5: =_xlfn.XLOOKUP($D5,Tab_Def_Processes[Process_Name],Tab_Def_Processes[Process_Logic],,0,) | F5: =_xlfn.XLOOKUP($D5,Tab_Def_Processes[Process_Name],Tab_Def_Processes[TC_Configuration],,0,) | G5: =_xlfn.XLOOKUP($D5,Tab_Def_Processes[Process_Name],Tab_Def_Processes[Stock_Configuration],,0,) | H5: =_xlfn.XLOOKUP($D5,Tab_Def_Processes[Process_Name],Tab_Def_Processes[Outflow_count],,0,) | I5: Rye-Straw(Not mobilisable) | J5: =_xlfn.XLOOKUP($I5,Tab_Def_Flows[Flow_Name],Tab_Def_Flows[Flow_ID],,0,) | K5: ="TC_material"&"_"&RIGHT(J5,5) | L5: 0.38924 | M5: ="TC_WC"&"_"&RIGHT(J5,5) | O5: ="TC_DM"&"_"&RIGHT(J5,5) | Q5: ="TC_CC"&"_"&RIGHT(J5,5)
A6: FALSE | B6: =ROW()-1 | C6: =_xlfn.XLOOKUP($D6,Tab_Def_Processes[Process_Name],Tab_Def_Processes[ID],,0,) | D6: Rye_Harvest | E6: =_xlfn.XLOOKUP($D6,Tab_Def_Processes[Process_Name],Tab_Def_Processes[Process_Logic],,0,) | F6: =_xlfn.XLOOKUP($D6,Tab_Def_Processes[Process_Name],Tab_Def_Processes[TC_Configuration],,0,) | G6: =_xlfn.XLOOKUP($D6,Tab_Def_Processes[Process_Name],Tab_Def_Processes[Stock_Configuration],,0,) | H6: =_xlfn.XLOOKUP($D6,Tab_Def_Processes[Process_Name],Tab_Def_Processes[Outflow_count],,0,) | I6: Rye-Straw(mobilisable-used) | J6: =_xlfn.XLOOKUP($I6,Tab_Def_Flows[Flow_Name],Tab_Def_Flows[Flow_ID],,0,) | K6: ="TC_material"&"_"&RIGHT(J6,5) | L6: 0.0629096 | M6: ="TC_WC"&"_"&RIGHT(J6,5) | O6: ="TC_DM"&"_"&RIGHT(J6,5) | Q6: ="TC_CC"&"_"&RIGHT(J6,5)
A7: FALSE | B7: =ROW()-1 | C7: =_xlfn.XLOOKUP($D7,Tab_Def_Processes[Process_Name],Tab_Def_Processes[ID],,0,) | D7: Rye-Grain_Processing & Consumption | E7: =_xlfn.XLOOKUP($D7,Tab_Def_Processes[Process_Name],Tab_Def_Processes[Process_Logic],,0,) | F7: =_xlfn.XLOOKUP($D7,Tab_Def_Processes[Process_Name],Tab_Def_Processes[TC_Configuration],,0,) | G7: =_xlfn.XLOOKUP($D7,Tab_Def_Processes[Process_Name],Tab_Def_Processes[Stock_Configuration],,0,) | H7: =_xlfn.XLOOKUP($D7,Tab_Def_Processes[Process_Name],Tab_Def_Processes[Outflow_count],,0,) | I7: Rye-Grain_Processing & Consumption_Emissions_C | J7: =_xlfn.XLOOKUP($I7,Tab_Def_Flows[Flow_Name],Tab_Def_Flows[Flow_ID],,0,) | K7: ="TC_material"&"_"&RIGHT(J7,5) | L7: 0.4128 | M7: ="TC_WC"&"_"&RIGHT(J7,5) | N7: 0 | O7: ="TC_DM"&"_"&RIGHT(J7,5) | P7: 0.48 | Q7: ="TC_CC"&"_"&RIGHT(J7,5) | R7: 1
A8: FALSE | B8: =ROW()-1 | C8: =_xlfn.XLOOKUP($D8,Tab_Def_Processes[Process_Name],Tab_Def_Processes[ID],,0,) | D8: Rye-Grain_Processing & Consumption | E8: =_xlfn.XLOOKUP($D8,Tab_Def_Processes[Process_Name],Tab_Def_Processes[Process_Logic],,0,) | F8: =_xlfn.XLOOKUP($D8,Tab_Def_Processes[Process_Name],Tab_Def_Processes[TC_Configuration],,0,) | G8: =_xlfn.XLOOKUP($D8,Tab_Def_Processes[Process_Name],Tab_Def_Processes[Stock_Configuration],,0,) | H8: =_xlfn.XLOOKUP($D8,Tab_Def_Processes[Process_Name],Tab_Def_Processes[Outflow_count],,0,) | I8: Rye-Grain_Processing & Consumption_Emissions_E | J8: =_xlfn.XLOOKUP($I8,Tab_Def_Flows[Flow_Name],Tab_Def_Flows[Flow_ID],,0,) | K8: ="TC_material"&"_"&RIGHT(J8,5) | L8: 0.5872 | M8: ="TC_WC"&"_"&RIGHT(J8,5) | N8: 1 | O8: ="TC_DM"&"_"&RIGHT(J8,5) | P8: 0.52 | Q8: ="TC_CC"&"_"&RIGHT(J8,5) | R8: 0
A9: FALSE | B9: =ROW()-1 | C9: =_xlfn.XLOOKUP($D9,Tab_Def_Processes[Process_Name],Tab_Def_Processes[ID],,0,) | D9: Rye-Straw-mobilisable technical potential_Use | E9: =_xlfn.XLOOKUP($D9,Tab_Def_Processes[Process_Name],Tab_Def_Processes[Process_Logic],,0,) | F9: =_xlfn.XLOOKUP($D9,Tab_Def_Processes[Process_Name],Tab_Def_Processes[TC_Configuration],,0,) | G9: =_xlfn.XLOOKUP($D9,Tab_Def_Processes[Process_Name],Tab_Def_Processes[Stock_Configuration],,0,) | H9: =_xlfn.XLOOKUP($D9,Tab_Def_Processes[Process_Name],Tab_Def_Processes[Outflow_count],,0,) | I9: Rye-Straw(mobilisable-used)_Emissions_C | J9: =_xlfn.XLOOKUP($I9,Tab_Def_Flows[Flow_Name],Tab_Def_Flows[Flow_ID],,0,) | K9: ="TC_material"&"_"&RIGHT(J9,5) | L9: 0.4128 | M9: ="TC_WC"&"_"&RIGHT(J9,5) | N9: 0 | O9: ="TC_DM"&"_"&RIGHT(J9,5) | P9: 0.48 | Q9: ="TC_CC"&"_"&RIGHT(J9,5) | R9: 1
A10: FALSE | B10: =ROW()-1 | C10: =_xlfn.XLOOKUP($D10,Tab_Def_Processes[Process_Name],Tab_Def_Processes[ID],,0,) | D10: Rye-Straw-mobilisable technical potential_Use | E10: =_xlfn.XLOOKUP($D10,Tab_Def_Processes[Process_Name],Tab_Def_Processes[Process_Logic],,0,) | F10: =_xlfn.XLOOKUP($D10,Tab_Def_Processes[Process_Name],Tab_Def_Processes[TC_Configuration],,0,) | G10: =_xlfn.XLOOKUP($D10,Tab_Def_Processes[Process_Name],Tab_Def_Processes[Stock_Configuration],,0,) | H10: =_xlfn.XLOOKUP($D10,Tab_Def_Processes[Process_Name],Tab_Def_Processes[Outflow_count],,0,) | I10: Rye-Straw(mobilisable-used)_Emissions_E | J10: =_xlfn.XLOOKUP($I10,Tab_Def_Flows[Flow_Name],Tab_Def_Flows[Flow_ID],,0,) | K10: ="TC_material"&"_"&RIGHT(J10,5) | L10: 0.5872 | M10: ="TC_WC"&"_"&RIGHT(J10,5) | N10: 1 | O10: ="TC_DM"&"_"&RIGHT(J10,5) | P10: 0.52 | Q10: ="TC_CC"&"_"&RIGHT(J10,5) | R10: 0
A11: FALSE | B11: =ROW()-1 | C11: =_xlfn.XLOOKUP($D11,Tab_Def_Processes[Process_Name],Tab_Def_Processes[ID],,0,) | D11: Rye-Straw(non-mobilizable)_Degradation | E11: =_xlfn.XLOOKUP($D11,Tab_Def_Processes[Process_Name],Tab_Def_Processes[Process_Logic],,0,) | F11: =_xlfn.XLOOKUP($D11,Tab_Def_Processes[Process_Name],Tab_Def_Processes[TC_Configuration],,0,) | G11: =_xlfn.XLOOKUP($D11,Tab_Def_Processes[Process_Name],Tab_Def_Processes[Stock_Configuration],,0,) | H11: =_xlfn.XLOOKUP($D11,Tab_Def_Processes[Process_Name],Tab_Def_Processes[Outflow_count],,0,) | I11: Rye-Straw(Not mobilisable)_Emissions_C | J11: =_xlfn.XLOOKUP($I11,Tab_Def_Flows[Flow_Name],Tab_Def_Flows[Flow_ID],,0,) | K11: ="TC_material"&"_"&RIGHT(J11,5) | L11: 0.4128 | M11: ="TC_WC"&"_"&RIGHT(J11,5) | N11: 0 | O11: ="TC_DM"&"_"&RIGHT(J11,5) | P11: 0.48 | Q11: ="TC_CC"&"_"&RIGHT(J11,5) | R11: 1
A12: FALSE | B12: =ROW()-1 | C12: =_xlfn.XLOOKUP($D12,Tab_Def_Processes[Process_Name],Tab_Def_Processes[ID],,0,) | D12: Rye-Straw(non-mobilizable)_Degradation | E12: =_xlfn.XLOOKUP($D12,Tab_Def_Processes[Process_Name],Tab_Def_Processes[Process_Logic],,0,) | F12: =_xlfn.XLOOKUP($D12,Tab_Def_Processes[Process_Name],Tab_Def_Processes[TC_Configuration],,0,) | G12: =_xlfn.XLOOKUP($D12,Tab_Def_Processes[Process_Name],Tab_Def_Processes[Stock_Configuration],,0,) | H12: =_xlfn.XLOOKUP($D12,Tab_Def_Processes[Process_Name],Tab_Def_Processes[Outflow_count],,0,) | I12: Rye-Straw(Not mobilisable)_Emissions_E | J12: =_xlfn.XLOOKUP($I12,Tab_Def_Flows[Flow_Name],Tab_Def_Flows[Flow_ID],,0,) | K12: ="TC_material"&"_"&RIGHT(J12,5) | L12: 0.5872 | M12: ="TC_WC"&"_"&RIGHT(J12,5) | N12: 1 | O12: ="TC_DM"&"_"&RIGHT(J12,5) | P12: 0.52 | Q12: ="TC_CC"&"_"&RIGHT(J12,5) | R12: 0
A13: FALSE | B13: =ROW()-1 | C13: =_xlfn.XLOOKUP($D13,Tab_Def_Processes[Process_Name],Tab_Def_Processes[ID],,0,) | D13: Cow-Manure_Production | E13: =_xlfn.XLOOKUP($D13,Tab_Def_Processes[Process_Name],Tab_Def_Processes[Process_Logic],,0,) | F13: =_xlfn.XLOOKUP($D13,Tab_Def_Processes[Process_Name],Tab_Def_Processes[TC_Configuration],,0,) | G13: =_xlfn.XLOOKUP($D13,Tab_Def_Processes[Process_Name],Tab_Def_Processes[Stock_Configuration],,0,) | H13: =_xlfn.XLOOKUP($D13,Tab_Def_Processes[Process_Name],Tab_Def_Processes[Outflow_count],,0,) | I13: Cow-Manure | J13: =_xlfn.XLOOKUP($I13,Tab_Def_Flows[Flow_Name],Tab_Def_Flows[Flow_ID],,0,) | K13: ="TC_material"&"_"&RIGHT(J13,5) | M13: ="TC_WC"&"_"&RIGHT(J13,5) | N13: 1 | O13: ="TC_DM"&"_"&RIGHT(J13,5) | P13: 1 | Q13: ="TC_CC"&"_"&RIGHT(J13,5) | R13: 1
A14: FALSE | B14: =ROW()-1 | C14: =_xlfn.XLOOKUP($D14,Tab_Def_Processes[Process_Name],Tab_Def_Processes[ID],,0,) | D14: Biogas_Production | E14: =_xlfn.XLOOKUP($D14,Tab_Def_Processes[Process_Name],Tab_Def_Processes[Process_Logic],,0,) | F14: =_xlfn.XLOOKUP($D14,Tab_Def_Processes[Process_Name],Tab_Def_Processes[TC_Configuration],,0,) | G14: =_xlfn.XLOOKUP($D14,Tab_Def_Processes[Process_Name],Tab_Def_Processes[Stock_Configuration],,0,) | H14: =_xlfn.XLOOKUP($D14,Tab_Def_Processes[Process_Name],Tab_Def_Processes[Outflow_count],,0,) | I14: Biogas | J14: =_xlfn.XLOOKUP($I14,Tab_Def_Flows[Flow_Name],Tab_Def_Flows[Flow_ID],,0,) | K14: ="TC_material"&"_"&RIGHT(J14,5) | M14: ="TC_WC"&"_"&RIGHT(J14,5) | N14: 0 | O14: ="TC_DM"&"_"&RIGHT(J14,5) | P14: 0.46464646 | Q14: ="TC_CC"&"_"&RIGHT(J14,5) | R14: 0.36757868
A15: FALSE | B15: =ROW()-1 | C15: =_xlfn.XLOOKUP($D15,Tab_Def_Processes[Process_Name],Tab_Def_Processes[ID],,0,) | D15: Biogas_Production | E15: =_xlfn.XLOOKUP($D15,Tab_Def_Processes[Process_Name],Tab_Def_Processes[Process_Logic],,0,) | F15: =_xlfn.XLOOKUP($D15,Tab_Def_Processes[Process_Name],Tab_Def_Processes[TC_Configuration],,0,) | G15: =_xlfn.XLOOKUP($D15,Tab_Def_Processes[Process_Name],Tab_Def_Processes[Stock_Configuration],,0,) | H15: =_xlfn.XLOOKUP($D15,Tab_Def_Processes[Process_Name],Tab_Def_Processes[Outflow_count],,0,) | I15: Biogas-Production-Delta | J15: =_xlfn.XLOOKUP($I15,Tab_Def_Flows[Flow_Name],Tab_Def_Flows[Flow_ID],,0,) | K15: ="TC_material"&"_"&RIGHT(J15,5) | M15: ="TC_WC"&"_"&RIGHT(J15,5) | N15: 0 | O15: ="TC_DM"&"_"&RIGHT(J15,5) | P15: 0.32510288 | Q15: ="TC_CC"&"_"&RIGHT(J15,5) | R15: 0.37388101
A16: FALSE | B16: =ROW()-1 | C16: =_xlfn.XLOOKUP($D16,Tab_Def_Processes[Process_Name],Tab_Def_Processes[ID],,0,) | D16: Biogas_Production | E16: =_xlfn.XLOOKUP($D16,Tab_Def_Processes[Process_Name],Tab_Def_Processes[Process_Logic],,0,) | F16: =_xlfn.XLOOKUP($D16,Tab_Def_Processes[Process_Name],Tab_Def_Processes[TC_Configuration],,0,) | G16: =_xlfn.XLOOKUP($D16,Tab_Def_Processes[Process_Name],Tab_Def_Processes[Stock_Configuration],,0,) | H16: =_xlfn.XLOOKUP($D16,Tab_Def_Processes[Process_Name],Tab_Def_Processes[Outflow_count],,0,) | I16: Rye-Straw-Digestate | J16: =_xlfn.XLOOKUP($I16,Tab_Def_Flows[Flow_Name],Tab_Def_Flows[Flow_ID],,0,) | K16: ="TC_material"&"_"&RIGHT(J16,5) | M16: ="TC_WC"&"_"&RIGHT(J16,5) | N16: 1 | O16: ="TC_DM"&"_"&RIGHT(J16,5) | P16: 0.21025065 | Q16: ="TC_CC"&"_"&RIGHT(J16,5) | R16: 0.25854031
A17: FALSE | B17: =ROW()-1 | C17: =_xlfn.XLOOKUP($D17,Tab_Def_Processes[Process_Name],Tab_Def_Processes[ID],,0,) | D17: Biogas_Incineration | E17: =_xlfn.XLOOKUP($D17,Tab_Def_Processes[Process_Name],Tab_Def_Processes[Process_Logic],,0,) | F17: =_xlfn.XLOOKUP($D17,Tab_Def_Processes[Process_Name],Tab_Def_Processes[TC_Configuration],,0,) | G17: =_xlfn.XLOOKUP($D17,Tab_Def_Processes[Process_Name],Tab_Def_Processes[Stock_Configuration],,0,) | H17: =_xlfn.XLOOKUP($D17,Tab_Def_Processes[Process_Name],Tab_Def_Processes[Outflow_count],,0,) | I17: Biogas-Incineration_Emission_C | J17: =_xlfn.XLOOKUP($I17,Tab_Def_Flows[Flow_Name],Tab_Def_Flows[Flow_ID],,0,) | K17: ="TC_material"&"_"&RIGHT(J17,5) | M17: ="TC_WC"&"_"&RIGHT(J17,5) | N17: 0 | O17: ="TC_DM"&"_"&RIGHT(J17,5) | P17: 0.36757868 | Q17: ="TC_CC"&"_"&RIGHT(J17,5) | R17: 1
A18: FALSE | B18: =ROW()-1 | C18: =_xlfn.XLOOKUP($D18,Tab_Def_Processes[Process_Name],Tab_Def_Processes[ID],,0,) | D18: Biogas_Incineration | E18: =_xlfn.XLOOKUP($D18,Tab_Def_Processes[Process_Name],Tab_Def_Processes[Process_Logic],,0,) | F18: =_xlfn.XLOOKUP($D18,Tab_Def_Processes[Process_Name],Tab_Def_Processes[TC_Configuration],,0,) | G18: =_xlfn.XLOOKUP($D18,Tab_Def_Processes[Process_Name],Tab_Def_Processes[Stock_Configuration],,0,) | H18: =_xlfn.XLOOKUP($D18,Tab_Def_Processes[Process_Name],Tab_Def_Processes[Outflow_count],,0,) | I18: Biogas-Incineration_Emission_E | J18: =_xlfn.XLOOKUP($I18,Tab_Def_Flows[Flow_Name],Tab_Def_Flows[Flow_ID],,0,) | K18: ="TC_material"&"_"&RIGHT(J18,5) | M18: ="TC_WC"&"_"&RIGHT(J18,5) | N18: 1 | O18: ="TC_DM"&"_"&RIGHT(J18,5) | P18: 0.63242132 | Q18: ="TC_CC"&"_"&RIGHT(J18,5) | R18: 0
A19: FALSE | B19: =ROW()-1 | C19: =_xlfn.XLOOKUP($D19,Tab_Def_Processes[Process_Name],Tab_Def_Processes[ID],,0,) | D19: Biogas_Production-Delta | E19: =_xlfn.XLOOKUP($D19,Tab_Def_Processes[Process_Name],Tab_Def_Processes[Process_Logic],,0,) | F19: =_xlfn.XLOOKUP($D19,Tab_Def_Processes[Process_Name],Tab_Def_Processes[TC_Configuration],,0,) | G19: =_xlfn.XLOOKUP($D19,Tab_Def_Processes[Process_Name],Tab_Def_Processes[Stock_Configuration],,0,) | H19: =_xlfn.XLOOKUP($D19,Tab_Def_Processes[Process_Name],Tab_Def_Processes[Outflow_count],,0,) | I19: Biogas-Production-Delta_Emission_C | J19: =_xlfn.XLOOKUP($I19,Tab_Def_Flows[Flow_Name],Tab_Def_Flows[Flow_ID],,0,) | K19: ="TC_material"&"_"&RIGHT(J19,5) | M19: ="TC_WC"&"_"&RIGHT(J19,5) | N19: 0 | O19: ="TC_DM"&"_"&RIGHT(J19,5) | P19: 0.85418505 | Q19: ="TC_CC"&"_"&RIGHT(J19,5) | R19: 1
A20: FALSE | B20: =ROW()-1 | C20: =_xlfn.XLOOKUP($D20,Tab_Def_Processes[Process_Name],Tab_Def_Processes[ID],,0,) | D20: Biogas_Production-Delta | E20: =_xlfn.XLOOKUP($D20,Tab_Def_Processes[Process_Name],Tab_Def_Processes[Process_Logic],,0,) | F20: =_xlfn.XLOOKUP($D20,Tab_Def_Processes[Process_Name],Tab_Def_Processes[TC_Configuration],,0,) | G20: =_xlfn.XLOOKUP($D20,Tab_Def_Processes[Process_Name],Tab_Def_Processes[Stock_Configuration],,0,) | H20: =_xlfn.XLOOKUP($D20,Tab_Def_Processes[Process_Name],Tab_Def_Processes[Outflow_count],,0,) | I20: Biogas-Production-Delta_Emission_E | J20: =_xlfn.XLOOKUP($I20,Tab_Def_Flows[Flow_Name],Tab_Def_Flows[Flow_ID],,0,) | K20: ="TC_material"&"_"&RIGHT(J20,5) | M20: ="TC_WC"&"_"&RIGHT(J20,5) | N20: 1 | O20: ="TC_DM"&"_"&RIGHT(J20,5) | P20: 0.14581495 | Q20: ="TC_CC"&"_"&RIGHT(J20,5) | R20: 0
A21: FALSE | B21: =ROW()-1 | C21: =_xlfn.XLOOKUP($D21,Tab_Def_Processes[Process_Name],Tab_Def_Processes[ID],,0,) | D21: Millet_Production | E21: =_xlfn.XLOOKUP($D21,Tab_Def_Processes[Process_Name],Tab_Def_Processes[Process_Logic],,0,) | F21: =_xlfn.XLOOKUP($D21,Tab_Def_Processes[Process_Name],Tab_Def_Processes[TC_Configuration],,0,) | G21: =_xlfn.XLOOKUP($D21,Tab_Def_Processes[Process_Name],Tab_Def_Processes[Stock_Configuration],,0,) | H21: =_xlfn.XLOOKUP($D21,Tab_Def_Processes[Process_Name],Tab_Def_Processes[Outflow_count],,0,) | I21: Millet-Grain | J21: =_xlfn.XLOOKUP($I21,Tab_Def_Flows[Flow_Name],Tab_Def_Flows[Flow_ID],,0,) | K21: ="TC_material"&"_"&RIGHT(J21,5) | L21: 1 | M21: ="TC_WC"&"_"&RIGHT(J21,5) | N21: 1 | O21: ="TC_DM"&"_"&RIGHT(J21,5) | P21: 1 | Q21: ="TC_CC"&"_"&RIGHT(J21,5) | R21: 1
A22: FALSE | B22: =ROW()-1 | C22: =_xlfn.XLOOKUP($D22,Tab_Def_Processes[Process_Name],Tab_Def_Processes[ID],,0,) | D22: MBC_Production | E22: =_xlfn.XLOOKUP($D22,Tab_Def_Processes[Process_Name],Tab_Def_Processes[Process_Logic],,0,) | F22: =_xlfn.XLOOKUP($D22,Tab_Def_Processes[Process_Name],Tab_Def_Processes[TC_Configuration],,0,) | G22: =_xlfn.XLOOKUP($D22,Tab_Def_Processes[Process_Name],Tab_Def_Processes[Stock_Configuration],,0,) | H22: =_xlfn.XLOOKUP($D22,Tab_Def_Processes[Process_Name],Tab_Def_Processes[Outflow_count],,0,) | I22: MBC-Product | J22: =_xlfn.XLOOKUP($I22,Tab_Def_Flows[Flow_Name],Tab_Def_Flows[Flow_ID],,0,) | K22: ="TC_material"&"_"&RIGHT(J22,5) | M22: ="TC_WC"&"_"&RIGHT(J22,5) | N22: 0.3127358 | O22: ="TC_DM"&"_"&RIGHT(J22,5) | P22: 0.59044765 | Q22: ="TC_CC"&"_"&RIGHT(J22,5) | R22: 0.60614569
A23: FALSE | B23: =ROW()-1 | C23: =_xlfn.XLOOKUP($D23,Tab_Def_Processes[Process_Name],Tab_Def_Processes[ID],,0,) | D23: MBC_Production | E23: =_xlfn.XLOOKUP($D23,Tab_Def_Processes[Process_Name],Tab_Def_Processes[Process_Logic],,0,) | F23: =_xlfn.XLOOKUP($D23,Tab_Def_Processes[Process_Name],Tab_Def_Processes[TC_Configuration],,0,) | G23: =_xlfn.XLOOKUP($D23,Tab_Def_Processes[Process_Name],Tab_Def_Processes[Stock_Configuration],,0,) | H23: =_xlfn.XLOOKUP($D23,Tab_Def_Processes[Process_Name],Tab_Def_Processes[Outflow_count],,0,) | I23: MBC-Production waste | J23: =_xlfn.XLOOKUP($I23,Tab_Def_Flows[Flow_Name],Tab_Def_Flows[Flow_ID],,0,) | K23: ="TC_material"&"_"&RIGHT(J23,5) | M23: ="TC_WC"&"_"&RIGHT(J23,5) | N23: 0.074363642 | O23: ="TC_DM"&"_"&RIGHT(J23,5) | P23: 0.15802092 | Q23: ="TC_CC"&"_"&RIGHT(J23,5) | R23: 0.15570067
A24: FALSE | B24: =ROW()-1 | C24: =_xlfn.XLOOKUP($D24,Tab_Def_Processes[Process_Name],Tab_Def_Processes[ID],,0,) | D24: MBC_Production | E24: =_xlfn.XLOOKUP($D24,Tab_Def_Processes[Process_Name],Tab_Def_Processes[Process_Logic],,0,) | F24: =_xlfn.XLOOKUP($D24,Tab_Def_Processes[Process_Name],Tab_Def_Processes[TC_Configuration],,0,) | G24: =_xlfn.XLOOKUP($D24,Tab_Def_Processes[Process_Name],Tab_Def_Processes[Stock_Configuration],,0,) | H24: =_xlfn.XLOOKUP($D24,Tab_Def_Processes[Process_Name],Tab_Def_Processes[Outflow_count],,0,) | I24: MBC-Production-Delta | J24: =_xlfn.XLOOKUP($I24,Tab_Def_Flows[Flow_Name],Tab_Def_Flows[Flow_ID],,0,) | K24: ="TC_material"&"_"&RIGHT(J24,5) | M24: ="TC_WC"&"_"&RIGHT(J24,5) | N24: 0 | O24: ="TC_DM"&"_"&RIGHT(J24,5) | P24: 0.25153143 | Q24: ="TC_CC"&"_"&RIGHT(J24,5) | R24: 0.23815363
A25: FALSE | B25: =ROW()-1 | C25: =_xlfn.XLOOKUP($D25,Tab_Def_Processes[Process_Name],Tab_Def_Processes[ID],,0,) | D25: MBC_Production | E25: =_xlfn.XLOOKUP($D25,Tab_Def_Processes[Process_Name],Tab_Def_Processes[Process_Logic],,0,) | F25: =_xlfn.XLOOKUP($D25,Tab_Def_Processes[Process_Name],Tab_Def_Processes[TC_Configuration],,0,) | G25: =_xlfn.XLOOKUP($D25,Tab_Def_Processes[Process_Name],Tab_Def_Processes[Stock_Configuration],,0,) | H25: =_xlfn.XLOOKUP($D25,Tab_Def_Processes[Process_Name],Tab_Def_Processes[Outflow_count],,0,) | I25: MBC-production_Emissions_E | J25: =_xlfn.XLOOKUP($I25,Tab_Def_Flows[Flow_Name],Tab_Def_Flows[Flow_ID],,0,) | K25: ="TC_material"&"_"&RIGHT(J25,5) | M25: ="TC_WC"&"_"&RIGHT(J25,5) | N25: 0.61290056 | O25: ="TC_DM"&"_"&RIGHT(J25,5) | P25: 0 | Q25: ="TC_CC"&"_"&RIGHT(J25,5) | R25: 0
A26: FALSE | B26: =ROW()-1 | C26: =_xlfn.XLOOKUP($D26,Tab_Def_Processes[Process_Name],Tab_Def_Processes[ID],,0,) | D26: MBC-Production Waste_Treatment | E26: =_xlfn.XLOOKUP($D26,Tab_Def_Processes[Process_Name],Tab_Def_Processes[Process_Logic],,0,) | F26: =_xlfn.XLOOKUP($D26,Tab_Def_Processes[Process_Name],Tab_Def_Processes[TC_Configuration],,0,) | G26: =_xlfn.XLOOKUP($D26,Tab_Def_Processes[Process_Name],Tab_Def_Processes[Stock_Configuration],,0,) | H26: =_xlfn.XLOOKUP($D26,Tab_Def_Processes[Process_Name],Tab_Def_Processes[Outflow_count],,0,) | I26: MBC-Production Waste_Treatment_Emissions_C | J26: =_xlfn.XLOOKUP($I26,Tab_Def_Flows[Flow_Name],Tab_Def_Flows[Flow_ID],,0,) | K26: ="TC_material"&"_"&RIGHT(J26,5) | M26: ="TC_WC"&"_"&RIGHT(J26,5) | N26: 0 | O26: ="TC_DM"&"_"&RIGHT(J26,5) | P26: 0.15570067 | Q26: ="TC_CC"&"_"&RIGHT(J26,5) | R26: 1
A27: FALSE | B27: =ROW()-1 | C27: =_xlfn.XLOOKUP($D27,Tab_Def_Processes[Process_Name],Tab_Def_Processes[ID],,0,) | D27: MBC-Production Waste_Treatment | E27: =_xlfn.XLOOKUP($D27,Tab_Def_Processes[Process_Name],Tab_Def_Processes[Process_Logic],,0,) | F27: =_xlfn.XLOOKUP($D27,Tab_Def_Processes[Process_Name],Tab_Def_Processes[TC_Configuration],,0,) | G27: =_xlfn.XLOOKUP($D27,Tab_Def_Processes[Process_Name],Tab_Def_Processes[Stock_Configuration],,0,) | H27: =_xlfn.XLOOKUP($D27,Tab_Def_Processes[Process_Name],Tab_Def_Processes[Outflow_count],,0,) | I27: MBC-Production Waste_Treatment_Emissions_E | J27: =_xlfn.XLOOKUP($I27,Tab_Def_Flows[Flow_Name],Tab_Def_Flows[Flow_ID],,0,) | K27: ="TC_material"&"_"&RIGHT(J27,5) | M27: ="TC_WC"&"_"&RIGHT(J27,5) | N27: 1 | O27: ="TC_DM"&"_"&RIGHT(J27,5) | P27: 0.84429933 | Q27: ="TC_CC"&"_"&RIGHT(J27,5) | R27: 0
A28: FALSE | B28: =ROW()-1 | C28: =_xlfn.XLOOKUP($D28,Tab_Def_Processes[Process_Name],Tab_Def_Processes[ID],,0,) | D28: MBC_Use-Phase | E28: =_xlfn.XLOOKUP($D28,Tab_Def_Processes[Process_Name],Tab_Def_Processes[Process_Logic],,0,) | F28: =_xlfn.XLOOKUP($D28,Tab_Def_Processes[Process_Name],Tab_Def_Processes[TC_Configuration],,0,) | G28: =_xlfn.XLOOKUP($D28,Tab_Def_Processes[Process_Name],Tab_Def_Processes[Stock_Configuration],,0,) | H28: =_xlfn.XLOOKUP($D28,Tab_Def_Processes[Process_Name],Tab_Def_Processes[Outflow_count],,0,) | I28: MBC-EoL | J28: =_xlfn.XLOOKUP($I28,Tab_Def_Flows[Flow_Name],Tab_Def_Flows[Flow_ID],,0,) | K28: ="TC_material"&"_"&RIGHT(J28,5) | M28: ="TC_WC"&"_"&RIGHT(J28,5) | O28: ="TC_DM"&"_"&RIGHT(J28,5) | Q28: ="TC_CC"&"_"&RIGHT(J28,5)
A29: FALSE | B29: =ROW()-1 | C29: =_xlfn.XLOOKUP($D29,Tab_Def_Processes[Process_Name],Tab_Def_Processes[ID],,0,) | D29: MBC-EoL_Treatment | E29: =_xlfn.XLOOKUP($D29,Tab_Def_Processes[Process_Name],Tab_Def_Processes[Process_Logic],,0,) | F29: =_xlfn.XLOOKUP($D29,Tab_Def_Processes[Process_Name],Tab_Def_Processes[TC_Configuration],,0,) | G29: =_xlfn.XLOOKUP($D29,Tab_Def_Processes[Process_Name],Tab_Def_Processes[Stock_Configuration],,0,) | H29: =_xlfn.XLOOKUP($D29,Tab_Def_Processes[Process_Name],Tab_Def_Processes[Outflow_count],,0,) | I29: MBC (EoL)-Pyrolysis | J29: =_xlfn.XLOOKUP($I29,Tab_Def_Flows[Flow_Name],Tab_Def_Flows[Flow_ID],,0,) | K29: ="TC_material"&"_"&RIGHT(J29,5) | L29: 0.2 | M29: ="TC_WC"&"_"&RIGHT(J29,5) | O29: ="TC_DM"&"_"&RIGHT(J29,5) | Q29: ="TC_CC"&"_"&RIGHT(J29,5)
A30: FALSE | B30: =ROW()-1 | C30: =_xlfn.XLOOKUP($D30,Tab_Def_Processes[Process_Name],Tab_Def_Processes[ID],,0,) | D30: MBC-EoL_Treatment | E30: =_xlfn.XLOOKUP($D30,Tab_Def_Processes[Process_Name],Tab_Def_Processes[Process_Logic],,0,) | F30: =_xlfn.XLOOKUP($D30,Tab_Def_Processes[Process_Name],Tab_Def_Processes[TC_Configuration],,0,) | G30: =_xlfn.XLOOKUP($D30,Tab_Def_Processes[Process_Name],Tab_Def_Processes[Stock_Configuration],,0,) | H30: =_xlfn.XLOOKUP($D30,Tab_Def_Processes[Process_Name],Tab_Def_Processes[Outflow_count],,0,) | I30: MBC (EoL)-Incineration | J30: =_xlfn.XLOOKUP($I30,Tab_Def_Flows[Flow_Name],Tab_Def_Flows[Flow_ID],,0,) | K30: ="TC_material"&"_"&RIGHT(J30,5) | L30: 0.8 | M30: ="TC_WC"&"_"&RIGHT(J30,5) | O30: ="TC_DM"&"_"&RIGHT(J30,5) | Q30: ="TC_CC"&"_"&RIGHT(J30,5)
A31: FALSE | B31: =ROW()-1 | C31: =_xlfn.XLOOKUP($D31,Tab_Def_Processes[Process_Name],Tab_Def_Processes[ID],,0,) | D31: MBC-EoL_Incineration | E31: =_xlfn.XLOOKUP($D31,Tab_Def_Processes[Process_Name],Tab_Def_Processes[Process_Logic],,0,) | F31: =_xlfn.XLOOKUP($D31,Tab_Def_Processes[Process_Name],Tab_Def_Processes[TC_Configuration],,0,) | G31: =_xlfn.XLOOKUP($D31,Tab_Def_Processes[Process_Name],Tab_Def_Processes[Stock_Configuration],,0,) | H31: =_xlfn.XLOOKUP($D31,Tab_Def_Processes[Process_Name],Tab_Def_Processes[Outflow_count],,0,) | I31: MBC_(EoL)-Incineration_Emissions_C | J31: =_xlfn.XLOOKUP($I31,Tab_Def_Flows[Flow_Name],Tab_Def_Flows[Flow_ID],,0,) | K31: ="TC_material"&"_"&RIGHT(J31,5) | M31: ="TC_WC"&"_"&RIGHT(J31,5) | N31: 0 | O31: ="TC_DM"&"_"&RIGHT(J31,5) | P31: 0.9 | Q31: ="TC_CC"&"_"&RIGHT(J31,5) | R31: 0.97487437
A32: FALSE | B32: =ROW()-1 | C32: =_xlfn.XLOOKUP($D32,Tab_Def_Processes[Process_Name],Tab_Def_Processes[ID],,0,) | D32: MBC-EoL_Incineration | E32: =_xlfn.XLOOKUP($D32,Tab_Def_Processes[Process_Name],Tab_Def_Processes[Process_Logic],,0,) | F32: =_xlfn.XLOOKUP($D32,Tab_Def_Processes[Process_Name],Tab_Def_Processes[TC_Configuration],,0,) | G32: =_xlfn.XLOOKUP($D32,Tab_Def_Processes[Process_Name],Tab_Def_Processes[Stock_Configuration],,0,) | H32: =_xlfn.XLOOKUP($D32,Tab_Def_Processes[Process_Name],Tab_Def_Processes[Outflow_count],,0,) | I32: MBC_(EoL)-Incineration_Emissions_E | J32: =_xlfn.XLOOKUP($I32,Tab_Def_Flows[Flow_Name],Tab_Def_Flows[Flow_ID],,0,) | K32: ="TC_material"&"_"&RIGHT(J32,5) | M32: ="TC_WC"&"_"&RIGHT(J32,5) | N32: 1 | O32: ="TC_DM"&"_"&RIGHT(J32,5) | P32: 0 | Q32: ="TC_CC"&"_"&RIGHT(J32,5) | R32: 0
A33: FALSE | B33: =ROW()-1 | C33: =_xlfn.XLOOKUP($D33,Tab_Def_Processes[Process_Name],Tab_Def_Processes[ID],,0,) | D33: MBC-EoL_Incineration | E33: =_xlfn.XLOOKUP($D33,Tab_Def_Processes[Process_Name],Tab_Def_Processes[Process_Logic],,0,) | F33: =_xlfn.XLOOKUP($D33,Tab_Def_Processes[Process_Name],Tab_Def_Processes[TC_Configuration],,0,) | G33: =_xlfn.XLOOKUP($D33,Tab_Def_Processes[Process_Name],Tab_Def_Processes[Stock_Configuration],,0,) | H33: =_xlfn.XLOOKUP($D33,Tab_Def_Processes[Process_Name],Tab_Def_Processes[Outflow_count],,0,) | I33: MBC_(EoL)-Incineration_Ash | J33: =_xlfn.XLOOKUP($I33,Tab_Def_Flows[Flow_Name],Tab_Def_Flows[Flow_ID],,0,) | K33: ="TC_material"&"_"&RIGHT(J33,5) | M33: ="TC_WC"&"_"&RIGHT(J33,5) | N33: 0 | O33: ="TC_DM"&"_"&RIGHT(J33,5) | P33: 0.1 | Q33: ="TC_CC"&"_"&RIGHT(J33,5) | R33: 0.025125628
A34: FALSE | B34: =ROW()-1 | C34: =_xlfn.XLOOKUP($D34,Tab_Def_Processes[Process_Name],Tab_Def_Processes[ID],,0,) | D34: Ash_Treatment | E34: =_xlfn.XLOOKUP($D34,Tab_Def_Processes[Process_Name],Tab_Def_Processes[Process_Logic],,0,) | F34: =_xlfn.XLOOKUP($D34,Tab_Def_Processes[Process_Name],Tab_Def_Processes[TC_Configuration],,0,) | G34: =_xlfn.XLOOKUP($D34,Tab_Def_Processes[Process_Name],Tab_Def_Processes[Stock_Configuration],,0,) | H34: =_xlfn.XLOOKUP($D34,Tab_Def_Processes[Process_Name],Tab_Def_Processes[Outflow_count],,0,) | I34: Ash-Incineration_Emissions_C | J34: =_xlfn.XLOOKUP($I34,Tab_Def_Flows[Flow_Name],Tab_Def_Flows[Flow_ID],,0,) | K34: ="TC_material"&"_"&RIGHT(J34,5) | M34: ="TC_WC"&"_"&RIGHT(J34,5) | O34: ="TC_DM"&"_"&RIGHT(J34,5) | Q34: ="TC_CC"&"_"&RIGHT(J34,5)
A35: FALSE | B35: =ROW()-1 | C35: =_xlfn.XLOOKUP($D35,Tab_Def_Processes[Process_Name],Tab_Def_Processes[ID],,0,) | D35: Ash_Treatment | E35: =_xlfn.XLOOKUP($D35,Tab_Def_Processes[Process_Name],Tab_Def_Processes[Process_Logic],,0,) | F35: =_xlfn.XLOOKUP($D35,Tab_Def_Processes[Process_Name],Tab_Def_Processes[TC_Configuration],,0,) | G35: =_xlfn.XLOOKUP($D35,Tab_Def_Processes[Process_Name],Tab_Def_Processes[Stock_Configuration],,0,) | H35: =_xlfn.XLOOKUP($D35,Tab_Def_Processes[Process_Name],Tab_Def_Processes[Outflow_count],,0,) | I35: Ash-Incineration_Emissions_E | J35: =_xlfn.XLOOKUP($I35,Tab_Def_Flows[Flow_Name],Tab_Def_Flows[Flow_ID],,0,) | K35: ="TC_material"&"_"&RIGHT(J35,5) | M35: ="TC_WC"&"_"&RIGHT(J35,5) | O35: ="TC_DM"&"_"&RIGHT(J35,5) | Q35: ="TC_CC"&"_"&RIGHT(J35,5)
A36: FALSE | B36: =ROW()-1 | C36: =_xlfn.XLOOKUP($D36,Tab_Def_Processes[Process_Name],Tab_Def_Processes[ID],,0,) | D36: MBC-EoL_Pyrolysis | E36: =_xlfn.XLOOKUP($D36,Tab_Def_Processes[Process_Name],Tab_Def_Processes[Process_Logic],,0,) | F36: =_xlfn.XLOOKUP($D36,Tab_Def_Processes[Process_Name],Tab_Def_Processes[TC_Configuration],,0,) | G36: =_xlfn.XLOOKUP($D36,Tab_Def_Processes[Process_Name],Tab_Def_Processes[Stock_Configuration],,0,) | H36: =_xlfn.XLOOKUP($D36,Tab_Def_Processes[Process_Name],Tab_Def_Processes[Outflow_count],,0,) | I36: Biochar-Pyrolysis | J36: =_xlfn.XLOOKUP($I36,Tab_Def_Flows[Flow_Name],Tab_Def_Flows[Flow_ID],,0,) | K36: ="TC_material"&"_"&RIGHT(J36,5) | M36: ="TC_WC"&"_"&RIGHT(J36,5) | N36: 0 | O36: ="TC_DM"&"_"&RIGHT(J36,5) | P36: 0.3 | Q36: ="TC_CC"&"_"&RIGHT(J36,5) | R36: 0.71554105
A37: FALSE | B37: =ROW()-1 | C37: =_xlfn.XLOOKUP($D37,Tab_Def_Processes[Process_Name],Tab_Def_Processes[ID],,0,) | D37: MBC-EoL_Pyrolysis | E37: =_xlfn.XLOOKUP($D37,Tab_Def_Processes[Process_Name],Tab_Def_Processes[Process_Logic],,0,) | F37: =_xlfn.XLOOKUP($D37,Tab_Def_Processes[Process_Name],Tab_Def_Processes[TC_Configuration],,0,) | G37: =_xlfn.XLOOKUP($D37,Tab_Def_Processes[Process_Name],Tab_Def_Processes[Stock_Configuration],,0,) | H37: =_xlfn.XLOOKUP($D37,Tab_Def_Processes[Process_Name],Tab_Def_Processes[Outflow_count],,0,) | I37: Pyrolysis_Emissions_C | J37: =_xlfn.XLOOKUP($I37,Tab_Def_Flows[Flow_Name],Tab_Def_Flows[Flow_ID],,0,) | K37: ="TC_material"&"_"&RIGHT(J37,5) | M37: ="TC_WC"&"_"&RIGHT(J37,5) | N37: 0 | O37: ="TC_DM"&"_"&RIGHT(J37,5) | P37: 0.7 | Q37: ="TC_CC"&"_"&RIGHT(J37,5) | R37: 0.28445895
A38: FALSE | B38: =ROW()-1 | C38: =_xlfn.XLOOKUP($D38,Tab_Def_Processes[Process_Name],Tab_Def_Processes[ID],,0,) | D38: MBC-EoL_Pyrolysis | E38: =_xlfn.XLOOKUP($D38,Tab_Def_Processes[Process_Name],Tab_Def_Processes[Process_Logic],,0,) | F38: =_xlfn.XLOOKUP($D38,Tab_Def_Processes[Process_Name],Tab_Def_Processes[TC_Configuration],,0,) | G38: =_xlfn.XLOOKUP($D38,Tab_Def_Processes[Process_Name],Tab_Def_Processes[Stock_Configuration],,0,) | H38: =_xlfn.XLOOKUP($D38,Tab_Def_Processes[Process_Name],Tab_Def_Processes[Outflow_count],,0,) | I38: Pyrolysis_Emissions_E | J38: =_xlfn.XLOOKUP($I38,Tab_Def_Flows[Flow_Name],Tab_Def_Flows[Flow_ID],,0,) | K38: ="TC_material"&"_"&RIGHT(J38,5) | M38: ="TC_WC"&"_"&RIGHT(J38,5) | N38: 1 | O38: ="TC_DM"&"_"&RIGHT(J38,5) | P38: 0 | Q38: ="TC_CC"&"_"&RIGHT(J38,5) | R38: 0
A39: FALSE | B39: =ROW()-1 | C39: =_xlfn.XLOOKUP($D39,Tab_Def_Processes[Process_Name],Tab_Def_Processes[ID],,0,) | D39: Lithosphere_Stock | E39: =_xlfn.XLOOKUP($D39,Tab_Def_Processes[Process_Name],Tab_Def_Processes[Process_Logic],,0,) | F39: =_xlfn.XLOOKUP($D39,Tab_Def_Processes[Process_Name],Tab_Def_Processes[TC_Configuration],,0,) | G39: =_xlfn.XLOOKUP($D39,Tab_Def_Processes[Process_Name],Tab_Def_Processes[Stock_Configuration],,0,) | H39: =_xlfn.XLOOKUP($D39,Tab_Def_Processes[Process_Name],Tab_Def_Processes[Outflow_count],,0,) | I39: Lithosphere_Emissions_C | J39: =_xlfn.XLOOKUP($I39,Tab_Def_Flows[Flow_Name],Tab_Def_Flows[Flow_ID],,0,) | K39: ="TC_material"&"_"&RIGHT(J39,5) | M39: ="TC_WC"&"_"&RIGHT(J39,5) | O39: ="TC_DM"&"_"&RIGHT(J39,5) | Q39: ="TC_CC"&"_"&RIGHT(J39,5)
A40: FALSE | B40: =ROW()-1 | C40: =_xlfn.XLOOKUP($D40,Tab_Def_Processes[Process_Name],Tab_Def_Processes[ID],,0,) | D40: Lithosphere_Stock | E40: =_xlfn.XLOOKUP($D40,Tab_Def_Processes[Process_Name],Tab_Def_Processes[Process_Logic],,0,) | F40: =_xlfn.XLOOKUP($D40,Tab_Def_Processes[Process_Name],Tab_Def_Processes[TC_Configuration],,0,) | G40: =_xlfn.XLOOKUP($D40,Tab_Def_Processes[Process_Name],Tab_Def_Processes[Stock_Configuration],,0,) | H40: =_xlfn.XLOOKUP($D40,Tab_Def_Processes[Process_Name],Tab_Def_Processes[Outflow_count],,0,) | I40: Lithosphere_Emissions_E | J40: =_xlfn.XLOOKUP($I40,Tab_Def_Flows[Flow_Name],Tab_Def_Flows[Flow_ID],,0,) | K40: ="TC_material"&"_"&RIGHT(J40,5) | M40: ="TC_WC"&"_"&RIGHT(J40,5) | O40: ="TC_DM"&"_"&RIGHT(J40,5) | Q40: ="TC_CC"&"_"&RIGHT(J40,5)
A41: FALSE | B41: =ROW()-1 | C41: =_xlfn.XLOOKUP($D41,Tab_Def_Processes[Process_Name],Tab_Def_Processes[ID],,0,) | D41: MBC-Production-Delta_Production | E41: =_xlfn.XLOOKUP($D41,Tab_Def_Processes[Process_Name],Tab_Def_Processes[Process_Logic],,0,) | F41: =_xlfn.XLOOKUP($D41,Tab_Def_Processes[Process_Name],Tab_Def_Processes[TC_Configuration],,0,) | G41: =_xlfn.XLOOKUP($D41,Tab_Def_Processes[Process_Name],Tab_Def_Processes[Stock_Configuration],,0,) | H41: =_xlfn.XLOOKUP($D41,Tab_Def_Processes[Process_Name],Tab_Def_Processes[Outflow_count],,0,) | I41: MBC-Production-Delta_Emissions_C | J41: =_xlfn.XLOOKUP($I41,Tab_Def_Flows[Flow_Name],Tab_Def_Flows[Flow_ID],,0,) | K41: ="TC_material"&"_"&RIGHT(J41,5) | M41: ="TC_WC"&"_"&RIGHT(J41,5) | N41: 0 | O41: ="TC_DM"&"_"&RIGHT(J41,5) | P41: 0.53476412 | Q41: ="TC_CC"&"_"&RIGHT(J41,5) | R41: 1
A42: FALSE | B42: =ROW()-1 | C42: =_xlfn.XLOOKUP($D42,Tab_Def_Processes[Process_Name],Tab_Def_Processes[ID],,0,) | D42: MBC-Production-Delta_Production | E42: =_xlfn.XLOOKUP($D42,Tab_Def_Processes[Process_Name],Tab_Def_Processes[Process_Logic],,0,) | F42: =_xlfn.XLOOKUP($D42,Tab_Def_Processes[Process_Name],Tab_Def_Processes[TC_Configuration],,0,) | G42: =_xlfn.XLOOKUP($D42,Tab_Def_Processes[Process_Name],Tab_Def_Processes[Stock_Configuration],,0,) | H42: =_xlfn.XLOOKUP($D42,Tab_Def_Processes[Process_Name],Tab_Def_Processes[Outflow_count],,0,) | I42: MBC-Production-Delta_Emissions_E | J42: =_xlfn.XLOOKUP($I42,Tab_Def_Flows[Flow_Name],Tab_Def_Flows[Flow_ID],,0,) | K42: ="TC_material"&"_"&RIGHT(J42,5) | M42: ="TC_WC"&"_"&RIGHT(J42,5) | N42: 1 | O42: ="TC_DM"&"_"&RIGHT(J42,5) | P42: 0.46523588 | Q42: ="TC_CC"&"_"&RIGHT(J42,5) | R42: 0
A43: FALSE | B43: =ROW()-1 | C43: =_xlfn.XLOOKUP($D43,Tab_Def_Processes[Process_Name],Tab_Def_Processes[ID],,0,) | D43: Atmosphere | E43: =_xlfn.XLOOKUP($D43,Tab_Def_Processes[Process_Name],Tab_Def_Processes[Process_Logic],,0,) | F43: =_xlfn.XLOOKUP($D43,Tab_Def_Processes[Process_Name],Tab_Def_Processes[TC_Configuration],,0,) | G43: =_xlfn.XLOOKUP($D43,Tab_Def_Processes[Process_Name],Tab_Def_Processes[Stock_Configuration],,0,) | H43: =_xlfn.XLOOKUP($D43,Tab_Def_Processes[Process_Name],Tab_Def_Processes[Outflow_count],,0,) | I43: Atmosphere_Input_Cultivation_C | J43: =_xlfn.XLOOKUP($I43,Tab_Def_Flows[Flow_Name],Tab_Def_Flows[Flow_ID],,0,) | K43: ="TC_material"&"_"&RIGHT(J43,5) | L43: 1 | M43: ="TC_WC"&"_"&RIGHT(J43,5) | O43: ="TC_DM"&"_"&RIGHT(J43,5) | Q43: ="TC_CC"&"_"&RIGHT(J43,5)
A44: FALSE | B44: =ROW()-1 | C44: =_xlfn.XLOOKUP($D44,Tab_Def_Processes[Process_Name],Tab_Def_Processes[ID],,0,) | D44: Atmosphere | E44: =_xlfn.XLOOKUP($D44,Tab_Def_Processes[Process_Name],Tab_Def_Processes[Process_Logic],,0,) | F44: =_xlfn.XLOOKUP($D44,Tab_Def_Processes[Process_Name],Tab_Def_Processes[TC_Configuration],,0,) | G44: =_xlfn.XLOOKUP($D44,Tab_Def_Processes[Process_Name],Tab_Def_Processes[Stock_Configuration],,0,) | H44: =_xlfn.XLOOKUP($D44,Tab_Def_Processes[Process_Name],Tab_Def_Processes[Outflow_count],,0,) | I44: Atmosphere_Input_cow-manure_production_C | J44: =_xlfn.XLOOKUP($I44,Tab_Def_Flows[Flow_Name],Tab_Def_Flows[Flow_ID],,0,) | K44: ="TC_material"&"_"&RIGHT(J44,5) | L44: 1 | M44: ="TC_WC"&"_"&RIGHT(J44,5) | O44: ="TC_DM"&"_"&RIGHT(J44,5) | Q44: ="TC_CC"&"_"&RIGHT(J44,5)
A45: FALSE | B45: =ROW()-1 | C45: =_xlfn.XLOOKUP($D45,Tab_Def_Processes[Process_Name],Tab_Def_Processes[ID],,0,) | D45: Atmosphere | E45: =_xlfn.XLOOKUP($D45,Tab_Def_Processes[Process_Name],Tab_Def_Processes[Process_Logic],,0,) | F45: =_xlfn.XLOOKUP($D45,Tab_Def_Processes[Process_Name],Tab_Def_Processes[TC_Configuration],,0,) | G45: =_xlfn.XLOOKUP($D45,Tab_Def_Processes[Process_Name],Tab_Def_Processes[Stock_Configuration],,0,) | H45: =_xlfn.XLOOKUP($D45,Tab_Def_Processes[Process_Name],Tab_Def_Processes[Outflow_count],,0,) | I45: Atmosphere_Input_millet_production_C | J45: =_xlfn.XLOOKUP($I45,Tab_Def_Flows[Flow_Name],Tab_Def_Flows[Flow_ID],,0,) | K45: ="TC_material"&"_"&RIGHT(J45,5) | L45: 1 | M45: ="TC_WC"&"_"&RIGHT(J45,5) | O45: ="TC_DM"&"_"&RIGHT(J45,5) | Q45: ="TC_CC"&"_"&RIGHT(J45,5)
A46: FALSE | B46: =ROW()-1 | C46: =_xlfn.XLOOKUP($D46,Tab_Def_Processes[Process_Name],Tab_Def_Processes[ID],,0,) | D46: Environment | E46: =_xlfn.XLOOKUP($D46,Tab_Def_Processes[Process_Name],Tab_Def_Processes[Process_Logic],,0,) | F46: =_xlfn.XLOOKUP($D46,Tab_Def_Processes[Process_Name],Tab_Def_Processes[TC_Configuration],,0,) | G46: =_xlfn.XLOOKUP($D46,Tab_Def_Processes[Process_Name],Tab_Def_Processes[Stock_Configuration],,0,) | H46: =_xlfn.XLOOKUP($D46,Tab_Def_Processes[Process_Name],Tab_Def_Processes[Outflow_count],,0,) | I46: Environment_Input_millet_production_E | J46: =_xlfn.XLOOKUP($I46,Tab_Def_Flows[Flow_Name],Tab_Def_Flows[Flow_ID],,0,) | K46: ="TC_material"&"_"&RIGHT(J46,5) | L46: 1 | M46: ="TC_WC"&"_"&RIGHT(J46,5) | O46: ="TC_DM"&"_"&RIGHT(J46,5) | Q46: ="TC_CC"&"_"&RIGHT(J46,5)
A47: FALSE | B47: =ROW()-1 | C47: =_xlfn.XLOOKUP($D47,Tab_Def_Processes[Process_Name],Tab_Def_Processes[ID],,0,) | D47: Environment | E47: =_xlfn.XLOOKUP($D47,Tab_Def_Processes[Process_Name],Tab_Def_Processes[Process_Logic],,0,) | F47: =_xlfn.XLOOKUP($D47,Tab_Def_Processes[Process_Name],Tab_Def_Processes[TC_Configuration],,0,) | G47: =_xlfn.XLOOKUP($D47,Tab_Def_Processes[Process_Name],Tab_Def_Processes[Stock_Configuration],,0,) | H47: =_xlfn.XLOOKUP($D47,Tab_Def_Processes[Process_Name],Tab_Def_Processes[Outflow_count],,0,) | I47: Environment_Input_cow-manure_production_E | J47: =_xlfn.XLOOKUP($I47,Tab_Def_Flows[Flow_Name],Tab_Def_Flows[Flow_ID],,0,) | K47: ="TC_material"&"_"&RIGHT(J47,5) | L47: 1 | M47: ="TC_WC"&"_"&RIGHT(J47,5) | O47: ="TC_DM"&"_"&RIGHT(J47,5) | Q47: ="TC_CC"&"_"&RIGHT(J47,5)
A48: FALSE | B48: =ROW()-1 | C48: =_xlfn.XLOOKUP($D48,Tab_Def_Processes[Process_Name],Tab_Def_Processes[ID],,0,) | D48: Environment | E48: =_xlfn.XLOOKUP($D48,Tab_Def_Processes[Process_Name],Tab_Def_Processes[Process_Logic],,0,) | F48: =_xlfn.XLOOKUP($D48,Tab_Def_Processes[Process_Name],Tab_Def_Processes[TC_Configuration],,0,) | G48: =_xlfn.XLOOKUP($D48,Tab_Def_Processes[Process_Name],Tab_Def_Processes[Stock_Configuration],,0,) | H48: =_xlfn.XLOOKUP($D48,Tab_Def_Processes[Process_Name],Tab_Def_Processes[Outflow_count],,0,) | I48: Environment_Input_MBC_production_E | J48: =_xlfn.XLOOKUP($I48,Tab_Def_Flows[Flow_Name],Tab_Def_Flows[Flow_ID],,0,) | K48: ="TC_material"&"_"&RIGHT(J48,5) | L48: 1 | M48: ="TC_WC"&"_"&RIGHT(J48,5) | O48: ="TC_DM"&"_"&RIGHT(J48,5) | Q48: ="TC_CC"&"_"&RIGHT(J48,5)
A49: FALSE | B49: =ROW()-1 | C49: =_xlfn.XLOOKUP($D49,Tab_Def_Processes[Process_Name],Tab_Def_Processes[ID],,0,) | D49: Environment | E49: =_xlfn.XLOOKUP($D49,Tab_Def_Processes[Process_Name],Tab_Def_Processes[Process_Logic],,0,) | F49: =_xlfn.XLOOKUP($D49,Tab_Def_Processes[Process_Name],Tab_Def_Processes[TC_Configuration],,0,) | G49: =_xlfn.XLOOKUP($D49,Tab_Def_Processes[Process_Name],Tab_Def_Processes[Stock_Configuration],,0,) | H49: =_xlfn.XLOOKUP($D49,Tab_Def_Processes[Process_Name],Tab_Def_Processes[Outflow_count],,0,) | I49: Environment_Input_Cultivation_E | J49: =_xlfn.XLOOKUP($I49,Tab_Def_Flows[Flow_Name],Tab_Def_Flows[Flow_ID],,0,) | K49: ="TC_material"&"_"&RIGHT(J49,5) | L49: 1 | M49: ="TC_WC"&"_"&RIGHT(J49,5) | O49: ="TC_DM"&"_"&RIGHT(J49,5) | Q49: ="TC_CC"&"_"&RIGHT(J49,5)
A50: FALSE | B50: =ROW()-1 | C50: =_xlfn.XLOOKUP($D50,Tab_Def_Processes[Process_Name],Tab_Def_Processes[ID],,0,) | E50: =_xlfn.XLOOKUP($D50,Tab_Def_Processes[Process_Name],Tab_Def_Processes[Process_Logic],,0,) | F50: =_xlfn.XLOOKUP($D50,Tab_Def_Processes[Process_Name],Tab_Def_Processes[TC_Configuration],,0,) | G50: =_xlfn.XLOOKUP($D50,Tab_Def_Processes[Process_Name],Tab_Def_Processes[Stock_Configuration],,0,) | H50: =_xlfn.XLOOKUP($D50,Tab_Def_Processes[Process_Name],Tab_Def_Processes[Outflow_count],,0,) | J50: =_xlfn.XLOOKUP($I50,Tab_Def_Flows[Flow_Name],Tab_Def_Flows[Flow_ID],,0,) | K50: ="TC_material"&"_"&RIGHT(J50,5) | M50: ="TC_WC"&"_"&RIGHT(J50,5) | O50: ="TC_DM"&"_"&RIGHT(J50,5) | Q50: ="TC_CC"&"_"&RIGHT(J50,5)
A51: FALSE | B51: =ROW()-1 | C51: =_xlfn.XLOOKUP($D51,Tab_Def_Processes[Process_Name],Tab_Def_Processes[ID],,0,) | E51: =_xlfn.XLOOKUP($D51,Tab_Def_Processes[Process_Name],Tab_Def_Processes[Process_Logic],,0,) | F51: =_xlfn.XLOOKUP($D51,Tab_Def_Processes[Process_Name],Tab_Def_Processes[TC_Configuration],,0,) | G51: =_xlfn.XLOOKUP($D51,Tab_Def_Processes[Process_Name],Tab_Def_Processes[Stock_Configuration],,0,) | H51: =_xlfn.XLOOKUP($D51,Tab_Def_Processes[Process_Name],Tab_Def_Processes[Outflow_count],,0,) | J51: =_xlfn.XLOOKUP($I51,Tab_Def_Flows[Flow_Name],Tab_Def_Flows[Flow_ID],,0,) | K51: ="TC_material"&"_"&RIGHT(J51,5) | M51: ="TC_WC"&"_"&RIGHT(J51,5) | O51: ="TC_DM"&"_"&RIGHT(J51,5) | Q51: ="TC_CC"&"_"&RIGHT(J51,5)

Sheet 2_3_dynamic_TCs
A1: Complete? | B1: ID | C1: Process_ID | D1: Process_Name | E1: Output_Flow | F1: Process_Logic | G1: TC_Configuration | H1: Stock_Configuration | I1: Outflow_count | J1: Flow_ID | K1: Year | L1: TC_material_ID | M1: TC_Value_material | N1: TC_WC_ID | O1: TC_Value_WC | P1: TC_DM_ID | Q1: TC_Value_DM | R1: TC_CC_ID | S1: TC_Value_CC | T1: Titel_source | U1: Year_publication | V1: Author_source | W1: Type_source | X1: URL_source
A2: FALSE | B2: =ROW()-1 | C2: =_xlfn.XLOOKUP($D2,Tab_Def_Processes[Process_Name],Tab_Def_Processes[Process_ID],,0,) | D2: N.A. | E2: N.A. | F2: =_xlfn.XLOOKUP($D2,Tab_Def_Processes[Process_Name],Tab_Def_Processes[Process_Logic],,0,) | G2: =_xlfn.XLOOKUP($D2,Tab_Def_Processes[Process_Name],Tab_Def_Processes[TC_Configuration],,0,) | H2: =_xlfn.XLOOKUP($D2,Tab_Def_Processes[Process_Name],Tab_Def_Processes[Stock_Configuration],,0,) | I2: =_xlfn.XLOOKUP($D2,Tab_Def_Processes[Process_Name],Tab_Def_Processes[Outflow_count],,0,) | J2: =_xlfn.XLOOKUP($E2,Tab_Def_Flows[Flow_Name],Tab_Def_Flows[Flow_ID],,0,1) | L2: ="TC_material"&"_"&RIGHT(J2,5) | N2: ="TC_WC"&"_"&RIGHT(J2,5) | P2: ="TC_DM"&"_"&RIGHT(J2,5) | R2: ="TC_CC"&"_"&RIGHT(J2,5)
A3: FALSE | B3: =ROW()-1 | C3: =_xlfn.XLOOKUP($D3,Tab_Def_Processes[Process_Name],Tab_Def_Processes[Process_ID],,0,) | D3: N.A. | E3: N.A. | F3: =_xlfn.XLOOKUP($D3,Tab_Def_Processes[Process_Name],Tab_Def_Processes[Process_Logic],,0,) | G3: =_xlfn.XLOOKUP($D3,Tab_Def_Processes[Process_Name],Tab_Def_Processes[TC_Configuration],,0,) | H3: =_xlfn.XLOOKUP($D3,Tab_Def_Processes[Process_Name],Tab_Def_Processes[Stock_Configuration],,0,) | I3: =_xlfn.XLOOKUP($D3,Tab_Def_Processes[Process_Name],Tab_Def_Processes[Outflow_count],,0,) | J3: =_xlfn.XLOOKUP($E3,Tab_Def_Flows[Flow_Name],Tab_Def_Flows[Flow_ID],,0,1) | L3: ="TC_material"&"_"&RIGHT(J3,5) | N3: ="TC_WC"&"_"&RIGHT(J3,5) | P3: ="TC_DM"&"_"&RIGHT(J3,5) | R3: ="TC_CC"&"_"&RIGHT(J3,5)
A4: FALSE | B4: =ROW()-1 | C4: =_xlfn.XLOOKUP($D4,Tab_Def_Processes[Process_Name],Tab_Def_Processes[Process_ID],,0,) | D4: N.A. | E4: N.A. | F4: =_xlfn.XLOOKUP($D4,Tab_Def_Processes[Process_Name],Tab_Def_Processes[Process_Logic],,0,) | G4: =_xlfn.XLOOKUP($D4,Tab_Def_Processes[Process_Name],Tab_Def_Processes[TC_Configuration],,0,) | H4: =_xlfn.XLOOKUP($D4,Tab_Def_Processes[Process_Name],Tab_Def_Processes[Stock_Configuration],,0,) | I4: =_xlfn.XLOOKUP($D4,Tab_Def_Processes[Process_Name],Tab_Def_Processes[Outflow_count],,0,) | J4: =_xlfn.XLOOKUP($E4,Tab_Def_Flows[Flow_Name],Tab_Def_Flows[Flow_ID],,0,1) | L4: ="TC_material"&"_"&RIGHT(J4,5) | N4: ="TC_WC"&"_"&RIGHT(J4,5) | P4: ="TC_DM"&"_"&RIGHT(J4,5) | R4: ="TC_CC"&"_"&RIGHT(J4,5)
A5: FALSE | B5: =ROW()-1 | C5: =_xlfn.XLOOKUP($D5,Tab_Def_Processes[Process_Name],Tab_Def_Processes[Process_ID],,0,) | D5: N.A. | E5: N.A. | F5: =_xlfn.XLOOKUP($D5,Tab_Def_Processes[Process_Name],Tab_Def_Processes[Process_Logic],,0,) | G5: =_xlfn.XLOOKUP($D5,Tab_Def_Processes[Process_Name],Tab_Def_Processes[TC_Configuration],,0,) | H5: =_xlfn.XLOOKUP($D5,Tab_Def_Processes[Process_Name],Tab_Def_Processes[Stock_Configuration],,0,) | I5: =_xlfn.XLOOKUP($D5,Tab_Def_Processes[Process_Name],Tab_Def_Processes[Outflow_count],,0,) | J5: =_xlfn.XLOOKUP($E5,Tab_Def_Flows[Flow_Name],Tab_Def_Flows[Flow_ID],,0,1) | L5: ="TC_material"&"_"&RIGHT(J5,5) | N5: ="TC_WC"&"_"&RIGHT(J5,5) | P5: ="TC_DM"&"_"&RIGHT(J5,5) | R5: ="TC_CC"&"_"&RIGHT(J5,5)
A6: FALSE | B6: =ROW()-1 | C6: =_xlfn.XLOOKUP($D6,Tab_Def_Processes[Process_Name],Tab_Def_Processes[Process_ID],,0,) | D6: N.A. | E6: N.A. | F6: =_xlfn.XLOOKUP($D6,Tab_Def_Processes[Process_Name],Tab_Def_Processes[Process_Logic],,0,) | G6: =_xlfn.XLOOKUP($D6,Tab_Def_Processes[Process_Name],Tab_Def_Processes[TC_Configuration],,0,) | H6: =_xlfn.XLOOKUP($D6,Tab_Def_Processes[Process_Name],Tab_Def_Processes[Stock_Configuration],,0,) | I6: =_xlfn.XLOOKUP($D6,Tab_Def_Processes[Process_Name],Tab_Def_Processes[Outflow_count],,0,) | J6: =_xlfn.XLOOKUP($E6,Tab_Def_Flows[Flow_Name],Tab_Def_Flows[Flow_ID],,0,1) | L6: ="TC_material"&"_"&RIGHT(J6,5) | N6: ="TC_WC"&"_"&RIGHT(J6,5) | P6: ="TC_DM"&"_"&RIGHT(J6,5) | R6: ="TC_CC"&"_"&RIGHT(J6,5)
A7: FALSE | B7: =ROW()-1 | C7: =_xlfn.XLOOKUP($D7,Tab_Def_Processes[Process_Name],Tab_Def_Processes[Process_ID],,0,) | D7: N.A. | E7: N.A. | F7: =_xlfn.XLOOKUP($D7,Tab_Def_Processes[Process_Name],Tab_Def_Processes[Process_Logic],,0,) | G7: =_xlfn.XLOOKUP($D7,Tab_Def_Processes[Process_Name],Tab_Def_Processes[TC_Configuration],,0,) | H7: =_xlfn.XLOOKUP($D7,Tab_Def_Processes[Process_Name],Tab_Def_Processes[Stock_Configuration],,0,) | I7: =_xlfn.XLOOKUP($D7,Tab_Def_Processes[Process_Name],Tab_Def_Processes[Outflow_count],,0,) | J7: =_xlfn.XLOOKUP($E7,Tab_Def_Flows[Flow_Name],Tab_Def_Flows[Flow_ID],,0,1) | L7: ="TC_material"&"_"&RIGHT(J7,5) | N7: ="TC_WC"&"_"&RIGHT(J7,5) | P7: ="TC_DM"&"_"&RIGHT(J7,5) | R7: ="TC_CC"&"_"&RIGHT(J7,5)
A8: FALSE | B8: =ROW()-1 | C8: =_xlfn.XLOOKUP($D8,Tab_Def_Processes[Process_Name],Tab_Def_Processes[Process_ID],,0,) | D8: N.A. | E8: N.A. | F8: =_xlfn.XLOOKUP($D8,Tab_Def_Processes[Process_Name],Tab_Def_Processes[Process_Logic],,0,) | G8: =_xlfn.XLOOKUP($D8,Tab_Def_Processes[Process_Name],Tab_Def_Processes[TC_Configuration],,0,) | H8: =_xlfn.XLOOKUP($D8,Tab_Def_Processes[Process_Name],Tab_Def_Processes[Stock_Configuration],,0,) | I8: =_xlfn.XLOOKUP($D8,Tab_Def_Processes[Process_Name],Tab_Def_Processes[Outflow_count],,0,) | J8: =_xlfn.XLOOKUP($E8,Tab_Def_Flows[Flow_Name],Tab_Def_Flows[Flow_ID],,0,1) | L8: ="TC_material"&"_"&RIGHT(J8,5) | N8: ="TC_WC"&"_"&RIGHT(J8,5) | P8: ="TC_DM"&"_"&RIGHT(J8,5) | R8: ="TC_CC"&"_"&RIGHT(J8,5)
A9: FALSE | B9: =ROW()-1 | C9: =_xlfn.XLOOKUP($D9,Tab_Def_Processes[Process_Name],Tab_Def_Processes[Process_ID],,0,) | D9: N.A. | E9: N.A. | F9: =_xlfn.XLOOKUP($D9,Tab_Def_Processes[Process_Name],Tab_Def_Processes[Process_Logic],,0,) | G9: =_xlfn.XLOOKUP($D9,Tab_Def_Processes[Process_Name],Tab_Def_Processes[TC_Configuration],,0,) | H9: =_xlfn.XLOOKUP($D9,Tab_Def_Processes[Process_Name],Tab_Def_Processes[Stock_Configuration],,0,) | I9: =_xlfn.XLOOKUP($D9,Tab_Def_Processes[Process_Name],Tab_Def_Processes[Outflow_count],,0,) | J9: =_xlfn.XLOOKUP($E9,Tab_Def_Flows[Flow_Name],Tab_Def_Flows[Flow_ID],,0,1) | L9: ="TC_material"&"_"&RIGHT(J9,5) | N9: ="TC_WC"&"_"&RIGHT(J9,5) | P9: ="TC_DM"&"_"&RIGHT(J9,5) | R9: ="TC_CC"&"_"&RIGHT(J9,5)
A10: FALSE | B10: =ROW()-1 | C10: =_xlfn.XLOOKUP($D10,Tab_Def_Processes[Process_Name],Tab_Def_Processes[Process_ID],,0,) | D10: N.A. | E10: N.A. | F10: =_xlfn.XLOOKUP($D10,Tab_Def_Processes[Process_Name],Tab_Def_Processes[Process_Logic],,0,) | G10: =_xlfn.XLOOKUP($D10,Tab_Def_Processes[Process_Name],Tab_Def_Processes[TC_Configuration],,0,) | H10: =_xlfn.XLOOKUP($D10,Tab_Def_Processes[Process_Name],Tab_Def_Processes[Stock_Configuration],,0,) | I10: =_xlfn.XLOOKUP($D10,Tab_Def_Processes[Process_Name],Tab_Def_Processes[Outflow_count],,0,) | J10: =_xlfn.XLOOKUP($E10,Tab_Def_Flows[Flow_Name],Tab_Def_Flows[Flow_ID],,0,1) | L10: ="TC_material"&"_"&RIGHT(J10,5) | N10: ="TC_WC"&"_"&RIGHT(J10,5) | P10: ="TC_DM"&"_"&RIGHT(J10,5) | R10: ="TC_CC"&"_"&RIGHT(J10,5)
A11: FALSE | B11: =ROW()-1 | C11: =_xlfn.XLOOKUP($D11,Tab_Def_Processes[Process_Name],Tab_Def_Processes[Process_ID],,0,) | D11: N.A. | E11: N.A. | F11: =_xlfn.XLOOKUP($D11,Tab_Def_Processes[Process_Name],Tab_Def_Processes[Process_Logic],,0,) | G11: =_xlfn.XLOOKUP($D11,Tab_Def_Processes[Process_Name],Tab_Def_Processes[TC_Configuration],,0,) | H11: =_xlfn.XLOOKUP($D11,Tab_Def_Processes[Process_Name],Tab_Def_Processes[Stock_Configuration],,0,) | I11: =_xlfn.XLOOKUP($D11,Tab_Def_Processes[Process_Name],Tab_Def_Processes[Outflow_count],,0,) | J11: =_xlfn.XLOOKUP($E11,Tab_Def_Flows[Flow_Name],Tab_Def_Flows[Flow_ID],,0,1) | L11: ="TC_material"&"_"&RIGHT(J11,5) | N11: ="TC_WC"&"_"&RIGHT(J11,5) | P11: ="TC_DM"&"_"&RIGHT(J11,5) | R11: ="TC_CC"&"_"&RIGHT(J11,5)
A12: FALSE | B12: =ROW()-1 | C12: =_xlfn.XLOOKUP($D12,Tab_Def_Processes[Process_Name],Tab_Def_Processes[Process_ID],,0,) | D12: N.A. | E12: N.A. | F12: =_xlfn.XLOOKUP($D12,Tab_Def_Processes[Process_Name],Tab_Def_Processes[Process_Logic],,0,) | G12: =_xlfn.XLOOKUP($D12,Tab_Def_Processes[Process_Name],Tab_Def_Processes[TC_Configuration],,0,) | H12: =_xlfn.XLOOKUP($D12,Tab_Def_Processes[Process_Name],Tab_Def_Processes[Stock_Configuration],,0,) | I12: =_xlfn.XLOOKUP($D12,Tab_Def_Processes[Process_Name],Tab_Def_Processes[Outflow_count],,0,) | J12: =_xlfn.XLOOKUP($E12,Tab_Def_Flows[Flow_Name],Tab_Def_Flows[Flow_ID],,0,1) | L12: ="TC_material"&"_"&RIGHT(J12,5) | N12: ="TC_WC"&"_"&RIGHT(J12,5) | P12: ="TC_DM"&"_"&RIGHT(J12,5) | R12: ="TC_CC"&"_"&RIGHT(J12,5)
A13: FALSE | B13: =ROW()-1 | C13: =_xlfn.XLOOKUP($D13,Tab_Def_Processes[Process_Name],Tab_Def_Processes[Process_ID],,0,) | D13: N.A. | E13: N.A. | F13: =_xlfn.XLOOKUP($D13,Tab_Def_Processes[Process_Name],Tab_Def_Processes[Process_Logic],,0,) | G13: =_xlfn.XLOOKUP($D13,Tab_Def_Processes[Process_Name],Tab_Def_Processes[TC_Configuration],,0,) | H13: =_xlfn.XLOOKUP($D13,Tab_Def_Processes[Process_Name],Tab_Def_Processes[Stock_Configuration],,0,) | I13: =_xlfn.XLOOKUP($D13,Tab_Def_Processes[Process_Name],Tab_Def_Processes[Outflow_count],,0,) | J13: =_xlfn.XLOOKUP($E13,Tab_Def_Flows[Flow_Name],Tab_Def_Flows[Flow_ID],,0,1) | L13: ="TC_material"&"_"&RIGHT(J13,5) | N13: ="TC_WC"&"_"&RIGHT(J13,5) | P13: ="TC_DM"&"_"&RIGHT(J13,5) | R13: ="TC_CC"&"_"&RIGHT(J13,5)
... A151: FALSE | B151: =ROW()-1 | C151: =_xlfn.XLOOKUP($D151,Tab_Def_Processes[Process_Name],Tab_Def_Processes[Process_ID],,0,) | D151: N.A. | E151: N.A. | F151: =_xlfn.XLOOKUP($D151,Tab_Def_Processes[Process_Name],Tab_Def_Processes[Process_Logic],,0,) | G151: =_xlfn.XLOOKUP($D151,Tab_Def_Processes[Process_Name],Tab_Def_Processes[TC_Configuration],,0,) | H151: =_xlfn.XLOOKUP($D151,Tab_Def_Processes[Process_Name],Tab_Def_Processes[Stock_Configuration],,0,) | I151: =_xlfn.XLOOKUP($D151,Tab_Def_Processes[Process_Name],Tab_Def_Processes[Outflow_count],,0,) | J151: =_xlfn.XLOOKUP($E151,Tab_Def_Flows[Flow_Name],Tab_Def_Flows[Flow_ID],,0,1) | L151: ="TC_material"&"_"&RIGHT(J151,5) | N151: ="TC_WC"&"_"&RIGHT(J151,5) | P151: ="TC_DM"&"_"&RIGHT(J151,5) | R151: ="TC_CC"&"_"&RIGHT(J151,5)

Sheet 2_4_Initial_Stock
A1: Complete? | B1: ID | C1: Stock_ID | D1: Process_ID | E1: Process_Name | F1: Process_Logic | G1: TC_Configuration | H1: Stock_Configuration | I1: Outflow_count | J1: IS_Parameter_ID | K1: IS_Parameter_type | L1: IS_Parameter_Value
A2: FALSE | B2: =ROW()-1 | C2: ="S"&"_"&LEFT(D2,2) | D2: =_xlfn.XLOOKUP($E2,Tab_Def_Processes[Process_Name],Tab_Def_Processes[Process_ID],,0,) | E2: N.A. | F2: =_xlfn.XLOOKUP($E2,Tab_Def_Processes[Process_Name],Tab_Def_Processes[Process_Logic],,0,) | G2: =_xlfn.XLOOKUP($E2,Tab_Def_Processes[Process_Name],Tab_Def_Processes[TC_Configuration],,0,) | H2: =_xlfn.XLOOKUP($E2,Tab_Def_Processes[Process_Name],Tab_Def_Processes[Stock_Configuration],,0,) | I2: =_xlfn.XLOOKUP($E2,Tab_Def_Processes[Process_Name],Tab_Def_Processes[Outflow_count],,0,) | J2: =Tab_Process_Stock[[#This Row],[Stock_ID]]&"_"&Tab_Process_Stock[[#This Row],[IS_Parameter_type]]
A3: FALSE | B3: =ROW()-1 | C3: ="S"&"_"&LEFT(D3,2) | D3: =_xlfn.XLOOKUP($E3,Tab_Def_Processes[Process_Name],Tab_Def_Processes[Process_ID],,0,) | E3: N.A. | F3: =_xlfn.XLOOKUP($E3,Tab_Def_Processes[Process_Name],Tab_Def_Processes[Process_Logic],,0,) | G3: =_xlfn.XLOOKUP($E3,Tab_Def_Processes[Process_Name],Tab_Def_Processes[TC_Configuration],,0,) | H3: =_xlfn.XLOOKUP($E3,Tab_Def_Processes[Process_Name],Tab_Def_Processes[Stock_Configuration],,0,) | I3: =_xlfn.XLOOKUP($E3,Tab_Def_Processes[Process_Name],Tab_Def_Processes[Outflow_count],,0,) | J3: =Tab_Process_Stock[[#This Row],[Stock_ID]]&"_"&Tab_Process_Stock[[#This Row],[IS_Parameter_type]]
A4: FALSE | B4: =ROW()-1 | C4: ="S"&"_"&LEFT(D4,2) | D4: =_xlfn.XLOOKUP($E4,Tab_Def_Processes[Process_Name],Tab_Def_Processes[Process_ID],,0,) | E4: N.A. | F4: =_xlfn.XLOOKUP($E4,Tab_Def_Processes[Process_Name],Tab_Def_Processes[Process_Logic],,0,) | G4: =_xlfn.XLOOKUP($E4,Tab_Def_Processes[Process_Name],Tab_Def_Processes[TC_Configuration],,0,) | H4: =_xlfn.XLOOKUP($E4,Tab_Def_Processes[Process_Name],Tab_Def_Processes[Stock_Configuration],,0,) | I4: =_xlfn.XLOOKUP($E4,Tab_Def_Processes[Process_Name],Tab_Def_Processes[Outflow_count],,0,) | J4: =Tab_Process_Stock[[#This Row],[Stock_ID]]&"_"&Tab_Process_Stock[[#This Row],[IS_Parameter_type]]
A5: FALSE | B5: =ROW()-1 | C5: ="S"&"_"&LEFT(D5,2) | D5: =_xlfn.XLOOKUP($E5,Tab_Def_Processes[Process_Name],Tab_Def_Processes[Process_ID],,0,) | E5: N.A. | F5: =_xlfn.XLOOKUP($E5,Tab_Def_Processes[Process_Name],Tab_Def_Processes[Process_Logic],,0,) | G5: =_xlfn.XLOOKUP($E5,Tab_Def_Processes[Process_Name],Tab_Def_Processes[TC_Configuration],,0,) | H5: =_xlfn.XLOOKUP($E5,Tab_Def_Processes[Process_Name],Tab_Def_Processes[Stock_Configuration],,0,) | I5: =_xlfn.XLOOKUP($E5,Tab_Def_Processes[Process_Name],Tab_Def_Processes[Outflow_count],,0,) | J5: =Tab_Process_Stock[[#This Row],[Stock_ID]]&"_"&Tab_Process_Stock[[#This Row],[IS_Parameter_type]]
A6: FALSE | B6: =ROW()-1 | C6: ="S"&"_"&LEFT(D6,2) | D6: =_xlfn.XLOOKUP($E6,Tab_Def_Processes[Process_Name],Tab_Def_Processes[Process_ID],,0,) | E6: N.A. | F6: =_xlfn.XLOOKUP($E6,Tab_Def_Processes[Process_Name],Tab_Def_Processes[Process_Logic],,0,) | G6: =_xlfn.XLOOKUP($E6,Tab_Def_Processes[Process_Name],Tab_Def_Processes[TC_Configuration],,0,) | H6: =_xlfn.XLOOKUP($E6,Tab_Def_Processes[Process_Name],Tab_Def_Processes[Stock_Configuration],,0,) | I6: =_xlfn.XLOOKUP($E6,Tab_Def_Processes[Process_Name],Tab_Def_Processes[Outflow_count],,0,) | J6: =Tab_Process_Stock[[#This Row],[Stock_ID]]&"_"&Tab_Process_Stock[[#This Row],[IS_Parameter_type]]
A7: FALSE | B7: =ROW()-1 | C7: ="S"&"_"&LEFT(D7,2) | D7: =_xlfn.XLOOKUP($E7,Tab_Def_Processes[Process_Name],Tab_Def_Processes[Process_ID],,0,) | E7: N.A. | F7: =_xlfn.XLOOKUP($E7,Tab_Def_Processes[Process_Name],Tab_Def_Processes[Process_Logic],,0,) | G7: =_xlfn.XLOOKUP($E7,Tab_Def_Processes[Process_Name],Tab_Def_Processes[TC_Configuration],,0,) | H7: =_xlfn.XLOOKUP($E7,Tab_Def_Processes[Process_Name],Tab_Def_Processes[Stock_Configuration],,0,) | I7: =_xlfn.XLOOKUP($E7,Tab_Def_Processes[Process_Name],Tab_Def_Processes[Outflow_count],,0,) | J7: =Tab_Process_Stock[[#This Row],[Stock_ID]]&"_"&Tab_Process_Stock[[#This Row],[IS_Parameter_type]]
A8: FALSE | B8: =ROW()-1 | C8: ="S"&"_"&LEFT(D8,2) | D8: =_xlfn.XLOOKUP($E8,Tab_Def_Processes[Process_Name],Tab_Def_Processes[Process_ID],,0,) | E8: N.A. | F8: =_xlfn.XLOOKUP($E8,Tab_Def_Processes[Process_Name],Tab_Def_Processes[Process_Logic],,0,) | G8: =_xlfn.XLOOKUP($E8,Tab_Def_Processes[Process_Name],Tab_Def_Processes[TC_Configuration],,0,) | H8: =_xlfn.XLOOKUP($E8,Tab_Def_Processes[Process_Name],Tab_Def_Processes[Stock_Configuration],,0,) | I8: =_xlfn.XLOOKUP($E8,Tab_Def_Processes[Process_Name],Tab_Def_Processes[Outflow_count],,0,) | J8: =Tab_Process_Stock[[#This Row],[Stock_ID]]&"_"&Tab_Process_Stock[[#This Row],[IS_Parameter_type]]
A9: FALSE | B9: =ROW()-1 | C9: ="S"&"_"&LEFT(D9,2) | D9: =_xlfn.XLOOKUP($E9,Tab_Def_Processes[Process_Name],Tab_Def_Processes[Process_ID],,0,) | E9: N.A. | F9: =_xlfn.XLOOKUP($E9,Tab_Def_Processes[Process_Name],Tab_Def_Processes[Process_Logic],,0,) | G9: =_xlfn.XLOOKUP($E9,Tab_Def_Processes[Process_Name],Tab_Def_Processes[TC_Configuration],,0,) | H9: =_xlfn.XLOOKUP($E9,Tab_Def_Processes[Process_Name],Tab_Def_Processes[Stock_Configuration],,0,) | I9: =_xlfn.XLOOKUP($E9,Tab_Def_Processes[Process_Name],Tab_Def_Processes[Outflow_count],,0,) | J9: =Tab_Process_Stock[[#This Row],[Stock_ID]]&"_"&Tab_Process_Stock[[#This Row],[IS_Parameter_type]]
A10: FALSE | B10: =ROW()-1 | C10: ="S"&"_"&LEFT(D10,2) | D10: =_xlfn.XLOOKUP($E10,Tab_Def_Processes[Process_Name],Tab_Def_Processes[Process_ID],,0,) | E10: N.A. | F10: =_xlfn.XLOOKUP($E10,Tab_Def_Processes[Process_Name],Tab_Def_Processes[Process_Logic],,0,) | G10: =_xlfn.XLOOKUP($E10,Tab_Def_Processes[Process_Name],Tab_Def_Processes[TC_Configuration],,0,) | H10: =_xlfn.XLOOKUP($E10,Tab_Def_Processes[Process_Name],Tab_Def_Processes[Stock_Configuration],,0,) | I10: =_xlfn.XLOOKUP($E10,Tab_Def_Processes[Process_Name],Tab_Def_Processes[Outflow_count],,0,) | J10: =Tab_Process_Stock[[#This Row],[Stock_ID]]&"_"&Tab_Process_Stock[[#This Row],[IS_Parameter_type]]
A11: FALSE | B11: =ROW()-1 | C11: ="S"&"_"&LEFT(D11,2) | D11: =_xlfn.XLOOKUP($E11,Tab_Def_Processes[Process_Name],Tab_Def_Processes[Process_ID],,0,) | E11: N.A. | F11: =_xlfn.XLOOKUP($E11,Tab_Def_Processes[Process_Name],Tab_Def_Processes[Process_Logic],,0,) | G11: =_xlfn.XLOOKUP($E11,Tab_Def_Processes[Process_Name],Tab_Def_Processes[TC_Configuration],,0,) | H11: =_xlfn.XLOOKUP($E11,Tab_Def_Processes[Process_Name],Tab_Def_Processes[Stock_Configuration],,0,) | I11: =_xlfn.XLOOKUP($E11,Tab_Def_Processes[Process_Name],Tab_Def_Processes[Outflow_count],,0,) | J11: =Tab_Process_Stock[[#This Row],[Stock_ID]]&"_"&Tab_Process_Stock[[#This Row],[IS_Parameter_type]]
A12: FALSE | B12: =ROW()-1 | C12: ="S"&"_"&LEFT(D12,2) | D12: =_xlfn.XLOOKUP($E12,Tab_Def_Processes[Process_Name],Tab_Def_Processes[Process_ID],,0,) | E12: N.A. | F12: =_xlfn.XLOOKUP($E12,Tab_Def_Processes[Process_Name],Tab_Def_Processes[Process_Logic],,0,) | G12: =_xlfn.XLOOKUP($E12,Tab_Def_Processes[Process_Name],Tab_Def_Processes[TC_Configuration],,0,) | H12: =_xlfn.XLOOKUP($E12,Tab_Def_Processes[Process_Name],Tab_Def_Processes[Stock_Configuration],,0,) | I12: =_xlfn.XLOOKUP($E12,Tab_Def_Processes[Process_Name],Tab_Def_Processes[Outflow_count],,0,) | J12: =Tab_Process_Stock[[#This Row],[Stock_ID]]&"_"&Tab_Process_Stock[[#This Row],[IS_Parameter_type]]
A13: FALSE | B13: =ROW()-1 | C13: ="S"&"_"&LEFT(D13,2) | D13: =_xlfn.XLOOKUP($E13,Tab_Def_Processes[Process_Name],Tab_Def_Processes[Process_ID],,0,) | E13: N.A. | F13: =_xlfn.XLOOKUP($E13,Tab_Def_Processes[Process_Name],Tab_Def_Processes[Process_Logic],,0,) | G13: =_xlfn.XLOOKUP($E13,Tab_Def_Processes[Process_Name],Tab_Def_Processes[TC_Configuration],,0,) | H13: =_xlfn.XLOOKUP($E13,Tab_Def_Processes[Process_Name],Tab_Def_Processes[Stock_Configuration],,0,) | I13: =_xlfn.XLOOKUP($E13,Tab_Def_Processes[Process_Name],Tab_Def_Processes[Outflow_count],,0,) | J13: =Tab_Process_Stock[[#This Row],[Stock_ID]]&"_"&Tab_Process_Stock[[#This Row],[IS_Parameter_type]]
... A51: FALSE | B51: =ROW()-1 | C51: ="S"&"_"&LEFT(D51,2) | D51: =_xlfn.XLOOKUP($E51,Tab_Def_Processes[Process_Name],Tab_Def_Processes[Process_ID],,0,) | E51: N.A. | F51: =_xlfn.XLOOKUP($E51,Tab_Def_Processes[Process_Name],Tab_Def_Processes[Process_Logic],,0,) | G51: =_xlfn.XLOOKUP($E51,Tab_Def_Processes[Process_Name],Tab_Def_Processes[TC_Configuration],,0,) | H51: =_xlfn.XLOOKUP($E51,Tab_Def_Processes[Process_Name],Tab_Def_Processes[Stock_Configuration],,0,) | I51: =_xlfn.XLOOKUP($E51,Tab_Def_Processes[Process_Name],Tab_Def_Processes[Outflow_count],,0,) | J51: =Tab_Process_Stock[[#This Row],[Stock_ID]]&"_"&Tab_Process_Stock[[#This Row],[IS_Parameter_type]]

Sheet 3_1_Definition_DSM
A1: Complete? | B1: ID | C1: Process_ID | D1: Process_Name | E1: Process_Logic | F1: TC_Configuration | G1: Stock_Configuration | H1: Outflow_count | I1: DSM_material_count | J1: DSM_Parameter_type | K1: DSM_Parameter_ID | L1: DSM_Value
A2: FALSE | B2: =ROW()-1 | C2: =_xlfn.XLOOKUP($D2,Tab_Def_Processes[Process_Name],Tab_Def_Processes[Process_ID],,0,) | D2: MBC_Use-Phase | E2: =_xlfn.XLOOKUP($D2,Tab_Def_Processes[Process_Name],Tab_Def_Processes[Process_Logic],,0,) | F2: =_xlfn.XLOOKUP($D2,Tab_Def_Processes[Process_Name],Tab_Def_Processes[TC_Configuration],,0,) | G2: =_xlfn.XLOOKUP($D2,Tab_Def_Processes[Process_Name],Tab_Def_Processes[Stock_Configuration],,0,) | H2: =_xlfn.XLOOKUP(Tab_DSM[[#This Row],[Process_Name]],Tab_Def_Processes[Process_Name],Tab_Def_Processes[Outflow_count],,0,) | I2: 1 | J2: DSM_Category_Name | K2: =Tab_DSM[[#This Row],[DSM_Parameter_type]]&"_Cat_"&Tab_DSM[[#This Row],[DSM_material_count]] | L2: Packaging Material of consumer goods
A3: FALSE | B3: =ROW()-1 | C3: =_xlfn.XLOOKUP($D3,Tab_Def_Processes[Process_Name],Tab_Def_Processes[Process_ID],,0,) | D3: MBC_Use-Phase | E3: =_xlfn.XLOOKUP($D3,Tab_Def_Processes[Process_Name],Tab_Def_Processes[Process_Logic],,0,) | F3: =_xlfn.XLOOKUP($D3,Tab_Def_Processes[Process_Name],Tab_Def_Processes[TC_Configuration],,0,) | G3: =_xlfn.XLOOKUP($D3,Tab_Def_Processes[Process_Name],Tab_Def_Processes[Stock_Configuration],,0,) | H3: =_xlfn.XLOOKUP(Tab_DSM[[#This Row],[Process_Name]],Tab_Def_Processes[Process_Name],Tab_Def_Processes[Outflow_count],,0,) | I3: 1 | J3: DSM_Inflow_Split_[%] | K3: =Tab_DSM[[#This Row],[DSM_Parameter_type]]&"_Cat_"&Tab_DSM[[#This Row],[DSM_material_count]] | L3: 0.6
